"RBallID","HomeTeam","AwayTeam","Timestamp","Incident","IncidentNumber","Minute"
1021725,"SM Caen","Montpellier HSC","09/26/2018 16:15:50","Lineup changed",0,0
1021725,"SM Caen","Montpellier HSC","09/26/2018 16:16:55","Transmission Online",1,0
1021725,"SM Caen","Montpellier HSC","09/26/2018 16:16:55","Scout in Stadion",2,0
1021725,"SM Caen","Montpellier HSC","09/26/2018 16:25:23","Lineup changed",3,0
1021725,"SM Caen","Montpellier HSC","09/26/2018 16:35:50","GCC",4,0
1021725,"SM Caen","Montpellier HSC","09/26/2018 16:57:19","Players are coming out",5,0
1021725,"SM Caen","Montpellier HSC","09/26/2018 16:57:20","Players lined up",6,0
1021725,"SM Caen","Montpellier HSC","09/26/2018 16:58:07","Jersey Changed",7,0
1021725,"SM Caen","Montpellier HSC","09/26/2018 16:58:07","Jersey Changed",8,0
1021725,"SM Caen","Montpellier HSC","09/26/2018 16:58:10","Shake hands",9,0
1021725,"SM Caen","Montpellier HSC","09/26/2018 16:58:22","Flip coin",10,0
1021725,"SM Caen","Montpellier HSC","09/26/2018 16:59:32","Game about to start",11,0
1021725,"SM Caen","Montpellier HSC","09/26/2018 16:59:59","Start RT1 Team 2",12,1
1021725,"SM Caen","Montpellier HSC","09/26/2018 17:00:00","SAFE2",13,1
1021725,"SM Caen","Montpellier HSC","09/26/2018 17:00:03","AT2",14,1
1021725,"SM Caen","Montpellier HSC","09/26/2018 17:00:14","SAFE1",15,1
1021725,"SM Caen","Montpellier HSC","09/26/2018 17:00:49","SAFE2",16,1
1021725,"SM Caen","Montpellier HSC","09/26/2018 17:00:50","Possible Free Kick",17,1
1021725,"SM Caen","Montpellier HSC","09/26/2018 17:00:52","O1",19,1
1021725,"SM Caen","Montpellier HSC","09/26/2018 17:00:52","FK2",20,1
1021725,"SM Caen","Montpellier HSC","09/26/2018 17:00:52","Ball Position",21,1
1021725,"SM Caen","Montpellier HSC","09/26/2018 17:00:59","Restart",22,1
1021725,"SM Caen","Montpellier HSC","09/26/2018 17:01:05","AT2",23,2
1021725,"SM Caen","Montpellier HSC","09/26/2018 17:01:10","SAFE1",24,2
1021725,"SM Caen","Montpellier HSC","09/26/2018 17:01:10","POSSIBLE_TI",25,2
1021725,"SM Caen","Montpellier HSC","09/26/2018 17:01:18","TI1",26,2
1021725,"SM Caen","Montpellier HSC","09/26/2018 17:01:21","Restart",27,2
1021725,"SM Caen","Montpellier HSC","09/26/2018 17:01:29","POSSIBLE_TI",28,2
1021725,"SM Caen","Montpellier HSC","09/26/2018 17:01:33","TI1",29,2
1021725,"SM Caen","Montpellier HSC","09/26/2018 17:01:42","Restart",30,2
1021725,"SM Caen","Montpellier HSC","09/26/2018 17:01:45","Possible Free Kick",31,2
1021725,"SM Caen","Montpellier HSC","09/26/2018 17:01:50","F2",33,2
1021725,"SM Caen","Montpellier HSC","09/26/2018 17:01:50","FK1",34,2
1021725,"SM Caen","Montpellier HSC","09/26/2018 17:01:50","DANGER1",35,2
1021725,"SM Caen","Montpellier HSC","09/26/2018 17:01:50","DFK1",36,2
1021725,"SM Caen","Montpellier HSC","09/26/2018 17:01:50","Ball Position",37,2
1021725,"SM Caen","Montpellier HSC","09/26/2018 17:02:15","Restart",38,3
1021725,"SM Caen","Montpellier HSC","09/26/2018 17:02:30","SAFE2",39,3
1021725,"SM Caen","Montpellier HSC","09/26/2018 17:02:32","AT2",40,3
1021725,"SM Caen","Montpellier HSC","09/26/2018 17:02:36","DANGER2",41,3
1021725,"SM Caen","Montpellier HSC","09/26/2018 17:02:36","DAT2",42,3
1021725,"SM Caen","Montpellier HSC","09/26/2018 17:02:47","SHG2",43,3
1021725,"SM Caen","Montpellier HSC","09/26/2018 17:02:47","SAFE1",44,3
1021725,"SM Caen","Montpellier HSC","09/26/2018 17:02:59","AT1",45,3
1021725,"SM Caen","Montpellier HSC","09/26/2018 17:03:04","SAFE2",46,4
1021725,"SM Caen","Montpellier HSC","09/26/2018 17:03:05","AT2",47,4
1021725,"SM Caen","Montpellier HSC","09/26/2018 17:03:07","DANGER2",48,4
1021725,"SM Caen","Montpellier HSC","09/26/2018 17:03:07","DAT2",49,4
1021725,"SM Caen","Montpellier HSC","09/26/2018 17:03:11","SAFE1",50,4
1021725,"SM Caen","Montpellier HSC","09/26/2018 17:03:30","AT1",51,4
1021725,"SM Caen","Montpellier HSC","09/26/2018 17:03:52","SAFE2",52,4
1021725,"SM Caen","Montpellier HSC","09/26/2018 17:04:07","SAFE1",53,5
1021725,"SM Caen","Montpellier HSC","09/26/2018 17:04:08","AT1",54,5
1021725,"SM Caen","Montpellier HSC","09/26/2018 17:04:12","DANGER1",55,5
1021725,"SM Caen","Montpellier HSC","09/26/2018 17:04:12","DAT1",56,5
1021725,"SM Caen","Montpellier HSC","09/26/2018 17:04:16","PCR1",57,5
1021725,"SM Caen","Montpellier HSC","09/26/2018 17:04:19","CR1",58,5
1021725,"SM Caen","Montpellier HSC","09/26/2018 17:04:20","Ball Position",59,5
1021725,"SM Caen","Montpellier HSC","09/26/2018 17:04:36","Restart",60,5
1021725,"SM Caen","Montpellier HSC","09/26/2018 17:04:48","SAFE2",61,5
1021725,"SM Caen","Montpellier HSC","09/26/2018 17:04:51","AT2",62,5
1021725,"SM Caen","Montpellier HSC","09/26/2018 17:05:00","DANGER2",63,6
1021725,"SM Caen","Montpellier HSC","09/26/2018 17:05:00","DAT2",64,6
1021725,"SM Caen","Montpellier HSC","09/26/2018 17:05:02","POSSIBLE_TI",65,6
1021725,"SM Caen","Montpellier HSC","09/26/2018 17:05:03","TI2",66,6
1021725,"SM Caen","Montpellier HSC","09/26/2018 17:05:17","Restart",67,6
1021725,"SM Caen","Montpellier HSC","09/26/2018 17:05:20","POSSIBLE_TI",68,6
1021725,"SM Caen","Montpellier HSC","09/26/2018 17:05:21","TI1",69,6
1021725,"SM Caen","Montpellier HSC","09/26/2018 17:05:30","Restart",70,6
1021725,"SM Caen","Montpellier HSC","09/26/2018 17:05:37","POSSIBLE_TI",71,6
1021725,"SM Caen","Montpellier HSC","09/26/2018 17:05:39","TI2",72,6
1021725,"SM Caen","Montpellier HSC","09/26/2018 17:05:43","Restart",73,6
1021725,"SM Caen","Montpellier HSC","09/26/2018 17:06:18","SAFE1",74,7
1021725,"SM Caen","Montpellier HSC","09/26/2018 17:06:19","GK1",75,7
1021725,"SM Caen","Montpellier HSC","09/26/2018 17:06:24","Restart",76,7
1021725,"SM Caen","Montpellier HSC","09/26/2018 17:06:59","POSSIBLE_TI",77,8
1021725,"SM Caen","Montpellier HSC","09/26/2018 17:07:07","TI1",78,8
1021725,"SM Caen","Montpellier HSC","09/26/2018 17:07:11","Restart",79,8
1021725,"SM Caen","Montpellier HSC","09/26/2018 17:07:15","AT1",80,8
1021725,"SM Caen","Montpellier HSC","09/26/2018 17:07:23","SAFE2",81,8
1021725,"SM Caen","Montpellier HSC","09/26/2018 17:07:28","AT2",82,8
1021725,"SM Caen","Montpellier HSC","09/26/2018 17:07:30","DANGER2",83,8
1021725,"SM Caen","Montpellier HSC","09/26/2018 17:07:30","DAT2",84,8
1021725,"SM Caen","Montpellier HSC","09/26/2018 17:07:38","POSSIBLE_TI",85,8
1021725,"SM Caen","Montpellier HSC","09/26/2018 17:07:40","TI2",86,8
1021725,"SM Caen","Montpellier HSC","09/26/2018 17:07:46","Restart",87,8
1021725,"SM Caen","Montpellier HSC","09/26/2018 17:07:59","SAFE2",88,9
1021725,"SM Caen","Montpellier HSC","09/26/2018 17:08:12","AT2",89,9
1021725,"SM Caen","Montpellier HSC","09/26/2018 17:08:12","POSSIBLE_TI",90,9
1021725,"SM Caen","Montpellier HSC","09/26/2018 17:08:18","TI2",91,9
1021725,"SM Caen","Montpellier HSC","09/26/2018 17:08:21","Restart",92,9
1021725,"SM Caen","Montpellier HSC","09/26/2018 17:08:33","DANGER2",93,9
1021725,"SM Caen","Montpellier HSC","09/26/2018 17:08:33","DAT2",94,9
1021725,"SM Caen","Montpellier HSC","09/26/2018 17:08:52","SAFE1",95,9
1021725,"SM Caen","Montpellier HSC","09/26/2018 17:08:54","AT1",96,9
1021725,"SM Caen","Montpellier HSC","09/26/2018 17:08:58","DANGER1",97,9
1021725,"SM Caen","Montpellier HSC","09/26/2018 17:08:58","DAT1",98,9
1021725,"SM Caen","Montpellier HSC","09/26/2018 17:09:04","GOAL1",99,10
1021725,"SM Caen","Montpellier HSC","09/26/2018 17:09:08","Scorer",100,10
1021725,"SM Caen","Montpellier HSC","09/26/2018 17:09:55","CONF_GOAL1",101,10
1021725,"SM Caen","Montpellier HSC","09/26/2018 17:09:56","KO2",102,10
1021725,"SM Caen","Montpellier HSC","09/26/2018 17:09:56","SAFE2",103,10
1021725,"SM Caen","Montpellier HSC","09/26/2018 17:10:08","AT2",104,11
1021725,"SM Caen","Montpellier HSC","09/26/2018 17:10:11","DANGER2",105,11
1021725,"SM Caen","Montpellier HSC","09/26/2018 17:10:11","DAT2",106,11
1021725,"SM Caen","Montpellier HSC","09/26/2018 17:10:22","Player_DATA_CONFIRMED",107,11
1021725,"SM Caen","Montpellier HSC","09/26/2018 17:10:26","SHB2",108,11
1021725,"SM Caen","Montpellier HSC","09/26/2018 17:10:28","SAFE1",109,11
1021725,"SM Caen","Montpellier HSC","09/26/2018 17:10:29","GK1",110,11
1021725,"SM Caen","Montpellier HSC","09/26/2018 17:11:06","Injury Break",111,12
1021725,"SM Caen","Montpellier HSC","09/26/2018 17:12:02","Restart",112,13
1021725,"SM Caen","Montpellier HSC","09/26/2018 17:12:04","AT1",113,13
1021725,"SM Caen","Montpellier HSC","09/26/2018 17:12:27","DANGER1",114,13
1021725,"SM Caen","Montpellier HSC","09/26/2018 17:12:27","DAT1",115,13
1021725,"SM Caen","Montpellier HSC","09/26/2018 17:12:30","SAFE2",116,13
1021725,"SM Caen","Montpellier HSC","09/26/2018 17:12:35","SAFE1",117,13
1021725,"SM Caen","Montpellier HSC","09/26/2018 17:12:42","SAFE2",118,13
1021725,"SM Caen","Montpellier HSC","09/26/2018 17:12:43","POSSIBLE_TI",119,13
1021725,"SM Caen","Montpellier HSC","09/26/2018 17:12:43","TI2",120,13
1021725,"SM Caen","Montpellier HSC","09/26/2018 17:12:52","Restart",121,13
1021725,"SM Caen","Montpellier HSC","09/26/2018 17:13:12","AT2",122,14
1021725,"SM Caen","Montpellier HSC","09/26/2018 17:13:16","DANGER2",123,14
1021725,"SM Caen","Montpellier HSC","09/26/2018 17:13:16","DAT2",124,14
1021725,"SM Caen","Montpellier HSC","09/26/2018 17:13:16","POSSIBLE_TI",125,14
1021725,"SM Caen","Montpellier HSC","09/26/2018 17:13:17","TI2",126,14
1021725,"SM Caen","Montpellier HSC","09/26/2018 17:13:49","Restart",127,14
1021725,"SM Caen","Montpellier HSC","09/26/2018 17:13:52","BLOCKED2",128,14
1021725,"SM Caen","Montpellier HSC","09/26/2018 17:13:54","SAFE1",129,14
1021725,"SM Caen","Montpellier HSC","09/26/2018 17:14:00","SAFE2",130,15
1021725,"SM Caen","Montpellier HSC","09/26/2018 17:14:14","SAFE1",131,15
1021725,"SM Caen","Montpellier HSC","09/26/2018 17:14:36","SAFE2",132,15
1021725,"SM Caen","Montpellier HSC","09/26/2018 17:14:53","SAFE1",133,15
1021725,"SM Caen","Montpellier HSC","09/26/2018 17:14:56","AT1",134,15
1021725,"SM Caen","Montpellier HSC","09/26/2018 17:15:00","DANGER1",135,16
1021725,"SM Caen","Montpellier HSC","09/26/2018 17:15:00","DAT1",136,16
1021725,"SM Caen","Montpellier HSC","09/26/2018 17:15:10","SAFE2",137,16
1021725,"SM Caen","Montpellier HSC","09/26/2018 17:15:17","AT2",138,16
1021725,"SM Caen","Montpellier HSC","09/26/2018 17:15:25","DANGER2",139,16
1021725,"SM Caen","Montpellier HSC","09/26/2018 17:15:25","DAT2",140,16
1021725,"SM Caen","Montpellier HSC","09/26/2018 17:15:33","SAFE1",141,16
1021725,"SM Caen","Montpellier HSC","09/26/2018 17:16:24","AT1",142,17
1021725,"SM Caen","Montpellier HSC","09/26/2018 17:16:26","DANGER1",143,17
1021725,"SM Caen","Montpellier HSC","09/26/2018 17:16:26","DAT1",144,17
1021725,"SM Caen","Montpellier HSC","09/26/2018 17:16:30","PCR1",145,17
1021725,"SM Caen","Montpellier HSC","09/26/2018 17:16:41","CR1",146,17
1021725,"SM Caen","Montpellier HSC","09/26/2018 17:16:43","Ball Position",147,17
1021725,"SM Caen","Montpellier HSC","09/26/2018 17:17:00","Restart",148,18
1021725,"SM Caen","Montpellier HSC","09/26/2018 17:17:15","BLOCKED1",149,18
1021725,"SM Caen","Montpellier HSC","09/26/2018 17:17:16","SAFE2",150,18
1021725,"SM Caen","Montpellier HSC","09/26/2018 17:17:20","AT2",151,18
1021725,"SM Caen","Montpellier HSC","09/26/2018 17:17:21","SAFE1",152,18
1021725,"SM Caen","Montpellier HSC","09/26/2018 17:17:26","AT1",153,18
1021725,"SM Caen","Montpellier HSC","09/26/2018 17:17:28","SAFE2",154,18
1021725,"SM Caen","Montpellier HSC","09/26/2018 17:17:28","Possible Free Kick",155,18
1021725,"SM Caen","Montpellier HSC","09/26/2018 17:17:31","F1",157,18
1021725,"SM Caen","Montpellier HSC","09/26/2018 17:17:31","FK2",158,18
1021725,"SM Caen","Montpellier HSC","09/26/2018 17:17:31","Ball Position",159,18
1021725,"SM Caen","Montpellier HSC","09/26/2018 17:17:34","Restart",160,18
1021725,"SM Caen","Montpellier HSC","09/26/2018 17:17:52","AT2",161,18
1021725,"SM Caen","Montpellier HSC","09/26/2018 17:18:02","DANGER2",162,19
1021725,"SM Caen","Montpellier HSC","09/26/2018 17:18:02","DAT2",163,19
1021725,"SM Caen","Montpellier HSC","09/26/2018 17:18:09","PCR2",164,19
1021725,"SM Caen","Montpellier HSC","09/26/2018 17:18:19","CR2",165,19
1021725,"SM Caen","Montpellier HSC","09/26/2018 17:18:21","Ball Position",166,19
1021725,"SM Caen","Montpellier HSC","09/26/2018 17:18:56","Restart",167,19
1021725,"SM Caen","Montpellier HSC","09/26/2018 17:19:08","SHG2",168,20
1021725,"SM Caen","Montpellier HSC","09/26/2018 17:19:09","SAFE1",169,20
1021725,"SM Caen","Montpellier HSC","09/26/2018 17:19:40","AT1",170,20
1021725,"SM Caen","Montpellier HSC","09/26/2018 17:19:42","DANGER1",171,20
1021725,"SM Caen","Montpellier HSC","09/26/2018 17:19:42","DAT1",172,20
1021725,"SM Caen","Montpellier HSC","09/26/2018 17:20:30","SAFE2",173,21
1021725,"SM Caen","Montpellier HSC","09/26/2018 17:20:48","Injury Break",174,21
1021725,"SM Caen","Montpellier HSC","09/26/2018 17:21:31","Referee Ball",175,22
1021725,"SM Caen","Montpellier HSC","09/26/2018 17:21:34","Restart",176,22
1021725,"SM Caen","Montpellier HSC","09/26/2018 17:21:50","AT2",177,22
1021725,"SM Caen","Montpellier HSC","09/26/2018 17:21:52","DANGER2",178,22
1021725,"SM Caen","Montpellier HSC","09/26/2018 17:21:52","DAT2",179,22
1021725,"SM Caen","Montpellier HSC","09/26/2018 17:21:58","POSSIBLE_TI",180,22
1021725,"SM Caen","Montpellier HSC","09/26/2018 17:21:59","TI2",181,23
1021725,"SM Caen","Montpellier HSC","09/26/2018 17:22:01","Restart",182,23
1021725,"SM Caen","Montpellier HSC","09/26/2018 17:22:11","POSSIBLE_TI",183,23
1021725,"SM Caen","Montpellier HSC","09/26/2018 17:22:12","TI2",184,23
1021725,"SM Caen","Montpellier HSC","09/26/2018 17:22:23","Restart",185,23
1021725,"SM Caen","Montpellier HSC","09/26/2018 17:22:45","PCR2",186,23
1021725,"SM Caen","Montpellier HSC","09/26/2018 17:22:47","CR2",187,23
1021725,"SM Caen","Montpellier HSC","09/26/2018 17:22:49","Ball Position",188,23
1021725,"SM Caen","Montpellier HSC","09/26/2018 17:23:08","Restart",189,24
1021725,"SM Caen","Montpellier HSC","09/26/2018 17:23:13","BLOCKED2",190,24
1021725,"SM Caen","Montpellier HSC","09/26/2018 17:23:34","SHW2",191,24
1021725,"SM Caen","Montpellier HSC","09/26/2018 17:23:52","PCR2",192,24
1021725,"SM Caen","Montpellier HSC","09/26/2018 17:24:00","CR2",193,25
1021725,"SM Caen","Montpellier HSC","09/26/2018 17:24:02","Ball Position",194,25
1021725,"SM Caen","Montpellier HSC","09/26/2018 17:24:13","Restart",195,25
1021725,"SM Caen","Montpellier HSC","09/26/2018 17:24:18","POSSIBLE_TI",196,25
1021725,"SM Caen","Montpellier HSC","09/26/2018 17:24:19","TI2",197,25
1021725,"SM Caen","Montpellier HSC","09/26/2018 17:24:26","Restart",198,25
1021725,"SM Caen","Montpellier HSC","09/26/2018 17:24:32","POSSIBLE_TI",199,25
1021725,"SM Caen","Montpellier HSC","09/26/2018 17:24:33","TI1",200,25
1021725,"SM Caen","Montpellier HSC","09/26/2018 17:24:44","Restart",201,25
1021725,"SM Caen","Montpellier HSC","09/26/2018 17:24:51","SAFE1",202,25
1021725,"SM Caen","Montpellier HSC","09/26/2018 17:24:51","AT1",203,25
1021725,"SM Caen","Montpellier HSC","09/26/2018 17:25:05","DANGER1",204,26
1021725,"SM Caen","Montpellier HSC","09/26/2018 17:25:05","DAT1",205,26
1021725,"SM Caen","Montpellier HSC","09/26/2018 17:25:10","PCR1",206,26
1021725,"SM Caen","Montpellier HSC","09/26/2018 17:25:13","CR1",207,26
1021725,"SM Caen","Montpellier HSC","09/26/2018 17:25:29","Ball Position",208,26
1021725,"SM Caen","Montpellier HSC","09/26/2018 17:25:39","Restart",209,26
1021725,"SM Caen","Montpellier HSC","09/26/2018 17:25:49","PCR1",210,26
1021725,"SM Caen","Montpellier HSC","09/26/2018 17:26:03","CR1",211,27
1021725,"SM Caen","Montpellier HSC","09/26/2018 17:26:07","Ball Position",212,27
1021725,"SM Caen","Montpellier HSC","09/26/2018 17:26:12","Restart",213,27
1021725,"SM Caen","Montpellier HSC","09/26/2018 17:26:19","SAFE2",214,27
1021725,"SM Caen","Montpellier HSC","09/26/2018 17:26:19","AT2",215,27
1021725,"SM Caen","Montpellier HSC","09/26/2018 17:26:25","SAFE1",216,27
1021725,"SM Caen","Montpellier HSC","09/26/2018 17:26:41","AT1",217,27
1021725,"SM Caen","Montpellier HSC","09/26/2018 17:26:49","SAFE2",218,27
1021725,"SM Caen","Montpellier HSC","09/26/2018 17:26:52","AT2",219,27
1021725,"SM Caen","Montpellier HSC","09/26/2018 17:26:55","DANGER2",220,27
1021725,"SM Caen","Montpellier HSC","09/26/2018 17:26:55","DAT2",221,27
1021725,"SM Caen","Montpellier HSC","09/26/2018 17:27:36","SAFE1",222,28
1021725,"SM Caen","Montpellier HSC","09/26/2018 17:27:37","AT1",223,28
1021725,"SM Caen","Montpellier HSC","09/26/2018 17:27:50","DANGER1",224,28
1021725,"SM Caen","Montpellier HSC","09/26/2018 17:27:50","DAT1",225,28
1021725,"SM Caen","Montpellier HSC","09/26/2018 17:28:13","Possible Free Kick",226,29
1021725,"SM Caen","Montpellier HSC","09/26/2018 17:28:42","F2",228,29
1021725,"SM Caen","Montpellier HSC","09/26/2018 17:28:42","FK1",229,29
1021725,"SM Caen","Montpellier HSC","09/26/2018 17:28:42","DFK1",230,29
1021725,"SM Caen","Montpellier HSC","09/26/2018 17:28:42","Ball Position",231,29
1021725,"SM Caen","Montpellier HSC","09/26/2018 17:29:14","Restart",232,30
1021725,"SM Caen","Montpellier HSC","09/26/2018 17:29:20","SHB1",233,30
1021725,"SM Caen","Montpellier HSC","09/26/2018 17:29:21","SAFE2",234,30
1021725,"SM Caen","Montpellier HSC","09/26/2018 17:29:21","GK2",235,30
1021725,"SM Caen","Montpellier HSC","09/26/2018 17:29:27","Restart",236,30
1021725,"SM Caen","Montpellier HSC","09/26/2018 17:29:43","AT2",237,30
1021725,"SM Caen","Montpellier HSC","09/26/2018 17:29:46","DANGER2",238,30
1021725,"SM Caen","Montpellier HSC","09/26/2018 17:29:46","DAT2",239,30
1021725,"SM Caen","Montpellier HSC","09/26/2018 17:30:01","POSSIBLE_TI",240,31
1021725,"SM Caen","Montpellier HSC","09/26/2018 17:30:02","TI1",241,31
1021725,"SM Caen","Montpellier HSC","09/26/2018 17:30:19","Restart",242,31
1021725,"SM Caen","Montpellier HSC","09/26/2018 17:30:40","SAFE1",243,31
1021725,"SM Caen","Montpellier HSC","09/26/2018 17:30:41","AT1",244,31
1021725,"SM Caen","Montpellier HSC","09/26/2018 17:30:46","DANGER1",245,31
1021725,"SM Caen","Montpellier HSC","09/26/2018 17:30:46","DAT1",246,31
1021725,"SM Caen","Montpellier HSC","09/26/2018 17:30:57","SAFE2",247,31
1021725,"SM Caen","Montpellier HSC","09/26/2018 17:31:17","AT2",248,32
1021725,"SM Caen","Montpellier HSC","09/26/2018 17:31:19","DANGER2",249,32
1021725,"SM Caen","Montpellier HSC","09/26/2018 17:31:19","DAT2",250,32
1021725,"SM Caen","Montpellier HSC","09/26/2018 17:31:24","SHG2",251,32
1021725,"SM Caen","Montpellier HSC","09/26/2018 17:31:25","SAFE1",252,32
1021725,"SM Caen","Montpellier HSC","09/26/2018 17:31:33","AT1",253,32
1021725,"SM Caen","Montpellier HSC","09/26/2018 17:31:41","SAFE2",254,32
1021725,"SM Caen","Montpellier HSC","09/26/2018 17:31:59","AT2",255,33
1021725,"SM Caen","Montpellier HSC","09/26/2018 17:32:03","SAFE2",256,33
1021725,"SM Caen","Montpellier HSC","09/26/2018 17:32:13","AT2",257,33
1021725,"SM Caen","Montpellier HSC","09/26/2018 17:32:18","DANGER2",258,33
1021725,"SM Caen","Montpellier HSC","09/26/2018 17:32:18","DAT2",259,33
1021725,"SM Caen","Montpellier HSC","09/26/2018 17:32:25","SHB2",260,33
1021725,"SM Caen","Montpellier HSC","09/26/2018 17:32:25","SAFE1",261,33
1021725,"SM Caen","Montpellier HSC","09/26/2018 17:32:26","GK1",262,33
1021725,"SM Caen","Montpellier HSC","09/26/2018 17:32:56","Restart",263,33
1021725,"SM Caen","Montpellier HSC","09/26/2018 17:33:02","AT1",264,34
1021725,"SM Caen","Montpellier HSC","09/26/2018 17:33:03","Possible Free Kick",265,34
1021725,"SM Caen","Montpellier HSC","09/26/2018 17:33:04","POSSIBLE_CARDS",267,34
1021725,"SM Caen","Montpellier HSC","09/26/2018 17:33:32","NO_Cards",268,34
1021725,"SM Caen","Montpellier HSC","09/26/2018 17:33:33","F2",269,34
1021725,"SM Caen","Montpellier HSC","09/26/2018 17:33:33","FK1",270,34
1021725,"SM Caen","Montpellier HSC","09/26/2018 17:33:33","DANGER1",271,34
1021725,"SM Caen","Montpellier HSC","09/26/2018 17:33:33","DFK1",272,34
1021725,"SM Caen","Montpellier HSC","09/26/2018 17:33:33","Ball Position",273,34
1021725,"SM Caen","Montpellier HSC","09/26/2018 17:33:45","Restart",274,34
1021725,"SM Caen","Montpellier HSC","09/26/2018 17:33:49","SAFE2",275,34
1021725,"SM Caen","Montpellier HSC","09/26/2018 17:34:21","AT2",276,35
1021725,"SM Caen","Montpellier HSC","09/26/2018 17:34:25","SAFE1",277,35
1021725,"SM Caen","Montpellier HSC","09/26/2018 17:34:26","Possible Free Kick",278,35
1021725,"SM Caen","Montpellier HSC","09/26/2018 17:34:28","F2",280,35
1021725,"SM Caen","Montpellier HSC","09/26/2018 17:34:28","FK1",281,35
1021725,"SM Caen","Montpellier HSC","09/26/2018 17:34:28","Ball Position",282,35
1021725,"SM Caen","Montpellier HSC","09/26/2018 17:34:44","Restart",283,35
1021725,"SM Caen","Montpellier HSC","09/26/2018 17:34:49","AT1",284,35
1021725,"SM Caen","Montpellier HSC","09/26/2018 17:34:58","SAFE2",285,35
1021725,"SM Caen","Montpellier HSC","09/26/2018 17:35:00","AT2",286,36
1021725,"SM Caen","Montpellier HSC","09/26/2018 17:35:08","SAFE1",287,36
1021725,"SM Caen","Montpellier HSC","09/26/2018 17:35:09","AT1",288,36
1021725,"SM Caen","Montpellier HSC","09/26/2018 17:35:14","DANGER1",289,36
1021725,"SM Caen","Montpellier HSC","09/26/2018 17:35:14","DAT1",290,36
1021725,"SM Caen","Montpellier HSC","09/26/2018 17:35:28","SAFE2",291,36
1021725,"SM Caen","Montpellier HSC","09/26/2018 17:35:33","AT2",292,36
1021725,"SM Caen","Montpellier HSC","09/26/2018 17:35:35","DANGER2",293,36
1021725,"SM Caen","Montpellier HSC","09/26/2018 17:35:35","DAT2",294,36
1021725,"SM Caen","Montpellier HSC","09/26/2018 17:35:47","PCR2",295,36
1021725,"SM Caen","Montpellier HSC","09/26/2018 17:35:49","CR2",296,36
1021725,"SM Caen","Montpellier HSC","09/26/2018 17:36:08","Ball Position",297,37
1021725,"SM Caen","Montpellier HSC","09/26/2018 17:36:18","Restart",298,37
1021725,"SM Caen","Montpellier HSC","09/26/2018 17:36:21","GOAL2",299,37
1021725,"SM Caen","Montpellier HSC","09/26/2018 17:36:36","Scorer",300,37
1021725,"SM Caen","Montpellier HSC","09/26/2018 17:37:07","CONF_GOAL2",301,38
1021725,"SM Caen","Montpellier HSC","09/26/2018 17:37:07","KO1",302,38
1021725,"SM Caen","Montpellier HSC","09/26/2018 17:37:07","SAFE1",303,38
1021725,"SM Caen","Montpellier HSC","09/26/2018 17:37:10","AT1",304,38
1021725,"SM Caen","Montpellier HSC","09/26/2018 17:37:14","DANGER1",305,38
1021725,"SM Caen","Montpellier HSC","09/26/2018 17:37:14","DAT1",306,38
1021725,"SM Caen","Montpellier HSC","09/26/2018 17:37:41","POSSIBLE_TI",307,38
1021725,"SM Caen","Montpellier HSC","09/26/2018 17:37:42","TI1",308,38
1021725,"SM Caen","Montpellier HSC","09/26/2018 17:37:49","Player_DATA_CONFIRMED",309,38
1021725,"SM Caen","Montpellier HSC","09/26/2018 17:37:49","Assist",310,38
1021725,"SM Caen","Montpellier HSC","09/26/2018 17:37:58","Restart",311,38
1021725,"SM Caen","Montpellier HSC","09/26/2018 17:38:06","SAFE1",312,39
1021725,"SM Caen","Montpellier HSC","09/26/2018 17:38:22","AT1",313,39
1021725,"SM Caen","Montpellier HSC","09/26/2018 17:38:24","DANGER1",314,39
1021725,"SM Caen","Montpellier HSC","09/26/2018 17:38:24","DAT1",315,39
1021725,"SM Caen","Montpellier HSC","09/26/2018 17:38:37","SAFE1",316,39
1021725,"SM Caen","Montpellier HSC","09/26/2018 17:38:45","AT1",317,39
1021725,"SM Caen","Montpellier HSC","09/26/2018 17:39:05","DANGER1",318,40
1021725,"SM Caen","Montpellier HSC","09/26/2018 17:39:05","DAT1",319,40
1021725,"SM Caen","Montpellier HSC","09/26/2018 17:39:12","POSSIBLE_TI",320,40
1021725,"SM Caen","Montpellier HSC","09/26/2018 17:39:13","TI1",321,40
1021725,"SM Caen","Montpellier HSC","09/26/2018 17:39:30","Restart",322,40
1021725,"SM Caen","Montpellier HSC","09/26/2018 17:39:36","SAFE2",323,40
1021725,"SM Caen","Montpellier HSC","09/26/2018 17:39:37","Possible Free Kick",324,40
1021725,"SM Caen","Montpellier HSC","09/26/2018 17:39:50","O1",326,40
1021725,"SM Caen","Montpellier HSC","09/26/2018 17:39:50","FK2",327,40
1021725,"SM Caen","Montpellier HSC","09/26/2018 17:39:51","Ball Position",328,40
1021725,"SM Caen","Montpellier HSC","09/26/2018 17:40:00","Restart",329,41
1021725,"SM Caen","Montpellier HSC","09/26/2018 17:40:05","AT2",330,41
1021725,"SM Caen","Montpellier HSC","09/26/2018 17:40:09","DANGER2",331,41
1021725,"SM Caen","Montpellier HSC","09/26/2018 17:40:09","DAT2",332,41
1021725,"SM Caen","Montpellier HSC","09/26/2018 17:40:20","SAFE1",333,41
1021725,"SM Caen","Montpellier HSC","09/26/2018 17:40:23","AT1",334,41
1021725,"SM Caen","Montpellier HSC","09/26/2018 17:40:40","DANGER1",335,41
1021725,"SM Caen","Montpellier HSC","09/26/2018 17:40:40","DAT1",336,41
1021725,"SM Caen","Montpellier HSC","09/26/2018 17:41:03","SAFE2",337,42
1021725,"SM Caen","Montpellier HSC","09/26/2018 17:41:17","AT2",338,42
1021725,"SM Caen","Montpellier HSC","09/26/2018 17:41:19","DANGER2",339,42
1021725,"SM Caen","Montpellier HSC","09/26/2018 17:41:19","DAT2",340,42
1021725,"SM Caen","Montpellier HSC","09/26/2018 17:41:38","SAFE1",341,42
1021725,"SM Caen","Montpellier HSC","09/26/2018 17:41:39","Possible Free Kick",342,42
1021725,"SM Caen","Montpellier HSC","09/26/2018 17:41:41","F2",344,42
1021725,"SM Caen","Montpellier HSC","09/26/2018 17:41:41","FK1",345,42
1021725,"SM Caen","Montpellier HSC","09/26/2018 17:41:41","Ball Position",346,42
1021725,"SM Caen","Montpellier HSC","09/26/2018 17:41:48","Restart",347,42
1021725,"SM Caen","Montpellier HSC","09/26/2018 17:42:01","AT1",348,43
1021725,"SM Caen","Montpellier HSC","09/26/2018 17:42:23","Possible Free Kick",349,43
1021725,"SM Caen","Montpellier HSC","09/26/2018 17:42:26","F2",351,43
1021725,"SM Caen","Montpellier HSC","09/26/2018 17:42:26","FK1",352,43
1021725,"SM Caen","Montpellier HSC","09/26/2018 17:42:26","DANGER1",353,43
1021725,"SM Caen","Montpellier HSC","09/26/2018 17:42:26","DFK1",354,43
1021725,"SM Caen","Montpellier HSC","09/26/2018 17:42:26","Ball Position",355,43
1021725,"SM Caen","Montpellier HSC","09/26/2018 17:42:29","Restart",356,43
1021725,"SM Caen","Montpellier HSC","09/26/2018 17:42:34","SAFE2",357,43
1021725,"SM Caen","Montpellier HSC","09/26/2018 17:42:54","AT2",358,43
1021725,"SM Caen","Montpellier HSC","09/26/2018 17:43:07","SAFE1",359,44
1021725,"SM Caen","Montpellier HSC","09/26/2018 17:43:25","AT1",360,44
1021725,"SM Caen","Montpellier HSC","09/26/2018 17:43:28","DANGER1",361,44
1021725,"SM Caen","Montpellier HSC","09/26/2018 17:43:28","DAT1",362,44
1021725,"SM Caen","Montpellier HSC","09/26/2018 17:43:36","SAFE2",363,44
1021725,"SM Caen","Montpellier HSC","09/26/2018 17:43:52","POSSIBLE_TI",364,44
1021725,"SM Caen","Montpellier HSC","09/26/2018 17:43:53","TI2",365,44
1021725,"SM Caen","Montpellier HSC","09/26/2018 17:44:01","Restart",366,45
1021725,"SM Caen","Montpellier HSC","09/26/2018 17:44:08","AT2",367,45
1021725,"SM Caen","Montpellier HSC","09/26/2018 17:44:12","POSSIBLE_TI",368,45
1021725,"SM Caen","Montpellier HSC","09/26/2018 17:44:15","TI2",369,45
1021725,"SM Caen","Montpellier HSC","09/26/2018 17:44:17","Restart",370,45
1021725,"SM Caen","Montpellier HSC","09/26/2018 17:44:30","DANGER2",371,45
1021725,"SM Caen","Montpellier HSC","09/26/2018 17:44:30","DAT2",372,45
1021725,"SM Caen","Montpellier HSC","09/26/2018 17:44:35","POSSIBLE_TI",373,45
1021725,"SM Caen","Montpellier HSC","09/26/2018 17:44:36","TI2",374,45
1021725,"SM Caen","Montpellier HSC","09/26/2018 17:44:46","Extra Time",375,45
1021725,"SM Caen","Montpellier HSC","09/26/2018 17:44:48","Restart",376,45
1021725,"SM Caen","Montpellier HSC","09/26/2018 17:44:52","SAFE1",377,45
1021725,"SM Caen","Montpellier HSC","09/26/2018 17:45:31","AT1",378,46
1021725,"SM Caen","Montpellier HSC","09/26/2018 17:45:36","SAFE1",379,46
1021725,"SM Caen","Montpellier HSC","09/26/2018 17:45:43","AT1",380,46
1021725,"SM Caen","Montpellier HSC","09/26/2018 17:45:45","DANGER1",381,46
1021725,"SM Caen","Montpellier HSC","09/26/2018 17:45:45","DAT1",382,46
1021725,"SM Caen","Montpellier HSC","09/26/2018 17:45:51","SAFE2",383,46
1021725,"SM Caen","Montpellier HSC","09/26/2018 17:45:53","Possible Free Kick",384,46
1021725,"SM Caen","Montpellier HSC","09/26/2018 17:46:04","No Free Kick",386,47
1021725,"SM Caen","Montpellier HSC","09/26/2018 17:46:07","Stop RT1",387,47
1021725,"SM Caen","Montpellier HSC","09/26/2018 17:46:15","CONF_PERIOD_SCORE",388,45
1021725,"SM Caen","Montpellier HSC","09/26/2018 17:59:15","Players are coming out",389,45
1021725,"SM Caen","Montpellier HSC","09/26/2018 18:00:21","Game about to start",390,45
1021725,"SM Caen","Montpellier HSC","09/26/2018 18:01:08","Start RT2 Team 1",391,46
1021725,"SM Caen","Montpellier HSC","09/26/2018 18:01:18","SAFE2",392,46
1021725,"SM Caen","Montpellier HSC","09/26/2018 18:01:30","Time Correction",393,46
1021725,"SM Caen","Montpellier HSC","09/26/2018 18:01:30","Adjust Game Clock",394,46
1021725,"SM Caen","Montpellier HSC","09/26/2018 18:01:30","System Message",395,46
1021725,"SM Caen","Montpellier HSC","09/26/2018 18:01:33","SAFE1",396,46
1021725,"SM Caen","Montpellier HSC","09/26/2018 18:01:37","Possible Free Kick",397,46
1021725,"SM Caen","Montpellier HSC","09/26/2018 18:01:39","F2",399,46
1021725,"SM Caen","Montpellier HSC","09/26/2018 18:01:39","FK1",400,46
1021725,"SM Caen","Montpellier HSC","09/26/2018 18:01:39","Ball Position",401,46
1021725,"SM Caen","Montpellier HSC","09/26/2018 18:01:49","Restart",402,46
1021725,"SM Caen","Montpellier HSC","09/26/2018 18:02:03","SAFE2",403,47
1021725,"SM Caen","Montpellier HSC","09/26/2018 18:02:04","POSSIBLE_TI",404,47
1021725,"SM Caen","Montpellier HSC","09/26/2018 18:02:05","TI2",405,47
1021725,"SM Caen","Montpellier HSC","09/26/2018 18:02:09","Restart",406,47
1021725,"SM Caen","Montpellier HSC","09/26/2018 18:02:16","POSSIBLE_TI",407,47
1021725,"SM Caen","Montpellier HSC","09/26/2018 18:02:20","TI1",408,47
1021725,"SM Caen","Montpellier HSC","09/26/2018 18:02:24","Restart",409,47
1021725,"SM Caen","Montpellier HSC","09/26/2018 18:02:26","SAFE1",410,47
1021725,"SM Caen","Montpellier HSC","09/26/2018 18:02:36","POSSIBLE_TI",411,47
1021725,"SM Caen","Montpellier HSC","09/26/2018 18:02:44","TI1",412,47
1021725,"SM Caen","Montpellier HSC","09/26/2018 18:02:45","Restart",413,47
1021725,"SM Caen","Montpellier HSC","09/26/2018 18:02:51","SAFE2",414,47
1021725,"SM Caen","Montpellier HSC","09/26/2018 18:03:24","AT2",415,48
1021725,"SM Caen","Montpellier HSC","09/26/2018 18:03:25","Possible Free Kick",416,48
1021725,"SM Caen","Montpellier HSC","09/26/2018 18:03:31","F1",418,48
1021725,"SM Caen","Montpellier HSC","09/26/2018 18:03:31","FK2",419,48
1021725,"SM Caen","Montpellier HSC","09/26/2018 18:03:31","DANGER2",420,48
1021725,"SM Caen","Montpellier HSC","09/26/2018 18:03:31","DFK2",421,48
1021725,"SM Caen","Montpellier HSC","09/26/2018 18:03:31","Ball Position",422,48
1021725,"SM Caen","Montpellier HSC","09/26/2018 18:03:48","Restart",423,48
1021725,"SM Caen","Montpellier HSC","09/26/2018 18:04:07","POSSIBLE_TI",424,49
1021725,"SM Caen","Montpellier HSC","09/26/2018 18:04:11","TI1",425,49
1021725,"SM Caen","Montpellier HSC","09/26/2018 18:04:25","Restart",426,49
1021725,"SM Caen","Montpellier HSC","09/26/2018 18:04:30","SAFE1",427,49
1021725,"SM Caen","Montpellier HSC","09/26/2018 18:04:31","POSSIBLE_TI",428,49
1021725,"SM Caen","Montpellier HSC","09/26/2018 18:04:33","TI1",429,49
1021725,"SM Caen","Montpellier HSC","09/26/2018 18:04:37","Restart",430,49
1021725,"SM Caen","Montpellier HSC","09/26/2018 18:04:56","SAFE2",431,50
1021725,"SM Caen","Montpellier HSC","09/26/2018 18:05:06","AT2",432,50
1021725,"SM Caen","Montpellier HSC","09/26/2018 18:05:12","DANGER2",433,50
1021725,"SM Caen","Montpellier HSC","09/26/2018 18:05:12","DAT2",434,50
1021725,"SM Caen","Montpellier HSC","09/26/2018 18:05:22","SAFE1",435,50
1021725,"SM Caen","Montpellier HSC","09/26/2018 18:05:23","GK1",436,50
1021725,"SM Caen","Montpellier HSC","09/26/2018 18:05:34","Restart",437,50
1021725,"SM Caen","Montpellier HSC","09/26/2018 18:05:40","SAFE2",438,50
1021725,"SM Caen","Montpellier HSC","09/26/2018 18:05:41","AT2",439,50
1021725,"SM Caen","Montpellier HSC","09/26/2018 18:05:43","DANGER2",440,50
1021725,"SM Caen","Montpellier HSC","09/26/2018 18:05:43","DAT2",441,50
1021725,"SM Caen","Montpellier HSC","09/26/2018 18:06:11","POSSIBLE_TI",442,51
1021725,"SM Caen","Montpellier HSC","09/26/2018 18:06:13","TI2",443,51
1021725,"SM Caen","Montpellier HSC","09/26/2018 18:06:14","Restart",444,51
1021725,"SM Caen","Montpellier HSC","09/26/2018 18:06:17","PCR2",445,51
1021725,"SM Caen","Montpellier HSC","09/26/2018 18:06:32","CR2",446,51
1021725,"SM Caen","Montpellier HSC","09/26/2018 18:06:36","Ball Position",447,51
1021725,"SM Caen","Montpellier HSC","09/26/2018 18:06:45","Restart",448,51
1021725,"SM Caen","Montpellier HSC","09/26/2018 18:06:47","GOAL2",449,51
1021725,"SM Caen","Montpellier HSC","09/26/2018 18:07:33","CONF_GOAL2",450,52
1021725,"SM Caen","Montpellier HSC","09/26/2018 18:07:33","Scorer",451,52
1021725,"SM Caen","Montpellier HSC","09/26/2018 18:07:33","KO1",452,52
1021725,"SM Caen","Montpellier HSC","09/26/2018 18:07:33","SAFE1",453,52
1021725,"SM Caen","Montpellier HSC","09/26/2018 18:07:44","POSSIBLE_TI",454,52
1021725,"SM Caen","Montpellier HSC","09/26/2018 18:07:48","TI1",455,52
1021725,"SM Caen","Montpellier HSC","09/26/2018 18:07:49","Scorer",456,52
1021725,"SM Caen","Montpellier HSC","09/26/2018 18:07:49","Player_DATA_CONFIRMED",457,52
1021725,"SM Caen","Montpellier HSC","09/26/2018 18:07:49","Assist",458,52
1021725,"SM Caen","Montpellier HSC","09/26/2018 18:07:54","Restart",459,53
1021725,"SM Caen","Montpellier HSC","09/26/2018 18:08:11","AT1",460,53
1021725,"SM Caen","Montpellier HSC","09/26/2018 18:08:15","DANGER1",461,53
1021725,"SM Caen","Montpellier HSC","09/26/2018 18:08:15","DAT1",462,53
1021725,"SM Caen","Montpellier HSC","09/26/2018 18:08:26","SAFE2",463,53
1021725,"SM Caen","Montpellier HSC","09/26/2018 18:08:55","AT2",464,54
1021725,"SM Caen","Montpellier HSC","09/26/2018 18:08:57","DANGER2",465,54
1021725,"SM Caen","Montpellier HSC","09/26/2018 18:08:57","DAT2",466,54
1021725,"SM Caen","Montpellier HSC","09/26/2018 18:09:08","SHG2",467,54
1021725,"SM Caen","Montpellier HSC","09/26/2018 18:09:09","SAFE1",468,54
1021725,"SM Caen","Montpellier HSC","09/26/2018 18:09:24","AT1",469,54
1021725,"SM Caen","Montpellier HSC","09/26/2018 18:09:26","DANGER1",470,54
1021725,"SM Caen","Montpellier HSC","09/26/2018 18:09:26","DAT1",471,54
1021725,"SM Caen","Montpellier HSC","09/26/2018 18:09:37","SAFE2",472,54
1021725,"SM Caen","Montpellier HSC","09/26/2018 18:09:46","AT2",473,54
1021725,"SM Caen","Montpellier HSC","09/26/2018 18:09:47","DANGER2",474,54
1021725,"SM Caen","Montpellier HSC","09/26/2018 18:09:47","DAT2",475,54
1021725,"SM Caen","Montpellier HSC","09/26/2018 18:09:53","PCR2",476,54
1021725,"SM Caen","Montpellier HSC","09/26/2018 18:10:01","NCR2",477,55
1021725,"SM Caen","Montpellier HSC","09/26/2018 18:10:03","SHB2",478,55
1021725,"SM Caen","Montpellier HSC","09/26/2018 18:10:04","SAFE1",479,55
1021725,"SM Caen","Montpellier HSC","09/26/2018 18:10:05","GK1",480,55
1021725,"SM Caen","Montpellier HSC","09/26/2018 18:10:10","Restart",481,55
1021725,"SM Caen","Montpellier HSC","09/26/2018 18:10:22","SAFE2",482,55
1021725,"SM Caen","Montpellier HSC","09/26/2018 18:10:22","AT2",483,55
1021725,"SM Caen","Montpellier HSC","09/26/2018 18:10:23","Possible Free Kick",484,55
1021725,"SM Caen","Montpellier HSC","09/26/2018 18:10:31","F1",486,55
1021725,"SM Caen","Montpellier HSC","09/26/2018 18:10:31","FK2",487,55
1021725,"SM Caen","Montpellier HSC","09/26/2018 18:10:31","DANGER2",488,55
1021725,"SM Caen","Montpellier HSC","09/26/2018 18:10:31","DFK2",489,55
1021725,"SM Caen","Montpellier HSC","09/26/2018 18:10:31","Ball Position",490,55
1021725,"SM Caen","Montpellier HSC","09/26/2018 18:11:12","Restart",491,56
1021725,"SM Caen","Montpellier HSC","09/26/2018 18:11:27","SAFE1",492,56
1021725,"SM Caen","Montpellier HSC","09/26/2018 18:11:28","POSSIBLE_TI",493,56
1021725,"SM Caen","Montpellier HSC","09/26/2018 18:11:29","TI1",494,56
1021725,"SM Caen","Montpellier HSC","09/26/2018 18:11:31","Restart",495,56
1021725,"SM Caen","Montpellier HSC","09/26/2018 18:11:54","SAFE2",496,57
1021725,"SM Caen","Montpellier HSC","09/26/2018 18:11:55","AT2",497,57
1021725,"SM Caen","Montpellier HSC","09/26/2018 18:12:00","SAFE1",498,57
1021725,"SM Caen","Montpellier HSC","09/26/2018 18:12:01","AT1",499,57
1021725,"SM Caen","Montpellier HSC","09/26/2018 18:12:05","DANGER1",500,57
1021725,"SM Caen","Montpellier HSC","09/26/2018 18:12:05","DAT1",501,57
1021725,"SM Caen","Montpellier HSC","09/26/2018 18:12:11","POSSIBLE_TI",502,57
1021725,"SM Caen","Montpellier HSC","09/26/2018 18:12:14","TI2",503,57
1021725,"SM Caen","Montpellier HSC","09/26/2018 18:12:24","Restart",504,57
1021725,"SM Caen","Montpellier HSC","09/26/2018 18:12:32","SAFE2",505,57
1021725,"SM Caen","Montpellier HSC","09/26/2018 18:13:06","SAFE1",506,58
1021725,"SM Caen","Montpellier HSC","09/26/2018 18:13:30","POSSIBLE_TI",507,58
1021725,"SM Caen","Montpellier HSC","09/26/2018 18:13:33","TI1",508,58
1021725,"SM Caen","Montpellier HSC","09/26/2018 18:13:37","Restart",509,58
1021725,"SM Caen","Montpellier HSC","09/26/2018 18:13:45","AT1",510,58
1021725,"SM Caen","Montpellier HSC","09/26/2018 18:14:04","DANGER1",511,59
1021725,"SM Caen","Montpellier HSC","09/26/2018 18:14:04","DAT1",512,59
1021725,"SM Caen","Montpellier HSC","09/26/2018 18:14:15","SAFE2",513,59
1021725,"SM Caen","Montpellier HSC","09/26/2018 18:14:21","AT2",514,59
1021725,"SM Caen","Montpellier HSC","09/26/2018 18:14:25","DANGER2",515,59
1021725,"SM Caen","Montpellier HSC","09/26/2018 18:14:25","DAT2",516,59
1021725,"SM Caen","Montpellier HSC","09/26/2018 18:14:33","SAFE1",517,59
1021725,"SM Caen","Montpellier HSC","09/26/2018 18:14:39","Possible Free Kick",518,59
1021725,"SM Caen","Montpellier HSC","09/26/2018 18:14:40","F2",520,59
1021725,"SM Caen","Montpellier HSC","09/26/2018 18:14:40","FK1",521,59
1021725,"SM Caen","Montpellier HSC","09/26/2018 18:14:40","Ball Position",522,59
1021725,"SM Caen","Montpellier HSC","09/26/2018 18:15:00","SUB1",523,60
1021725,"SM Caen","Montpellier HSC","09/26/2018 18:15:19","SUB1",524,60
1021725,"SM Caen","Montpellier HSC","09/26/2018 18:15:26","Restart",525,60
1021725,"SM Caen","Montpellier HSC","09/26/2018 18:15:28","AT1",526,60
1021725,"SM Caen","Montpellier HSC","09/26/2018 18:15:32","DANGER1",527,60
1021725,"SM Caen","Montpellier HSC","09/26/2018 18:15:32","DAT1",528,60
1021725,"SM Caen","Montpellier HSC","09/26/2018 18:15:36","BLOCKED1",529,60
1021725,"SM Caen","Montpellier HSC","09/26/2018 18:15:43","POSSIBLE_TI",530,60
1021725,"SM Caen","Montpellier HSC","09/26/2018 18:15:46","TI1",531,60
1021725,"SM Caen","Montpellier HSC","09/26/2018 18:15:52","Restart",532,60
1021725,"SM Caen","Montpellier HSC","09/26/2018 18:15:57","CLS",533,61
1021725,"SM Caen","Montpellier HSC","09/26/2018 18:16:08","Restart",534,61
1021725,"SM Caen","Montpellier HSC","09/26/2018 18:16:18","SAFE2",535,61
1021725,"SM Caen","Montpellier HSC","09/26/2018 18:16:24","AT2",536,61
1021725,"SM Caen","Montpellier HSC","09/26/2018 18:16:28","DANGER2",537,61
1021725,"SM Caen","Montpellier HSC","09/26/2018 18:16:28","DAT2",538,61
1021725,"SM Caen","Montpellier HSC","09/26/2018 18:16:41","Player_DATA_CONFIRMED",539,61
1021725,"SM Caen","Montpellier HSC","09/26/2018 18:16:43","Player_DATA_CONFIRMED",540,61
1021725,"SM Caen","Montpellier HSC","09/26/2018 18:16:48","SAFE1",541,61
1021725,"SM Caen","Montpellier HSC","09/26/2018 18:17:02","POSSIBLE_TI",542,62
1021725,"SM Caen","Montpellier HSC","09/26/2018 18:17:03","TI1",543,62
1021725,"SM Caen","Montpellier HSC","09/26/2018 18:17:05","Restart",544,62
1021725,"SM Caen","Montpellier HSC","09/26/2018 18:17:09","AT1",545,62
1021725,"SM Caen","Montpellier HSC","09/26/2018 18:17:16","DANGER1",546,62
1021725,"SM Caen","Montpellier HSC","09/26/2018 18:17:16","DAT1",547,62
1021725,"SM Caen","Montpellier HSC","09/26/2018 18:17:26","Possible Free Kick",548,62
1021725,"SM Caen","Montpellier HSC","09/26/2018 18:17:31","POSSIBLE_CARDS",550,62
1021725,"SM Caen","Montpellier HSC","09/26/2018 18:17:33","YC2",551,62
1021725,"SM Caen","Montpellier HSC","09/26/2018 18:17:47","CONF_YC2",552,62
1021725,"SM Caen","Montpellier HSC","09/26/2018 18:17:58","Scorer",553,63
1021725,"SM Caen","Montpellier HSC","09/26/2018 18:18:00","F2",554,63
1021725,"SM Caen","Montpellier HSC","09/26/2018 18:18:00","FK1",555,63
1021725,"SM Caen","Montpellier HSC","09/26/2018 18:18:00","DFK1",556,63
1021725,"SM Caen","Montpellier HSC","09/26/2018 18:18:00","Ball Position",557,63
1021725,"SM Caen","Montpellier HSC","09/26/2018 18:18:48","Restart",558,63
1021725,"SM Caen","Montpellier HSC","09/26/2018 18:18:50","Player_DATA_CONFIRMED",559,63
1021725,"SM Caen","Montpellier HSC","09/26/2018 18:18:54","SHW1",560,64
1021725,"SM Caen","Montpellier HSC","09/26/2018 18:18:55","GOAL1",561,64
1021725,"SM Caen","Montpellier HSC","09/26/2018 18:19:16","Scorer",562,64
1021725,"SM Caen","Montpellier HSC","09/26/2018 18:19:30","SUB2",563,64
1021725,"SM Caen","Montpellier HSC","09/26/2018 18:19:38","SUB2",564,64
1021725,"SM Caen","Montpellier HSC","09/26/2018 18:19:48","CONF_GOAL1",565,64
1021725,"SM Caen","Montpellier HSC","09/26/2018 18:19:48","KO2",566,64
1021725,"SM Caen","Montpellier HSC","09/26/2018 18:19:48","SAFE2",567,64
1021725,"SM Caen","Montpellier HSC","09/26/2018 18:19:49","Player_DATA_CONFIRMED",568,64
1021725,"SM Caen","Montpellier HSC","09/26/2018 18:19:57","AT2",569,65
1021725,"SM Caen","Montpellier HSC","09/26/2018 18:20:03","SAFE1",570,65
1021725,"SM Caen","Montpellier HSC","09/26/2018 18:20:03","Possible Free Kick",571,65
1021725,"SM Caen","Montpellier HSC","09/26/2018 18:20:05","F2",573,65
1021725,"SM Caen","Montpellier HSC","09/26/2018 18:20:05","FK1",574,65
1021725,"SM Caen","Montpellier HSC","09/26/2018 18:20:05","Ball Position",575,65
1021725,"SM Caen","Montpellier HSC","09/26/2018 18:20:19","Restart",576,65
1021725,"SM Caen","Montpellier HSC","09/26/2018 18:20:24","AT1",577,65
1021725,"SM Caen","Montpellier HSC","09/26/2018 18:20:26","DANGER1",578,65
1021725,"SM Caen","Montpellier HSC","09/26/2018 18:20:26","DAT1",579,65
1021725,"SM Caen","Montpellier HSC","09/26/2018 18:20:29","POSSIBLE_TI",580,65
1021725,"SM Caen","Montpellier HSC","09/26/2018 18:20:34","TI1",581,65
1021725,"SM Caen","Montpellier HSC","09/26/2018 18:20:47","Restart",582,65
1021725,"SM Caen","Montpellier HSC","09/26/2018 18:21:04","POSSIBLE_TI",583,66
1021725,"SM Caen","Montpellier HSC","09/26/2018 18:21:04","TI1",584,66
1021725,"SM Caen","Montpellier HSC","09/26/2018 18:21:11","Restart",585,66
1021725,"SM Caen","Montpellier HSC","09/26/2018 18:21:14","SAFE2",586,66
1021725,"SM Caen","Montpellier HSC","09/26/2018 18:21:14","Possible Free Kick",587,66
1021725,"SM Caen","Montpellier HSC","09/26/2018 18:21:26","F1",589,66
1021725,"SM Caen","Montpellier HSC","09/26/2018 18:21:26","FK2",590,66
1021725,"SM Caen","Montpellier HSC","09/26/2018 18:21:26","Ball Position",591,66
1021725,"SM Caen","Montpellier HSC","09/26/2018 18:21:33","Restart",592,66
1021725,"SM Caen","Montpellier HSC","09/26/2018 18:21:35","AT2",593,66
1021725,"SM Caen","Montpellier HSC","09/26/2018 18:21:40","SAFE1",594,66
1021725,"SM Caen","Montpellier HSC","09/26/2018 18:21:40","AT1",595,66
1021725,"SM Caen","Montpellier HSC","09/26/2018 18:21:41","DANGER1",596,66
1021725,"SM Caen","Montpellier HSC","09/26/2018 18:21:41","DAT1",597,66
1021725,"SM Caen","Montpellier HSC","09/26/2018 18:21:57","SAFE2",598,67
1021725,"SM Caen","Montpellier HSC","09/26/2018 18:21:58","GK2",599,67
1021725,"SM Caen","Montpellier HSC","09/26/2018 18:22:17","Restart",600,67
1021725,"SM Caen","Montpellier HSC","09/26/2018 18:22:22","AT2",601,67
1021725,"SM Caen","Montpellier HSC","09/26/2018 18:22:25","DANGER2",602,67
1021725,"SM Caen","Montpellier HSC","09/26/2018 18:22:25","DAT2",603,67
1021725,"SM Caen","Montpellier HSC","09/26/2018 18:22:35","SAFE1",604,67
1021725,"SM Caen","Montpellier HSC","09/26/2018 18:23:05","AT1",605,68
1021725,"SM Caen","Montpellier HSC","09/26/2018 18:23:07","DANGER1",606,68
1021725,"SM Caen","Montpellier HSC","09/26/2018 18:23:07","DAT1",607,68
1021725,"SM Caen","Montpellier HSC","09/26/2018 18:23:15","SAFE2",608,68
1021725,"SM Caen","Montpellier HSC","09/26/2018 18:23:16","Possible Free Kick",609,68
1021725,"SM Caen","Montpellier HSC","09/26/2018 18:23:18","F1",611,68
1021725,"SM Caen","Montpellier HSC","09/26/2018 18:23:18","FK2",612,68
1021725,"SM Caen","Montpellier HSC","09/26/2018 18:23:18","Ball Position",613,68
1021725,"SM Caen","Montpellier HSC","09/26/2018 18:23:37","Restart",614,68
1021725,"SM Caen","Montpellier HSC","09/26/2018 18:23:43","AT2",615,68
1021725,"SM Caen","Montpellier HSC","09/26/2018 18:23:48","DANGER2",616,68
1021725,"SM Caen","Montpellier HSC","09/26/2018 18:23:48","DAT2",617,68
1021725,"SM Caen","Montpellier HSC","09/26/2018 18:23:59","POSSIBLE_TI",618,69
1021725,"SM Caen","Montpellier HSC","09/26/2018 18:24:00","TI1",619,69
1021725,"SM Caen","Montpellier HSC","09/26/2018 18:24:11","Restart",620,69
1021725,"SM Caen","Montpellier HSC","09/26/2018 18:24:15","POSSIBLE_TI",621,69
1021725,"SM Caen","Montpellier HSC","09/26/2018 18:24:22","TI2",622,69
1021725,"SM Caen","Montpellier HSC","09/26/2018 18:24:24","Restart",623,69
1021725,"SM Caen","Montpellier HSC","09/26/2018 18:24:36","SHB2",624,69
1021725,"SM Caen","Montpellier HSC","09/26/2018 18:24:38","SAFE1",625,69
1021725,"SM Caen","Montpellier HSC","09/26/2018 18:24:38","GK1",626,69
1021725,"SM Caen","Montpellier HSC","09/26/2018 18:24:58","Restart",627,70
1021725,"SM Caen","Montpellier HSC","09/26/2018 18:25:02","SAFE2",628,70
1021725,"SM Caen","Montpellier HSC","09/26/2018 18:25:02","Possible Free Kick",629,70
1021725,"SM Caen","Montpellier HSC","09/26/2018 18:25:06","F1",631,70
1021725,"SM Caen","Montpellier HSC","09/26/2018 18:25:06","FK2",632,70
1021725,"SM Caen","Montpellier HSC","09/26/2018 18:25:06","DANGER2",633,70
1021725,"SM Caen","Montpellier HSC","09/26/2018 18:25:06","DFK2",634,70
1021725,"SM Caen","Montpellier HSC","09/26/2018 18:25:06","Ball Position",635,70
1021725,"SM Caen","Montpellier HSC","09/26/2018 18:25:11","Restart",636,70
1021725,"SM Caen","Montpellier HSC","09/26/2018 18:25:27","SAFE1",637,70
1021725,"SM Caen","Montpellier HSC","09/26/2018 18:25:28","AT1",638,70
1021725,"SM Caen","Montpellier HSC","09/26/2018 18:25:38","Player_DATA_CONFIRMED",639,70
1021725,"SM Caen","Montpellier HSC","09/26/2018 18:25:40","Player_DATA_CONFIRMED",640,70
1021725,"SM Caen","Montpellier HSC","09/26/2018 18:25:43","SAFE1",641,70
1021725,"SM Caen","Montpellier HSC","09/26/2018 18:25:56","POSSIBLE_TI",642,71
1021725,"SM Caen","Montpellier HSC","09/26/2018 18:25:56","TI1",643,71
1021725,"SM Caen","Montpellier HSC","09/26/2018 18:26:00","Restart",644,71
1021725,"SM Caen","Montpellier HSC","09/26/2018 18:26:06","SAFE2",645,71
1021725,"SM Caen","Montpellier HSC","09/26/2018 18:26:12","AT2",646,71
1021725,"SM Caen","Montpellier HSC","09/26/2018 18:26:16","DANGER2",647,71
1021725,"SM Caen","Montpellier HSC","09/26/2018 18:26:16","DAT2",648,71
1021725,"SM Caen","Montpellier HSC","09/26/2018 18:26:22","SAFE1",649,71
1021725,"SM Caen","Montpellier HSC","09/26/2018 18:26:23","AT1",650,71
1021725,"SM Caen","Montpellier HSC","09/26/2018 18:26:25","DANGER1",651,71
1021725,"SM Caen","Montpellier HSC","09/26/2018 18:26:25","DAT1",652,71
1021725,"SM Caen","Montpellier HSC","09/26/2018 18:26:34","SAFE2",653,71
1021725,"SM Caen","Montpellier HSC","09/26/2018 18:26:42","AT2",654,71
1021725,"SM Caen","Montpellier HSC","09/26/2018 18:26:45","DANGER2",655,71
1021725,"SM Caen","Montpellier HSC","09/26/2018 18:26:45","DAT2",656,71
1021725,"SM Caen","Montpellier HSC","09/26/2018 18:26:53","POSSIBLE_TI",657,71
1021725,"SM Caen","Montpellier HSC","09/26/2018 18:26:54","TI1",658,72
1021725,"SM Caen","Montpellier HSC","09/26/2018 18:27:11","Restart",659,72
1021725,"SM Caen","Montpellier HSC","09/26/2018 18:28:12","SAFE1",660,73
1021725,"SM Caen","Montpellier HSC","09/26/2018 18:28:14","SAFE1",661,73
1021725,"SM Caen","Montpellier HSC","09/26/2018 18:28:14","AT1",662,73
1021725,"SM Caen","Montpellier HSC","09/26/2018 18:28:15","DANGER1",663,73
1021725,"SM Caen","Montpellier HSC","09/26/2018 18:28:15","DAT1",664,73
1021725,"SM Caen","Montpellier HSC","09/26/2018 18:28:22","SAFE2",665,73
1021725,"SM Caen","Montpellier HSC","09/26/2018 18:28:27","AT2",666,73
1021725,"SM Caen","Montpellier HSC","09/26/2018 18:29:08","SAFE1",667,74
1021725,"SM Caen","Montpellier HSC","09/26/2018 18:29:41","AT1",668,74
1021725,"SM Caen","Montpellier HSC","09/26/2018 18:29:49","DANGER1",669,74
1021725,"SM Caen","Montpellier HSC","09/26/2018 18:29:49","DAT1",670,74
1021725,"SM Caen","Montpellier HSC","09/26/2018 18:29:59","SAFE1",671,75
1021725,"SM Caen","Montpellier HSC","09/26/2018 18:30:00","Possible Free Kick",672,75
1021725,"SM Caen","Montpellier HSC","09/26/2018 18:30:10","F2",674,75
1021725,"SM Caen","Montpellier HSC","09/26/2018 18:30:10","FK1",675,75
1021725,"SM Caen","Montpellier HSC","09/26/2018 18:30:10","Ball Position",676,75
1021725,"SM Caen","Montpellier HSC","09/26/2018 18:30:24","Restart",677,75
1021725,"SM Caen","Montpellier HSC","09/26/2018 18:30:25","AT1",678,75
1021725,"SM Caen","Montpellier HSC","09/26/2018 18:30:26","DANGER1",679,75
1021725,"SM Caen","Montpellier HSC","09/26/2018 18:30:26","DAT1",680,75
1021725,"SM Caen","Montpellier HSC","09/26/2018 18:30:28","POSSIBLE_TI",681,75
1021725,"SM Caen","Montpellier HSC","09/26/2018 18:30:30","TI1",682,75
1021725,"SM Caen","Montpellier HSC","09/26/2018 18:30:34","Restart",683,75
1021725,"SM Caen","Montpellier HSC","09/26/2018 18:30:45","SAFE2",684,75
1021725,"SM Caen","Montpellier HSC","09/26/2018 18:30:48","AT2",685,75
1021725,"SM Caen","Montpellier HSC","09/26/2018 18:30:49","DANGER2",686,75
1021725,"SM Caen","Montpellier HSC","09/26/2018 18:30:49","DAT2",687,75
1021725,"SM Caen","Montpellier HSC","09/26/2018 18:30:59","SAFE1",688,76
1021725,"SM Caen","Montpellier HSC","09/26/2018 18:31:06","AT1",689,76
1021725,"SM Caen","Montpellier HSC","09/26/2018 18:31:19","SAFE2",690,76
1021725,"SM Caen","Montpellier HSC","09/26/2018 18:31:22","AT2",691,76
1021725,"SM Caen","Montpellier HSC","09/26/2018 18:31:25","DANGER2",692,76
1021725,"SM Caen","Montpellier HSC","09/26/2018 18:31:25","DAT2",693,76
1021725,"SM Caen","Montpellier HSC","09/26/2018 18:31:39","POSSIBLE_TI",694,76
1021725,"SM Caen","Montpellier HSC","09/26/2018 18:31:40","TI2",695,76
1021725,"SM Caen","Montpellier HSC","09/26/2018 18:31:45","Restart",696,76
1021725,"SM Caen","Montpellier HSC","09/26/2018 18:32:15","SAFE1",697,77
1021725,"SM Caen","Montpellier HSC","09/26/2018 18:32:49","SAFE2",698,77
1021725,"SM Caen","Montpellier HSC","09/26/2018 18:32:50","AT2",699,77
1021725,"SM Caen","Montpellier HSC","09/26/2018 18:32:53","SAFE1",700,78
1021725,"SM Caen","Montpellier HSC","09/26/2018 18:32:54","AT1",701,78
1021725,"SM Caen","Montpellier HSC","09/26/2018 18:32:59","SAFE2",702,78
1021725,"SM Caen","Montpellier HSC","09/26/2018 18:33:05","AT2",703,78
1021725,"SM Caen","Montpellier HSC","09/26/2018 18:33:14","DANGER2",704,78
1021725,"SM Caen","Montpellier HSC","09/26/2018 18:33:14","DAT2",705,78
1021725,"SM Caen","Montpellier HSC","09/26/2018 18:33:41","Possible Free Kick",706,78
1021725,"SM Caen","Montpellier HSC","09/26/2018 18:33:42","POSSIBLE_CARDS",708,78
1021725,"SM Caen","Montpellier HSC","09/26/2018 18:33:56","YC1",709,79
1021725,"SM Caen","Montpellier HSC","09/26/2018 18:34:07","CONF_YC1",710,79
1021725,"SM Caen","Montpellier HSC","09/26/2018 18:34:10","Scorer",711,79
1021725,"SM Caen","Montpellier HSC","09/26/2018 18:34:18","F1",712,79
1021725,"SM Caen","Montpellier HSC","09/26/2018 18:34:18","FK2",713,79
1021725,"SM Caen","Montpellier HSC","09/26/2018 18:34:18","DFK2",714,79
1021725,"SM Caen","Montpellier HSC","09/26/2018 18:34:19","Ball Position",715,79
1021725,"SM Caen","Montpellier HSC","09/26/2018 18:34:21","Restart",716,79
1021725,"SM Caen","Montpellier HSC","09/26/2018 18:34:26","SAFE1",717,79
1021725,"SM Caen","Montpellier HSC","09/26/2018 18:34:27","AT1",718,79
1021725,"SM Caen","Montpellier HSC","09/26/2018 18:34:31","SAFE2",719,79
1021725,"SM Caen","Montpellier HSC","09/26/2018 18:34:37","AT2",720,79
1021725,"SM Caen","Montpellier HSC","09/26/2018 18:34:38","DANGER2",721,79
1021725,"SM Caen","Montpellier HSC","09/26/2018 18:34:38","DAT2",722,79
1021725,"SM Caen","Montpellier HSC","09/26/2018 18:34:42","SAFE1",723,79
1021725,"SM Caen","Montpellier HSC","09/26/2018 18:34:49","Player_DATA_CONFIRMED",724,79
1021725,"SM Caen","Montpellier HSC","09/26/2018 18:34:58","AT1",725,80
1021725,"SM Caen","Montpellier HSC","09/26/2018 18:35:02","DANGER1",726,80
1021725,"SM Caen","Montpellier HSC","09/26/2018 18:35:02","DAT1",727,80
1021725,"SM Caen","Montpellier HSC","09/26/2018 18:35:13","SAFE2",728,80
1021725,"SM Caen","Montpellier HSC","09/26/2018 18:35:16","AT2",729,80
1021725,"SM Caen","Montpellier HSC","09/26/2018 18:35:19","DANGER2",730,80
1021725,"SM Caen","Montpellier HSC","09/26/2018 18:35:19","DAT2",731,80
1021725,"SM Caen","Montpellier HSC","09/26/2018 18:35:22","Possible Free Kick",732,80
1021725,"SM Caen","Montpellier HSC","09/26/2018 18:35:26","F1",734,80
1021725,"SM Caen","Montpellier HSC","09/26/2018 18:35:26","FK2",735,80
1021725,"SM Caen","Montpellier HSC","09/26/2018 18:35:26","DFK2",736,80
1021725,"SM Caen","Montpellier HSC","09/26/2018 18:35:26","Ball Position",737,80
1021725,"SM Caen","Montpellier HSC","09/26/2018 18:36:04","Restart",738,81
1021725,"SM Caen","Montpellier HSC","09/26/2018 18:36:09","PCR2",739,81
1021725,"SM Caen","Montpellier HSC","09/26/2018 18:36:11","CR2",740,81
1021725,"SM Caen","Montpellier HSC","09/26/2018 18:36:13","Ball Position",741,81
1021725,"SM Caen","Montpellier HSC","09/26/2018 18:36:16","Restart",742,81
1021725,"SM Caen","Montpellier HSC","09/26/2018 18:36:53","Possible Free Kick",743,82
1021725,"SM Caen","Montpellier HSC","09/26/2018 18:36:54","POSSIBLE_CARDS",745,82
1021725,"SM Caen","Montpellier HSC","09/26/2018 18:36:56","PRC",746,82
1021725,"SM Caen","Montpellier HSC","09/26/2018 18:37:13","Injury Break",747,82
1021725,"SM Caen","Montpellier HSC","09/26/2018 18:38:11","RC2",748,83
1021725,"SM Caen","Montpellier HSC","09/26/2018 18:38:30","CONF_RC2",749,83
1021725,"SM Caen","Montpellier HSC","09/26/2018 18:38:38","Scorer",750,83
1021725,"SM Caen","Montpellier HSC","09/26/2018 18:38:46","SAFE1",752,83
1021725,"SM Caen","Montpellier HSC","09/26/2018 18:38:46","Restart",753,83
1021725,"SM Caen","Montpellier HSC","09/26/2018 18:38:46","F2",754,83
1021725,"SM Caen","Montpellier HSC","09/26/2018 18:38:46","FK1",755,83
1021725,"SM Caen","Montpellier HSC","09/26/2018 18:38:46","Ball Position",756,83
1021725,"SM Caen","Montpellier HSC","09/26/2018 18:39:14","SUB2",757,84
1021725,"SM Caen","Montpellier HSC","09/26/2018 18:39:18","Restart",758,84
1021725,"SM Caen","Montpellier HSC","09/26/2018 18:39:19","AT1",759,84
1021725,"SM Caen","Montpellier HSC","09/26/2018 18:39:52","SAFE2",760,84
1021725,"SM Caen","Montpellier HSC","09/26/2018 18:39:57","SAFE1",761,85
1021725,"SM Caen","Montpellier HSC","09/26/2018 18:39:57","POSSIBLE_TI",762,85
1021725,"SM Caen","Montpellier HSC","09/26/2018 18:39:58","TI1",763,85
1021725,"SM Caen","Montpellier HSC","09/26/2018 18:40:04","Restart",764,85
1021725,"SM Caen","Montpellier HSC","09/26/2018 18:40:05","AT1",765,85
1021725,"SM Caen","Montpellier HSC","09/26/2018 18:40:11","SAFE2",766,85
1021725,"SM Caen","Montpellier HSC","09/26/2018 18:40:19","SAFE1",767,85
1021725,"SM Caen","Montpellier HSC","09/26/2018 18:40:21","AT1",768,85
1021725,"SM Caen","Montpellier HSC","09/26/2018 18:40:23","Player_DATA_CONFIRMED",769,85
1021725,"SM Caen","Montpellier HSC","09/26/2018 18:40:23","Player_DATA_CONFIRMED",770,85
1021725,"SM Caen","Montpellier HSC","09/26/2018 18:40:25","DANGER1",771,85
1021725,"SM Caen","Montpellier HSC","09/26/2018 18:40:25","DAT1",772,85
1021725,"SM Caen","Montpellier HSC","09/26/2018 18:40:41","POSSIBLE_TI",773,85
1021725,"SM Caen","Montpellier HSC","09/26/2018 18:40:42","TI1",774,85
1021725,"SM Caen","Montpellier HSC","09/26/2018 18:40:49","Restart",775,85
1021725,"SM Caen","Montpellier HSC","09/26/2018 18:41:04","BLOCKED1",776,86
1021725,"SM Caen","Montpellier HSC","09/26/2018 18:41:29","Possible Free Kick",777,86
1021725,"SM Caen","Montpellier HSC","09/26/2018 18:41:32","F2",779,86
1021725,"SM Caen","Montpellier HSC","09/26/2018 18:41:32","FK1",780,86
1021725,"SM Caen","Montpellier HSC","09/26/2018 18:41:32","DFK1",781,86
1021725,"SM Caen","Montpellier HSC","09/26/2018 18:41:32","Ball Position",782,86
1021725,"SM Caen","Montpellier HSC","09/26/2018 18:42:07","Restart",783,87
1021725,"SM Caen","Montpellier HSC","09/26/2018 18:42:15","SHW1",784,87
1021725,"SM Caen","Montpellier HSC","09/26/2018 18:42:34","BLOCKED1",785,87
1021725,"SM Caen","Montpellier HSC","09/26/2018 18:43:04","SAFE2",786,88
1021725,"SM Caen","Montpellier HSC","09/26/2018 18:43:05","GK2",787,88
1021725,"SM Caen","Montpellier HSC","09/26/2018 18:43:28","Restart",788,88
1021725,"SM Caen","Montpellier HSC","09/26/2018 18:43:39","AT2",789,88
1021725,"SM Caen","Montpellier HSC","09/26/2018 18:44:07","Possible Free Kick",790,89
1021725,"SM Caen","Montpellier HSC","09/26/2018 18:44:09","POSSIBLE_CARDS",792,89
1021725,"SM Caen","Montpellier HSC","09/26/2018 18:44:14","YC1",793,89
1021725,"SM Caen","Montpellier HSC","09/26/2018 18:44:16","CONF_YC1",794,89
1021725,"SM Caen","Montpellier HSC","09/26/2018 18:44:20","Scorer",795,89
1021725,"SM Caen","Montpellier HSC","09/26/2018 18:44:34","SAFE2",796,89
1021725,"SM Caen","Montpellier HSC","09/26/2018 18:44:34","F1",797,89
1021725,"SM Caen","Montpellier HSC","09/26/2018 18:44:34","FK2",798,89
1021725,"SM Caen","Montpellier HSC","09/26/2018 18:44:34","Ball Position",799,89
1021725,"SM Caen","Montpellier HSC","09/26/2018 18:44:45","Restart",800,89
1021725,"SM Caen","Montpellier HSC","09/26/2018 18:44:46","AT2",801,89
1021725,"SM Caen","Montpellier HSC","09/26/2018 18:45:06","DANGER2",802,90
1021725,"SM Caen","Montpellier HSC","09/26/2018 18:45:06","DAT2",803,90
1021725,"SM Caen","Montpellier HSC","09/26/2018 18:45:18","SAFE1",804,90
1021725,"SM Caen","Montpellier HSC","09/26/2018 18:45:24","SAFE2",805,90
1021725,"SM Caen","Montpellier HSC","09/26/2018 18:45:28","AT2",806,90
1021725,"SM Caen","Montpellier HSC","09/26/2018 18:45:28","Player_DATA_CONFIRMED",807,90
1021725,"SM Caen","Montpellier HSC","09/26/2018 18:45:38","SAFE1",808,90
1021725,"SM Caen","Montpellier HSC","09/26/2018 18:45:46","Extra Time",809,90
1021725,"SM Caen","Montpellier HSC","09/26/2018 18:45:54","AT1",810,91
1021725,"SM Caen","Montpellier HSC","09/26/2018 18:45:56","DANGER1",811,91
1021725,"SM Caen","Montpellier HSC","09/26/2018 18:45:56","DAT1",812,91
1021725,"SM Caen","Montpellier HSC","09/26/2018 18:46:02","SHB1",813,91
1021725,"SM Caen","Montpellier HSC","09/26/2018 18:46:03","SAFE2",814,91
1021725,"SM Caen","Montpellier HSC","09/26/2018 18:46:03","GK2",815,91
1021725,"SM Caen","Montpellier HSC","09/26/2018 18:46:23","Restart",816,91
1021725,"SM Caen","Montpellier HSC","09/26/2018 18:46:31","AT2",817,91
1021725,"SM Caen","Montpellier HSC","09/26/2018 18:46:34","DANGER2",818,91
1021725,"SM Caen","Montpellier HSC","09/26/2018 18:46:34","DAT2",819,91
1021725,"SM Caen","Montpellier HSC","09/26/2018 18:46:43","SAFE1",820,91
1021725,"SM Caen","Montpellier HSC","09/26/2018 18:46:44","Possible Free Kick",821,91
1021725,"SM Caen","Montpellier HSC","09/26/2018 18:46:48","POSSIBLE_CARDS",823,91
1021725,"SM Caen","Montpellier HSC","09/26/2018 18:47:19","YC2",824,92
1021725,"SM Caen","Montpellier HSC","09/26/2018 18:47:23","CONF_YC2",825,92
1021725,"SM Caen","Montpellier HSC","09/26/2018 18:47:30","Scorer",826,92
1021725,"SM Caen","Montpellier HSC","09/26/2018 18:47:33","F2",827,92
1021725,"SM Caen","Montpellier HSC","09/26/2018 18:47:33","FK1",828,92
1021725,"SM Caen","Montpellier HSC","09/26/2018 18:47:33","Ball Position",829,92
1021725,"SM Caen","Montpellier HSC","09/26/2018 18:47:45","Restart",830,92
1021725,"SM Caen","Montpellier HSC","09/26/2018 18:47:48","AT1",831,92
1021725,"SM Caen","Montpellier HSC","09/26/2018 18:47:51","DANGER1",832,92
1021725,"SM Caen","Montpellier HSC","09/26/2018 18:47:51","DAT1",833,92
1021725,"SM Caen","Montpellier HSC","09/26/2018 18:48:06","POSSIBLE_TI",834,93
1021725,"SM Caen","Montpellier HSC","09/26/2018 18:48:13","TI2",835,93
1021725,"SM Caen","Montpellier HSC","09/26/2018 18:48:17","Restart",836,93
1021725,"SM Caen","Montpellier HSC","09/26/2018 18:48:20","Player_DATA_CONFIRMED",837,93
1021725,"SM Caen","Montpellier HSC","09/26/2018 18:48:20","SAFE2",838,93
1021725,"SM Caen","Montpellier HSC","09/26/2018 18:48:26","SAFE1",839,93
1021725,"SM Caen","Montpellier HSC","09/26/2018 18:48:34","AT1",840,93
1021725,"SM Caen","Montpellier HSC","09/26/2018 18:48:38","DANGER1",841,93
1021725,"SM Caen","Montpellier HSC","09/26/2018 18:48:38","DAT1",842,93
1021725,"SM Caen","Montpellier HSC","09/26/2018 18:48:44","SAFE2",843,93
1021725,"SM Caen","Montpellier HSC","09/26/2018 18:48:46","AT2",844,93
1021725,"SM Caen","Montpellier HSC","09/26/2018 18:48:49","SAFE1",845,93
1021725,"SM Caen","Montpellier HSC","09/26/2018 18:48:50","POSSIBLE_TI",846,93
1021725,"SM Caen","Montpellier HSC","09/26/2018 18:48:51","TI1",847,93
1021725,"SM Caen","Montpellier HSC","09/26/2018 18:48:53","Restart",848,93
1021725,"SM Caen","Montpellier HSC","09/26/2018 18:48:55","AT1",849,94
1021725,"SM Caen","Montpellier HSC","09/26/2018 18:49:04","DANGER1",850,94
1021725,"SM Caen","Montpellier HSC","09/26/2018 18:49:04","DAT1",851,94
1021725,"SM Caen","Montpellier HSC","09/26/2018 18:49:19","SAFE2",852,94
1021725,"SM Caen","Montpellier HSC","09/26/2018 18:49:20","GK2",853,94
1021725,"SM Caen","Montpellier HSC","09/26/2018 18:49:59","Restart",854,95
1021725,"SM Caen","Montpellier HSC","09/26/2018 18:50:04","Stop RT2",855,95
1021725,"SM Caen","Montpellier HSC","09/26/2018 18:50:04","Stop Game",856,95
1021725,"SM Caen","Montpellier HSC","09/26/2018 18:50:15","CONF_PERIOD_SCORE",857,94
