"RBallID","HomeTeam","AwayTeam","Timestamp","Incident","IncidentNumber","Minute"
939226,"AS Saint Etienne","Dijon FCO","03/03/2018 18:06:22","Lineup changed",0,0
939226,"AS Saint Etienne","Dijon FCO","03/03/2018 18:06:44","Transmission Online",1,0
939226,"AS Saint Etienne","Dijon FCO","03/03/2018 18:06:44","Scout in Stadion",2,0
939226,"AS Saint Etienne","Dijon FCO","03/03/2018 18:20:46","GCC",3,0
939226,"AS Saint Etienne","Dijon FCO","03/03/2018 18:56:09","Players are coming out",4,0
939226,"AS Saint Etienne","Dijon FCO","03/03/2018 18:56:25","Players lined up",5,0
939226,"AS Saint Etienne","Dijon FCO","03/03/2018 18:56:43","Shake hands",6,0
939226,"AS Saint Etienne","Dijon FCO","03/03/2018 18:57:08","Jersey Changed",7,0
939226,"AS Saint Etienne","Dijon FCO","03/03/2018 18:57:08","Jersey Changed",8,0
939226,"AS Saint Etienne","Dijon FCO","03/03/2018 18:57:17","Flip coin",9,0
939226,"AS Saint Etienne","Dijon FCO","03/03/2018 18:58:29","Game about to start",10,0
939226,"AS Saint Etienne","Dijon FCO","03/03/2018 18:59:45","Start RT1 Team 2",11,1
939226,"AS Saint Etienne","Dijon FCO","03/03/2018 18:59:53","AT2",12,1
939226,"AS Saint Etienne","Dijon FCO","03/03/2018 19:00:00","SAFE1",13,1
939226,"AS Saint Etienne","Dijon FCO","03/03/2018 19:00:00","AT1",14,1
939226,"AS Saint Etienne","Dijon FCO","03/03/2018 19:00:30","POSSIBLE_TI",15,1
939226,"AS Saint Etienne","Dijon FCO","03/03/2018 19:00:32","TI2",16,1
939226,"AS Saint Etienne","Dijon FCO","03/03/2018 19:00:46","Restart",17,2
939226,"AS Saint Etienne","Dijon FCO","03/03/2018 19:00:55","SAFE1",18,2
939226,"AS Saint Etienne","Dijon FCO","03/03/2018 19:01:07","AT1",19,2
939226,"AS Saint Etienne","Dijon FCO","03/03/2018 19:01:11","DANGER1",20,2
939226,"AS Saint Etienne","Dijon FCO","03/03/2018 19:01:11","DAT1",21,2
939226,"AS Saint Etienne","Dijon FCO","03/03/2018 19:01:24","Possible Free Kick",22,2
939226,"AS Saint Etienne","Dijon FCO","03/03/2018 19:01:28","SAFE2",24,2
939226,"AS Saint Etienne","Dijon FCO","03/03/2018 19:01:28","O1",25,2
939226,"AS Saint Etienne","Dijon FCO","03/03/2018 19:01:28","FK2",26,2
939226,"AS Saint Etienne","Dijon FCO","03/03/2018 19:01:28","Ball Position",27,2
939226,"AS Saint Etienne","Dijon FCO","03/03/2018 19:01:44","Restart",28,2
939226,"AS Saint Etienne","Dijon FCO","03/03/2018 19:02:01","AT2",29,3
939226,"AS Saint Etienne","Dijon FCO","03/03/2018 19:02:15","SAFE2",30,3
939226,"AS Saint Etienne","Dijon FCO","03/03/2018 19:02:43","POSSIBLE_TI",31,3
939226,"AS Saint Etienne","Dijon FCO","03/03/2018 19:02:44","TI2",32,3
939226,"AS Saint Etienne","Dijon FCO","03/03/2018 19:02:55","Restart",33,4
939226,"AS Saint Etienne","Dijon FCO","03/03/2018 19:03:14","AT1",34,4
939226,"AS Saint Etienne","Dijon FCO","03/03/2018 19:03:17","POSSIBLE_TI",35,4
939226,"AS Saint Etienne","Dijon FCO","03/03/2018 19:03:17","TI1",36,4
939226,"AS Saint Etienne","Dijon FCO","03/03/2018 19:03:18","Restart",37,4
939226,"AS Saint Etienne","Dijon FCO","03/03/2018 19:03:24","SAFE1",38,4
939226,"AS Saint Etienne","Dijon FCO","03/03/2018 19:03:42","AT1",39,4
939226,"AS Saint Etienne","Dijon FCO","03/03/2018 19:03:50","Possible Free Kick",40,5
939226,"AS Saint Etienne","Dijon FCO","03/03/2018 19:03:51","F2",42,5
939226,"AS Saint Etienne","Dijon FCO","03/03/2018 19:03:51","FK1",43,5
939226,"AS Saint Etienne","Dijon FCO","03/03/2018 19:03:51","DANGER1",44,5
939226,"AS Saint Etienne","Dijon FCO","03/03/2018 19:03:51","DFK1",45,5
939226,"AS Saint Etienne","Dijon FCO","03/03/2018 19:03:51","Ball Position",46,5
939226,"AS Saint Etienne","Dijon FCO","03/03/2018 19:03:59","Restart",47,5
939226,"AS Saint Etienne","Dijon FCO","03/03/2018 19:04:35","SHB1",48,5
939226,"AS Saint Etienne","Dijon FCO","03/03/2018 19:04:45","SAFE2",49,6
939226,"AS Saint Etienne","Dijon FCO","03/03/2018 19:04:46","GK2",50,6
939226,"AS Saint Etienne","Dijon FCO","03/03/2018 19:04:57","Restart",51,6
939226,"AS Saint Etienne","Dijon FCO","03/03/2018 19:05:04","AT1",52,6
939226,"AS Saint Etienne","Dijon FCO","03/03/2018 19:05:11","POSSIBLE_CARDS",53,6
939226,"AS Saint Etienne","Dijon FCO","03/03/2018 19:05:31","NO_Cards",54,6
939226,"AS Saint Etienne","Dijon FCO","03/03/2018 19:05:31","Possible Free Kick",55,6
939226,"AS Saint Etienne","Dijon FCO","03/03/2018 19:05:34","F2",57,6
939226,"AS Saint Etienne","Dijon FCO","03/03/2018 19:05:34","FK1",58,6
939226,"AS Saint Etienne","Dijon FCO","03/03/2018 19:05:34","DANGER1",59,6
939226,"AS Saint Etienne","Dijon FCO","03/03/2018 19:05:34","DFK1",60,6
939226,"AS Saint Etienne","Dijon FCO","03/03/2018 19:05:34","Ball Position",61,6
939226,"AS Saint Etienne","Dijon FCO","03/03/2018 19:05:51","Restart",62,7
939226,"AS Saint Etienne","Dijon FCO","03/03/2018 19:06:25","POSSIBLE_TI",63,7
939226,"AS Saint Etienne","Dijon FCO","03/03/2018 19:06:25","TI1",64,7
939226,"AS Saint Etienne","Dijon FCO","03/03/2018 19:06:27","Restart",65,7
939226,"AS Saint Etienne","Dijon FCO","03/03/2018 19:06:44","SHB1",66,7
939226,"AS Saint Etienne","Dijon FCO","03/03/2018 19:06:55","SAFE2",67,8
939226,"AS Saint Etienne","Dijon FCO","03/03/2018 19:06:55","GK2",68,8
939226,"AS Saint Etienne","Dijon FCO","03/03/2018 19:07:09","Restart",69,8
939226,"AS Saint Etienne","Dijon FCO","03/03/2018 19:07:17","AT2",70,8
939226,"AS Saint Etienne","Dijon FCO","03/03/2018 19:07:19","DANGER2",71,8
939226,"AS Saint Etienne","Dijon FCO","03/03/2018 19:07:19","DAT2",72,8
939226,"AS Saint Etienne","Dijon FCO","03/03/2018 19:08:05","POSSIBLE_TI",73,9
939226,"AS Saint Etienne","Dijon FCO","03/03/2018 19:08:06","TI1",74,9
939226,"AS Saint Etienne","Dijon FCO","03/03/2018 19:08:08","Restart",75,9
939226,"AS Saint Etienne","Dijon FCO","03/03/2018 19:08:12","SAFE1",76,9
939226,"AS Saint Etienne","Dijon FCO","03/03/2018 19:08:18","AT1",77,9
939226,"AS Saint Etienne","Dijon FCO","03/03/2018 19:08:47","DANGER1",78,10
939226,"AS Saint Etienne","Dijon FCO","03/03/2018 19:08:47","DAT1",79,10
939226,"AS Saint Etienne","Dijon FCO","03/03/2018 19:09:11","POSSIBLE_TI",80,10
939226,"AS Saint Etienne","Dijon FCO","03/03/2018 19:09:12","TI1",81,10
939226,"AS Saint Etienne","Dijon FCO","03/03/2018 19:09:17","Restart",82,10
939226,"AS Saint Etienne","Dijon FCO","03/03/2018 19:09:17","SAFE1",83,10
939226,"AS Saint Etienne","Dijon FCO","03/03/2018 19:09:37","POSSIBLE_TI",84,10
939226,"AS Saint Etienne","Dijon FCO","03/03/2018 19:09:37","TI1",85,10
939226,"AS Saint Etienne","Dijon FCO","03/03/2018 19:09:40","Restart",86,10
939226,"AS Saint Etienne","Dijon FCO","03/03/2018 19:10:10","AT1",87,11
939226,"AS Saint Etienne","Dijon FCO","03/03/2018 19:10:12","DANGER1",88,11
939226,"AS Saint Etienne","Dijon FCO","03/03/2018 19:10:12","DAT1",89,11
939226,"AS Saint Etienne","Dijon FCO","03/03/2018 19:10:16","SHG1",90,11
939226,"AS Saint Etienne","Dijon FCO","03/03/2018 19:10:19","POSSIBLE_TI",91,11
939226,"AS Saint Etienne","Dijon FCO","03/03/2018 19:10:20","TI1",92,11
939226,"AS Saint Etienne","Dijon FCO","03/03/2018 19:10:20","Restart",93,11
939226,"AS Saint Etienne","Dijon FCO","03/03/2018 19:10:27","POSSIBLE_CARDS",94,11
939226,"AS Saint Etienne","Dijon FCO","03/03/2018 19:10:51","NO_Cards",95,12
939226,"AS Saint Etienne","Dijon FCO","03/03/2018 19:10:52","Possible Free Kick",96,12
939226,"AS Saint Etienne","Dijon FCO","03/03/2018 19:10:55","F2",98,12
939226,"AS Saint Etienne","Dijon FCO","03/03/2018 19:10:55","FK1",99,12
939226,"AS Saint Etienne","Dijon FCO","03/03/2018 19:10:55","DFK1",100,12
939226,"AS Saint Etienne","Dijon FCO","03/03/2018 19:10:55","Ball Position",101,12
939226,"AS Saint Etienne","Dijon FCO","03/03/2018 19:11:17","Restart",102,12
939226,"AS Saint Etienne","Dijon FCO","03/03/2018 19:11:21","PCR1",103,12
939226,"AS Saint Etienne","Dijon FCO","03/03/2018 19:11:23","SHG1",104,12
939226,"AS Saint Etienne","Dijon FCO","03/03/2018 19:11:31","CR1",105,12
939226,"AS Saint Etienne","Dijon FCO","03/03/2018 19:11:32","Ball Position",106,12
939226,"AS Saint Etienne","Dijon FCO","03/03/2018 19:11:44","Restart",107,12
939226,"AS Saint Etienne","Dijon FCO","03/03/2018 19:11:48","PCR1",108,13
939226,"AS Saint Etienne","Dijon FCO","03/03/2018 19:11:53","CR1",109,13
939226,"AS Saint Etienne","Dijon FCO","03/03/2018 19:11:54","Ball Position",110,13
939226,"AS Saint Etienne","Dijon FCO","03/03/2018 19:12:03","Restart",111,13
939226,"AS Saint Etienne","Dijon FCO","03/03/2018 19:12:23","POSSIBLE_TI",112,13
939226,"AS Saint Etienne","Dijon FCO","03/03/2018 19:12:24","TI1",113,13
939226,"AS Saint Etienne","Dijon FCO","03/03/2018 19:12:30","Restart",114,13
939226,"AS Saint Etienne","Dijon FCO","03/03/2018 19:12:41","POSSIBLE_TI",115,13
939226,"AS Saint Etienne","Dijon FCO","03/03/2018 19:12:41","TI1",116,13
939226,"AS Saint Etienne","Dijon FCO","03/03/2018 19:12:44","Restart",117,13
939226,"AS Saint Etienne","Dijon FCO","03/03/2018 19:13:22","SAFE1",118,14
939226,"AS Saint Etienne","Dijon FCO","03/03/2018 19:13:27","POSSIBLE_CARDS",119,14
939226,"AS Saint Etienne","Dijon FCO","03/03/2018 19:13:35","Injury Break",120,14
939226,"AS Saint Etienne","Dijon FCO","03/03/2018 19:15:34","NO_Cards",121,16
939226,"AS Saint Etienne","Dijon FCO","03/03/2018 19:16:12","SUB2",122,17
939226,"AS Saint Etienne","Dijon FCO","03/03/2018 19:16:23","Referee Ball",123,17
939226,"AS Saint Etienne","Dijon FCO","03/03/2018 19:16:24","Restart",124,17
939226,"AS Saint Etienne","Dijon FCO","03/03/2018 19:16:38","AT1",125,17
939226,"AS Saint Etienne","Dijon FCO","03/03/2018 19:16:45","SAFE2",126,17
939226,"AS Saint Etienne","Dijon FCO","03/03/2018 19:16:45","AT2",127,17
939226,"AS Saint Etienne","Dijon FCO","03/03/2018 19:17:02","AT1",128,18
939226,"AS Saint Etienne","Dijon FCO","03/03/2018 19:17:02","DANGER1",129,18
939226,"AS Saint Etienne","Dijon FCO","03/03/2018 19:17:02","DAT1",130,18
939226,"AS Saint Etienne","Dijon FCO","03/03/2018 19:17:18","SAFE1",131,18
939226,"AS Saint Etienne","Dijon FCO","03/03/2018 19:17:24","AT1",132,18
939226,"AS Saint Etienne","Dijon FCO","03/03/2018 19:17:27","DANGER1",133,18
939226,"AS Saint Etienne","Dijon FCO","03/03/2018 19:17:27","DAT1",134,18
939226,"AS Saint Etienne","Dijon FCO","03/03/2018 19:17:29","Player_DATA_CONFIRMED",135,18
939226,"AS Saint Etienne","Dijon FCO","03/03/2018 19:18:33","Possible Free Kick",136,19
939226,"AS Saint Etienne","Dijon FCO","03/03/2018 19:18:35","SAFE2",138,19
939226,"AS Saint Etienne","Dijon FCO","03/03/2018 19:18:35","O1",139,19
939226,"AS Saint Etienne","Dijon FCO","03/03/2018 19:18:35","FK2",140,19
939226,"AS Saint Etienne","Dijon FCO","03/03/2018 19:18:35","Ball Position",141,19
939226,"AS Saint Etienne","Dijon FCO","03/03/2018 19:18:57","Restart",142,20
939226,"AS Saint Etienne","Dijon FCO","03/03/2018 19:19:00","AT2",143,20
939226,"AS Saint Etienne","Dijon FCO","03/03/2018 19:19:08","DANGER2",144,20
939226,"AS Saint Etienne","Dijon FCO","03/03/2018 19:19:08","DAT2",145,20
939226,"AS Saint Etienne","Dijon FCO","03/03/2018 19:19:17","Possible Free Kick",146,20
939226,"AS Saint Etienne","Dijon FCO","03/03/2018 19:19:24","SAFE1",148,20
939226,"AS Saint Etienne","Dijon FCO","03/03/2018 19:19:24","F2",149,20
939226,"AS Saint Etienne","Dijon FCO","03/03/2018 19:19:24","FK1",150,20
939226,"AS Saint Etienne","Dijon FCO","03/03/2018 19:19:24","Ball Position",151,20
939226,"AS Saint Etienne","Dijon FCO","03/03/2018 19:19:41","Restart",152,20
939226,"AS Saint Etienne","Dijon FCO","03/03/2018 19:19:59","AT2",153,21
939226,"AS Saint Etienne","Dijon FCO","03/03/2018 19:20:00","POSSIBLE_TI",154,21
939226,"AS Saint Etienne","Dijon FCO","03/03/2018 19:20:01","TI2",155,21
939226,"AS Saint Etienne","Dijon FCO","03/03/2018 19:20:17","Restart",156,21
939226,"AS Saint Etienne","Dijon FCO","03/03/2018 19:20:17","DANGER2",157,21
939226,"AS Saint Etienne","Dijon FCO","03/03/2018 19:20:17","DAT2",158,21
939226,"AS Saint Etienne","Dijon FCO","03/03/2018 19:20:23","SHG2",159,21
939226,"AS Saint Etienne","Dijon FCO","03/03/2018 19:20:24","SAFE1",160,21
939226,"AS Saint Etienne","Dijon FCO","03/03/2018 19:20:52","AT1",161,22
939226,"AS Saint Etienne","Dijon FCO","03/03/2018 19:21:02","DANGER1",162,22
939226,"AS Saint Etienne","Dijon FCO","03/03/2018 19:21:02","DAT1",163,22
939226,"AS Saint Etienne","Dijon FCO","03/03/2018 19:21:06","SAFE2",164,22
939226,"AS Saint Etienne","Dijon FCO","03/03/2018 19:21:17","POSSIBLE_TI",165,22
939226,"AS Saint Etienne","Dijon FCO","03/03/2018 19:21:20","TI1",166,22
939226,"AS Saint Etienne","Dijon FCO","03/03/2018 19:21:24","Restart",167,22
939226,"AS Saint Etienne","Dijon FCO","03/03/2018 19:21:26","SAFE1",168,22
939226,"AS Saint Etienne","Dijon FCO","03/03/2018 19:21:44","AT1",169,22
939226,"AS Saint Etienne","Dijon FCO","03/03/2018 19:21:52","DANGER1",170,23
939226,"AS Saint Etienne","Dijon FCO","03/03/2018 19:21:52","DAT1",171,23
939226,"AS Saint Etienne","Dijon FCO","03/03/2018 19:22:25","SAFE2",172,23
939226,"AS Saint Etienne","Dijon FCO","03/03/2018 19:22:26","GK2",173,23
939226,"AS Saint Etienne","Dijon FCO","03/03/2018 19:22:37","Restart",174,23
939226,"AS Saint Etienne","Dijon FCO","03/03/2018 19:22:47","AT1",175,24
939226,"AS Saint Etienne","Dijon FCO","03/03/2018 19:22:49","SAFE2",176,24
939226,"AS Saint Etienne","Dijon FCO","03/03/2018 19:22:57","AT2",177,24
939226,"AS Saint Etienne","Dijon FCO","03/03/2018 19:22:59","DANGER2",178,24
939226,"AS Saint Etienne","Dijon FCO","03/03/2018 19:22:59","DAT2",179,24
939226,"AS Saint Etienne","Dijon FCO","03/03/2018 19:23:02","PCR2",180,24
939226,"AS Saint Etienne","Dijon FCO","03/03/2018 19:23:24","CR2",181,24
939226,"AS Saint Etienne","Dijon FCO","03/03/2018 19:23:26","Ball Position",182,24
939226,"AS Saint Etienne","Dijon FCO","03/03/2018 19:23:35","Restart",183,24
939226,"AS Saint Etienne","Dijon FCO","03/03/2018 19:23:53","SHB2",184,25
939226,"AS Saint Etienne","Dijon FCO","03/03/2018 19:23:54","SAFE1",185,25
939226,"AS Saint Etienne","Dijon FCO","03/03/2018 19:23:55","GK1",186,25
939226,"AS Saint Etienne","Dijon FCO","03/03/2018 19:23:55","Restart",187,25
939226,"AS Saint Etienne","Dijon FCO","03/03/2018 19:24:31","AT1",188,25
939226,"AS Saint Etienne","Dijon FCO","03/03/2018 19:24:33","SAFE2",189,25
939226,"AS Saint Etienne","Dijon FCO","03/03/2018 19:24:53","SAFE1",190,26
939226,"AS Saint Etienne","Dijon FCO","03/03/2018 19:24:54","GK1",191,26
939226,"AS Saint Etienne","Dijon FCO","03/03/2018 19:24:55","Restart",192,26
939226,"AS Saint Etienne","Dijon FCO","03/03/2018 19:25:07","AT1",193,26
939226,"AS Saint Etienne","Dijon FCO","03/03/2018 19:25:08","DANGER1",194,26
939226,"AS Saint Etienne","Dijon FCO","03/03/2018 19:25:08","DAT1",195,26
939226,"AS Saint Etienne","Dijon FCO","03/03/2018 19:25:15","SAFE2",196,26
939226,"AS Saint Etienne","Dijon FCO","03/03/2018 19:25:48","AT2",197,27
939226,"AS Saint Etienne","Dijon FCO","03/03/2018 19:25:55","DANGER2",198,27
939226,"AS Saint Etienne","Dijon FCO","03/03/2018 19:25:55","DAT2",199,27
939226,"AS Saint Etienne","Dijon FCO","03/03/2018 19:26:00","PCR2",200,27
939226,"AS Saint Etienne","Dijon FCO","03/03/2018 19:26:17","CR2",201,27
939226,"AS Saint Etienne","Dijon FCO","03/03/2018 19:26:18","Ball Position",202,27
939226,"AS Saint Etienne","Dijon FCO","03/03/2018 19:26:24","Restart",203,27
939226,"AS Saint Etienne","Dijon FCO","03/03/2018 19:26:30","PCR2",204,27
939226,"AS Saint Etienne","Dijon FCO","03/03/2018 19:26:37","SHB2",205,27
939226,"AS Saint Etienne","Dijon FCO","03/03/2018 19:26:47","CR2",206,28
939226,"AS Saint Etienne","Dijon FCO","03/03/2018 19:26:49","Ball Position",207,28
939226,"AS Saint Etienne","Dijon FCO","03/03/2018 19:26:57","Restart",208,28
939226,"AS Saint Etienne","Dijon FCO","03/03/2018 19:26:59","PCR2",209,28
939226,"AS Saint Etienne","Dijon FCO","03/03/2018 19:27:08","CR2",210,28
939226,"AS Saint Etienne","Dijon FCO","03/03/2018 19:27:09","Ball Position",211,28
939226,"AS Saint Etienne","Dijon FCO","03/03/2018 19:27:21","Restart",212,28
939226,"AS Saint Etienne","Dijon FCO","03/03/2018 19:27:30","PCR2",213,28
939226,"AS Saint Etienne","Dijon FCO","03/03/2018 19:27:57","CR2",214,29
939226,"AS Saint Etienne","Dijon FCO","03/03/2018 19:27:58","Ball Position",215,29
939226,"AS Saint Etienne","Dijon FCO","03/03/2018 19:28:03","Restart",216,29
939226,"AS Saint Etienne","Dijon FCO","03/03/2018 19:28:12","POSSIBLE_TI",217,29
939226,"AS Saint Etienne","Dijon FCO","03/03/2018 19:28:13","TI1",218,29
939226,"AS Saint Etienne","Dijon FCO","03/03/2018 19:28:17","Restart",219,29
939226,"AS Saint Etienne","Dijon FCO","03/03/2018 19:28:26","SAFE1",220,29
939226,"AS Saint Etienne","Dijon FCO","03/03/2018 19:28:35","AT1",221,29
939226,"AS Saint Etienne","Dijon FCO","03/03/2018 19:28:39","POSSIBLE_TI",222,29
939226,"AS Saint Etienne","Dijon FCO","03/03/2018 19:28:40","TI1",223,29
939226,"AS Saint Etienne","Dijon FCO","03/03/2018 19:28:42","Restart",224,29
939226,"AS Saint Etienne","Dijon FCO","03/03/2018 19:28:46","SAFE1",225,30
939226,"AS Saint Etienne","Dijon FCO","03/03/2018 19:29:00","AT1",226,30
939226,"AS Saint Etienne","Dijon FCO","03/03/2018 19:29:06","SAFE2",227,30
939226,"AS Saint Etienne","Dijon FCO","03/03/2018 19:29:17","AT2",228,30
939226,"AS Saint Etienne","Dijon FCO","03/03/2018 19:29:18","DANGER2",229,30
939226,"AS Saint Etienne","Dijon FCO","03/03/2018 19:29:18","DAT2",230,30
939226,"AS Saint Etienne","Dijon FCO","03/03/2018 19:29:24","SHG2",231,30
939226,"AS Saint Etienne","Dijon FCO","03/03/2018 19:29:36","SAFE2",232,30
939226,"AS Saint Etienne","Dijon FCO","03/03/2018 19:29:42","AT1",233,30
939226,"AS Saint Etienne","Dijon FCO","03/03/2018 19:29:42","POSSIBLE_TI",234,30
939226,"AS Saint Etienne","Dijon FCO","03/03/2018 19:29:43","TI1",235,30
939226,"AS Saint Etienne","Dijon FCO","03/03/2018 19:29:46","Restart",236,31
939226,"AS Saint Etienne","Dijon FCO","03/03/2018 19:29:58","Injury Break",237,31
939226,"AS Saint Etienne","Dijon FCO","03/03/2018 19:30:29","Referee Ball",238,31
939226,"AS Saint Etienne","Dijon FCO","03/03/2018 19:30:30","Restart",239,31
939226,"AS Saint Etienne","Dijon FCO","03/03/2018 19:30:32","SAFE1",240,31
939226,"AS Saint Etienne","Dijon FCO","03/03/2018 19:30:52","AT1",241,32
939226,"AS Saint Etienne","Dijon FCO","03/03/2018 19:30:57","DANGER1",242,32
939226,"AS Saint Etienne","Dijon FCO","03/03/2018 19:30:57","DAT1",243,32
939226,"AS Saint Etienne","Dijon FCO","03/03/2018 19:31:04","POSSIBLE_TI",244,32
939226,"AS Saint Etienne","Dijon FCO","03/03/2018 19:31:05","TI1",245,32
939226,"AS Saint Etienne","Dijon FCO","03/03/2018 19:31:06","Restart",246,32
939226,"AS Saint Etienne","Dijon FCO","03/03/2018 19:31:18","SAFE2",247,32
939226,"AS Saint Etienne","Dijon FCO","03/03/2018 19:31:18","AT2",248,32
939226,"AS Saint Etienne","Dijon FCO","03/03/2018 19:31:20","DANGER2",249,32
939226,"AS Saint Etienne","Dijon FCO","03/03/2018 19:31:20","DAT2",250,32
939226,"AS Saint Etienne","Dijon FCO","03/03/2018 19:31:24","GOAL2",251,32
939226,"AS Saint Etienne","Dijon FCO","03/03/2018 19:31:45","Scorer",252,33
939226,"AS Saint Etienne","Dijon FCO","03/03/2018 19:32:05","CONF_GOAL2",253,33
939226,"AS Saint Etienne","Dijon FCO","03/03/2018 19:32:12","Player_DATA_CONFIRMED",254,33
939226,"AS Saint Etienne","Dijon FCO","03/03/2018 19:32:20","KO1",255,33
939226,"AS Saint Etienne","Dijon FCO","03/03/2018 19:32:20","SAFE1",256,33
939226,"AS Saint Etienne","Dijon FCO","03/03/2018 19:32:30","AT1",257,33
939226,"AS Saint Etienne","Dijon FCO","03/03/2018 19:33:01","DANGER1",258,34
939226,"AS Saint Etienne","Dijon FCO","03/03/2018 19:33:01","DAT1",259,34
939226,"AS Saint Etienne","Dijon FCO","03/03/2018 19:33:05","PCR1",260,34
939226,"AS Saint Etienne","Dijon FCO","03/03/2018 19:33:11","CR1",261,34
939226,"AS Saint Etienne","Dijon FCO","03/03/2018 19:33:12","Ball Position",262,34
939226,"AS Saint Etienne","Dijon FCO","03/03/2018 19:33:23","Restart",263,34
939226,"AS Saint Etienne","Dijon FCO","03/03/2018 19:33:34","PPEN",264,34
939226,"AS Saint Etienne","Dijon FCO","03/03/2018 19:33:34","PPEN1",265,34
939226,"AS Saint Etienne","Dijon FCO","03/03/2018 19:34:00","PEN1",266,35
939226,"AS Saint Etienne","Dijon FCO","03/03/2018 19:34:09","Scorer",267,35
939226,"AS Saint Etienne","Dijon FCO","03/03/2018 19:34:23","MPEN1",268,35
939226,"AS Saint Etienne","Dijon FCO","03/03/2018 19:34:24","Restart",269,35
939226,"AS Saint Etienne","Dijon FCO","03/03/2018 19:34:56","SAFE2",270,36
939226,"AS Saint Etienne","Dijon FCO","03/03/2018 19:34:56","GK2",271,36
939226,"AS Saint Etienne","Dijon FCO","03/03/2018 19:35:07","Restart",272,36
939226,"AS Saint Etienne","Dijon FCO","03/03/2018 19:35:15","AT2",273,36
939226,"AS Saint Etienne","Dijon FCO","03/03/2018 19:35:19","Possible Free Kick",274,36
939226,"AS Saint Etienne","Dijon FCO","03/03/2018 19:35:20","SAFE1",276,36
939226,"AS Saint Etienne","Dijon FCO","03/03/2018 19:35:20","F2",277,36
939226,"AS Saint Etienne","Dijon FCO","03/03/2018 19:35:20","FK1",278,36
939226,"AS Saint Etienne","Dijon FCO","03/03/2018 19:35:20","Ball Position",279,36
939226,"AS Saint Etienne","Dijon FCO","03/03/2018 19:35:27","Restart",280,36
939226,"AS Saint Etienne","Dijon FCO","03/03/2018 19:35:47","AT1",281,37
939226,"AS Saint Etienne","Dijon FCO","03/03/2018 19:36:00","DANGER1",282,37
939226,"AS Saint Etienne","Dijon FCO","03/03/2018 19:36:00","DAT1",283,37
939226,"AS Saint Etienne","Dijon FCO","03/03/2018 19:36:25","Possible Free Kick",284,37
939226,"AS Saint Etienne","Dijon FCO","03/03/2018 19:36:26","SAFE2",286,37
939226,"AS Saint Etienne","Dijon FCO","03/03/2018 19:36:26","F1",287,37
939226,"AS Saint Etienne","Dijon FCO","03/03/2018 19:36:26","FK2",288,37
939226,"AS Saint Etienne","Dijon FCO","03/03/2018 19:36:26","Ball Position",289,37
939226,"AS Saint Etienne","Dijon FCO","03/03/2018 19:36:50","Restart",290,38
939226,"AS Saint Etienne","Dijon FCO","03/03/2018 19:36:53","AT2",291,38
939226,"AS Saint Etienne","Dijon FCO","03/03/2018 19:36:58","DANGER2",292,38
939226,"AS Saint Etienne","Dijon FCO","03/03/2018 19:36:58","DAT2",293,38
939226,"AS Saint Etienne","Dijon FCO","03/03/2018 19:37:09","Possible Free Kick",294,38
939226,"AS Saint Etienne","Dijon FCO","03/03/2018 19:37:15","SAFE1",296,38
939226,"AS Saint Etienne","Dijon FCO","03/03/2018 19:37:15","F2",297,38
939226,"AS Saint Etienne","Dijon FCO","03/03/2018 19:37:15","FK1",298,38
939226,"AS Saint Etienne","Dijon FCO","03/03/2018 19:37:15","Ball Position",299,38
939226,"AS Saint Etienne","Dijon FCO","03/03/2018 19:37:16","Restart",300,38
939226,"AS Saint Etienne","Dijon FCO","03/03/2018 19:37:18","AT1",301,38
939226,"AS Saint Etienne","Dijon FCO","03/03/2018 19:37:29","POSSIBLE_CARDS",302,38
939226,"AS Saint Etienne","Dijon FCO","03/03/2018 19:37:33","YC2",303,38
939226,"AS Saint Etienne","Dijon FCO","03/03/2018 19:37:40","CONF_YC2",304,38
939226,"AS Saint Etienne","Dijon FCO","03/03/2018 19:37:43","Scorer",305,38
939226,"AS Saint Etienne","Dijon FCO","03/03/2018 19:37:45","Possible Free Kick",306,38
939226,"AS Saint Etienne","Dijon FCO","03/03/2018 19:37:50","Player_DATA_CONFIRMED",308,39
939226,"AS Saint Etienne","Dijon FCO","03/03/2018 19:37:52","F2",309,39
939226,"AS Saint Etienne","Dijon FCO","03/03/2018 19:37:52","FK1",310,39
939226,"AS Saint Etienne","Dijon FCO","03/03/2018 19:37:52","DANGER1",311,39
939226,"AS Saint Etienne","Dijon FCO","03/03/2018 19:37:52","DFK1",312,39
939226,"AS Saint Etienne","Dijon FCO","03/03/2018 19:37:52","Ball Position",313,39
939226,"AS Saint Etienne","Dijon FCO","03/03/2018 19:38:17","Restart",314,39
939226,"AS Saint Etienne","Dijon FCO","03/03/2018 19:38:26","SAFE1",315,39
939226,"AS Saint Etienne","Dijon FCO","03/03/2018 19:38:38","AT1",316,39
939226,"AS Saint Etienne","Dijon FCO","03/03/2018 19:38:49","DANGER1",317,40
939226,"AS Saint Etienne","Dijon FCO","03/03/2018 19:38:49","DAT1",318,40
939226,"AS Saint Etienne","Dijon FCO","03/03/2018 19:38:57","POSSIBLE_TI",319,40
939226,"AS Saint Etienne","Dijon FCO","03/03/2018 19:38:58","TI1",320,40
939226,"AS Saint Etienne","Dijon FCO","03/03/2018 19:39:03","Restart",321,40
939226,"AS Saint Etienne","Dijon FCO","03/03/2018 19:39:12","Possible Free Kick",322,40
939226,"AS Saint Etienne","Dijon FCO","03/03/2018 19:39:15","SAFE2",324,40
939226,"AS Saint Etienne","Dijon FCO","03/03/2018 19:39:15","O1",325,40
939226,"AS Saint Etienne","Dijon FCO","03/03/2018 19:39:15","FK2",326,40
939226,"AS Saint Etienne","Dijon FCO","03/03/2018 19:39:15","Ball Position",327,40
939226,"AS Saint Etienne","Dijon FCO","03/03/2018 19:39:37","Restart",328,40
939226,"AS Saint Etienne","Dijon FCO","03/03/2018 19:39:51","AT2",329,41
939226,"AS Saint Etienne","Dijon FCO","03/03/2018 19:39:55","DANGER2",330,41
939226,"AS Saint Etienne","Dijon FCO","03/03/2018 19:39:55","DAT2",331,41
939226,"AS Saint Etienne","Dijon FCO","03/03/2018 19:40:10","SAFE1",332,41
939226,"AS Saint Etienne","Dijon FCO","03/03/2018 19:40:12","AT1",333,41
939226,"AS Saint Etienne","Dijon FCO","03/03/2018 19:40:26","DANGER1",334,41
939226,"AS Saint Etienne","Dijon FCO","03/03/2018 19:40:26","DAT1",335,41
939226,"AS Saint Etienne","Dijon FCO","03/03/2018 19:40:33","POSSIBLE_TI",336,41
939226,"AS Saint Etienne","Dijon FCO","03/03/2018 19:40:34","TI1",337,41
939226,"AS Saint Etienne","Dijon FCO","03/03/2018 19:40:38","Restart",338,41
939226,"AS Saint Etienne","Dijon FCO","03/03/2018 19:40:42","POSSIBLE_TI",339,41
939226,"AS Saint Etienne","Dijon FCO","03/03/2018 19:40:44","TI1",340,41
939226,"AS Saint Etienne","Dijon FCO","03/03/2018 19:40:52","Restart",341,42
939226,"AS Saint Etienne","Dijon FCO","03/03/2018 19:41:00","POSSIBLE_TI",342,42
939226,"AS Saint Etienne","Dijon FCO","03/03/2018 19:41:06","TI2",343,42
939226,"AS Saint Etienne","Dijon FCO","03/03/2018 19:41:10","Restart",344,42
939226,"AS Saint Etienne","Dijon FCO","03/03/2018 19:41:50","POSSIBLE_TI",345,43
939226,"AS Saint Etienne","Dijon FCO","03/03/2018 19:41:51","TI1",346,43
939226,"AS Saint Etienne","Dijon FCO","03/03/2018 19:41:52","Restart",347,43
939226,"AS Saint Etienne","Dijon FCO","03/03/2018 19:41:59","SAFE1",348,43
939226,"AS Saint Etienne","Dijon FCO","03/03/2018 19:42:05","AT1",349,43
939226,"AS Saint Etienne","Dijon FCO","03/03/2018 19:42:11","DANGER1",350,43
939226,"AS Saint Etienne","Dijon FCO","03/03/2018 19:42:11","DAT1",351,43
939226,"AS Saint Etienne","Dijon FCO","03/03/2018 19:42:30","SAFE2",352,43
939226,"AS Saint Etienne","Dijon FCO","03/03/2018 19:42:30","AT2",353,43
939226,"AS Saint Etienne","Dijon FCO","03/03/2018 19:42:32","DANGER2",354,43
939226,"AS Saint Etienne","Dijon FCO","03/03/2018 19:42:32","DAT2",355,43
939226,"AS Saint Etienne","Dijon FCO","03/03/2018 19:42:40","SHG2",356,43
939226,"AS Saint Etienne","Dijon FCO","03/03/2018 19:42:43","SAFE1",357,43
939226,"AS Saint Etienne","Dijon FCO","03/03/2018 19:42:52","AT1",358,44
939226,"AS Saint Etienne","Dijon FCO","03/03/2018 19:43:24","DANGER1",359,44
939226,"AS Saint Etienne","Dijon FCO","03/03/2018 19:43:24","DAT1",360,44
939226,"AS Saint Etienne","Dijon FCO","03/03/2018 19:43:34","SAFE2",361,44
939226,"AS Saint Etienne","Dijon FCO","03/03/2018 19:43:34","GK2",362,44
939226,"AS Saint Etienne","Dijon FCO","03/03/2018 19:43:53","Restart",363,45
939226,"AS Saint Etienne","Dijon FCO","03/03/2018 19:44:00","SAFE1",364,45
939226,"AS Saint Etienne","Dijon FCO","03/03/2018 19:44:07","AT1",365,45
939226,"AS Saint Etienne","Dijon FCO","03/03/2018 19:44:31","DANGER1",366,45
939226,"AS Saint Etienne","Dijon FCO","03/03/2018 19:44:31","DAT1",367,45
939226,"AS Saint Etienne","Dijon FCO","03/03/2018 19:44:37","SAFE2",368,45
939226,"AS Saint Etienne","Dijon FCO","03/03/2018 19:44:44","Extra Time",369,45
939226,"AS Saint Etienne","Dijon FCO","03/03/2018 19:44:47","SAFE1",370,46
939226,"AS Saint Etienne","Dijon FCO","03/03/2018 19:45:01","AT1",371,46
939226,"AS Saint Etienne","Dijon FCO","03/03/2018 19:45:13","DANGER1",372,46
939226,"AS Saint Etienne","Dijon FCO","03/03/2018 19:45:13","DAT1",373,46
939226,"AS Saint Etienne","Dijon FCO","03/03/2018 19:45:28","BLOCKED1",374,46
939226,"AS Saint Etienne","Dijon FCO","03/03/2018 19:45:32","GOAL1",375,46
939226,"AS Saint Etienne","Dijon FCO","03/03/2018 19:45:52","Scorer",376,47
939226,"AS Saint Etienne","Dijon FCO","03/03/2018 19:46:11","CONF_GOAL1",377,47
939226,"AS Saint Etienne","Dijon FCO","03/03/2018 19:46:24","KO2",378,47
939226,"AS Saint Etienne","Dijon FCO","03/03/2018 19:46:24","SAFE2",379,47
939226,"AS Saint Etienne","Dijon FCO","03/03/2018 19:46:26","Player_DATA_CONFIRMED",380,47
939226,"AS Saint Etienne","Dijon FCO","03/03/2018 19:46:36","Scorer",381,47
939226,"AS Saint Etienne","Dijon FCO","03/03/2018 19:46:43","AT2",382,47
939226,"AS Saint Etienne","Dijon FCO","03/03/2018 19:46:49","SAFE1",383,48
939226,"AS Saint Etienne","Dijon FCO","03/03/2018 19:46:49","AT1",384,48
939226,"AS Saint Etienne","Dijon FCO","03/03/2018 19:46:59","DANGER1",385,48
939226,"AS Saint Etienne","Dijon FCO","03/03/2018 19:46:59","DAT1",386,48
939226,"AS Saint Etienne","Dijon FCO","03/03/2018 19:47:30","Assist",387,48
939226,"AS Saint Etienne","Dijon FCO","03/03/2018 19:47:31","Possible Free Kick",388,48
939226,"AS Saint Etienne","Dijon FCO","03/03/2018 19:47:35","SAFE2",390,48
939226,"AS Saint Etienne","Dijon FCO","03/03/2018 19:47:35","F1",391,48
939226,"AS Saint Etienne","Dijon FCO","03/03/2018 19:47:35","FK2",392,48
939226,"AS Saint Etienne","Dijon FCO","03/03/2018 19:47:35","Ball Position",393,48
939226,"AS Saint Etienne","Dijon FCO","03/03/2018 19:47:36","Restart",394,48
939226,"AS Saint Etienne","Dijon FCO","03/03/2018 19:47:40","AT2",395,48
939226,"AS Saint Etienne","Dijon FCO","03/03/2018 19:47:47","Stop RT1",396,48
939226,"AS Saint Etienne","Dijon FCO","03/03/2018 19:47:56","CONF_PERIOD_SCORE",397,45
939226,"AS Saint Etienne","Dijon FCO","03/03/2018 20:01:31","Players are coming out",398,45
939226,"AS Saint Etienne","Dijon FCO","03/03/2018 20:02:11","Game about to start",399,45
939226,"AS Saint Etienne","Dijon FCO","03/03/2018 20:02:28","Start RT2 Team 1",400,46
939226,"AS Saint Etienne","Dijon FCO","03/03/2018 20:02:58","AT2",401,46
939226,"AS Saint Etienne","Dijon FCO","03/03/2018 20:03:08","SAFE1",402,46
939226,"AS Saint Etienne","Dijon FCO","03/03/2018 20:03:10","AT1",403,46
939226,"AS Saint Etienne","Dijon FCO","03/03/2018 20:03:14","DANGER1",404,46
939226,"AS Saint Etienne","Dijon FCO","03/03/2018 20:03:14","DAT1",405,46
939226,"AS Saint Etienne","Dijon FCO","03/03/2018 20:03:28","PCR1",406,46
939226,"AS Saint Etienne","Dijon FCO","03/03/2018 20:03:32","SHG1",407,47
939226,"AS Saint Etienne","Dijon FCO","03/03/2018 20:03:38","CR1",408,47
939226,"AS Saint Etienne","Dijon FCO","03/03/2018 20:03:39","Ball Position",409,47
939226,"AS Saint Etienne","Dijon FCO","03/03/2018 20:03:40","Restart",410,47
939226,"AS Saint Etienne","Dijon FCO","03/03/2018 20:03:57","SAFE2",411,47
939226,"AS Saint Etienne","Dijon FCO","03/03/2018 20:04:03","AT2",412,47
939226,"AS Saint Etienne","Dijon FCO","03/03/2018 20:04:08","POSSIBLE_CARDS",413,47
939226,"AS Saint Etienne","Dijon FCO","03/03/2018 20:04:24","NO_Cards",414,47
939226,"AS Saint Etienne","Dijon FCO","03/03/2018 20:04:25","Possible Free Kick",415,47
939226,"AS Saint Etienne","Dijon FCO","03/03/2018 20:04:31","F1",417,48
939226,"AS Saint Etienne","Dijon FCO","03/03/2018 20:04:31","FK2",418,48
939226,"AS Saint Etienne","Dijon FCO","03/03/2018 20:04:31","DANGER2",419,48
939226,"AS Saint Etienne","Dijon FCO","03/03/2018 20:04:31","DFK2",420,48
939226,"AS Saint Etienne","Dijon FCO","03/03/2018 20:04:31","Ball Position",421,48
939226,"AS Saint Etienne","Dijon FCO","03/03/2018 20:04:53","Restart",422,48
939226,"AS Saint Etienne","Dijon FCO","03/03/2018 20:05:03","SAFE1",423,48
939226,"AS Saint Etienne","Dijon FCO","03/03/2018 20:05:31","AT1",424,49
939226,"AS Saint Etienne","Dijon FCO","03/03/2018 20:05:49","Possible Free Kick",425,49
939226,"AS Saint Etienne","Dijon FCO","03/03/2018 20:05:51","F2",427,49
939226,"AS Saint Etienne","Dijon FCO","03/03/2018 20:05:51","FK1",428,49
939226,"AS Saint Etienne","Dijon FCO","03/03/2018 20:05:51","DANGER1",429,49
939226,"AS Saint Etienne","Dijon FCO","03/03/2018 20:05:51","DFK1",430,49
939226,"AS Saint Etienne","Dijon FCO","03/03/2018 20:05:51","Ball Position",431,49
939226,"AS Saint Etienne","Dijon FCO","03/03/2018 20:05:52","Restart",432,49
939226,"AS Saint Etienne","Dijon FCO","03/03/2018 20:06:47","SAFE2",433,50
939226,"AS Saint Etienne","Dijon FCO","03/03/2018 20:06:47","AT2",434,50
939226,"AS Saint Etienne","Dijon FCO","03/03/2018 20:06:48","DANGER2",435,50
939226,"AS Saint Etienne","Dijon FCO","03/03/2018 20:06:48","DAT2",436,50
939226,"AS Saint Etienne","Dijon FCO","03/03/2018 20:06:54","SHB2",437,50
939226,"AS Saint Etienne","Dijon FCO","03/03/2018 20:07:06","SAFE2",438,50
939226,"AS Saint Etienne","Dijon FCO","03/03/2018 20:07:22","AT2",439,50
939226,"AS Saint Etienne","Dijon FCO","03/03/2018 20:07:37","DANGER2",440,51
939226,"AS Saint Etienne","Dijon FCO","03/03/2018 20:07:37","DAT2",441,51
939226,"AS Saint Etienne","Dijon FCO","03/03/2018 20:07:49","POSSIBLE_TI",442,51
939226,"AS Saint Etienne","Dijon FCO","03/03/2018 20:07:50","TI2",443,51
939226,"AS Saint Etienne","Dijon FCO","03/03/2018 20:07:51","Restart",444,51
939226,"AS Saint Etienne","Dijon FCO","03/03/2018 20:08:05","SAFE2",445,51
939226,"AS Saint Etienne","Dijon FCO","03/03/2018 20:08:27","Possible Free Kick",446,51
939226,"AS Saint Etienne","Dijon FCO","03/03/2018 20:08:29","F1",448,52
939226,"AS Saint Etienne","Dijon FCO","03/03/2018 20:08:29","FK2",449,52
939226,"AS Saint Etienne","Dijon FCO","03/03/2018 20:08:29","Ball Position",450,52
939226,"AS Saint Etienne","Dijon FCO","03/03/2018 20:08:41","Restart",451,52
939226,"AS Saint Etienne","Dijon FCO","03/03/2018 20:09:02","POSSIBLE_TI",452,52
939226,"AS Saint Etienne","Dijon FCO","03/03/2018 20:09:03","TI2",453,52
939226,"AS Saint Etienne","Dijon FCO","03/03/2018 20:09:06","Restart",454,52
939226,"AS Saint Etienne","Dijon FCO","03/03/2018 20:09:14","AT2",455,52
939226,"AS Saint Etienne","Dijon FCO","03/03/2018 20:09:15","POSSIBLE_TI",456,52
939226,"AS Saint Etienne","Dijon FCO","03/03/2018 20:09:17","TI2",457,52
939226,"AS Saint Etienne","Dijon FCO","03/03/2018 20:09:18","Restart",458,52
939226,"AS Saint Etienne","Dijon FCO","03/03/2018 20:09:30","SAFE1",459,53
939226,"AS Saint Etienne","Dijon FCO","03/03/2018 20:09:30","AT1",460,53
939226,"AS Saint Etienne","Dijon FCO","03/03/2018 20:09:36","POSSIBLE_CARDS",461,53
939226,"AS Saint Etienne","Dijon FCO","03/03/2018 20:09:40","YC2",462,53
939226,"AS Saint Etienne","Dijon FCO","03/03/2018 20:09:43","CONF_YC2",463,53
939226,"AS Saint Etienne","Dijon FCO","03/03/2018 20:09:49","Scorer",464,53
939226,"AS Saint Etienne","Dijon FCO","03/03/2018 20:09:53","Possible Free Kick",465,53
939226,"AS Saint Etienne","Dijon FCO","03/03/2018 20:09:57","F2",467,53
939226,"AS Saint Etienne","Dijon FCO","03/03/2018 20:09:57","FK1",468,53
939226,"AS Saint Etienne","Dijon FCO","03/03/2018 20:09:57","DANGER1",469,53
939226,"AS Saint Etienne","Dijon FCO","03/03/2018 20:09:57","DFK1",470,53
939226,"AS Saint Etienne","Dijon FCO","03/03/2018 20:09:57","Ball Position",471,53
939226,"AS Saint Etienne","Dijon FCO","03/03/2018 20:10:06","Player_DATA_CONFIRMED",472,53
939226,"AS Saint Etienne","Dijon FCO","03/03/2018 20:10:21","Restart",473,53
939226,"AS Saint Etienne","Dijon FCO","03/03/2018 20:10:30","Possible Free Kick",474,54
939226,"AS Saint Etienne","Dijon FCO","03/03/2018 20:10:34","SAFE2",476,54
939226,"AS Saint Etienne","Dijon FCO","03/03/2018 20:10:34","O1",477,54
939226,"AS Saint Etienne","Dijon FCO","03/03/2018 20:10:34","FK2",478,54
939226,"AS Saint Etienne","Dijon FCO","03/03/2018 20:10:34","Ball Position",479,54
939226,"AS Saint Etienne","Dijon FCO","03/03/2018 20:10:52","Restart",480,54
939226,"AS Saint Etienne","Dijon FCO","03/03/2018 20:10:58","AT2",481,54
939226,"AS Saint Etienne","Dijon FCO","03/03/2018 20:11:11","POSSIBLE_TI",482,54
939226,"AS Saint Etienne","Dijon FCO","03/03/2018 20:11:17","TI2",483,54
939226,"AS Saint Etienne","Dijon FCO","03/03/2018 20:11:25","Restart",484,54
939226,"AS Saint Etienne","Dijon FCO","03/03/2018 20:11:27","SAFE1",485,54
939226,"AS Saint Etienne","Dijon FCO","03/03/2018 20:11:27","AT1",486,54
939226,"AS Saint Etienne","Dijon FCO","03/03/2018 20:11:33","SAFE2",487,55
939226,"AS Saint Etienne","Dijon FCO","03/03/2018 20:11:33","AT2",488,55
939226,"AS Saint Etienne","Dijon FCO","03/03/2018 20:11:36","DANGER2",489,55
939226,"AS Saint Etienne","Dijon FCO","03/03/2018 20:11:36","DAT2",490,55
939226,"AS Saint Etienne","Dijon FCO","03/03/2018 20:11:44","GOAL2",491,55
939226,"AS Saint Etienne","Dijon FCO","03/03/2018 20:12:17","Scorer",492,55
939226,"AS Saint Etienne","Dijon FCO","03/03/2018 20:12:26","CONF_GOAL2",493,55
939226,"AS Saint Etienne","Dijon FCO","03/03/2018 20:12:33","KO1",494,56
939226,"AS Saint Etienne","Dijon FCO","03/03/2018 20:12:33","SAFE1",495,56
939226,"AS Saint Etienne","Dijon FCO","03/03/2018 20:12:34","Player_DATA_CONFIRMED",496,56
939226,"AS Saint Etienne","Dijon FCO","03/03/2018 20:12:53","AT1",497,56
939226,"AS Saint Etienne","Dijon FCO","03/03/2018 20:12:57","DANGER1",498,56
939226,"AS Saint Etienne","Dijon FCO","03/03/2018 20:12:57","DAT1",499,56
939226,"AS Saint Etienne","Dijon FCO","03/03/2018 20:13:02","POSSIBLE_TI",500,56
939226,"AS Saint Etienne","Dijon FCO","03/03/2018 20:13:03","TI1",501,56
939226,"AS Saint Etienne","Dijon FCO","03/03/2018 20:13:16","Restart",502,56
939226,"AS Saint Etienne","Dijon FCO","03/03/2018 20:13:17","POSSIBLE_TI",503,56
939226,"AS Saint Etienne","Dijon FCO","03/03/2018 20:13:19","TI2",504,56
939226,"AS Saint Etienne","Dijon FCO","03/03/2018 20:13:23","Restart",505,56
939226,"AS Saint Etienne","Dijon FCO","03/03/2018 20:13:29","Assist",506,57
939226,"AS Saint Etienne","Dijon FCO","03/03/2018 20:13:45","POSSIBLE_TI",507,57
939226,"AS Saint Etienne","Dijon FCO","03/03/2018 20:13:46","TI2",508,57
939226,"AS Saint Etienne","Dijon FCO","03/03/2018 20:13:51","Restart",509,57
939226,"AS Saint Etienne","Dijon FCO","03/03/2018 20:13:53","SAFE2",510,57
939226,"AS Saint Etienne","Dijon FCO","03/03/2018 20:13:53","AT2",511,57
939226,"AS Saint Etienne","Dijon FCO","03/03/2018 20:13:56","DANGER2",512,57
939226,"AS Saint Etienne","Dijon FCO","03/03/2018 20:13:56","DAT2",513,57
939226,"AS Saint Etienne","Dijon FCO","03/03/2018 20:14:02","SAFE1",514,57
939226,"AS Saint Etienne","Dijon FCO","03/03/2018 20:14:48","AT1",515,58
939226,"AS Saint Etienne","Dijon FCO","03/03/2018 20:15:00","SAFE2",516,58
939226,"AS Saint Etienne","Dijon FCO","03/03/2018 20:15:00","AT2",517,58
939226,"AS Saint Etienne","Dijon FCO","03/03/2018 20:15:06","SAFE1",518,58
939226,"AS Saint Etienne","Dijon FCO","03/03/2018 20:15:15","AT1",519,58
939226,"AS Saint Etienne","Dijon FCO","03/03/2018 20:15:20","DANGER1",520,58
939226,"AS Saint Etienne","Dijon FCO","03/03/2018 20:15:20","DAT1",521,58
939226,"AS Saint Etienne","Dijon FCO","03/03/2018 20:15:40","SAFE2",522,59
939226,"AS Saint Etienne","Dijon FCO","03/03/2018 20:15:41","GK2",523,59
939226,"AS Saint Etienne","Dijon FCO","03/03/2018 20:16:01","Restart",524,59
939226,"AS Saint Etienne","Dijon FCO","03/03/2018 20:16:09","SAFE1",525,59
939226,"AS Saint Etienne","Dijon FCO","03/03/2018 20:16:24","AT1",526,59
939226,"AS Saint Etienne","Dijon FCO","03/03/2018 20:16:30","POSSIBLE_TI",527,60
939226,"AS Saint Etienne","Dijon FCO","03/03/2018 20:16:31","TI2",528,60
939226,"AS Saint Etienne","Dijon FCO","03/03/2018 20:16:46","Restart",529,60
939226,"AS Saint Etienne","Dijon FCO","03/03/2018 20:16:50","DANGER1",530,60
939226,"AS Saint Etienne","Dijon FCO","03/03/2018 20:16:50","DAT1",531,60
939226,"AS Saint Etienne","Dijon FCO","03/03/2018 20:16:56","SAFE2",532,60
939226,"AS Saint Etienne","Dijon FCO","03/03/2018 20:16:57","AT2",533,60
939226,"AS Saint Etienne","Dijon FCO","03/03/2018 20:16:59","POSSIBLE_TI",534,60
939226,"AS Saint Etienne","Dijon FCO","03/03/2018 20:17:00","TI1",535,60
939226,"AS Saint Etienne","Dijon FCO","03/03/2018 20:17:02","Restart",536,60
939226,"AS Saint Etienne","Dijon FCO","03/03/2018 20:17:06","SAFE1",537,60
939226,"AS Saint Etienne","Dijon FCO","03/03/2018 20:17:32","AT1",538,61
939226,"AS Saint Etienne","Dijon FCO","03/03/2018 20:17:42","SAFE2",539,61
939226,"AS Saint Etienne","Dijon FCO","03/03/2018 20:18:19","AT1",540,61
939226,"AS Saint Etienne","Dijon FCO","03/03/2018 20:18:19","DANGER1",541,61
939226,"AS Saint Etienne","Dijon FCO","03/03/2018 20:18:19","DAT1",542,61
939226,"AS Saint Etienne","Dijon FCO","03/03/2018 20:18:24","GOAL1",543,61
939226,"AS Saint Etienne","Dijon FCO","03/03/2018 20:18:44","Scorer",544,62
939226,"AS Saint Etienne","Dijon FCO","03/03/2018 20:18:55","CONF_GOAL1",545,62
939226,"AS Saint Etienne","Dijon FCO","03/03/2018 20:19:03","KO2",546,62
939226,"AS Saint Etienne","Dijon FCO","03/03/2018 20:19:03","SAFE2",547,62
939226,"AS Saint Etienne","Dijon FCO","03/03/2018 20:19:08","Player_DATA_CONFIRMED",548,62
939226,"AS Saint Etienne","Dijon FCO","03/03/2018 20:19:19","AT2",549,62
939226,"AS Saint Etienne","Dijon FCO","03/03/2018 20:19:25","SAFE1",550,62
939226,"AS Saint Etienne","Dijon FCO","03/03/2018 20:19:27","AT1",551,62
939226,"AS Saint Etienne","Dijon FCO","03/03/2018 20:19:30","DANGER1",552,63
939226,"AS Saint Etienne","Dijon FCO","03/03/2018 20:19:30","DAT1",553,63
939226,"AS Saint Etienne","Dijon FCO","03/03/2018 20:19:37","SAFE2",554,63
939226,"AS Saint Etienne","Dijon FCO","03/03/2018 20:19:44","AT2",555,63
939226,"AS Saint Etienne","Dijon FCO","03/03/2018 20:19:53","DANGER2",556,63
939226,"AS Saint Etienne","Dijon FCO","03/03/2018 20:19:53","DAT2",557,63
939226,"AS Saint Etienne","Dijon FCO","03/03/2018 20:19:59","Assist",558,63
939226,"AS Saint Etienne","Dijon FCO","03/03/2018 20:20:12","SAFE1",559,63
939226,"AS Saint Etienne","Dijon FCO","03/03/2018 20:20:12","GK1",560,63
939226,"AS Saint Etienne","Dijon FCO","03/03/2018 20:20:13","Restart",561,63
939226,"AS Saint Etienne","Dijon FCO","03/03/2018 20:20:29","AT1",562,64
939226,"AS Saint Etienne","Dijon FCO","03/03/2018 20:20:31","DANGER1",563,64
939226,"AS Saint Etienne","Dijon FCO","03/03/2018 20:20:31","DAT1",564,64
939226,"AS Saint Etienne","Dijon FCO","03/03/2018 20:20:50","Possible Free Kick",565,64
939226,"AS Saint Etienne","Dijon FCO","03/03/2018 20:20:51","F1",567,64
939226,"AS Saint Etienne","Dijon FCO","03/03/2018 20:20:51","FK2",568,64
939226,"AS Saint Etienne","Dijon FCO","03/03/2018 20:20:51","DFK2",569,64
939226,"AS Saint Etienne","Dijon FCO","03/03/2018 20:20:51","Ball Position",570,64
939226,"AS Saint Etienne","Dijon FCO","03/03/2018 20:21:17","SUB1",571,64
939226,"AS Saint Etienne","Dijon FCO","03/03/2018 20:21:31","Restart",572,65
939226,"AS Saint Etienne","Dijon FCO","03/03/2018 20:21:42","SAFE1",573,65
939226,"AS Saint Etienne","Dijon FCO","03/03/2018 20:21:47","AT1",574,65
939226,"AS Saint Etienne","Dijon FCO","03/03/2018 20:21:57","DANGER1",575,65
939226,"AS Saint Etienne","Dijon FCO","03/03/2018 20:21:57","DAT1",576,65
939226,"AS Saint Etienne","Dijon FCO","03/03/2018 20:22:09","SHG1",577,65
939226,"AS Saint Etienne","Dijon FCO","03/03/2018 20:22:10","SAFE2",578,65
939226,"AS Saint Etienne","Dijon FCO","03/03/2018 20:22:34","AT2",579,66
939226,"AS Saint Etienne","Dijon FCO","03/03/2018 20:22:50","SAFE1",580,66
939226,"AS Saint Etienne","Dijon FCO","03/03/2018 20:22:50","AT1",581,66
939226,"AS Saint Etienne","Dijon FCO","03/03/2018 20:22:51","DANGER1",582,66
939226,"AS Saint Etienne","Dijon FCO","03/03/2018 20:22:51","DAT1",583,66
939226,"AS Saint Etienne","Dijon FCO","03/03/2018 20:23:05","Possible Free Kick",584,66
939226,"AS Saint Etienne","Dijon FCO","03/03/2018 20:23:07","SAFE1",586,66
939226,"AS Saint Etienne","Dijon FCO","03/03/2018 20:23:08","O2",587,66
939226,"AS Saint Etienne","Dijon FCO","03/03/2018 20:23:08","FK1",588,66
939226,"AS Saint Etienne","Dijon FCO","03/03/2018 20:23:08","Ball Position",589,66
939226,"AS Saint Etienne","Dijon FCO","03/03/2018 20:23:24","SUB2",590,66
939226,"AS Saint Etienne","Dijon FCO","03/03/2018 20:23:27","Restart",591,66
939226,"AS Saint Etienne","Dijon FCO","03/03/2018 20:23:30","Player_DATA_CONFIRMED",592,67
939226,"AS Saint Etienne","Dijon FCO","03/03/2018 20:23:40","AT1",593,67
939226,"AS Saint Etienne","Dijon FCO","03/03/2018 20:23:51","SAFE2",594,67
939226,"AS Saint Etienne","Dijon FCO","03/03/2018 20:23:51","AT2",595,67
939226,"AS Saint Etienne","Dijon FCO","03/03/2018 20:23:58","DANGER2",596,67
939226,"AS Saint Etienne","Dijon FCO","03/03/2018 20:23:58","DAT2",597,67
939226,"AS Saint Etienne","Dijon FCO","03/03/2018 20:24:00","Player_DATA_CONFIRMED",598,67
939226,"AS Saint Etienne","Dijon FCO","03/03/2018 20:24:13","SAFE1",599,67
939226,"AS Saint Etienne","Dijon FCO","03/03/2018 20:24:17","AT1",600,67
939226,"AS Saint Etienne","Dijon FCO","03/03/2018 20:24:24","DANGER1",601,67
939226,"AS Saint Etienne","Dijon FCO","03/03/2018 20:24:24","DAT1",602,67
939226,"AS Saint Etienne","Dijon FCO","03/03/2018 20:24:37","SAFE2",603,68
939226,"AS Saint Etienne","Dijon FCO","03/03/2018 20:24:38","AT2",604,68
939226,"AS Saint Etienne","Dijon FCO","03/03/2018 20:24:43","DANGER2",605,68
939226,"AS Saint Etienne","Dijon FCO","03/03/2018 20:24:43","DAT2",606,68
939226,"AS Saint Etienne","Dijon FCO","03/03/2018 20:24:54","SHB2",607,68
939226,"AS Saint Etienne","Dijon FCO","03/03/2018 20:24:57","SAFE1",608,68
939226,"AS Saint Etienne","Dijon FCO","03/03/2018 20:24:57","GK1",609,68
939226,"AS Saint Etienne","Dijon FCO","03/03/2018 20:24:58","Restart",610,68
939226,"AS Saint Etienne","Dijon FCO","03/03/2018 20:25:35","AT1",611,69
939226,"AS Saint Etienne","Dijon FCO","03/03/2018 20:25:48","DANGER1",612,69
939226,"AS Saint Etienne","Dijon FCO","03/03/2018 20:25:48","DAT1",613,69
939226,"AS Saint Etienne","Dijon FCO","03/03/2018 20:25:56","SAFE2",614,69
939226,"AS Saint Etienne","Dijon FCO","03/03/2018 20:25:56","GK2",615,69
939226,"AS Saint Etienne","Dijon FCO","03/03/2018 20:26:13","SUB1",616,69
939226,"AS Saint Etienne","Dijon FCO","03/03/2018 20:26:23","Player_DATA_CONFIRMED",617,69
939226,"AS Saint Etienne","Dijon FCO","03/03/2018 20:26:28","Restart",618,69
939226,"AS Saint Etienne","Dijon FCO","03/03/2018 20:26:35","SAFE1",619,70
939226,"AS Saint Etienne","Dijon FCO","03/03/2018 20:26:57","AT1",620,70
939226,"AS Saint Etienne","Dijon FCO","03/03/2018 20:27:00","DANGER1",621,70
939226,"AS Saint Etienne","Dijon FCO","03/03/2018 20:27:00","DAT1",622,70
939226,"AS Saint Etienne","Dijon FCO","03/03/2018 20:27:40","SHG1",623,71
939226,"AS Saint Etienne","Dijon FCO","03/03/2018 20:27:44","POSSIBLE_TI",624,71
939226,"AS Saint Etienne","Dijon FCO","03/03/2018 20:27:45","TI1",625,71
939226,"AS Saint Etienne","Dijon FCO","03/03/2018 20:27:48","Restart",626,71
939226,"AS Saint Etienne","Dijon FCO","03/03/2018 20:28:09","PCR1",627,71
939226,"AS Saint Etienne","Dijon FCO","03/03/2018 20:28:13","CR1",628,71
939226,"AS Saint Etienne","Dijon FCO","03/03/2018 20:28:14","Ball Position",629,71
939226,"AS Saint Etienne","Dijon FCO","03/03/2018 20:28:29","Restart",630,72
939226,"AS Saint Etienne","Dijon FCO","03/03/2018 20:28:34","PCR1",631,72
939226,"AS Saint Etienne","Dijon FCO","03/03/2018 20:28:38","CR1",632,72
939226,"AS Saint Etienne","Dijon FCO","03/03/2018 20:28:39","Ball Position",633,72
939226,"AS Saint Etienne","Dijon FCO","03/03/2018 20:28:40","Restart",634,72
939226,"AS Saint Etienne","Dijon FCO","03/03/2018 20:28:49","Possible Free Kick",635,72
939226,"AS Saint Etienne","Dijon FCO","03/03/2018 20:28:50","SAFE2",637,72
939226,"AS Saint Etienne","Dijon FCO","03/03/2018 20:28:50","F1",638,72
939226,"AS Saint Etienne","Dijon FCO","03/03/2018 20:28:50","FK2",639,72
939226,"AS Saint Etienne","Dijon FCO","03/03/2018 20:28:50","Ball Position",640,72
939226,"AS Saint Etienne","Dijon FCO","03/03/2018 20:29:17","Restart",641,72
939226,"AS Saint Etienne","Dijon FCO","03/03/2018 20:29:33","Possible Free Kick",642,73
939226,"AS Saint Etienne","Dijon FCO","03/03/2018 20:29:35","F2",644,73
939226,"AS Saint Etienne","Dijon FCO","03/03/2018 20:29:35","FK1",645,73
939226,"AS Saint Etienne","Dijon FCO","03/03/2018 20:29:35","DANGER1",646,73
939226,"AS Saint Etienne","Dijon FCO","03/03/2018 20:29:35","DFK1",647,73
939226,"AS Saint Etienne","Dijon FCO","03/03/2018 20:29:35","Ball Position",648,73
939226,"AS Saint Etienne","Dijon FCO","03/03/2018 20:29:36","Restart",649,73
939226,"AS Saint Etienne","Dijon FCO","03/03/2018 20:29:44","SAFE1",650,73
939226,"AS Saint Etienne","Dijon FCO","03/03/2018 20:29:55","AT1",651,73
939226,"AS Saint Etienne","Dijon FCO","03/03/2018 20:29:58","SAFE2",652,73
939226,"AS Saint Etienne","Dijon FCO","03/03/2018 20:29:59","AT2",653,73
939226,"AS Saint Etienne","Dijon FCO","03/03/2018 20:30:01","DANGER2",654,73
939226,"AS Saint Etienne","Dijon FCO","03/03/2018 20:30:01","DAT2",655,73
939226,"AS Saint Etienne","Dijon FCO","03/03/2018 20:30:14","POSSIBLE_CARDS",656,73
939226,"AS Saint Etienne","Dijon FCO","03/03/2018 20:30:24","YC2",657,73
939226,"AS Saint Etienne","Dijon FCO","03/03/2018 20:30:26","CONF_YC2",658,73
939226,"AS Saint Etienne","Dijon FCO","03/03/2018 20:30:30","Scorer",659,74
939226,"AS Saint Etienne","Dijon FCO","03/03/2018 20:30:34","Player_DATA_CONFIRMED",660,74
939226,"AS Saint Etienne","Dijon FCO","03/03/2018 20:30:56","SUB2",661,74
939226,"AS Saint Etienne","Dijon FCO","03/03/2018 20:30:57","Possible Free Kick",662,74
939226,"AS Saint Etienne","Dijon FCO","03/03/2018 20:30:59","SAFE1",664,74
939226,"AS Saint Etienne","Dijon FCO","03/03/2018 20:30:59","F2",665,74
939226,"AS Saint Etienne","Dijon FCO","03/03/2018 20:30:59","FK1",666,74
939226,"AS Saint Etienne","Dijon FCO","03/03/2018 20:30:59","Ball Position",667,74
939226,"AS Saint Etienne","Dijon FCO","03/03/2018 20:31:00","Restart",668,74
939226,"AS Saint Etienne","Dijon FCO","03/03/2018 20:31:03","AT1",669,74
939226,"AS Saint Etienne","Dijon FCO","03/03/2018 20:31:06","SAFE1",670,74
939226,"AS Saint Etienne","Dijon FCO","03/03/2018 20:31:06","Player_DATA_CONFIRMED",671,74
939226,"AS Saint Etienne","Dijon FCO","03/03/2018 20:31:13","AT1",672,74
939226,"AS Saint Etienne","Dijon FCO","03/03/2018 20:31:46","SAFE1",673,75
939226,"AS Saint Etienne","Dijon FCO","03/03/2018 20:31:55","AT1",674,75
939226,"AS Saint Etienne","Dijon FCO","03/03/2018 20:31:56","DANGER1",675,75
939226,"AS Saint Etienne","Dijon FCO","03/03/2018 20:31:56","DAT1",676,75
939226,"AS Saint Etienne","Dijon FCO","03/03/2018 20:32:05","SAFE2",677,75
939226,"AS Saint Etienne","Dijon FCO","03/03/2018 20:32:19","POSSIBLE_TI",678,75
939226,"AS Saint Etienne","Dijon FCO","03/03/2018 20:32:20","TI1",679,75
939226,"AS Saint Etienne","Dijon FCO","03/03/2018 20:32:21","Restart",680,75
939226,"AS Saint Etienne","Dijon FCO","03/03/2018 20:32:23","SAFE1",681,75
939226,"AS Saint Etienne","Dijon FCO","03/03/2018 20:32:48","AT2",682,76
939226,"AS Saint Etienne","Dijon FCO","03/03/2018 20:32:55","Possible Free Kick",683,76
939226,"AS Saint Etienne","Dijon FCO","03/03/2018 20:33:00","F1",685,76
939226,"AS Saint Etienne","Dijon FCO","03/03/2018 20:33:00","FK2",686,76
939226,"AS Saint Etienne","Dijon FCO","03/03/2018 20:33:00","DANGER2",687,76
939226,"AS Saint Etienne","Dijon FCO","03/03/2018 20:33:00","DFK2",688,76
939226,"AS Saint Etienne","Dijon FCO","03/03/2018 20:33:00","Ball Position",689,76
939226,"AS Saint Etienne","Dijon FCO","03/03/2018 20:33:10","Restart",690,76
939226,"AS Saint Etienne","Dijon FCO","03/03/2018 20:33:22","PCR2",691,76
939226,"AS Saint Etienne","Dijon FCO","03/03/2018 20:33:24","SHG2",692,76
939226,"AS Saint Etienne","Dijon FCO","03/03/2018 20:33:30","CR2",693,77
939226,"AS Saint Etienne","Dijon FCO","03/03/2018 20:33:31","Ball Position",694,77
939226,"AS Saint Etienne","Dijon FCO","03/03/2018 20:33:32","Restart",695,77
939226,"AS Saint Etienne","Dijon FCO","03/03/2018 20:33:41","SAFE2",696,77
939226,"AS Saint Etienne","Dijon FCO","03/03/2018 20:34:09","AT2",697,77
939226,"AS Saint Etienne","Dijon FCO","03/03/2018 20:34:19","DANGER2",698,77
939226,"AS Saint Etienne","Dijon FCO","03/03/2018 20:34:19","DAT2",699,77
939226,"AS Saint Etienne","Dijon FCO","03/03/2018 20:34:44","SHB2",700,78
939226,"AS Saint Etienne","Dijon FCO","03/03/2018 20:34:47","SAFE1",701,78
939226,"AS Saint Etienne","Dijon FCO","03/03/2018 20:34:47","GK1",702,78
939226,"AS Saint Etienne","Dijon FCO","03/03/2018 20:34:57","SUB1",703,78
939226,"AS Saint Etienne","Dijon FCO","03/03/2018 20:35:01","Restart",704,78
939226,"AS Saint Etienne","Dijon FCO","03/03/2018 20:35:32","AT1",705,79
939226,"AS Saint Etienne","Dijon FCO","03/03/2018 20:35:45","DANGER1",706,79
939226,"AS Saint Etienne","Dijon FCO","03/03/2018 20:35:45","DAT1",707,79
939226,"AS Saint Etienne","Dijon FCO","03/03/2018 20:35:50","PCR1",708,79
939226,"AS Saint Etienne","Dijon FCO","03/03/2018 20:36:00","Player_DATA_CONFIRMED",709,79
939226,"AS Saint Etienne","Dijon FCO","03/03/2018 20:36:03","CR1",710,79
939226,"AS Saint Etienne","Dijon FCO","03/03/2018 20:36:04","Ball Position",711,79
939226,"AS Saint Etienne","Dijon FCO","03/03/2018 20:36:11","Restart",712,79
939226,"AS Saint Etienne","Dijon FCO","03/03/2018 20:36:35","SHB1",713,80
939226,"AS Saint Etienne","Dijon FCO","03/03/2018 20:36:36","SAFE2",714,80
939226,"AS Saint Etienne","Dijon FCO","03/03/2018 20:36:37","GK2",715,80
939226,"AS Saint Etienne","Dijon FCO","03/03/2018 20:36:38","Restart",716,80
939226,"AS Saint Etienne","Dijon FCO","03/03/2018 20:36:51","SAFE1",717,80
939226,"AS Saint Etienne","Dijon FCO","03/03/2018 20:37:10","AT1",718,80
939226,"AS Saint Etienne","Dijon FCO","03/03/2018 20:37:25","DANGER1",719,80
939226,"AS Saint Etienne","Dijon FCO","03/03/2018 20:37:25","DAT1",720,80
939226,"AS Saint Etienne","Dijon FCO","03/03/2018 20:37:35","POSSIBLE_TI",721,81
939226,"AS Saint Etienne","Dijon FCO","03/03/2018 20:37:35","TI1",722,81
939226,"AS Saint Etienne","Dijon FCO","03/03/2018 20:37:38","Restart",723,81
939226,"AS Saint Etienne","Dijon FCO","03/03/2018 20:38:15","SHB1",724,81
939226,"AS Saint Etienne","Dijon FCO","03/03/2018 20:38:47","SAFE2",725,82
939226,"AS Saint Etienne","Dijon FCO","03/03/2018 20:38:48","GK2",726,82
939226,"AS Saint Etienne","Dijon FCO","03/03/2018 20:38:48","Restart",727,82
939226,"AS Saint Etienne","Dijon FCO","03/03/2018 20:39:03","AT2",728,82
939226,"AS Saint Etienne","Dijon FCO","03/03/2018 20:39:06","DANGER2",729,82
939226,"AS Saint Etienne","Dijon FCO","03/03/2018 20:39:06","DAT2",730,82
939226,"AS Saint Etienne","Dijon FCO","03/03/2018 20:39:12","SAFE1",731,82
939226,"AS Saint Etienne","Dijon FCO","03/03/2018 20:39:23","SAFE2",732,82
939226,"AS Saint Etienne","Dijon FCO","03/03/2018 20:39:44","POSSIBLE_TI",733,83
939226,"AS Saint Etienne","Dijon FCO","03/03/2018 20:39:45","TI1",734,83
939226,"AS Saint Etienne","Dijon FCO","03/03/2018 20:39:48","Restart",735,83
939226,"AS Saint Etienne","Dijon FCO","03/03/2018 20:39:54","AT2",736,83
939226,"AS Saint Etienne","Dijon FCO","03/03/2018 20:39:55","DANGER2",737,83
939226,"AS Saint Etienne","Dijon FCO","03/03/2018 20:39:55","DAT2",738,83
939226,"AS Saint Etienne","Dijon FCO","03/03/2018 20:40:03","SAFE1",739,83
939226,"AS Saint Etienne","Dijon FCO","03/03/2018 20:40:33","AT1",740,84
939226,"AS Saint Etienne","Dijon FCO","03/03/2018 20:40:36","DANGER1",741,84
939226,"AS Saint Etienne","Dijon FCO","03/03/2018 20:40:36","DAT1",742,84
939226,"AS Saint Etienne","Dijon FCO","03/03/2018 20:41:11","SAFE2",743,84
939226,"AS Saint Etienne","Dijon FCO","03/03/2018 20:41:25","AT2",744,84
939226,"AS Saint Etienne","Dijon FCO","03/03/2018 20:41:26","DANGER2",745,84
939226,"AS Saint Etienne","Dijon FCO","03/03/2018 20:41:26","DAT2",746,84
939226,"AS Saint Etienne","Dijon FCO","03/03/2018 20:41:39","POSSIBLE_TI",747,85
939226,"AS Saint Etienne","Dijon FCO","03/03/2018 20:41:41","TI1",748,85
939226,"AS Saint Etienne","Dijon FCO","03/03/2018 20:41:44","Restart",749,85
939226,"AS Saint Etienne","Dijon FCO","03/03/2018 20:41:54","SAFE1",750,85
939226,"AS Saint Etienne","Dijon FCO","03/03/2018 20:41:59","AT1",751,85
939226,"AS Saint Etienne","Dijon FCO","03/03/2018 20:42:15","POSSIBLE_TI",752,85
939226,"AS Saint Etienne","Dijon FCO","03/03/2018 20:42:17","TI2",753,85
939226,"AS Saint Etienne","Dijon FCO","03/03/2018 20:42:25","Restart",754,85
939226,"AS Saint Etienne","Dijon FCO","03/03/2018 20:42:53","Possible Free Kick",755,86
939226,"AS Saint Etienne","Dijon FCO","03/03/2018 20:43:01","F1",757,86
939226,"AS Saint Etienne","Dijon FCO","03/03/2018 20:43:01","FK2",758,86
939226,"AS Saint Etienne","Dijon FCO","03/03/2018 20:43:01","DANGER2",759,86
939226,"AS Saint Etienne","Dijon FCO","03/03/2018 20:43:01","DFK2",760,86
939226,"AS Saint Etienne","Dijon FCO","03/03/2018 20:43:01","Ball Position",761,86
939226,"AS Saint Etienne","Dijon FCO","03/03/2018 20:43:21","Restart",762,86
939226,"AS Saint Etienne","Dijon FCO","03/03/2018 20:43:41","POSSIBLE_TI",763,87
939226,"AS Saint Etienne","Dijon FCO","03/03/2018 20:43:42","TI2",764,87
939226,"AS Saint Etienne","Dijon FCO","03/03/2018 20:43:43","Restart",765,87
939226,"AS Saint Etienne","Dijon FCO","03/03/2018 20:43:56","POSSIBLE_TI",766,87
939226,"AS Saint Etienne","Dijon FCO","03/03/2018 20:43:57","TI1",767,87
939226,"AS Saint Etienne","Dijon FCO","03/03/2018 20:44:00","Restart",768,87
939226,"AS Saint Etienne","Dijon FCO","03/03/2018 20:44:12","POSSIBLE_TI",769,87
939226,"AS Saint Etienne","Dijon FCO","03/03/2018 20:44:13","TI2",770,87
939226,"AS Saint Etienne","Dijon FCO","03/03/2018 20:44:18","Restart",771,87
939226,"AS Saint Etienne","Dijon FCO","03/03/2018 20:44:32","Possible Free Kick",772,88
939226,"AS Saint Etienne","Dijon FCO","03/03/2018 20:44:34","SAFE1",774,88
939226,"AS Saint Etienne","Dijon FCO","03/03/2018 20:44:34","F2",775,88
939226,"AS Saint Etienne","Dijon FCO","03/03/2018 20:44:34","FK1",776,88
939226,"AS Saint Etienne","Dijon FCO","03/03/2018 20:44:34","Ball Position",777,88
939226,"AS Saint Etienne","Dijon FCO","03/03/2018 20:44:35","Restart",778,88
939226,"AS Saint Etienne","Dijon FCO","03/03/2018 20:44:47","AT1",779,88
939226,"AS Saint Etienne","Dijon FCO","03/03/2018 20:44:49","DANGER1",780,88
939226,"AS Saint Etienne","Dijon FCO","03/03/2018 20:44:49","DAT1",781,88
939226,"AS Saint Etienne","Dijon FCO","03/03/2018 20:45:06","Possible Free Kick",782,88
939226,"AS Saint Etienne","Dijon FCO","03/03/2018 20:45:07","SAFE2",784,88
939226,"AS Saint Etienne","Dijon FCO","03/03/2018 20:45:07","F1",785,88
939226,"AS Saint Etienne","Dijon FCO","03/03/2018 20:45:07","FK2",786,88
939226,"AS Saint Etienne","Dijon FCO","03/03/2018 20:45:07","Ball Position",787,88
939226,"AS Saint Etienne","Dijon FCO","03/03/2018 20:45:24","Restart",788,88
939226,"AS Saint Etienne","Dijon FCO","03/03/2018 20:45:28","AT2",789,88
939226,"AS Saint Etienne","Dijon FCO","03/03/2018 20:45:33","POSSIBLE_CARDS",790,89
939226,"AS Saint Etienne","Dijon FCO","03/03/2018 20:45:43","YC2",791,89
939226,"AS Saint Etienne","Dijon FCO","03/03/2018 20:45:44","CONF_YC2",792,89
939226,"AS Saint Etienne","Dijon FCO","03/03/2018 20:45:48","Scorer",793,89
939226,"AS Saint Etienne","Dijon FCO","03/03/2018 20:45:50","Possible Free Kick",794,89
939226,"AS Saint Etienne","Dijon FCO","03/03/2018 20:45:51","SAFE1",796,89
939226,"AS Saint Etienne","Dijon FCO","03/03/2018 20:45:52","F2",797,89
939226,"AS Saint Etienne","Dijon FCO","03/03/2018 20:45:52","FK1",798,89
939226,"AS Saint Etienne","Dijon FCO","03/03/2018 20:45:52","Ball Position",799,89
939226,"AS Saint Etienne","Dijon FCO","03/03/2018 20:46:02","Player_DATA_CONFIRMED",800,89
939226,"AS Saint Etienne","Dijon FCO","03/03/2018 20:46:15","Restart",801,89
939226,"AS Saint Etienne","Dijon FCO","03/03/2018 20:46:20","AT1",802,89
939226,"AS Saint Etienne","Dijon FCO","03/03/2018 20:46:26","POSSIBLE_TI",803,89
939226,"AS Saint Etienne","Dijon FCO","03/03/2018 20:46:36","TI2",804,90
939226,"AS Saint Etienne","Dijon FCO","03/03/2018 20:46:37","Restart",805,90
939226,"AS Saint Etienne","Dijon FCO","03/03/2018 20:46:41","SAFE2",806,90
939226,"AS Saint Etienne","Dijon FCO","03/03/2018 20:46:49","SAFE1",807,90
939226,"AS Saint Etienne","Dijon FCO","03/03/2018 20:47:19","POSSIBLE_TI",808,90
939226,"AS Saint Etienne","Dijon FCO","03/03/2018 20:47:20","TI2",809,90
939226,"AS Saint Etienne","Dijon FCO","03/03/2018 20:47:26","Restart",810,90
939226,"AS Saint Etienne","Dijon FCO","03/03/2018 20:47:33","Extra Time",811,91
939226,"AS Saint Etienne","Dijon FCO","03/03/2018 20:47:35","AT1",812,91
939226,"AS Saint Etienne","Dijon FCO","03/03/2018 20:47:38","DANGER1",813,91
939226,"AS Saint Etienne","Dijon FCO","03/03/2018 20:47:38","DAT1",814,91
939226,"AS Saint Etienne","Dijon FCO","03/03/2018 20:47:48","PCR1",815,91
939226,"AS Saint Etienne","Dijon FCO","03/03/2018 20:47:50","SHG1",816,91
939226,"AS Saint Etienne","Dijon FCO","03/03/2018 20:47:55","CR1",817,91
939226,"AS Saint Etienne","Dijon FCO","03/03/2018 20:47:56","Ball Position",818,91
939226,"AS Saint Etienne","Dijon FCO","03/03/2018 20:48:06","Restart",819,91
939226,"AS Saint Etienne","Dijon FCO","03/03/2018 20:48:24","Possible Free Kick",820,91
939226,"AS Saint Etienne","Dijon FCO","03/03/2018 20:48:27","SAFE2",822,91
939226,"AS Saint Etienne","Dijon FCO","03/03/2018 20:48:27","F1",823,91
939226,"AS Saint Etienne","Dijon FCO","03/03/2018 20:48:27","FK2",824,91
939226,"AS Saint Etienne","Dijon FCO","03/03/2018 20:48:27","Ball Position",825,91
939226,"AS Saint Etienne","Dijon FCO","03/03/2018 20:48:41","Restart",826,92
939226,"AS Saint Etienne","Dijon FCO","03/03/2018 20:48:57","AT1",827,92
939226,"AS Saint Etienne","Dijon FCO","03/03/2018 20:49:08","SAFE2",828,92
939226,"AS Saint Etienne","Dijon FCO","03/03/2018 20:49:08","AT2",829,92
939226,"AS Saint Etienne","Dijon FCO","03/03/2018 20:49:10","DANGER2",830,92
939226,"AS Saint Etienne","Dijon FCO","03/03/2018 20:49:10","DAT2",831,92
939226,"AS Saint Etienne","Dijon FCO","03/03/2018 20:49:25","POSSIBLE_TI",832,92
939226,"AS Saint Etienne","Dijon FCO","03/03/2018 20:49:26","TI1",833,92
939226,"AS Saint Etienne","Dijon FCO","03/03/2018 20:49:31","Restart",834,93
939226,"AS Saint Etienne","Dijon FCO","03/03/2018 20:49:34","SAFE1",835,93
939226,"AS Saint Etienne","Dijon FCO","03/03/2018 20:49:37","AT1",836,93
939226,"AS Saint Etienne","Dijon FCO","03/03/2018 20:49:42","DANGER1",837,93
939226,"AS Saint Etienne","Dijon FCO","03/03/2018 20:49:42","DAT1",838,93
939226,"AS Saint Etienne","Dijon FCO","03/03/2018 20:50:04","SAFE2",839,93
939226,"AS Saint Etienne","Dijon FCO","03/03/2018 20:50:17","AT2",840,93
939226,"AS Saint Etienne","Dijon FCO","03/03/2018 20:50:30","POSSIBLE_TI",841,94
939226,"AS Saint Etienne","Dijon FCO","03/03/2018 20:50:33","NO_TI",842,94
939226,"AS Saint Etienne","Dijon FCO","03/03/2018 20:50:40","Stop RT2",843,94
939226,"AS Saint Etienne","Dijon FCO","03/03/2018 20:50:40","Stop Game",844,94
939226,"AS Saint Etienne","Dijon FCO","03/03/2018 20:50:44","CONF_PERIOD_SCORE",845,93
