"RBallID","HomeTeam","AwayTeam","Timestamp","Incident","IncidentNumber","Minute"
908497,"Paris Saint-Germain FC","SM Caen","12/20/2017 18:45:38","Lineup changed",0,0
908497,"Paris Saint-Germain FC","SM Caen","12/20/2017 18:45:58","Transmission Online",1,0
908497,"Paris Saint-Germain FC","SM Caen","12/20/2017 18:55:37","Scout in Stadion",2,0
908497,"Paris Saint-Germain FC","SM Caen","12/20/2017 19:22:01","GCC",3,0
908497,"Paris Saint-Germain FC","SM Caen","12/20/2017 19:46:50","Players are coming out",4,0
908497,"Paris Saint-Germain FC","SM Caen","12/20/2017 19:47:08","Players lined up",5,0
908497,"Paris Saint-Germain FC","SM Caen","12/20/2017 19:47:43","Jersey Changed",6,0
908497,"Paris Saint-Germain FC","SM Caen","12/20/2017 19:47:44","Jersey Changed",7,0
908497,"Paris Saint-Germain FC","SM Caen","12/20/2017 19:47:45","Shake hands",8,0
908497,"Paris Saint-Germain FC","SM Caen","12/20/2017 19:48:17","Flip coin",9,0
908497,"Paris Saint-Germain FC","SM Caen","12/20/2017 19:48:29","Photo taking",10,0
908497,"Paris Saint-Germain FC","SM Caen","12/20/2017 19:49:18","Prize giving ceremony",11,0
908497,"Paris Saint-Germain FC","SM Caen","12/20/2017 19:50:20","Game about to start",12,0
908497,"Paris Saint-Germain FC","SM Caen","12/20/2017 19:50:44","Start RT1 Team 1",13,1
908497,"Paris Saint-Germain FC","SM Caen","12/20/2017 19:50:45","SAFE1",14,1
908497,"Paris Saint-Germain FC","SM Caen","12/20/2017 19:51:05","AT1",15,1
908497,"Paris Saint-Germain FC","SM Caen","12/20/2017 19:51:06","DANGER1",16,1
908497,"Paris Saint-Germain FC","SM Caen","12/20/2017 19:51:06","DAT1",17,1
908497,"Paris Saint-Germain FC","SM Caen","12/20/2017 19:51:10","SAFE2",18,1
908497,"Paris Saint-Germain FC","SM Caen","12/20/2017 19:51:24","Possible Free Kick",19,1
908497,"Paris Saint-Germain FC","SM Caen","12/20/2017 19:51:27","SAFE1",21,1
908497,"Paris Saint-Germain FC","SM Caen","12/20/2017 19:51:27","O2",22,1
908497,"Paris Saint-Germain FC","SM Caen","12/20/2017 19:51:27","FK1",23,1
908497,"Paris Saint-Germain FC","SM Caen","12/20/2017 19:51:27","Ball Position",24,1
908497,"Paris Saint-Germain FC","SM Caen","12/20/2017 19:51:27","Restart",25,1
908497,"Paris Saint-Germain FC","SM Caen","12/20/2017 19:51:30","SAFE1",26,1
908497,"Paris Saint-Germain FC","SM Caen","12/20/2017 19:51:45","AT1",27,2
908497,"Paris Saint-Germain FC","SM Caen","12/20/2017 19:51:46","DANGER1",28,2
908497,"Paris Saint-Germain FC","SM Caen","12/20/2017 19:51:46","DAT1",29,2
908497,"Paris Saint-Germain FC","SM Caen","12/20/2017 19:52:35","POSSIBLE_TI",30,2
908497,"Paris Saint-Germain FC","SM Caen","12/20/2017 19:52:36","TI2",31,2
908497,"Paris Saint-Germain FC","SM Caen","12/20/2017 19:52:47","Restart",32,3
908497,"Paris Saint-Germain FC","SM Caen","12/20/2017 19:53:01","POSSIBLE_TI",33,3
908497,"Paris Saint-Germain FC","SM Caen","12/20/2017 19:53:02","TI2",34,3
908497,"Paris Saint-Germain FC","SM Caen","12/20/2017 19:53:02","Restart",35,3
908497,"Paris Saint-Germain FC","SM Caen","12/20/2017 19:53:18","SAFE1",36,3
908497,"Paris Saint-Germain FC","SM Caen","12/20/2017 19:53:26","AT2",37,3
908497,"Paris Saint-Germain FC","SM Caen","12/20/2017 19:53:28","DANGER2",38,3
908497,"Paris Saint-Germain FC","SM Caen","12/20/2017 19:53:28","DAT2",39,3
908497,"Paris Saint-Germain FC","SM Caen","12/20/2017 19:53:35","PCR2",40,3
908497,"Paris Saint-Germain FC","SM Caen","12/20/2017 19:53:37","SHB2",41,3
908497,"Paris Saint-Germain FC","SM Caen","12/20/2017 19:53:38","NCR2",42,3
908497,"Paris Saint-Germain FC","SM Caen","12/20/2017 19:53:39","SAFE1",43,3
908497,"Paris Saint-Germain FC","SM Caen","12/20/2017 19:53:40","GK1",44,3
908497,"Paris Saint-Germain FC","SM Caen","12/20/2017 19:53:41","Restart",45,3
908497,"Paris Saint-Germain FC","SM Caen","12/20/2017 19:53:52","SAFE1",46,4
908497,"Paris Saint-Germain FC","SM Caen","12/20/2017 19:53:54","AT1",47,4
908497,"Paris Saint-Germain FC","SM Caen","12/20/2017 19:53:56","DANGER1",48,4
908497,"Paris Saint-Germain FC","SM Caen","12/20/2017 19:53:56","DAT1",49,4
908497,"Paris Saint-Germain FC","SM Caen","12/20/2017 19:54:05","SAFE2",50,4
908497,"Paris Saint-Germain FC","SM Caen","12/20/2017 19:54:06","POSSIBLE_TI",51,4
908497,"Paris Saint-Germain FC","SM Caen","12/20/2017 19:54:07","TI1",52,4
908497,"Paris Saint-Germain FC","SM Caen","12/20/2017 19:54:09","Restart",53,4
908497,"Paris Saint-Germain FC","SM Caen","12/20/2017 19:54:32","AT2",54,4
908497,"Paris Saint-Germain FC","SM Caen","12/20/2017 19:54:35","Possible Free Kick",55,4
908497,"Paris Saint-Germain FC","SM Caen","12/20/2017 19:54:36","SAFE1",57,4
908497,"Paris Saint-Germain FC","SM Caen","12/20/2017 19:54:37","F2",58,4
908497,"Paris Saint-Germain FC","SM Caen","12/20/2017 19:54:37","FK1",59,4
908497,"Paris Saint-Germain FC","SM Caen","12/20/2017 19:54:37","Ball Position",60,4
908497,"Paris Saint-Germain FC","SM Caen","12/20/2017 19:54:52","Restart",61,5
908497,"Paris Saint-Germain FC","SM Caen","12/20/2017 19:54:55","AT1",62,5
908497,"Paris Saint-Germain FC","SM Caen","12/20/2017 19:54:56","DANGER1",63,5
908497,"Paris Saint-Germain FC","SM Caen","12/20/2017 19:54:56","DAT1",64,5
908497,"Paris Saint-Germain FC","SM Caen","12/20/2017 19:54:58","POSSIBLE_TI",65,5
908497,"Paris Saint-Germain FC","SM Caen","12/20/2017 19:54:59","TI2",66,5
908497,"Paris Saint-Germain FC","SM Caen","12/20/2017 19:55:04","Restart",67,5
908497,"Paris Saint-Germain FC","SM Caen","12/20/2017 19:55:17","SHB1",68,5
908497,"Paris Saint-Germain FC","SM Caen","12/20/2017 19:55:19","SAFE2",69,5
908497,"Paris Saint-Germain FC","SM Caen","12/20/2017 19:55:20","GK2",70,5
908497,"Paris Saint-Germain FC","SM Caen","12/20/2017 19:55:31","Restart",71,5
908497,"Paris Saint-Germain FC","SM Caen","12/20/2017 19:55:51","POSSIBLE_TI",72,6
908497,"Paris Saint-Germain FC","SM Caen","12/20/2017 19:55:52","TI2",73,6
908497,"Paris Saint-Germain FC","SM Caen","12/20/2017 19:55:54","Restart",74,6
908497,"Paris Saint-Germain FC","SM Caen","12/20/2017 19:56:13","SAFE1",75,6
908497,"Paris Saint-Germain FC","SM Caen","12/20/2017 19:56:18","AT2",76,6
908497,"Paris Saint-Germain FC","SM Caen","12/20/2017 19:56:19","DANGER2",77,6
908497,"Paris Saint-Germain FC","SM Caen","12/20/2017 19:56:19","DAT2",78,6
908497,"Paris Saint-Germain FC","SM Caen","12/20/2017 19:56:25","SAFE1",79,6
908497,"Paris Saint-Germain FC","SM Caen","12/20/2017 19:56:36","AT1",80,6
908497,"Paris Saint-Germain FC","SM Caen","12/20/2017 19:56:41","Possible Free Kick",81,6
908497,"Paris Saint-Germain FC","SM Caen","12/20/2017 19:56:43","SAFE1",83,6
908497,"Paris Saint-Germain FC","SM Caen","12/20/2017 19:56:43","F2",84,6
908497,"Paris Saint-Germain FC","SM Caen","12/20/2017 19:56:43","FK1",85,6
908497,"Paris Saint-Germain FC","SM Caen","12/20/2017 19:56:43","Ball Position",86,6
908497,"Paris Saint-Germain FC","SM Caen","12/20/2017 19:56:49","Restart",87,7
908497,"Paris Saint-Germain FC","SM Caen","12/20/2017 19:57:05","SAFE1",88,7
908497,"Paris Saint-Germain FC","SM Caen","12/20/2017 19:57:21","AT1",89,7
908497,"Paris Saint-Germain FC","SM Caen","12/20/2017 19:57:27","SAFE2",90,7
908497,"Paris Saint-Germain FC","SM Caen","12/20/2017 19:57:36","SAFE1",91,7
908497,"Paris Saint-Germain FC","SM Caen","12/20/2017 19:57:36","AT1",92,7
908497,"Paris Saint-Germain FC","SM Caen","12/20/2017 19:57:41","SAFE2",93,7
908497,"Paris Saint-Germain FC","SM Caen","12/20/2017 19:57:42","AT2",94,7
908497,"Paris Saint-Germain FC","SM Caen","12/20/2017 19:57:44","DANGER2",95,7
908497,"Paris Saint-Germain FC","SM Caen","12/20/2017 19:57:44","DAT2",96,7
908497,"Paris Saint-Germain FC","SM Caen","12/20/2017 19:57:51","PCR2",97,8
908497,"Paris Saint-Germain FC","SM Caen","12/20/2017 19:57:57","CR2",98,8
908497,"Paris Saint-Germain FC","SM Caen","12/20/2017 19:57:58","Ball Position",99,8
908497,"Paris Saint-Germain FC","SM Caen","12/20/2017 19:58:24","Restart",100,8
908497,"Paris Saint-Germain FC","SM Caen","12/20/2017 19:58:37","SAFE1",101,8
908497,"Paris Saint-Germain FC","SM Caen","12/20/2017 19:58:47","AT1",102,9
908497,"Paris Saint-Germain FC","SM Caen","12/20/2017 19:58:48","DANGER1",103,9
908497,"Paris Saint-Germain FC","SM Caen","12/20/2017 19:58:48","DAT1",104,9
908497,"Paris Saint-Germain FC","SM Caen","12/20/2017 19:58:50","SAFE2",105,9
908497,"Paris Saint-Germain FC","SM Caen","12/20/2017 19:59:06","AT2",106,9
908497,"Paris Saint-Germain FC","SM Caen","12/20/2017 19:59:07","DANGER2",107,9
908497,"Paris Saint-Germain FC","SM Caen","12/20/2017 19:59:07","DAT2",108,9
908497,"Paris Saint-Germain FC","SM Caen","12/20/2017 19:59:26","SAFE1",109,9
908497,"Paris Saint-Germain FC","SM Caen","12/20/2017 19:59:42","SAFE1",110,9
908497,"Paris Saint-Germain FC","SM Caen","12/20/2017 19:59:45","AT1",111,10
908497,"Paris Saint-Germain FC","SM Caen","12/20/2017 19:59:47","DANGER1",112,10
908497,"Paris Saint-Germain FC","SM Caen","12/20/2017 19:59:47","DAT1",113,10
908497,"Paris Saint-Germain FC","SM Caen","12/20/2017 19:59:53","SAFE2",114,10
908497,"Paris Saint-Germain FC","SM Caen","12/20/2017 19:59:59","AT2",115,10
908497,"Paris Saint-Germain FC","SM Caen","12/20/2017 20:00:04","DANGER2",116,10
908497,"Paris Saint-Germain FC","SM Caen","12/20/2017 20:00:04","DAT2",117,10
908497,"Paris Saint-Germain FC","SM Caen","12/20/2017 20:00:05","SHB2",118,10
908497,"Paris Saint-Germain FC","SM Caen","12/20/2017 20:00:06","POSSIBLE_TI",119,10
908497,"Paris Saint-Germain FC","SM Caen","12/20/2017 20:00:08","TI1",120,10
908497,"Paris Saint-Germain FC","SM Caen","12/20/2017 20:00:12","Restart",121,10
908497,"Paris Saint-Germain FC","SM Caen","12/20/2017 20:00:18","SAFE1",122,10
908497,"Paris Saint-Germain FC","SM Caen","12/20/2017 20:00:38","Possible Free Kick",123,10
908497,"Paris Saint-Germain FC","SM Caen","12/20/2017 20:00:40","F2",125,10
908497,"Paris Saint-Germain FC","SM Caen","12/20/2017 20:00:40","FK1",126,10
908497,"Paris Saint-Germain FC","SM Caen","12/20/2017 20:00:40","DANGER1",127,10
908497,"Paris Saint-Germain FC","SM Caen","12/20/2017 20:00:40","DFK1",128,10
908497,"Paris Saint-Germain FC","SM Caen","12/20/2017 20:00:40","Ball Position",129,10
908497,"Paris Saint-Germain FC","SM Caen","12/20/2017 20:00:45","Restart",130,11
908497,"Paris Saint-Germain FC","SM Caen","12/20/2017 20:01:25","PCR1",131,11
908497,"Paris Saint-Germain FC","SM Caen","12/20/2017 20:01:35","CR1",132,11
908497,"Paris Saint-Germain FC","SM Caen","12/20/2017 20:01:37","Ball Position",133,11
908497,"Paris Saint-Germain FC","SM Caen","12/20/2017 20:01:50","Restart",134,12
908497,"Paris Saint-Germain FC","SM Caen","12/20/2017 20:02:02","SAFE1",135,12
908497,"Paris Saint-Germain FC","SM Caen","12/20/2017 20:02:09","AT1",136,12
908497,"Paris Saint-Germain FC","SM Caen","12/20/2017 20:02:11","DANGER1",137,12
908497,"Paris Saint-Germain FC","SM Caen","12/20/2017 20:02:11","DAT1",138,12
908497,"Paris Saint-Germain FC","SM Caen","12/20/2017 20:02:26","SAFE2",139,12
908497,"Paris Saint-Germain FC","SM Caen","12/20/2017 20:02:32","Possible Free Kick",140,12
908497,"Paris Saint-Germain FC","SM Caen","12/20/2017 20:02:35","F2",142,12
908497,"Paris Saint-Germain FC","SM Caen","12/20/2017 20:02:35","FK1",143,12
908497,"Paris Saint-Germain FC","SM Caen","12/20/2017 20:02:35","DANGER1",144,12
908497,"Paris Saint-Germain FC","SM Caen","12/20/2017 20:02:35","DFK1",145,12
908497,"Paris Saint-Germain FC","SM Caen","12/20/2017 20:02:35","Ball Position",146,12
908497,"Paris Saint-Germain FC","SM Caen","12/20/2017 20:03:00","POSSIBLE_CARDS",147,13
908497,"Paris Saint-Germain FC","SM Caen","12/20/2017 20:03:01","YC2",148,13
908497,"Paris Saint-Germain FC","SM Caen","12/20/2017 20:03:03","CONF_YC2",149,13
908497,"Paris Saint-Germain FC","SM Caen","12/20/2017 20:03:04","Scorer",150,13
908497,"Paris Saint-Germain FC","SM Caen","12/20/2017 20:03:14","Restart",151,13
908497,"Paris Saint-Germain FC","SM Caen","12/20/2017 20:03:23","SAFE1",152,13
908497,"Paris Saint-Germain FC","SM Caen","12/20/2017 20:03:23","Scorer",153,13
908497,"Paris Saint-Germain FC","SM Caen","12/20/2017 20:03:23","Player_DATA_CONFIRMED",154,13
908497,"Paris Saint-Germain FC","SM Caen","12/20/2017 20:03:34","SAFE1",155,13
908497,"Paris Saint-Germain FC","SM Caen","12/20/2017 20:03:35","AT1",156,13
908497,"Paris Saint-Germain FC","SM Caen","12/20/2017 20:03:46","DANGER1",157,14
908497,"Paris Saint-Germain FC","SM Caen","12/20/2017 20:03:46","DAT1",158,14
908497,"Paris Saint-Germain FC","SM Caen","12/20/2017 20:04:04","POSSIBLE_TI",159,14
908497,"Paris Saint-Germain FC","SM Caen","12/20/2017 20:04:05","TI2",160,14
908497,"Paris Saint-Germain FC","SM Caen","12/20/2017 20:04:11","Restart",161,14
908497,"Paris Saint-Germain FC","SM Caen","12/20/2017 20:04:26","SAFE2",162,14
908497,"Paris Saint-Germain FC","SM Caen","12/20/2017 20:04:30","AT1",163,14
908497,"Paris Saint-Germain FC","SM Caen","12/20/2017 20:04:31","DANGER1",164,14
908497,"Paris Saint-Germain FC","SM Caen","12/20/2017 20:04:31","DAT1",165,14
908497,"Paris Saint-Germain FC","SM Caen","12/20/2017 20:04:42","BLOCKED1",166,14
908497,"Paris Saint-Germain FC","SM Caen","12/20/2017 20:04:43","POSSIBLE_TI",167,14
908497,"Paris Saint-Germain FC","SM Caen","12/20/2017 20:04:44","TI1",168,14
908497,"Paris Saint-Germain FC","SM Caen","12/20/2017 20:05:03","Restart",169,15
908497,"Paris Saint-Germain FC","SM Caen","12/20/2017 20:05:11","PCR1",170,15
908497,"Paris Saint-Germain FC","SM Caen","12/20/2017 20:05:17","SHB1",171,15
908497,"Paris Saint-Germain FC","SM Caen","12/20/2017 20:05:19","NCR1",172,15
908497,"Paris Saint-Germain FC","SM Caen","12/20/2017 20:05:19","SAFE2",173,15
908497,"Paris Saint-Germain FC","SM Caen","12/20/2017 20:05:20","GK2",174,15
908497,"Paris Saint-Germain FC","SM Caen","12/20/2017 20:05:32","Restart",175,15
908497,"Paris Saint-Germain FC","SM Caen","12/20/2017 20:05:49","POSSIBLE_TI",176,16
908497,"Paris Saint-Germain FC","SM Caen","12/20/2017 20:05:50","TI1",177,16
908497,"Paris Saint-Germain FC","SM Caen","12/20/2017 20:05:52","Restart",178,16
908497,"Paris Saint-Germain FC","SM Caen","12/20/2017 20:05:59","SAFE1",179,16
908497,"Paris Saint-Germain FC","SM Caen","12/20/2017 20:06:04","AT1",180,16
908497,"Paris Saint-Germain FC","SM Caen","12/20/2017 20:06:17","DANGER1",181,16
908497,"Paris Saint-Germain FC","SM Caen","12/20/2017 20:06:17","DAT1",182,16
908497,"Paris Saint-Germain FC","SM Caen","12/20/2017 20:06:23","SAFE2",183,16
908497,"Paris Saint-Germain FC","SM Caen","12/20/2017 20:06:24","GK2",184,16
908497,"Paris Saint-Germain FC","SM Caen","12/20/2017 20:06:45","Restart",185,17
908497,"Paris Saint-Germain FC","SM Caen","12/20/2017 20:06:54","AT2",186,17
908497,"Paris Saint-Germain FC","SM Caen","12/20/2017 20:06:55","DANGER2",187,17
908497,"Paris Saint-Germain FC","SM Caen","12/20/2017 20:06:55","DAT2",188,17
908497,"Paris Saint-Germain FC","SM Caen","12/20/2017 20:07:03","POSSIBLE_TI",189,17
908497,"Paris Saint-Germain FC","SM Caen","12/20/2017 20:07:05","TI2",190,17
908497,"Paris Saint-Germain FC","SM Caen","12/20/2017 20:07:07","Restart",191,17
908497,"Paris Saint-Germain FC","SM Caen","12/20/2017 20:07:13","POSSIBLE_TI",192,17
908497,"Paris Saint-Germain FC","SM Caen","12/20/2017 20:07:14","TI1",193,17
908497,"Paris Saint-Germain FC","SM Caen","12/20/2017 20:07:16","Restart",194,17
908497,"Paris Saint-Germain FC","SM Caen","12/20/2017 20:07:17","SAFE1",195,17
908497,"Paris Saint-Germain FC","SM Caen","12/20/2017 20:07:29","AT1",196,17
908497,"Paris Saint-Germain FC","SM Caen","12/20/2017 20:07:32","DANGER1",197,17
908497,"Paris Saint-Germain FC","SM Caen","12/20/2017 20:07:32","DAT1",198,17
908497,"Paris Saint-Germain FC","SM Caen","12/20/2017 20:08:02","SAFE2",199,18
908497,"Paris Saint-Germain FC","SM Caen","12/20/2017 20:08:08","SAFE1",200,18
908497,"Paris Saint-Germain FC","SM Caen","12/20/2017 20:08:15","SAFE1",201,18
908497,"Paris Saint-Germain FC","SM Caen","12/20/2017 20:08:27","AT1",202,18
908497,"Paris Saint-Germain FC","SM Caen","12/20/2017 20:08:34","DANGER1",203,18
908497,"Paris Saint-Germain FC","SM Caen","12/20/2017 20:08:34","DAT1",204,18
908497,"Paris Saint-Germain FC","SM Caen","12/20/2017 20:08:38","POSSIBLE_TI",205,18
908497,"Paris Saint-Germain FC","SM Caen","12/20/2017 20:08:40","TI1",206,18
908497,"Paris Saint-Germain FC","SM Caen","12/20/2017 20:08:55","Restart",207,19
908497,"Paris Saint-Germain FC","SM Caen","12/20/2017 20:08:57","Possible Free Kick",208,19
908497,"Paris Saint-Germain FC","SM Caen","12/20/2017 20:09:00","POSSIBLE_CARDS",210,19
908497,"Paris Saint-Germain FC","SM Caen","12/20/2017 20:09:21","NO_Cards",211,19
908497,"Paris Saint-Germain FC","SM Caen","12/20/2017 20:09:23","SAFE2",212,19
908497,"Paris Saint-Germain FC","SM Caen","12/20/2017 20:09:23","F1",213,19
908497,"Paris Saint-Germain FC","SM Caen","12/20/2017 20:09:23","FK2",214,19
908497,"Paris Saint-Germain FC","SM Caen","12/20/2017 20:09:23","Ball Position",215,19
908497,"Paris Saint-Germain FC","SM Caen","12/20/2017 20:09:43","Restart",216,19
908497,"Paris Saint-Germain FC","SM Caen","12/20/2017 20:09:47","AT2",217,20
908497,"Paris Saint-Germain FC","SM Caen","12/20/2017 20:09:48","DANGER2",218,20
908497,"Paris Saint-Germain FC","SM Caen","12/20/2017 20:09:48","DAT2",219,20
908497,"Paris Saint-Germain FC","SM Caen","12/20/2017 20:09:52","SAFE1",220,20
908497,"Paris Saint-Germain FC","SM Caen","12/20/2017 20:09:55","AT1",221,20
908497,"Paris Saint-Germain FC","SM Caen","12/20/2017 20:09:56","DANGER1",222,20
908497,"Paris Saint-Germain FC","SM Caen","12/20/2017 20:09:56","DAT1",223,20
908497,"Paris Saint-Germain FC","SM Caen","12/20/2017 20:09:58","SAFE2",224,20
908497,"Paris Saint-Germain FC","SM Caen","12/20/2017 20:10:12","AT1",225,20
908497,"Paris Saint-Germain FC","SM Caen","12/20/2017 20:10:13","DANGER1",226,20
908497,"Paris Saint-Germain FC","SM Caen","12/20/2017 20:10:13","DAT1",227,20
908497,"Paris Saint-Germain FC","SM Caen","12/20/2017 20:10:19","POSSIBLE_TI",228,20
908497,"Paris Saint-Germain FC","SM Caen","12/20/2017 20:10:20","TI1",229,20
908497,"Paris Saint-Germain FC","SM Caen","12/20/2017 20:10:20","Restart",230,20
908497,"Paris Saint-Germain FC","SM Caen","12/20/2017 20:10:36","System Message",231,20
908497,"Paris Saint-Germain FC","SM Caen","12/20/2017 20:10:37","System Message",232,20
908497,"Paris Saint-Germain FC","SM Caen","12/20/2017 20:10:38","SAFE1",233,20
908497,"Paris Saint-Germain FC","SM Caen","12/20/2017 20:10:42","YC1",234,20
908497,"Paris Saint-Germain FC","SM Caen","12/20/2017 20:10:43","Time Correction",235,20
908497,"Paris Saint-Germain FC","SM Caen","12/20/2017 20:10:43","Scorer",236,20
908497,"Paris Saint-Germain FC","SM Caen","12/20/2017 20:10:43","Player_DATA_CONFIRMED",237,20
908497,"Paris Saint-Germain FC","SM Caen","12/20/2017 20:10:45","AT1",238,21
908497,"Paris Saint-Germain FC","SM Caen","12/20/2017 20:10:50","System Message",239,21
908497,"Paris Saint-Germain FC","SM Caen","12/20/2017 20:10:50","DANGER1",240,21
908497,"Paris Saint-Germain FC","SM Caen","12/20/2017 20:10:50","DAT1",241,21
908497,"Paris Saint-Germain FC","SM Caen","12/20/2017 20:11:02","GOAL1",242,21
908497,"Paris Saint-Germain FC","SM Caen","12/20/2017 20:11:24","Scorer",243,21
908497,"Paris Saint-Germain FC","SM Caen","12/20/2017 20:11:26","CONF_GOAL1",244,21
908497,"Paris Saint-Germain FC","SM Caen","12/20/2017 20:12:04","KO2",245,22
908497,"Paris Saint-Germain FC","SM Caen","12/20/2017 20:12:04","SAFE2",246,22
908497,"Paris Saint-Germain FC","SM Caen","12/20/2017 20:12:15","SAFE1",247,22
908497,"Paris Saint-Germain FC","SM Caen","12/20/2017 20:12:17","AT1",248,22
908497,"Paris Saint-Germain FC","SM Caen","12/20/2017 20:12:17","DANGER1",249,22
908497,"Paris Saint-Germain FC","SM Caen","12/20/2017 20:12:17","DAT1",250,22
908497,"Paris Saint-Germain FC","SM Caen","12/20/2017 20:12:18","Player_DATA_CONFIRMED",251,22
908497,"Paris Saint-Germain FC","SM Caen","12/20/2017 20:12:25","SAFE2",252,22
908497,"Paris Saint-Germain FC","SM Caen","12/20/2017 20:12:33","AT1",253,22
908497,"Paris Saint-Germain FC","SM Caen","12/20/2017 20:12:40","Assist",254,22
908497,"Paris Saint-Germain FC","SM Caen","12/20/2017 20:12:51","DANGER1",255,23
908497,"Paris Saint-Germain FC","SM Caen","12/20/2017 20:12:51","DAT1",256,23
908497,"Paris Saint-Germain FC","SM Caen","12/20/2017 20:13:03","SAFE2",257,23
908497,"Paris Saint-Germain FC","SM Caen","12/20/2017 20:13:11","Time Correction",258,23
908497,"Paris Saint-Germain FC","SM Caen","12/20/2017 20:13:20","AT1",259,23
908497,"Paris Saint-Germain FC","SM Caen","12/20/2017 20:13:22","DANGER1",260,23
908497,"Paris Saint-Germain FC","SM Caen","12/20/2017 20:13:22","DAT1",261,23
908497,"Paris Saint-Germain FC","SM Caen","12/20/2017 20:13:33","SAFE2",262,23
908497,"Paris Saint-Germain FC","SM Caen","12/20/2017 20:13:33","POSSIBLE_TI",263,23
908497,"Paris Saint-Germain FC","SM Caen","12/20/2017 20:13:35","TI2",264,23
908497,"Paris Saint-Germain FC","SM Caen","12/20/2017 20:13:36","Restart",265,23
908497,"Paris Saint-Germain FC","SM Caen","12/20/2017 20:13:41","AT2",266,23
908497,"Paris Saint-Germain FC","SM Caen","12/20/2017 20:13:44","DANGER2",267,23
908497,"Paris Saint-Germain FC","SM Caen","12/20/2017 20:13:44","DAT2",268,23
908497,"Paris Saint-Germain FC","SM Caen","12/20/2017 20:13:49","Possible Free Kick",269,24
908497,"Paris Saint-Germain FC","SM Caen","12/20/2017 20:13:50","F1",271,24
908497,"Paris Saint-Germain FC","SM Caen","12/20/2017 20:13:50","FK2",272,24
908497,"Paris Saint-Germain FC","SM Caen","12/20/2017 20:13:50","DFK2",273,24
908497,"Paris Saint-Germain FC","SM Caen","12/20/2017 20:13:50","Ball Position",274,24
908497,"Paris Saint-Germain FC","SM Caen","12/20/2017 20:14:05","Restart",275,24
908497,"Paris Saint-Germain FC","SM Caen","12/20/2017 20:14:16","SHG2",276,24
908497,"Paris Saint-Germain FC","SM Caen","12/20/2017 20:14:26","SAFE1",277,24
908497,"Paris Saint-Germain FC","SM Caen","12/20/2017 20:14:34","AT1",278,24
908497,"Paris Saint-Germain FC","SM Caen","12/20/2017 20:14:35","DANGER1",279,24
908497,"Paris Saint-Germain FC","SM Caen","12/20/2017 20:14:35","DAT1",280,24
908497,"Paris Saint-Germain FC","SM Caen","12/20/2017 20:14:44","Possible Free Kick",281,25
908497,"Paris Saint-Germain FC","SM Caen","12/20/2017 20:14:50","SAFE2",283,25
908497,"Paris Saint-Germain FC","SM Caen","12/20/2017 20:14:50","F1",284,25
908497,"Paris Saint-Germain FC","SM Caen","12/20/2017 20:14:50","FK2",285,25
908497,"Paris Saint-Germain FC","SM Caen","12/20/2017 20:14:50","Ball Position",286,25
908497,"Paris Saint-Germain FC","SM Caen","12/20/2017 20:14:57","Restart",287,25
908497,"Paris Saint-Germain FC","SM Caen","12/20/2017 20:15:08","SAFE2",288,25
908497,"Paris Saint-Germain FC","SM Caen","12/20/2017 20:15:25","AT2",289,25
908497,"Paris Saint-Germain FC","SM Caen","12/20/2017 20:15:27","DANGER2",290,25
908497,"Paris Saint-Germain FC","SM Caen","12/20/2017 20:15:27","DAT2",291,25
908497,"Paris Saint-Germain FC","SM Caen","12/20/2017 20:15:32","SAFE1",292,25
908497,"Paris Saint-Germain FC","SM Caen","12/20/2017 20:15:33","AT1",293,25
908497,"Paris Saint-Germain FC","SM Caen","12/20/2017 20:15:34","DANGER1",294,25
908497,"Paris Saint-Germain FC","SM Caen","12/20/2017 20:15:34","DAT1",295,25
908497,"Paris Saint-Germain FC","SM Caen","12/20/2017 20:15:49","SAFE2",296,26
908497,"Paris Saint-Germain FC","SM Caen","12/20/2017 20:15:58","AT2",297,26
908497,"Paris Saint-Germain FC","SM Caen","12/20/2017 20:15:59","DANGER2",298,26
908497,"Paris Saint-Germain FC","SM Caen","12/20/2017 20:15:59","DAT2",299,26
908497,"Paris Saint-Germain FC","SM Caen","12/20/2017 20:16:20","POSSIBLE_TI",300,26
908497,"Paris Saint-Germain FC","SM Caen","12/20/2017 20:16:22","TI1",301,26
908497,"Paris Saint-Germain FC","SM Caen","12/20/2017 20:16:25","Restart",302,26
908497,"Paris Saint-Germain FC","SM Caen","12/20/2017 20:16:26","SAFE1",303,26
908497,"Paris Saint-Germain FC","SM Caen","12/20/2017 20:16:34","AT1",304,26
908497,"Paris Saint-Germain FC","SM Caen","12/20/2017 20:16:35","DANGER1",305,26
908497,"Paris Saint-Germain FC","SM Caen","12/20/2017 20:16:35","DAT1",306,26
908497,"Paris Saint-Germain FC","SM Caen","12/20/2017 20:16:54","SHG1",307,27
908497,"Paris Saint-Germain FC","SM Caen","12/20/2017 20:16:54","SAFE2",308,27
908497,"Paris Saint-Germain FC","SM Caen","12/20/2017 20:17:14","POSSIBLE_TI",309,27
908497,"Paris Saint-Germain FC","SM Caen","12/20/2017 20:17:16","NO_TI",310,27
908497,"Paris Saint-Germain FC","SM Caen","12/20/2017 20:17:17","Possible Free Kick",311,27
908497,"Paris Saint-Germain FC","SM Caen","12/20/2017 20:17:18","F2",313,27
908497,"Paris Saint-Germain FC","SM Caen","12/20/2017 20:17:18","FK1",314,27
908497,"Paris Saint-Germain FC","SM Caen","12/20/2017 20:17:18","DANGER1",315,27
908497,"Paris Saint-Germain FC","SM Caen","12/20/2017 20:17:18","DFK1",316,27
908497,"Paris Saint-Germain FC","SM Caen","12/20/2017 20:17:18","Ball Position",317,27
908497,"Paris Saint-Germain FC","SM Caen","12/20/2017 20:17:20","Restart",318,27
908497,"Paris Saint-Germain FC","SM Caen","12/20/2017 20:17:31","SAFE1",319,27
908497,"Paris Saint-Germain FC","SM Caen","12/20/2017 20:17:33","AT1",320,27
908497,"Paris Saint-Germain FC","SM Caen","12/20/2017 20:17:34","DANGER1",321,27
908497,"Paris Saint-Germain FC","SM Caen","12/20/2017 20:17:34","DAT1",322,27
908497,"Paris Saint-Germain FC","SM Caen","12/20/2017 20:17:57","SHB1",323,28
908497,"Paris Saint-Germain FC","SM Caen","12/20/2017 20:17:58","SAFE2",324,28
908497,"Paris Saint-Germain FC","SM Caen","12/20/2017 20:18:00","GK2",325,28
908497,"Paris Saint-Germain FC","SM Caen","12/20/2017 20:18:03","Restart",326,28
908497,"Paris Saint-Germain FC","SM Caen","12/20/2017 20:18:13","AT2",327,28
908497,"Paris Saint-Germain FC","SM Caen","12/20/2017 20:18:14","DANGER2",328,28
908497,"Paris Saint-Germain FC","SM Caen","12/20/2017 20:18:14","DAT2",329,28
908497,"Paris Saint-Germain FC","SM Caen","12/20/2017 20:18:19","SAFE1",330,28
908497,"Paris Saint-Germain FC","SM Caen","12/20/2017 20:18:39","SAFE1",331,28
908497,"Paris Saint-Germain FC","SM Caen","12/20/2017 20:18:40","AT1",332,28
908497,"Paris Saint-Germain FC","SM Caen","12/20/2017 20:18:42","DANGER1",333,28
908497,"Paris Saint-Germain FC","SM Caen","12/20/2017 20:18:42","DAT1",334,28
908497,"Paris Saint-Germain FC","SM Caen","12/20/2017 20:18:47","POSSIBLE_TI",335,29
908497,"Paris Saint-Germain FC","SM Caen","12/20/2017 20:18:51","TI1",336,29
908497,"Paris Saint-Germain FC","SM Caen","12/20/2017 20:19:03","Restart",337,29
908497,"Paris Saint-Germain FC","SM Caen","12/20/2017 20:19:13","SAFE2",338,29
908497,"Paris Saint-Germain FC","SM Caen","12/20/2017 20:19:19","AT2",339,29
908497,"Paris Saint-Germain FC","SM Caen","12/20/2017 20:19:21","SAFE1",340,29
908497,"Paris Saint-Germain FC","SM Caen","12/20/2017 20:19:36","AT1",341,29
908497,"Paris Saint-Germain FC","SM Caen","12/20/2017 20:19:39","DANGER1",342,29
908497,"Paris Saint-Germain FC","SM Caen","12/20/2017 20:19:39","DAT1",343,29
908497,"Paris Saint-Germain FC","SM Caen","12/20/2017 20:19:50","POSSIBLE_TI",344,30
908497,"Paris Saint-Germain FC","SM Caen","12/20/2017 20:19:53","TI1",345,30
908497,"Paris Saint-Germain FC","SM Caen","12/20/2017 20:19:56","Restart",346,30
908497,"Paris Saint-Germain FC","SM Caen","12/20/2017 20:20:08","SAFE2",347,30
908497,"Paris Saint-Germain FC","SM Caen","12/20/2017 20:20:09","AT2",348,30
908497,"Paris Saint-Germain FC","SM Caen","12/20/2017 20:20:10","DANGER2",349,30
908497,"Paris Saint-Germain FC","SM Caen","12/20/2017 20:20:10","DAT2",350,30
908497,"Paris Saint-Germain FC","SM Caen","12/20/2017 20:20:22","SAFE1",351,30
908497,"Paris Saint-Germain FC","SM Caen","12/20/2017 20:20:24","AT1",352,30
908497,"Paris Saint-Germain FC","SM Caen","12/20/2017 20:20:28","DANGER1",353,30
908497,"Paris Saint-Germain FC","SM Caen","12/20/2017 20:20:28","DAT1",354,30
908497,"Paris Saint-Germain FC","SM Caen","12/20/2017 20:20:35","SAFE2",355,30
908497,"Paris Saint-Germain FC","SM Caen","12/20/2017 20:20:52","SAFE1",356,31
908497,"Paris Saint-Germain FC","SM Caen","12/20/2017 20:21:04","AT1",357,31
908497,"Paris Saint-Germain FC","SM Caen","12/20/2017 20:21:05","DANGER1",358,31
908497,"Paris Saint-Germain FC","SM Caen","12/20/2017 20:21:05","DAT1",359,31
908497,"Paris Saint-Germain FC","SM Caen","12/20/2017 20:21:24","SAFE1",360,31
908497,"Paris Saint-Germain FC","SM Caen","12/20/2017 20:21:49","AT2",361,32
908497,"Paris Saint-Germain FC","SM Caen","12/20/2017 20:21:49","DANGER2",362,32
908497,"Paris Saint-Germain FC","SM Caen","12/20/2017 20:21:49","DAT2",363,32
908497,"Paris Saint-Germain FC","SM Caen","12/20/2017 20:21:51","SHG2",364,32
908497,"Paris Saint-Germain FC","SM Caen","12/20/2017 20:21:52","SAFE1",365,32
908497,"Paris Saint-Germain FC","SM Caen","12/20/2017 20:22:05","AT1",366,32
908497,"Paris Saint-Germain FC","SM Caen","12/20/2017 20:22:14","SAFE1",367,32
908497,"Paris Saint-Germain FC","SM Caen","12/20/2017 20:22:17","AT1",368,32
908497,"Paris Saint-Germain FC","SM Caen","12/20/2017 20:22:19","DANGER1",369,32
908497,"Paris Saint-Germain FC","SM Caen","12/20/2017 20:22:19","DAT1",370,32
908497,"Paris Saint-Germain FC","SM Caen","12/20/2017 20:22:36","PCR1",371,32
908497,"Paris Saint-Germain FC","SM Caen","12/20/2017 20:22:41","SHB1",372,32
908497,"Paris Saint-Germain FC","SM Caen","12/20/2017 20:22:42","NCR1",373,32
908497,"Paris Saint-Germain FC","SM Caen","12/20/2017 20:22:43","SAFE2",374,32
908497,"Paris Saint-Germain FC","SM Caen","12/20/2017 20:22:44","GK2",375,32
908497,"Paris Saint-Germain FC","SM Caen","12/20/2017 20:23:08","Restart",376,33
908497,"Paris Saint-Germain FC","SM Caen","12/20/2017 20:23:13","AT2",377,33
908497,"Paris Saint-Germain FC","SM Caen","12/20/2017 20:23:14","DANGER2",378,33
908497,"Paris Saint-Germain FC","SM Caen","12/20/2017 20:23:14","DAT2",379,33
908497,"Paris Saint-Germain FC","SM Caen","12/20/2017 20:23:27","PCR2",380,33
908497,"Paris Saint-Germain FC","SM Caen","12/20/2017 20:23:34","CR2",381,33
908497,"Paris Saint-Germain FC","SM Caen","12/20/2017 20:23:35","Ball Position",382,33
908497,"Paris Saint-Germain FC","SM Caen","12/20/2017 20:23:45","Restart",383,34
908497,"Paris Saint-Germain FC","SM Caen","12/20/2017 20:23:58","PCR2",384,34
908497,"Paris Saint-Germain FC","SM Caen","12/20/2017 20:24:03","NCR2",385,34
908497,"Paris Saint-Germain FC","SM Caen","12/20/2017 20:24:05","SAFE1",386,34
908497,"Paris Saint-Germain FC","SM Caen","12/20/2017 20:24:05","GK1",387,34
908497,"Paris Saint-Germain FC","SM Caen","12/20/2017 20:24:19","Restart",388,34
908497,"Paris Saint-Germain FC","SM Caen","12/20/2017 20:24:20","AT1",389,34
908497,"Paris Saint-Germain FC","SM Caen","12/20/2017 20:24:25","DANGER1",390,34
908497,"Paris Saint-Germain FC","SM Caen","12/20/2017 20:24:25","DAT1",391,34
908497,"Paris Saint-Germain FC","SM Caen","12/20/2017 20:24:50","SAFE2",392,35
908497,"Paris Saint-Germain FC","SM Caen","12/20/2017 20:25:05","AT1",393,35
908497,"Paris Saint-Germain FC","SM Caen","12/20/2017 20:25:10","SAFE2",394,35
908497,"Paris Saint-Germain FC","SM Caen","12/20/2017 20:25:16","AT2",395,35
908497,"Paris Saint-Germain FC","SM Caen","12/20/2017 20:25:17","DANGER2",396,35
908497,"Paris Saint-Germain FC","SM Caen","12/20/2017 20:25:17","DAT2",397,35
908497,"Paris Saint-Germain FC","SM Caen","12/20/2017 20:25:26","PCR2",398,35
908497,"Paris Saint-Germain FC","SM Caen","12/20/2017 20:25:28","SHB2",399,35
908497,"Paris Saint-Germain FC","SM Caen","12/20/2017 20:25:29","CR2",400,35
908497,"Paris Saint-Germain FC","SM Caen","12/20/2017 20:25:31","Ball Position",401,35
908497,"Paris Saint-Germain FC","SM Caen","12/20/2017 20:25:53","Restart",402,36
908497,"Paris Saint-Germain FC","SM Caen","12/20/2017 20:26:00","SAFE1",403,36
908497,"Paris Saint-Germain FC","SM Caen","12/20/2017 20:26:06","AT1",404,36
908497,"Paris Saint-Germain FC","SM Caen","12/20/2017 20:26:09","Possible Free Kick",405,36
908497,"Paris Saint-Germain FC","SM Caen","12/20/2017 20:26:17","POSSIBLE_CARDS",407,36
908497,"Paris Saint-Germain FC","SM Caen","12/20/2017 20:26:19","YC2",408,36
908497,"Paris Saint-Germain FC","SM Caen","12/20/2017 20:26:20","CONF_YC2",409,36
908497,"Paris Saint-Germain FC","SM Caen","12/20/2017 20:26:21","Scorer",410,36
908497,"Paris Saint-Germain FC","SM Caen","12/20/2017 20:26:23","F2",411,36
908497,"Paris Saint-Germain FC","SM Caen","12/20/2017 20:26:23","FK1",412,36
908497,"Paris Saint-Germain FC","SM Caen","12/20/2017 20:26:23","DANGER1",413,36
908497,"Paris Saint-Germain FC","SM Caen","12/20/2017 20:26:23","DFK1",414,36
908497,"Paris Saint-Germain FC","SM Caen","12/20/2017 20:26:23","Ball Position",415,36
908497,"Paris Saint-Germain FC","SM Caen","12/20/2017 20:26:32","Scorer",416,36
908497,"Paris Saint-Germain FC","SM Caen","12/20/2017 20:26:32","Player_DATA_CONFIRMED",417,36
908497,"Paris Saint-Germain FC","SM Caen","12/20/2017 20:26:45","Restart",418,37
908497,"Paris Saint-Germain FC","SM Caen","12/20/2017 20:26:47","SAFE2",419,37
908497,"Paris Saint-Germain FC","SM Caen","12/20/2017 20:26:48","AT2",420,37
908497,"Paris Saint-Germain FC","SM Caen","12/20/2017 20:26:49","DANGER2",421,37
908497,"Paris Saint-Germain FC","SM Caen","12/20/2017 20:26:49","DAT2",422,37
908497,"Paris Saint-Germain FC","SM Caen","12/20/2017 20:26:51","SAFE1",423,37
908497,"Paris Saint-Germain FC","SM Caen","12/20/2017 20:27:02","AT1",424,37
908497,"Paris Saint-Germain FC","SM Caen","12/20/2017 20:27:04","DANGER1",425,37
908497,"Paris Saint-Germain FC","SM Caen","12/20/2017 20:27:04","DAT1",426,37
908497,"Paris Saint-Germain FC","SM Caen","12/20/2017 20:27:19","SAFE2",427,37
908497,"Paris Saint-Germain FC","SM Caen","12/20/2017 20:27:27","SAFE1",428,37
908497,"Paris Saint-Germain FC","SM Caen","12/20/2017 20:27:28","AT1",429,37
908497,"Paris Saint-Germain FC","SM Caen","12/20/2017 20:27:29","DANGER1",430,37
908497,"Paris Saint-Germain FC","SM Caen","12/20/2017 20:27:29","DAT1",431,37
908497,"Paris Saint-Germain FC","SM Caen","12/20/2017 20:27:49","Possible Free Kick",432,38
908497,"Paris Saint-Germain FC","SM Caen","12/20/2017 20:27:50","SAFE2",434,38
908497,"Paris Saint-Germain FC","SM Caen","12/20/2017 20:27:50","O1",435,38
908497,"Paris Saint-Germain FC","SM Caen","12/20/2017 20:27:50","FK2",436,38
908497,"Paris Saint-Germain FC","SM Caen","12/20/2017 20:27:50","Ball Position",437,38
908497,"Paris Saint-Germain FC","SM Caen","12/20/2017 20:28:15","Restart",438,38
908497,"Paris Saint-Germain FC","SM Caen","12/20/2017 20:28:28","AT1",439,38
908497,"Paris Saint-Germain FC","SM Caen","12/20/2017 20:28:34","SAFE2",440,38
908497,"Paris Saint-Germain FC","SM Caen","12/20/2017 20:28:35","AT2",441,38
908497,"Paris Saint-Germain FC","SM Caen","12/20/2017 20:28:38","SAFE1",442,38
908497,"Paris Saint-Germain FC","SM Caen","12/20/2017 20:28:43","AT1",443,38
908497,"Paris Saint-Germain FC","SM Caen","12/20/2017 20:28:44","DANGER1",444,39
908497,"Paris Saint-Germain FC","SM Caen","12/20/2017 20:28:44","DAT1",445,39
908497,"Paris Saint-Germain FC","SM Caen","12/20/2017 20:29:04","SHG1",446,39
908497,"Paris Saint-Germain FC","SM Caen","12/20/2017 20:29:06","SAFE2",447,39
908497,"Paris Saint-Germain FC","SM Caen","12/20/2017 20:29:30","SAFE1",448,39
908497,"Paris Saint-Germain FC","SM Caen","12/20/2017 20:29:36","SAFE1",449,39
908497,"Paris Saint-Germain FC","SM Caen","12/20/2017 20:29:45","AT1",450,40
908497,"Paris Saint-Germain FC","SM Caen","12/20/2017 20:29:50","SAFE2",451,40
908497,"Paris Saint-Germain FC","SM Caen","12/20/2017 20:29:55","AT2",452,40
908497,"Paris Saint-Germain FC","SM Caen","12/20/2017 20:29:56","DANGER2",453,40
908497,"Paris Saint-Germain FC","SM Caen","12/20/2017 20:29:56","DAT2",454,40
908497,"Paris Saint-Germain FC","SM Caen","12/20/2017 20:30:08","BLOCKED2",455,40
908497,"Paris Saint-Germain FC","SM Caen","12/20/2017 20:30:37","SAFE2",456,40
908497,"Paris Saint-Germain FC","SM Caen","12/20/2017 20:30:38","AT2",457,40
908497,"Paris Saint-Germain FC","SM Caen","12/20/2017 20:30:44","POSSIBLE_TI",458,41
908497,"Paris Saint-Germain FC","SM Caen","12/20/2017 20:30:46","TI1",459,41
908497,"Paris Saint-Germain FC","SM Caen","12/20/2017 20:30:47","Restart",460,41
908497,"Paris Saint-Germain FC","SM Caen","12/20/2017 20:30:56","AT1",461,41
908497,"Paris Saint-Germain FC","SM Caen","12/20/2017 20:30:56","DANGER1",462,41
908497,"Paris Saint-Germain FC","SM Caen","12/20/2017 20:30:56","DAT1",463,41
908497,"Paris Saint-Germain FC","SM Caen","12/20/2017 20:31:20","Possible Free Kick",464,41
908497,"Paris Saint-Germain FC","SM Caen","12/20/2017 20:31:25","POSSIBLE_CARDS",466,41
908497,"Paris Saint-Germain FC","SM Caen","12/20/2017 20:32:01","F2",467,42
908497,"Paris Saint-Germain FC","SM Caen","12/20/2017 20:32:01","FK1",468,42
908497,"Paris Saint-Germain FC","SM Caen","12/20/2017 20:32:01","DFK1",469,42
908497,"Paris Saint-Germain FC","SM Caen","12/20/2017 20:32:01","Ball Position",470,42
908497,"Paris Saint-Germain FC","SM Caen","12/20/2017 20:32:21","Restart",471,42
908497,"Paris Saint-Germain FC","SM Caen","12/20/2017 20:32:26","SHB1",472,42
908497,"Paris Saint-Germain FC","SM Caen","12/20/2017 20:32:27","SAFE2",473,42
908497,"Paris Saint-Germain FC","SM Caen","12/20/2017 20:32:27","GK2",474,42
908497,"Paris Saint-Germain FC","SM Caen","12/20/2017 20:32:51","Restart",475,43
908497,"Paris Saint-Germain FC","SM Caen","12/20/2017 20:33:04","AT1",476,43
908497,"Paris Saint-Germain FC","SM Caen","12/20/2017 20:33:05","DANGER1",477,43
908497,"Paris Saint-Germain FC","SM Caen","12/20/2017 20:33:05","DAT1",478,43
908497,"Paris Saint-Germain FC","SM Caen","12/20/2017 20:33:13","SAFE2",479,43
908497,"Paris Saint-Germain FC","SM Caen","12/20/2017 20:33:14","AT2",480,43
908497,"Paris Saint-Germain FC","SM Caen","12/20/2017 20:33:16","DANGER2",481,43
908497,"Paris Saint-Germain FC","SM Caen","12/20/2017 20:33:16","DAT2",482,43
908497,"Paris Saint-Germain FC","SM Caen","12/20/2017 20:33:24","SAFE1",483,43
908497,"Paris Saint-Germain FC","SM Caen","12/20/2017 20:33:24","GK1",484,43
908497,"Paris Saint-Germain FC","SM Caen","12/20/2017 20:33:34","Restart",485,43
908497,"Paris Saint-Germain FC","SM Caen","12/20/2017 20:33:48","SAFE1",486,44
908497,"Paris Saint-Germain FC","SM Caen","12/20/2017 20:33:50","AT1",487,44
908497,"Paris Saint-Germain FC","SM Caen","12/20/2017 20:33:56","DANGER1",488,44
908497,"Paris Saint-Germain FC","SM Caen","12/20/2017 20:33:56","DAT1",489,44
908497,"Paris Saint-Germain FC","SM Caen","12/20/2017 20:34:02","SAFE2",490,44
908497,"Paris Saint-Germain FC","SM Caen","12/20/2017 20:34:14","POSSIBLE_TI",491,44
908497,"Paris Saint-Germain FC","SM Caen","12/20/2017 20:34:15","TI1",492,44
908497,"Paris Saint-Germain FC","SM Caen","12/20/2017 20:34:15","Restart",493,44
908497,"Paris Saint-Germain FC","SM Caen","12/20/2017 20:34:23","POSSIBLE_TI",494,44
908497,"Paris Saint-Germain FC","SM Caen","12/20/2017 20:34:24","TI1",495,44
908497,"Paris Saint-Germain FC","SM Caen","12/20/2017 20:34:24","Restart",496,44
908497,"Paris Saint-Germain FC","SM Caen","12/20/2017 20:34:27","SAFE1",497,44
908497,"Paris Saint-Germain FC","SM Caen","12/20/2017 20:34:28","NO_Cards",498,44
908497,"Paris Saint-Germain FC","SM Caen","12/20/2017 20:34:30","AT1",499,44
908497,"Paris Saint-Germain FC","SM Caen","12/20/2017 20:34:32","DANGER1",500,44
908497,"Paris Saint-Germain FC","SM Caen","12/20/2017 20:34:32","DAT1",501,44
908497,"Paris Saint-Germain FC","SM Caen","12/20/2017 20:35:00","PCR1",502,45
908497,"Paris Saint-Germain FC","SM Caen","12/20/2017 20:35:10","NCR1",503,45
908497,"Paris Saint-Germain FC","SM Caen","12/20/2017 20:35:12","SAFE2",504,45
908497,"Paris Saint-Germain FC","SM Caen","12/20/2017 20:35:12","GK2",505,45
908497,"Paris Saint-Germain FC","SM Caen","12/20/2017 20:35:25","Restart",506,45
908497,"Paris Saint-Germain FC","SM Caen","12/20/2017 20:35:40","POSSIBLE_TI",507,45
908497,"Paris Saint-Germain FC","SM Caen","12/20/2017 20:35:41","TI1",508,45
908497,"Paris Saint-Germain FC","SM Caen","12/20/2017 20:35:42","Restart",509,45
908497,"Paris Saint-Germain FC","SM Caen","12/20/2017 20:35:48","Stop RT1",510,45
908497,"Paris Saint-Germain FC","SM Caen","12/20/2017 20:35:56","CONF_PERIOD_SCORE",511,45
908497,"Paris Saint-Germain FC","SM Caen","12/20/2017 20:52:57","Players are coming out",512,45
908497,"Paris Saint-Germain FC","SM Caen","12/20/2017 20:53:37","Game about to start",513,45
908497,"Paris Saint-Germain FC","SM Caen","12/20/2017 20:54:03","Start RT2 Team 2",514,46
908497,"Paris Saint-Germain FC","SM Caen","12/20/2017 20:54:05","SAFE2",515,46
908497,"Paris Saint-Germain FC","SM Caen","12/20/2017 20:54:07","AT2",516,46
908497,"Paris Saint-Germain FC","SM Caen","12/20/2017 20:54:15","SAFE1",517,46
908497,"Paris Saint-Germain FC","SM Caen","12/20/2017 20:54:18","AT1",518,46
908497,"Paris Saint-Germain FC","SM Caen","12/20/2017 20:54:20","DANGER1",519,46
908497,"Paris Saint-Germain FC","SM Caen","12/20/2017 20:54:20","DAT1",520,46
908497,"Paris Saint-Germain FC","SM Caen","12/20/2017 20:54:32","Possible Free Kick",521,46
908497,"Paris Saint-Germain FC","SM Caen","12/20/2017 20:54:34","SAFE2",523,46
908497,"Paris Saint-Germain FC","SM Caen","12/20/2017 20:54:34","F1",524,46
908497,"Paris Saint-Germain FC","SM Caen","12/20/2017 20:54:34","FK2",525,46
908497,"Paris Saint-Germain FC","SM Caen","12/20/2017 20:54:34","Ball Position",526,46
908497,"Paris Saint-Germain FC","SM Caen","12/20/2017 20:54:54","Restart",527,46
908497,"Paris Saint-Germain FC","SM Caen","12/20/2017 20:55:05","SAFE1",528,47
908497,"Paris Saint-Germain FC","SM Caen","12/20/2017 20:55:15","POSSIBLE_TI",529,47
908497,"Paris Saint-Germain FC","SM Caen","12/20/2017 20:55:17","TI2",530,47
908497,"Paris Saint-Germain FC","SM Caen","12/20/2017 20:55:19","Restart",531,47
908497,"Paris Saint-Germain FC","SM Caen","12/20/2017 20:55:25","AT2",532,47
908497,"Paris Saint-Germain FC","SM Caen","12/20/2017 20:55:27","DANGER2",533,47
908497,"Paris Saint-Germain FC","SM Caen","12/20/2017 20:55:27","DAT2",534,47
908497,"Paris Saint-Germain FC","SM Caen","12/20/2017 20:55:35","SAFE1",535,47
908497,"Paris Saint-Germain FC","SM Caen","12/20/2017 20:55:36","GK1",536,47
908497,"Paris Saint-Germain FC","SM Caen","12/20/2017 20:55:37","Restart",537,47
908497,"Paris Saint-Germain FC","SM Caen","12/20/2017 20:55:42","SAFE1",538,47
908497,"Paris Saint-Germain FC","SM Caen","12/20/2017 20:55:55","AT1",539,47
908497,"Paris Saint-Germain FC","SM Caen","12/20/2017 20:56:08","SAFE2",540,48
908497,"Paris Saint-Germain FC","SM Caen","12/20/2017 20:56:18","SAFE1",541,48
908497,"Paris Saint-Germain FC","SM Caen","12/20/2017 20:56:38","AT1",542,48
908497,"Paris Saint-Germain FC","SM Caen","12/20/2017 20:56:43","SAFE1",543,48
908497,"Paris Saint-Germain FC","SM Caen","12/20/2017 20:57:01","AT1",544,48
908497,"Paris Saint-Germain FC","SM Caen","12/20/2017 20:57:02","DANGER1",545,48
908497,"Paris Saint-Germain FC","SM Caen","12/20/2017 20:57:02","DAT1",546,48
908497,"Paris Saint-Germain FC","SM Caen","12/20/2017 20:57:11","SAFE2",547,49
908497,"Paris Saint-Germain FC","SM Caen","12/20/2017 20:57:22","POSSIBLE_TI",548,49
908497,"Paris Saint-Germain FC","SM Caen","12/20/2017 20:57:24","TI1",549,49
908497,"Paris Saint-Germain FC","SM Caen","12/20/2017 20:57:25","AT1",550,49
908497,"Paris Saint-Germain FC","SM Caen","12/20/2017 20:57:25","DANGER1",551,49
908497,"Paris Saint-Germain FC","SM Caen","12/20/2017 20:57:25","DAT1",552,49
908497,"Paris Saint-Germain FC","SM Caen","12/20/2017 20:57:56","POSSIBLE_CARDS",553,49
908497,"Paris Saint-Germain FC","SM Caen","12/20/2017 20:58:11","NO_Cards",554,50
908497,"Paris Saint-Germain FC","SM Caen","12/20/2017 20:58:12","Restart",555,50
908497,"Paris Saint-Germain FC","SM Caen","12/20/2017 20:58:21","SAFE2",556,50
908497,"Paris Saint-Germain FC","SM Caen","12/20/2017 20:58:28","POSSIBLE_TI",557,50
908497,"Paris Saint-Germain FC","SM Caen","12/20/2017 20:58:29","TI2",558,50
908497,"Paris Saint-Germain FC","SM Caen","12/20/2017 20:58:32","Restart",559,50
908497,"Paris Saint-Germain FC","SM Caen","12/20/2017 20:58:43","AT2",560,50
908497,"Paris Saint-Germain FC","SM Caen","12/20/2017 20:58:44","DANGER2",561,50
908497,"Paris Saint-Germain FC","SM Caen","12/20/2017 20:58:44","DAT2",562,50
908497,"Paris Saint-Germain FC","SM Caen","12/20/2017 20:58:56","Possible Free Kick",563,50
908497,"Paris Saint-Germain FC","SM Caen","12/20/2017 20:59:06","SAFE1",565,51
908497,"Paris Saint-Germain FC","SM Caen","12/20/2017 20:59:06","F2",566,51
908497,"Paris Saint-Germain FC","SM Caen","12/20/2017 20:59:06","FK1",567,51
908497,"Paris Saint-Germain FC","SM Caen","12/20/2017 20:59:06","Ball Position",568,51
908497,"Paris Saint-Germain FC","SM Caen","12/20/2017 20:59:07","Restart",569,51
908497,"Paris Saint-Germain FC","SM Caen","12/20/2017 20:59:20","AT1",570,51
908497,"Paris Saint-Germain FC","SM Caen","12/20/2017 20:59:23","DANGER1",571,51
908497,"Paris Saint-Germain FC","SM Caen","12/20/2017 20:59:23","DAT1",572,51
908497,"Paris Saint-Germain FC","SM Caen","12/20/2017 21:00:01","SHB1",573,51
908497,"Paris Saint-Germain FC","SM Caen","12/20/2017 21:00:02","SAFE2",574,51
908497,"Paris Saint-Germain FC","SM Caen","12/20/2017 21:00:03","GK2",575,51
908497,"Paris Saint-Germain FC","SM Caen","12/20/2017 21:00:11","Restart",576,52
908497,"Paris Saint-Germain FC","SM Caen","12/20/2017 21:00:14","POSSIBLE_TI",577,52
908497,"Paris Saint-Germain FC","SM Caen","12/20/2017 21:00:15","TI2",578,52
908497,"Paris Saint-Germain FC","SM Caen","12/20/2017 21:00:17","Restart",579,52
908497,"Paris Saint-Germain FC","SM Caen","12/20/2017 21:00:26","SAFE2",580,52
908497,"Paris Saint-Germain FC","SM Caen","12/20/2017 21:00:32","AT2",581,52
908497,"Paris Saint-Germain FC","SM Caen","12/20/2017 21:00:33","DANGER2",582,52
908497,"Paris Saint-Germain FC","SM Caen","12/20/2017 21:00:33","DAT2",583,52
908497,"Paris Saint-Germain FC","SM Caen","12/20/2017 21:00:45","POSSIBLE_TI",584,52
908497,"Paris Saint-Germain FC","SM Caen","12/20/2017 21:00:46","TI2",585,52
908497,"Paris Saint-Germain FC","SM Caen","12/20/2017 21:00:48","Restart",586,52
908497,"Paris Saint-Germain FC","SM Caen","12/20/2017 21:01:07","PCR2",587,53
908497,"Paris Saint-Germain FC","SM Caen","12/20/2017 21:01:09","SHG2",588,53
908497,"Paris Saint-Germain FC","SM Caen","12/20/2017 21:01:09","CR2",589,53
908497,"Paris Saint-Germain FC","SM Caen","12/20/2017 21:01:11","Ball Position",590,53
908497,"Paris Saint-Germain FC","SM Caen","12/20/2017 21:01:27","Restart",591,53
908497,"Paris Saint-Germain FC","SM Caen","12/20/2017 21:01:34","SAFE1",592,53
908497,"Paris Saint-Germain FC","SM Caen","12/20/2017 21:01:39","AT1",593,53
908497,"Paris Saint-Germain FC","SM Caen","12/20/2017 21:01:40","DANGER1",594,53
908497,"Paris Saint-Germain FC","SM Caen","12/20/2017 21:01:40","DAT1",595,53
908497,"Paris Saint-Germain FC","SM Caen","12/20/2017 21:01:47","SAFE2",596,53
908497,"Paris Saint-Germain FC","SM Caen","12/20/2017 21:01:59","SAFE2",597,53
908497,"Paris Saint-Germain FC","SM Caen","12/20/2017 21:02:10","SAFE1",598,54
908497,"Paris Saint-Germain FC","SM Caen","12/20/2017 21:02:12","AT1",599,54
908497,"Paris Saint-Germain FC","SM Caen","12/20/2017 21:02:51","DANGER1",600,54
908497,"Paris Saint-Germain FC","SM Caen","12/20/2017 21:02:51","DAT1",601,54
908497,"Paris Saint-Germain FC","SM Caen","12/20/2017 21:02:57","Possible Free Kick",602,54
908497,"Paris Saint-Germain FC","SM Caen","12/20/2017 21:02:58","POSSIBLE_CARDS",604,54
908497,"Paris Saint-Germain FC","SM Caen","12/20/2017 21:03:22","NO_Cards",605,55
908497,"Paris Saint-Germain FC","SM Caen","12/20/2017 21:03:25","F2",606,55
908497,"Paris Saint-Germain FC","SM Caen","12/20/2017 21:03:25","FK1",607,55
908497,"Paris Saint-Germain FC","SM Caen","12/20/2017 21:03:25","DFK1",608,55
908497,"Paris Saint-Germain FC","SM Caen","12/20/2017 21:03:25","Ball Position",609,55
908497,"Paris Saint-Germain FC","SM Caen","12/20/2017 21:03:54","Restart",610,55
908497,"Paris Saint-Germain FC","SM Caen","12/20/2017 21:03:57","PPEN",611,55
908497,"Paris Saint-Germain FC","SM Caen","12/20/2017 21:03:57","PPEN1",612,55
908497,"Paris Saint-Germain FC","SM Caen","12/20/2017 21:04:05","No PEN",613,56
908497,"Paris Saint-Germain FC","SM Caen","12/20/2017 21:04:06","PCR1",614,56
908497,"Paris Saint-Germain FC","SM Caen","12/20/2017 21:04:08","CR1",615,56
908497,"Paris Saint-Germain FC","SM Caen","12/20/2017 21:04:10","Ball Position",616,56
908497,"Paris Saint-Germain FC","SM Caen","12/20/2017 21:04:11","Restart",617,56
908497,"Paris Saint-Germain FC","SM Caen","12/20/2017 21:04:23","PCR1",618,56
908497,"Paris Saint-Germain FC","SM Caen","12/20/2017 21:04:26","SHB1",619,56
908497,"Paris Saint-Germain FC","SM Caen","12/20/2017 21:04:27","NCR1",620,56
908497,"Paris Saint-Germain FC","SM Caen","12/20/2017 21:04:28","SAFE2",621,56
908497,"Paris Saint-Germain FC","SM Caen","12/20/2017 21:04:29","GK2",622,56
908497,"Paris Saint-Germain FC","SM Caen","12/20/2017 21:04:44","Restart",623,56
908497,"Paris Saint-Germain FC","SM Caen","12/20/2017 21:05:05","SAFE2",624,57
908497,"Paris Saint-Germain FC","SM Caen","12/20/2017 21:05:10","SAFE2",625,57
908497,"Paris Saint-Germain FC","SM Caen","12/20/2017 21:05:12","AT1",626,57
908497,"Paris Saint-Germain FC","SM Caen","12/20/2017 21:05:18","DANGER1",627,57
908497,"Paris Saint-Germain FC","SM Caen","12/20/2017 21:05:18","DAT1",628,57
908497,"Paris Saint-Germain FC","SM Caen","12/20/2017 21:05:24","GOAL1",629,57
908497,"Paris Saint-Germain FC","SM Caen","12/20/2017 21:05:32","Scorer",630,57
908497,"Paris Saint-Germain FC","SM Caen","12/20/2017 21:05:40","Injury Break",631,57
908497,"Paris Saint-Germain FC","SM Caen","12/20/2017 21:06:18","CONF_GOAL1",632,58
908497,"Paris Saint-Germain FC","SM Caen","12/20/2017 21:07:00","Restart",633,58
908497,"Paris Saint-Germain FC","SM Caen","12/20/2017 21:07:00","KO2",634,58
908497,"Paris Saint-Germain FC","SM Caen","12/20/2017 21:07:00","SAFE2",635,58
908497,"Paris Saint-Germain FC","SM Caen","12/20/2017 21:07:01","SAFE2",636,58
908497,"Paris Saint-Germain FC","SM Caen","12/20/2017 21:07:07","AT2",637,59
908497,"Paris Saint-Germain FC","SM Caen","12/20/2017 21:07:08","Player_DATA_CONFIRMED",638,59
908497,"Paris Saint-Germain FC","SM Caen","12/20/2017 21:07:08","DANGER2",639,59
908497,"Paris Saint-Germain FC","SM Caen","12/20/2017 21:07:08","DAT2",640,59
908497,"Paris Saint-Germain FC","SM Caen","12/20/2017 21:07:09","POSSIBLE_TI",641,59
908497,"Paris Saint-Germain FC","SM Caen","12/20/2017 21:07:10","Assist",642,59
908497,"Paris Saint-Germain FC","SM Caen","12/20/2017 21:07:12","TI2",643,59
908497,"Paris Saint-Germain FC","SM Caen","12/20/2017 21:07:13","Restart",644,59
908497,"Paris Saint-Germain FC","SM Caen","12/20/2017 21:07:28","PCR2",645,59
908497,"Paris Saint-Germain FC","SM Caen","12/20/2017 21:07:34","CR2",646,59
908497,"Paris Saint-Germain FC","SM Caen","12/20/2017 21:07:35","Ball Position",647,59
908497,"Paris Saint-Germain FC","SM Caen","12/20/2017 21:07:53","Restart",648,59
908497,"Paris Saint-Germain FC","SM Caen","12/20/2017 21:08:02","SAFE1",649,59
908497,"Paris Saint-Germain FC","SM Caen","12/20/2017 21:08:03","AT1",650,59
908497,"Paris Saint-Germain FC","SM Caen","12/20/2017 21:08:04","DANGER1",651,60
908497,"Paris Saint-Germain FC","SM Caen","12/20/2017 21:08:04","DAT1",652,60
908497,"Paris Saint-Germain FC","SM Caen","12/20/2017 21:08:13","PCR1",653,60
908497,"Paris Saint-Germain FC","SM Caen","12/20/2017 21:08:24","CR1",654,60
908497,"Paris Saint-Germain FC","SM Caen","12/20/2017 21:08:26","Ball Position",655,60
908497,"Paris Saint-Germain FC","SM Caen","12/20/2017 21:08:42","Restart",656,60
908497,"Paris Saint-Germain FC","SM Caen","12/20/2017 21:09:32","SAFE2",657,61
908497,"Paris Saint-Germain FC","SM Caen","12/20/2017 21:09:43","SAFE2",658,61
908497,"Paris Saint-Germain FC","SM Caen","12/20/2017 21:09:54","AT1",659,61
908497,"Paris Saint-Germain FC","SM Caen","12/20/2017 21:09:55","DANGER1",660,61
908497,"Paris Saint-Germain FC","SM Caen","12/20/2017 21:09:55","DAT1",661,61
908497,"Paris Saint-Germain FC","SM Caen","12/20/2017 21:10:05","POSSIBLE_TI",662,62
908497,"Paris Saint-Germain FC","SM Caen","12/20/2017 21:10:06","TI1",663,62
908497,"Paris Saint-Germain FC","SM Caen","12/20/2017 21:10:09","Restart",664,62
908497,"Paris Saint-Germain FC","SM Caen","12/20/2017 21:10:23","SAFE2",665,62
908497,"Paris Saint-Germain FC","SM Caen","12/20/2017 21:10:25","AT1",666,62
908497,"Paris Saint-Germain FC","SM Caen","12/20/2017 21:10:25","DANGER1",667,62
908497,"Paris Saint-Germain FC","SM Caen","12/20/2017 21:10:25","DAT1",668,62
908497,"Paris Saint-Germain FC","SM Caen","12/20/2017 21:10:34","PCR1",669,62
908497,"Paris Saint-Germain FC","SM Caen","12/20/2017 21:10:37","SHG1",670,62
908497,"Paris Saint-Germain FC","SM Caen","12/20/2017 21:10:38","CR1",671,62
908497,"Paris Saint-Germain FC","SM Caen","12/20/2017 21:10:40","Ball Position",672,62
908497,"Paris Saint-Germain FC","SM Caen","12/20/2017 21:11:16","Restart",673,63
908497,"Paris Saint-Germain FC","SM Caen","12/20/2017 21:11:24","SHG1",674,63
908497,"Paris Saint-Germain FC","SM Caen","12/20/2017 21:11:27","SAFE2",675,63
908497,"Paris Saint-Germain FC","SM Caen","12/20/2017 21:11:28","GK2",676,63
908497,"Paris Saint-Germain FC","SM Caen","12/20/2017 21:11:47","Injury Break",677,63
908497,"Paris Saint-Germain FC","SM Caen","12/20/2017 21:13:00","SUB1",678,64
908497,"Paris Saint-Germain FC","SM Caen","12/20/2017 21:13:12","Player_DATA_CONFIRMED",679,65
908497,"Paris Saint-Germain FC","SM Caen","12/20/2017 21:13:12","Restart",680,65
908497,"Paris Saint-Germain FC","SM Caen","12/20/2017 21:13:29","SAFE1",681,65
908497,"Paris Saint-Germain FC","SM Caen","12/20/2017 21:13:40","SAFE1",682,65
908497,"Paris Saint-Germain FC","SM Caen","12/20/2017 21:13:59","SAFE2",683,65
908497,"Paris Saint-Germain FC","SM Caen","12/20/2017 21:14:11","SAFE1",684,66
908497,"Paris Saint-Germain FC","SM Caen","12/20/2017 21:14:16","AT1",685,66
908497,"Paris Saint-Germain FC","SM Caen","12/20/2017 21:14:28","DANGER1",686,66
908497,"Paris Saint-Germain FC","SM Caen","12/20/2017 21:14:28","DAT1",687,66
908497,"Paris Saint-Germain FC","SM Caen","12/20/2017 21:14:34","PPEN",688,66
908497,"Paris Saint-Germain FC","SM Caen","12/20/2017 21:14:34","PPEN1",689,66
908497,"Paris Saint-Germain FC","SM Caen","12/20/2017 21:14:37","No PEN",690,66
908497,"Paris Saint-Germain FC","SM Caen","12/20/2017 21:14:39","SAFE2",691,66
908497,"Paris Saint-Germain FC","SM Caen","12/20/2017 21:14:55","SAFE1",692,66
908497,"Paris Saint-Germain FC","SM Caen","12/20/2017 21:15:10","AT1",693,67
908497,"Paris Saint-Germain FC","SM Caen","12/20/2017 21:15:11","DANGER1",694,67
908497,"Paris Saint-Germain FC","SM Caen","12/20/2017 21:15:11","DAT1",695,67
908497,"Paris Saint-Germain FC","SM Caen","12/20/2017 21:15:26","POSSIBLE_TI",696,67
908497,"Paris Saint-Germain FC","SM Caen","12/20/2017 21:15:27","TI1",697,67
908497,"Paris Saint-Germain FC","SM Caen","12/20/2017 21:15:30","Restart",698,67
908497,"Paris Saint-Germain FC","SM Caen","12/20/2017 21:15:46","SAFE1",699,67
908497,"Paris Saint-Germain FC","SM Caen","12/20/2017 21:16:06","AT1",700,68
908497,"Paris Saint-Germain FC","SM Caen","12/20/2017 21:16:09","DANGER1",701,68
908497,"Paris Saint-Germain FC","SM Caen","12/20/2017 21:16:09","DAT1",702,68
908497,"Paris Saint-Germain FC","SM Caen","12/20/2017 21:16:20","POSSIBLE_TI",703,68
908497,"Paris Saint-Germain FC","SM Caen","12/20/2017 21:16:21","TI2",704,68
908497,"Paris Saint-Germain FC","SM Caen","12/20/2017 21:16:22","Restart",705,68
908497,"Paris Saint-Germain FC","SM Caen","12/20/2017 21:16:28","SAFE2",706,68
908497,"Paris Saint-Germain FC","SM Caen","12/20/2017 21:16:29","AT2",707,68
908497,"Paris Saint-Germain FC","SM Caen","12/20/2017 21:16:32","DANGER2",708,68
908497,"Paris Saint-Germain FC","SM Caen","12/20/2017 21:16:32","DAT2",709,68
908497,"Paris Saint-Germain FC","SM Caen","12/20/2017 21:16:40","SAFE1",710,68
908497,"Paris Saint-Germain FC","SM Caen","12/20/2017 21:16:42","AT1",711,68
908497,"Paris Saint-Germain FC","SM Caen","12/20/2017 21:16:50","DANGER1",712,68
908497,"Paris Saint-Germain FC","SM Caen","12/20/2017 21:16:50","DAT1",713,68
908497,"Paris Saint-Germain FC","SM Caen","12/20/2017 21:17:00","SAFE2",714,68
908497,"Paris Saint-Germain FC","SM Caen","12/20/2017 21:17:10","AT2",715,69
908497,"Paris Saint-Germain FC","SM Caen","12/20/2017 21:17:11","DANGER2",716,69
908497,"Paris Saint-Germain FC","SM Caen","12/20/2017 21:17:11","DAT2",717,69
908497,"Paris Saint-Germain FC","SM Caen","12/20/2017 21:17:20","SAFE1",718,69
908497,"Paris Saint-Germain FC","SM Caen","12/20/2017 21:17:27","AT1",719,69
908497,"Paris Saint-Germain FC","SM Caen","12/20/2017 21:17:28","DANGER1",720,69
908497,"Paris Saint-Germain FC","SM Caen","12/20/2017 21:17:28","DAT1",721,69
908497,"Paris Saint-Germain FC","SM Caen","12/20/2017 21:17:29","BREAKAWAY1",722,69
908497,"Paris Saint-Germain FC","SM Caen","12/20/2017 21:17:33","SHW1",723,69
908497,"Paris Saint-Germain FC","SM Caen","12/20/2017 21:17:41","PCR1",724,69
908497,"Paris Saint-Germain FC","SM Caen","12/20/2017 21:17:42","SHG1",725,69
908497,"Paris Saint-Germain FC","SM Caen","12/20/2017 21:17:43","CR1",726,69
908497,"Paris Saint-Germain FC","SM Caen","12/20/2017 21:17:44","Ball Position",727,69
908497,"Paris Saint-Germain FC","SM Caen","12/20/2017 21:18:05","Restart",728,70
908497,"Paris Saint-Germain FC","SM Caen","12/20/2017 21:18:21","POSSIBLE_TI",729,70
908497,"Paris Saint-Germain FC","SM Caen","12/20/2017 21:18:32","TI2",730,70
908497,"Paris Saint-Germain FC","SM Caen","12/20/2017 21:18:41","Restart",731,70
908497,"Paris Saint-Germain FC","SM Caen","12/20/2017 21:18:43","CLS",732,70
908497,"Paris Saint-Germain FC","SM Caen","12/20/2017 21:18:58","SUB2",733,70
908497,"Paris Saint-Germain FC","SM Caen","12/20/2017 21:19:09","SUB2",734,71
908497,"Paris Saint-Germain FC","SM Caen","12/20/2017 21:19:34","SUB1",735,71
908497,"Paris Saint-Germain FC","SM Caen","12/20/2017 21:20:01","Restart",736,71
908497,"Paris Saint-Germain FC","SM Caen","12/20/2017 21:20:07","SAFE1",737,72
908497,"Paris Saint-Germain FC","SM Caen","12/20/2017 21:20:14","AT1",738,72
908497,"Paris Saint-Germain FC","SM Caen","12/20/2017 21:20:16","DANGER1",739,72
908497,"Paris Saint-Germain FC","SM Caen","12/20/2017 21:20:16","DAT1",740,72
908497,"Paris Saint-Germain FC","SM Caen","12/20/2017 21:20:40","Possible Free Kick",741,72
908497,"Paris Saint-Germain FC","SM Caen","12/20/2017 21:20:42","SAFE2",743,72
908497,"Paris Saint-Germain FC","SM Caen","12/20/2017 21:20:42","O1",744,72
908497,"Paris Saint-Germain FC","SM Caen","12/20/2017 21:20:42","FK2",745,72
908497,"Paris Saint-Germain FC","SM Caen","12/20/2017 21:20:42","Ball Position",746,72
908497,"Paris Saint-Germain FC","SM Caen","12/20/2017 21:20:43","Restart",747,72
908497,"Paris Saint-Germain FC","SM Caen","12/20/2017 21:20:56","POSSIBLE_TI",748,72
908497,"Paris Saint-Germain FC","SM Caen","12/20/2017 21:20:58","TI2",749,72
908497,"Paris Saint-Germain FC","SM Caen","12/20/2017 21:20:59","Restart",750,72
908497,"Paris Saint-Germain FC","SM Caen","12/20/2017 21:21:10","Player_DATA_CONFIRMED",751,73
908497,"Paris Saint-Germain FC","SM Caen","12/20/2017 21:21:11","Possible Free Kick",752,73
908497,"Paris Saint-Germain FC","SM Caen","12/20/2017 21:21:12","F1",754,73
908497,"Paris Saint-Germain FC","SM Caen","12/20/2017 21:21:12","FK2",755,73
908497,"Paris Saint-Germain FC","SM Caen","12/20/2017 21:21:12","DANGER2",756,73
908497,"Paris Saint-Germain FC","SM Caen","12/20/2017 21:21:12","DFK2",757,73
908497,"Paris Saint-Germain FC","SM Caen","12/20/2017 21:21:12","Ball Position",758,73
908497,"Paris Saint-Germain FC","SM Caen","12/20/2017 21:21:39","Restart",759,73
908497,"Paris Saint-Germain FC","SM Caen","12/20/2017 21:21:44","Player_DATA_CONFIRMED",760,73
908497,"Paris Saint-Germain FC","SM Caen","12/20/2017 21:21:46","SAFE1",761,73
908497,"Paris Saint-Germain FC","SM Caen","12/20/2017 21:21:46","Player_DATA_CONFIRMED",762,73
908497,"Paris Saint-Germain FC","SM Caen","12/20/2017 21:21:47","AT1",763,73
908497,"Paris Saint-Germain FC","SM Caen","12/20/2017 21:21:48","DANGER1",764,73
908497,"Paris Saint-Germain FC","SM Caen","12/20/2017 21:21:48","DAT1",765,73
908497,"Paris Saint-Germain FC","SM Caen","12/20/2017 21:21:59","PCR1",766,73
908497,"Paris Saint-Germain FC","SM Caen","12/20/2017 21:22:06","NCR1",767,74
908497,"Paris Saint-Germain FC","SM Caen","12/20/2017 21:22:08","Possible Free Kick",768,74
908497,"Paris Saint-Germain FC","SM Caen","12/20/2017 21:22:09","F2",770,74
908497,"Paris Saint-Germain FC","SM Caen","12/20/2017 21:22:09","FK1",771,74
908497,"Paris Saint-Germain FC","SM Caen","12/20/2017 21:22:09","DFK1",772,74
908497,"Paris Saint-Germain FC","SM Caen","12/20/2017 21:22:09","Ball Position",773,74
908497,"Paris Saint-Germain FC","SM Caen","12/20/2017 21:22:42","Restart",774,74
908497,"Paris Saint-Germain FC","SM Caen","12/20/2017 21:22:53","POSSIBLE_TI",775,74
908497,"Paris Saint-Germain FC","SM Caen","12/20/2017 21:22:53","TI2",776,74
908497,"Paris Saint-Germain FC","SM Caen","12/20/2017 21:23:01","Restart",777,74
908497,"Paris Saint-Germain FC","SM Caen","12/20/2017 21:23:07","SAFE1",778,75
908497,"Paris Saint-Germain FC","SM Caen","12/20/2017 21:23:25","AT1",779,75
908497,"Paris Saint-Germain FC","SM Caen","12/20/2017 21:23:27","DANGER1",780,75
908497,"Paris Saint-Germain FC","SM Caen","12/20/2017 21:23:27","DAT1",781,75
908497,"Paris Saint-Germain FC","SM Caen","12/20/2017 21:23:51","SAFE2",782,75
908497,"Paris Saint-Germain FC","SM Caen","12/20/2017 21:23:55","AT1",783,75
908497,"Paris Saint-Germain FC","SM Caen","12/20/2017 21:23:56","DANGER1",784,75
908497,"Paris Saint-Germain FC","SM Caen","12/20/2017 21:23:56","DAT1",785,75
908497,"Paris Saint-Germain FC","SM Caen","12/20/2017 21:24:05","POSSIBLE_TI",786,76
908497,"Paris Saint-Germain FC","SM Caen","12/20/2017 21:24:07","TI1",787,76
908497,"Paris Saint-Germain FC","SM Caen","12/20/2017 21:24:13","Restart",788,76
908497,"Paris Saint-Germain FC","SM Caen","12/20/2017 21:24:23","SHB1",789,76
908497,"Paris Saint-Germain FC","SM Caen","12/20/2017 21:24:23","SAFE2",790,76
908497,"Paris Saint-Germain FC","SM Caen","12/20/2017 21:24:23","GK2",791,76
908497,"Paris Saint-Germain FC","SM Caen","12/20/2017 21:24:46","Restart",792,76
908497,"Paris Saint-Germain FC","SM Caen","12/20/2017 21:24:55","SAFE2",793,76
908497,"Paris Saint-Germain FC","SM Caen","12/20/2017 21:25:05","AT2",794,77
908497,"Paris Saint-Germain FC","SM Caen","12/20/2017 21:25:06","DANGER2",795,77
908497,"Paris Saint-Germain FC","SM Caen","12/20/2017 21:25:06","DAT2",796,77
908497,"Paris Saint-Germain FC","SM Caen","12/20/2017 21:25:11","POSSIBLE_TI",797,77
908497,"Paris Saint-Germain FC","SM Caen","12/20/2017 21:25:12","TI2",798,77
908497,"Paris Saint-Germain FC","SM Caen","12/20/2017 21:25:17","Restart",799,77
908497,"Paris Saint-Germain FC","SM Caen","12/20/2017 21:25:18","Possible Free Kick",800,77
908497,"Paris Saint-Germain FC","SM Caen","12/20/2017 21:25:18","F1",802,77
908497,"Paris Saint-Germain FC","SM Caen","12/20/2017 21:25:18","FK2",803,77
908497,"Paris Saint-Germain FC","SM Caen","12/20/2017 21:25:18","DFK2",804,77
908497,"Paris Saint-Germain FC","SM Caen","12/20/2017 21:25:18","Ball Position",805,77
908497,"Paris Saint-Germain FC","SM Caen","12/20/2017 21:25:32","Restart",806,77
908497,"Paris Saint-Germain FC","SM Caen","12/20/2017 21:25:38","PCR2",807,77
908497,"Paris Saint-Germain FC","SM Caen","12/20/2017 21:25:40","SHG2",808,77
908497,"Paris Saint-Germain FC","SM Caen","12/20/2017 21:25:43","CR2",809,77
908497,"Paris Saint-Germain FC","SM Caen","12/20/2017 21:25:44","Ball Position",810,77
908497,"Paris Saint-Germain FC","SM Caen","12/20/2017 21:26:08","Restart",811,78
908497,"Paris Saint-Germain FC","SM Caen","12/20/2017 21:26:13","SAFE1",812,78
908497,"Paris Saint-Germain FC","SM Caen","12/20/2017 21:26:21","AT1",813,78
908497,"Paris Saint-Germain FC","SM Caen","12/20/2017 21:26:28","SAFE2",814,78
908497,"Paris Saint-Germain FC","SM Caen","12/20/2017 21:26:31","Possible Free Kick",815,78
908497,"Paris Saint-Germain FC","SM Caen","12/20/2017 21:26:33","SAFE1",817,78
908497,"Paris Saint-Germain FC","SM Caen","12/20/2017 21:26:33","F2",818,78
908497,"Paris Saint-Germain FC","SM Caen","12/20/2017 21:26:33","FK1",819,78
908497,"Paris Saint-Germain FC","SM Caen","12/20/2017 21:26:33","Ball Position",820,78
908497,"Paris Saint-Germain FC","SM Caen","12/20/2017 21:26:42","Restart",821,78
908497,"Paris Saint-Germain FC","SM Caen","12/20/2017 21:26:53","AT1",822,78
908497,"Paris Saint-Germain FC","SM Caen","12/20/2017 21:26:54","DANGER1",823,78
908497,"Paris Saint-Germain FC","SM Caen","12/20/2017 21:26:54","DAT1",824,78
908497,"Paris Saint-Germain FC","SM Caen","12/20/2017 21:26:57","POSSIBLE_TI",825,78
908497,"Paris Saint-Germain FC","SM Caen","12/20/2017 21:26:58","TI2",826,78
908497,"Paris Saint-Germain FC","SM Caen","12/20/2017 21:27:02","Restart",827,78
908497,"Paris Saint-Germain FC","SM Caen","12/20/2017 21:27:17","SAFE1",828,79
908497,"Paris Saint-Germain FC","SM Caen","12/20/2017 21:27:24","Possible Free Kick",829,79
908497,"Paris Saint-Germain FC","SM Caen","12/20/2017 21:27:26","FK1",831,79
908497,"Paris Saint-Germain FC","SM Caen","12/20/2017 21:27:26","Ball Position",832,79
908497,"Paris Saint-Germain FC","SM Caen","12/20/2017 21:27:27","Restart",833,79
908497,"Paris Saint-Germain FC","SM Caen","12/20/2017 21:27:34","SAFE1",834,79
908497,"Paris Saint-Germain FC","SM Caen","12/20/2017 21:27:44","Possible Free Kick",835,79
908497,"Paris Saint-Germain FC","SM Caen","12/20/2017 21:27:46","F2",837,79
908497,"Paris Saint-Germain FC","SM Caen","12/20/2017 21:27:46","FK1",838,79
908497,"Paris Saint-Germain FC","SM Caen","12/20/2017 21:27:46","DANGER1",839,79
908497,"Paris Saint-Germain FC","SM Caen","12/20/2017 21:27:46","DFK1",840,79
908497,"Paris Saint-Germain FC","SM Caen","12/20/2017 21:27:46","Ball Position",841,79
908497,"Paris Saint-Germain FC","SM Caen","12/20/2017 21:27:54","Restart",842,79
908497,"Paris Saint-Germain FC","SM Caen","12/20/2017 21:27:56","SAFE1",843,79
908497,"Paris Saint-Germain FC","SM Caen","12/20/2017 21:28:11","AT1",844,80
908497,"Paris Saint-Germain FC","SM Caen","12/20/2017 21:28:39","DANGER1",845,80
908497,"Paris Saint-Germain FC","SM Caen","12/20/2017 21:28:39","DAT1",846,80
908497,"Paris Saint-Germain FC","SM Caen","12/20/2017 21:29:09","SAFE2",847,81
908497,"Paris Saint-Germain FC","SM Caen","12/20/2017 21:29:16","SAFE1",848,81
908497,"Paris Saint-Germain FC","SM Caen","12/20/2017 21:29:21","AT1",849,81
908497,"Paris Saint-Germain FC","SM Caen","12/20/2017 21:29:24","DANGER1",850,81
908497,"Paris Saint-Germain FC","SM Caen","12/20/2017 21:29:24","DAT1",851,81
908497,"Paris Saint-Germain FC","SM Caen","12/20/2017 21:29:34","GOAL1",852,81
908497,"Paris Saint-Germain FC","SM Caen","12/20/2017 21:29:50","Scorer",853,81
908497,"Paris Saint-Germain FC","SM Caen","12/20/2017 21:29:59","CONF_GOAL1",854,81
908497,"Paris Saint-Germain FC","SM Caen","12/20/2017 21:30:19","SUB1",855,82
908497,"Paris Saint-Germain FC","SM Caen","12/20/2017 21:30:37","KO2",856,82
908497,"Paris Saint-Germain FC","SM Caen","12/20/2017 21:30:37","SAFE2",857,82
908497,"Paris Saint-Germain FC","SM Caen","12/20/2017 21:30:38","SAFE2",858,82
908497,"Paris Saint-Germain FC","SM Caen","12/20/2017 21:30:47","Possible Free Kick",859,82
908497,"Paris Saint-Germain FC","SM Caen","12/20/2017 21:30:48","F1",861,82
908497,"Paris Saint-Germain FC","SM Caen","12/20/2017 21:30:48","FK2",862,82
908497,"Paris Saint-Germain FC","SM Caen","12/20/2017 21:30:48","DANGER2",863,82
908497,"Paris Saint-Germain FC","SM Caen","12/20/2017 21:30:48","DFK2",864,82
908497,"Paris Saint-Germain FC","SM Caen","12/20/2017 21:30:48","Ball Position",865,82
908497,"Paris Saint-Germain FC","SM Caen","12/20/2017 21:31:02","Player_DATA_CONFIRMED",866,82
908497,"Paris Saint-Germain FC","SM Caen","12/20/2017 21:31:10","Player_DATA_CONFIRMED",867,83
908497,"Paris Saint-Germain FC","SM Caen","12/20/2017 21:31:10","Assist",868,83
908497,"Paris Saint-Germain FC","SM Caen","12/20/2017 21:31:10","Player_DATA_CONFIRMED",869,83
908497,"Paris Saint-Germain FC","SM Caen","12/20/2017 21:31:15","Restart",870,83
908497,"Paris Saint-Germain FC","SM Caen","12/20/2017 21:31:20","SAFE1",871,83
908497,"Paris Saint-Germain FC","SM Caen","12/20/2017 21:31:26","AT1",872,83
908497,"Paris Saint-Germain FC","SM Caen","12/20/2017 21:31:26","DANGER1",873,83
908497,"Paris Saint-Germain FC","SM Caen","12/20/2017 21:31:26","DAT1",874,83
908497,"Paris Saint-Germain FC","SM Caen","12/20/2017 21:31:37","SAFE2",875,83
908497,"Paris Saint-Germain FC","SM Caen","12/20/2017 21:31:54","AT2",876,83
908497,"Paris Saint-Germain FC","SM Caen","12/20/2017 21:31:54","DANGER2",877,83
908497,"Paris Saint-Germain FC","SM Caen","12/20/2017 21:31:54","DAT2",878,83
908497,"Paris Saint-Germain FC","SM Caen","12/20/2017 21:31:57","SAFE1",879,83
908497,"Paris Saint-Germain FC","SM Caen","12/20/2017 21:32:19","AT1",880,84
908497,"Paris Saint-Germain FC","SM Caen","12/20/2017 21:32:44","POSSIBLE_TI",881,84
908497,"Paris Saint-Germain FC","SM Caen","12/20/2017 21:32:45","TI1",882,84
908497,"Paris Saint-Germain FC","SM Caen","12/20/2017 21:32:48","Restart",883,84
908497,"Paris Saint-Germain FC","SM Caen","12/20/2017 21:32:53","SAFE2",884,84
908497,"Paris Saint-Germain FC","SM Caen","12/20/2017 21:32:58","AT1",885,84
908497,"Paris Saint-Germain FC","SM Caen","12/20/2017 21:32:59","DANGER1",886,84
908497,"Paris Saint-Germain FC","SM Caen","12/20/2017 21:32:59","DAT1",887,84
908497,"Paris Saint-Germain FC","SM Caen","12/20/2017 21:33:10","SAFE2",888,85
908497,"Paris Saint-Germain FC","SM Caen","12/20/2017 21:33:15","POSSIBLE_TI",889,85
908497,"Paris Saint-Germain FC","SM Caen","12/20/2017 21:33:17","TI2",890,85
908497,"Paris Saint-Germain FC","SM Caen","12/20/2017 21:33:23","Restart",891,85
908497,"Paris Saint-Germain FC","SM Caen","12/20/2017 21:33:40","AT2",892,85
908497,"Paris Saint-Germain FC","SM Caen","12/20/2017 21:33:41","DANGER2",893,85
908497,"Paris Saint-Germain FC","SM Caen","12/20/2017 21:33:41","DAT2",894,85
908497,"Paris Saint-Germain FC","SM Caen","12/20/2017 21:33:43","POSSIBLE_TI",895,85
908497,"Paris Saint-Germain FC","SM Caen","12/20/2017 21:33:44","TI1",896,85
908497,"Paris Saint-Germain FC","SM Caen","12/20/2017 21:33:59","Restart",897,85
908497,"Paris Saint-Germain FC","SM Caen","12/20/2017 21:34:02","SAFE1",898,85
908497,"Paris Saint-Germain FC","SM Caen","12/20/2017 21:34:12","AT2",899,86
908497,"Paris Saint-Germain FC","SM Caen","12/20/2017 21:34:13","DANGER2",900,86
908497,"Paris Saint-Germain FC","SM Caen","12/20/2017 21:34:13","DAT2",901,86
908497,"Paris Saint-Germain FC","SM Caen","12/20/2017 21:34:28","SAFE1",902,86
908497,"Paris Saint-Germain FC","SM Caen","12/20/2017 21:34:36","AT1",903,86
908497,"Paris Saint-Germain FC","SM Caen","12/20/2017 21:34:37","DANGER1",904,86
908497,"Paris Saint-Germain FC","SM Caen","12/20/2017 21:34:37","DAT1",905,86
908497,"Paris Saint-Germain FC","SM Caen","12/20/2017 21:34:43","SAFE2",906,86
908497,"Paris Saint-Germain FC","SM Caen","12/20/2017 21:34:49","AT2",907,86
908497,"Paris Saint-Germain FC","SM Caen","12/20/2017 21:34:50","DANGER2",908,86
908497,"Paris Saint-Germain FC","SM Caen","12/20/2017 21:34:50","DAT2",909,86
908497,"Paris Saint-Germain FC","SM Caen","12/20/2017 21:35:07","SAFE1",910,87
908497,"Paris Saint-Germain FC","SM Caen","12/20/2017 21:35:08","AT1",911,87
908497,"Paris Saint-Germain FC","SM Caen","12/20/2017 21:35:10","DANGER1",912,87
908497,"Paris Saint-Germain FC","SM Caen","12/20/2017 21:35:10","DAT1",913,87
908497,"Paris Saint-Germain FC","SM Caen","12/20/2017 21:35:16","POSSIBLE_TI",914,87
908497,"Paris Saint-Germain FC","SM Caen","12/20/2017 21:35:17","TI1",915,87
908497,"Paris Saint-Germain FC","SM Caen","12/20/2017 21:35:22","Restart",916,87
908497,"Paris Saint-Germain FC","SM Caen","12/20/2017 21:35:33","SAFE1",917,87
908497,"Paris Saint-Germain FC","SM Caen","12/20/2017 21:35:45","AT1",918,87
908497,"Paris Saint-Germain FC","SM Caen","12/20/2017 21:35:50","DANGER1",919,87
908497,"Paris Saint-Germain FC","SM Caen","12/20/2017 21:35:50","DAT1",920,87
908497,"Paris Saint-Germain FC","SM Caen","12/20/2017 21:35:53","Possible Free Kick",921,87
908497,"Paris Saint-Germain FC","SM Caen","12/20/2017 21:35:54","SAFE2",923,87
908497,"Paris Saint-Germain FC","SM Caen","12/20/2017 21:35:54","O1",924,87
908497,"Paris Saint-Germain FC","SM Caen","12/20/2017 21:35:54","FK2",925,87
908497,"Paris Saint-Germain FC","SM Caen","12/20/2017 21:35:54","Ball Position",926,87
908497,"Paris Saint-Germain FC","SM Caen","12/20/2017 21:36:19","Restart",927,88
908497,"Paris Saint-Germain FC","SM Caen","12/20/2017 21:36:20","SAFE1",928,88
908497,"Paris Saint-Germain FC","SM Caen","12/20/2017 21:36:27","AT1",929,88
908497,"Paris Saint-Germain FC","SM Caen","12/20/2017 21:36:28","DANGER1",930,88
908497,"Paris Saint-Germain FC","SM Caen","12/20/2017 21:36:28","DAT1",931,88
908497,"Paris Saint-Germain FC","SM Caen","12/20/2017 21:36:34","SAFE2",932,88
908497,"Paris Saint-Germain FC","SM Caen","12/20/2017 21:36:42","AT1",933,88
908497,"Paris Saint-Germain FC","SM Caen","12/20/2017 21:36:46","DANGER1",934,88
908497,"Paris Saint-Germain FC","SM Caen","12/20/2017 21:36:46","DAT1",935,88
908497,"Paris Saint-Germain FC","SM Caen","12/20/2017 21:36:54","PPEN",936,88
908497,"Paris Saint-Germain FC","SM Caen","12/20/2017 21:36:54","PPEN1",937,88
908497,"Paris Saint-Germain FC","SM Caen","12/20/2017 21:36:59","No PEN",938,88
908497,"Paris Saint-Germain FC","SM Caen","12/20/2017 21:37:01","SAFE2",939,88
908497,"Paris Saint-Germain FC","SM Caen","12/20/2017 21:37:01","GK2",940,88
908497,"Paris Saint-Germain FC","SM Caen","12/20/2017 21:37:08","CLS",941,89
908497,"Paris Saint-Germain FC","SM Caen","12/20/2017 21:37:09","SAFE2",942,89
908497,"Paris Saint-Germain FC","SM Caen","12/20/2017 21:37:11","AT2",943,89
908497,"Paris Saint-Germain FC","SM Caen","12/20/2017 21:37:12","DANGER2",944,89
908497,"Paris Saint-Germain FC","SM Caen","12/20/2017 21:37:12","DAT2",945,89
908497,"Paris Saint-Germain FC","SM Caen","12/20/2017 21:37:37","PPEN",946,89
908497,"Paris Saint-Germain FC","SM Caen","12/20/2017 21:37:37","PPEN2",947,89
908497,"Paris Saint-Germain FC","SM Caen","12/20/2017 21:37:44","PEN2",948,89
908497,"Paris Saint-Germain FC","SM Caen","12/20/2017 21:37:47","POSSIBLE_CARDS",949,89
908497,"Paris Saint-Germain FC","SM Caen","12/20/2017 21:37:52","YC1",950,89
908497,"Paris Saint-Germain FC","SM Caen","12/20/2017 21:37:53","CONF_YC1",951,89
908497,"Paris Saint-Germain FC","SM Caen","12/20/2017 21:38:02","Scorer",952,89
908497,"Paris Saint-Germain FC","SM Caen","12/20/2017 21:38:11","Player_DATA_CONFIRMED",953,90
908497,"Paris Saint-Germain FC","SM Caen","12/20/2017 21:38:12","Scorer",954,90
908497,"Paris Saint-Germain FC","SM Caen","12/20/2017 21:38:24","GOAL2",955,90
908497,"Paris Saint-Germain FC","SM Caen","12/20/2017 21:38:25","Scorer",956,90
908497,"Paris Saint-Germain FC","SM Caen","12/20/2017 21:38:36","Player_DATA_CONFIRMED",957,90
908497,"Paris Saint-Germain FC","SM Caen","12/20/2017 21:38:41","CONF_GOAL2",958,90
908497,"Paris Saint-Germain FC","SM Caen","12/20/2017 21:38:53","KO1",959,90
908497,"Paris Saint-Germain FC","SM Caen","12/20/2017 21:38:53","SAFE1",960,90
908497,"Paris Saint-Germain FC","SM Caen","12/20/2017 21:38:58","CLS",961,90
908497,"Paris Saint-Germain FC","SM Caen","12/20/2017 21:39:12","Extra Time",962,91
908497,"Paris Saint-Germain FC","SM Caen","12/20/2017 21:39:13","KO1",963,91
908497,"Paris Saint-Germain FC","SM Caen","12/20/2017 21:39:13","SAFE1",964,91
908497,"Paris Saint-Germain FC","SM Caen","12/20/2017 21:39:14","AT1",965,91
908497,"Paris Saint-Germain FC","SM Caen","12/20/2017 21:39:17","DANGER1",966,91
908497,"Paris Saint-Germain FC","SM Caen","12/20/2017 21:39:17","DAT1",967,91
908497,"Paris Saint-Germain FC","SM Caen","12/20/2017 21:39:34","SAFE1",968,91
908497,"Paris Saint-Germain FC","SM Caen","12/20/2017 21:39:39","AT1",969,91
908497,"Paris Saint-Germain FC","SM Caen","12/20/2017 21:39:46","DANGER1",970,91
908497,"Paris Saint-Germain FC","SM Caen","12/20/2017 21:39:46","DAT1",971,91
908497,"Paris Saint-Germain FC","SM Caen","12/20/2017 21:39:53","SAFE2",972,91
908497,"Paris Saint-Germain FC","SM Caen","12/20/2017 21:39:59","AT2",973,91
908497,"Paris Saint-Germain FC","SM Caen","12/20/2017 21:40:00","DANGER2",974,91
908497,"Paris Saint-Germain FC","SM Caen","12/20/2017 21:40:00","DAT2",975,91
908497,"Paris Saint-Germain FC","SM Caen","12/20/2017 21:40:08","SAFE1",976,92
908497,"Paris Saint-Germain FC","SM Caen","12/20/2017 21:40:09","AT1",977,92
908497,"Paris Saint-Germain FC","SM Caen","12/20/2017 21:40:11","DANGER1",978,92
908497,"Paris Saint-Germain FC","SM Caen","12/20/2017 21:40:11","DAT1",979,92
908497,"Paris Saint-Germain FC","SM Caen","12/20/2017 21:40:12","BREAKAWAY1",980,92
908497,"Paris Saint-Germain FC","SM Caen","12/20/2017 21:40:17","SAFE2",981,92
908497,"Paris Saint-Germain FC","SM Caen","12/20/2017 21:40:24","AT2",982,92
908497,"Paris Saint-Germain FC","SM Caen","12/20/2017 21:40:25","DANGER2",983,92
908497,"Paris Saint-Germain FC","SM Caen","12/20/2017 21:40:25","DAT2",984,92
908497,"Paris Saint-Germain FC","SM Caen","12/20/2017 21:40:42","Player_DATA_CONFIRMED",985,92
908497,"Paris Saint-Germain FC","SM Caen","12/20/2017 21:41:01","Possible Free Kick",986,92
908497,"Paris Saint-Germain FC","SM Caen","12/20/2017 21:41:02","SAFE1",988,92
908497,"Paris Saint-Germain FC","SM Caen","12/20/2017 21:41:02","F2",989,92
908497,"Paris Saint-Germain FC","SM Caen","12/20/2017 21:41:02","FK1",990,92
908497,"Paris Saint-Germain FC","SM Caen","12/20/2017 21:41:02","Ball Position",991,92
908497,"Paris Saint-Germain FC","SM Caen","12/20/2017 21:41:12","Restart",992,93
908497,"Paris Saint-Germain FC","SM Caen","12/20/2017 21:41:23","Stop RT2",993,93
908497,"Paris Saint-Germain FC","SM Caen","12/20/2017 21:41:23","Stop Game",994,93
908497,"Paris Saint-Germain FC","SM Caen","12/20/2017 21:41:28","CONF_PERIOD_SCORE",995,92
