"RBallID","HomeTeam","AwayTeam","Timestamp","Incident","IncidentNumber","Minute"
942882,"OSC Lille","Montpellier HSC","03/10/2018 18:01:24","Lineup changed",0,0
942882,"OSC Lille","Montpellier HSC","03/10/2018 18:01:50","Transmission Online",1,0
942882,"OSC Lille","Montpellier HSC","03/10/2018 18:01:50","Scout in Stadion",2,0
942882,"OSC Lille","Montpellier HSC","03/10/2018 18:37:14","GCC",3,0
942882,"OSC Lille","Montpellier HSC","03/10/2018 18:51:23","GCC",4,0
942882,"OSC Lille","Montpellier HSC","03/10/2018 18:56:13","Players are coming out",5,0
942882,"OSC Lille","Montpellier HSC","03/10/2018 18:56:39","Jersey Changed",6,0
942882,"OSC Lille","Montpellier HSC","03/10/2018 18:56:39","Jersey Changed",7,0
942882,"OSC Lille","Montpellier HSC","03/10/2018 18:56:44","Players lined up",8,0
942882,"OSC Lille","Montpellier HSC","03/10/2018 18:57:24","Shake hands",9,0
942882,"OSC Lille","Montpellier HSC","03/10/2018 18:57:25","Flip coin",10,0
942882,"OSC Lille","Montpellier HSC","03/10/2018 18:58:00","Minute of silent",11,0
942882,"OSC Lille","Montpellier HSC","03/10/2018 18:59:33","System Message",12,0
942882,"OSC Lille","Montpellier HSC","03/10/2018 18:59:44","Game about to start",13,0
942882,"OSC Lille","Montpellier HSC","03/10/2018 19:00:02","Start RT1 Team 2",14,1
942882,"OSC Lille","Montpellier HSC","03/10/2018 19:00:14","SAFE2",15,1
942882,"OSC Lille","Montpellier HSC","03/10/2018 19:00:17","AT2",16,1
942882,"OSC Lille","Montpellier HSC","03/10/2018 19:00:21","SAFE1",17,1
942882,"OSC Lille","Montpellier HSC","03/10/2018 19:00:21","AT1",18,1
942882,"OSC Lille","Montpellier HSC","03/10/2018 19:00:26","DANGER1",19,1
942882,"OSC Lille","Montpellier HSC","03/10/2018 19:00:26","DAT1",20,1
942882,"OSC Lille","Montpellier HSC","03/10/2018 19:00:45","PCR1",21,1
942882,"OSC Lille","Montpellier HSC","03/10/2018 19:00:50","CR1",22,1
942882,"OSC Lille","Montpellier HSC","03/10/2018 19:00:51","Ball Position",23,1
942882,"OSC Lille","Montpellier HSC","03/10/2018 19:01:06","POSSIBLE_CARDS",24,2
942882,"OSC Lille","Montpellier HSC","03/10/2018 19:01:23","NO_Cards",25,2
942882,"OSC Lille","Montpellier HSC","03/10/2018 19:01:26","Restart",26,2
942882,"OSC Lille","Montpellier HSC","03/10/2018 19:01:32","POSSIBLE_TI",27,2
942882,"OSC Lille","Montpellier HSC","03/10/2018 19:01:32","TI1",28,2
942882,"OSC Lille","Montpellier HSC","03/10/2018 19:01:36","Restart",29,2
942882,"OSC Lille","Montpellier HSC","03/10/2018 19:01:43","SAFE2",30,2
942882,"OSC Lille","Montpellier HSC","03/10/2018 19:01:46","AT2",31,2
942882,"OSC Lille","Montpellier HSC","03/10/2018 19:01:48","DANGER2",32,2
942882,"OSC Lille","Montpellier HSC","03/10/2018 19:01:48","DAT2",33,2
942882,"OSC Lille","Montpellier HSC","03/10/2018 19:01:57","SHB2",34,2
942882,"OSC Lille","Montpellier HSC","03/10/2018 19:01:58","SAFE1",35,2
942882,"OSC Lille","Montpellier HSC","03/10/2018 19:01:58","GK1",36,2
942882,"OSC Lille","Montpellier HSC","03/10/2018 19:02:00","Restart",37,2
942882,"OSC Lille","Montpellier HSC","03/10/2018 19:02:06","AT1",38,3
942882,"OSC Lille","Montpellier HSC","03/10/2018 19:02:06","DANGER1",39,3
942882,"OSC Lille","Montpellier HSC","03/10/2018 19:02:06","DAT1",40,3
942882,"OSC Lille","Montpellier HSC","03/10/2018 19:02:12","Possible Free Kick",41,3
942882,"OSC Lille","Montpellier HSC","03/10/2018 19:02:14","SAFE2",43,3
942882,"OSC Lille","Montpellier HSC","03/10/2018 19:02:14","O1",44,3
942882,"OSC Lille","Montpellier HSC","03/10/2018 19:02:14","FK2",45,3
942882,"OSC Lille","Montpellier HSC","03/10/2018 19:02:15","Ball Position",46,3
942882,"OSC Lille","Montpellier HSC","03/10/2018 19:02:16","Restart",47,3
942882,"OSC Lille","Montpellier HSC","03/10/2018 19:02:17","AT2",48,3
942882,"OSC Lille","Montpellier HSC","03/10/2018 19:02:21","POSSIBLE_CARDS",49,3
942882,"OSC Lille","Montpellier HSC","03/10/2018 19:02:34","NO_Cards",50,3
942882,"OSC Lille","Montpellier HSC","03/10/2018 19:02:34","Possible Free Kick",51,3
942882,"OSC Lille","Montpellier HSC","03/10/2018 19:02:36","F1",53,3
942882,"OSC Lille","Montpellier HSC","03/10/2018 19:02:36","FK2",54,3
942882,"OSC Lille","Montpellier HSC","03/10/2018 19:02:36","DANGER2",55,3
942882,"OSC Lille","Montpellier HSC","03/10/2018 19:02:36","DFK2",56,3
942882,"OSC Lille","Montpellier HSC","03/10/2018 19:02:36","Ball Position",57,3
942882,"OSC Lille","Montpellier HSC","03/10/2018 19:02:50","Restart",58,3
942882,"OSC Lille","Montpellier HSC","03/10/2018 19:02:58","SHG2",59,3
942882,"OSC Lille","Montpellier HSC","03/10/2018 19:02:59","SAFE1",60,3
942882,"OSC Lille","Montpellier HSC","03/10/2018 19:03:23","AT1",61,4
942882,"OSC Lille","Montpellier HSC","03/10/2018 19:03:23","DANGER1",62,4
942882,"OSC Lille","Montpellier HSC","03/10/2018 19:03:23","DAT1",63,4
942882,"OSC Lille","Montpellier HSC","03/10/2018 19:03:27","SAFE2",64,4
942882,"OSC Lille","Montpellier HSC","03/10/2018 19:03:42","AT2",65,4
942882,"OSC Lille","Montpellier HSC","03/10/2018 19:03:47","SAFE2",66,4
942882,"OSC Lille","Montpellier HSC","03/10/2018 19:03:52","AT2",67,4
942882,"OSC Lille","Montpellier HSC","03/10/2018 19:03:53","DANGER2",68,4
942882,"OSC Lille","Montpellier HSC","03/10/2018 19:03:53","DAT2",69,4
942882,"OSC Lille","Montpellier HSC","03/10/2018 19:03:58","SAFE1",70,4
942882,"OSC Lille","Montpellier HSC","03/10/2018 19:04:11","AT1",71,5
942882,"OSC Lille","Montpellier HSC","03/10/2018 19:04:13","DANGER1",72,5
942882,"OSC Lille","Montpellier HSC","03/10/2018 19:04:13","DAT1",73,5
942882,"OSC Lille","Montpellier HSC","03/10/2018 19:04:39","SAFE2",74,5
942882,"OSC Lille","Montpellier HSC","03/10/2018 19:04:40","AT2",75,5
942882,"OSC Lille","Montpellier HSC","03/10/2018 19:04:42","DANGER2",76,5
942882,"OSC Lille","Montpellier HSC","03/10/2018 19:04:42","DAT2",77,5
942882,"OSC Lille","Montpellier HSC","03/10/2018 19:04:49","SAFE1",78,5
942882,"OSC Lille","Montpellier HSC","03/10/2018 19:04:50","POSSIBLE_CARDS",79,5
942882,"OSC Lille","Montpellier HSC","03/10/2018 19:05:17","AT1",80,6
942882,"OSC Lille","Montpellier HSC","03/10/2018 19:05:21","DANGER1",81,6
942882,"OSC Lille","Montpellier HSC","03/10/2018 19:05:21","DAT1",82,6
942882,"OSC Lille","Montpellier HSC","03/10/2018 19:05:28","POSSIBLE_TI",83,6
942882,"OSC Lille","Montpellier HSC","03/10/2018 19:05:29","TI1",84,6
942882,"OSC Lille","Montpellier HSC","03/10/2018 19:05:31","NO_Cards",85,6
942882,"OSC Lille","Montpellier HSC","03/10/2018 19:05:32","Restart",86,6
942882,"OSC Lille","Montpellier HSC","03/10/2018 19:05:40","SAFE2",87,6
942882,"OSC Lille","Montpellier HSC","03/10/2018 19:05:43","AT2",88,6
942882,"OSC Lille","Montpellier HSC","03/10/2018 19:05:45","DANGER2",89,6
942882,"OSC Lille","Montpellier HSC","03/10/2018 19:05:45","DAT2",90,6
942882,"OSC Lille","Montpellier HSC","03/10/2018 19:05:53","PCR2",91,6
942882,"OSC Lille","Montpellier HSC","03/10/2018 19:05:59","SHG2",92,6
942882,"OSC Lille","Montpellier HSC","03/10/2018 19:06:00","CR2",93,6
942882,"OSC Lille","Montpellier HSC","03/10/2018 19:06:01","Ball Position",94,6
942882,"OSC Lille","Montpellier HSC","03/10/2018 19:06:24","Restart",95,7
942882,"OSC Lille","Montpellier HSC","03/10/2018 19:06:34","PCR2",96,7
942882,"OSC Lille","Montpellier HSC","03/10/2018 19:06:38","SHB2",97,7
942882,"OSC Lille","Montpellier HSC","03/10/2018 19:06:46","CR2",98,7
942882,"OSC Lille","Montpellier HSC","03/10/2018 19:06:46","Ball Position",99,7
942882,"OSC Lille","Montpellier HSC","03/10/2018 19:07:02","Restart",100,8
942882,"OSC Lille","Montpellier HSC","03/10/2018 19:07:07","SAFE1",101,8
942882,"OSC Lille","Montpellier HSC","03/10/2018 19:07:29","AT1",102,8
942882,"OSC Lille","Montpellier HSC","03/10/2018 19:07:41","DANGER1",103,8
942882,"OSC Lille","Montpellier HSC","03/10/2018 19:07:41","DAT1",104,8
942882,"OSC Lille","Montpellier HSC","03/10/2018 19:07:44","SAFE2",105,8
942882,"OSC Lille","Montpellier HSC","03/10/2018 19:08:03","AT2",106,9
942882,"OSC Lille","Montpellier HSC","03/10/2018 19:08:13","POSSIBLE_TI",107,9
942882,"OSC Lille","Montpellier HSC","03/10/2018 19:08:14","TI1",108,9
942882,"OSC Lille","Montpellier HSC","03/10/2018 19:08:18","SAFE1",109,9
942882,"OSC Lille","Montpellier HSC","03/10/2018 19:08:21","Restart",110,9
942882,"OSC Lille","Montpellier HSC","03/10/2018 19:08:54","AT1",111,9
942882,"OSC Lille","Montpellier HSC","03/10/2018 19:09:03","DANGER1",112,10
942882,"OSC Lille","Montpellier HSC","03/10/2018 19:09:03","DAT1",113,10
942882,"OSC Lille","Montpellier HSC","03/10/2018 19:09:05","SAFE2",114,10
942882,"OSC Lille","Montpellier HSC","03/10/2018 19:09:18","AT2",115,10
942882,"OSC Lille","Montpellier HSC","03/10/2018 19:09:18","DANGER2",116,10
942882,"OSC Lille","Montpellier HSC","03/10/2018 19:09:18","DAT2",117,10
942882,"OSC Lille","Montpellier HSC","03/10/2018 19:09:23","SAFE1",118,10
942882,"OSC Lille","Montpellier HSC","03/10/2018 19:09:32","AT1",119,10
942882,"OSC Lille","Montpellier HSC","03/10/2018 19:09:39","SAFE1",120,10
942882,"OSC Lille","Montpellier HSC","03/10/2018 19:09:57","AT1",121,10
942882,"OSC Lille","Montpellier HSC","03/10/2018 19:10:06","POSSIBLE_TI",122,11
942882,"OSC Lille","Montpellier HSC","03/10/2018 19:10:07","TI1",123,11
942882,"OSC Lille","Montpellier HSC","03/10/2018 19:10:10","Restart",124,11
942882,"OSC Lille","Montpellier HSC","03/10/2018 19:10:11","SAFE1",125,11
942882,"OSC Lille","Montpellier HSC","03/10/2018 19:10:21","AT1",126,11
942882,"OSC Lille","Montpellier HSC","03/10/2018 19:10:21","DANGER1",127,11
942882,"OSC Lille","Montpellier HSC","03/10/2018 19:10:21","DAT1",128,11
942882,"OSC Lille","Montpellier HSC","03/10/2018 19:10:26","PCR1",129,11
942882,"OSC Lille","Montpellier HSC","03/10/2018 19:10:34","NCR1",130,11
942882,"OSC Lille","Montpellier HSC","03/10/2018 19:10:35","Possible Free Kick",131,11
942882,"OSC Lille","Montpellier HSC","03/10/2018 19:10:36","SAFE2",133,11
942882,"OSC Lille","Montpellier HSC","03/10/2018 19:10:36","F1",134,11
942882,"OSC Lille","Montpellier HSC","03/10/2018 19:10:36","FK2",135,11
942882,"OSC Lille","Montpellier HSC","03/10/2018 19:10:36","Ball Position",136,11
942882,"OSC Lille","Montpellier HSC","03/10/2018 19:10:51","Restart",137,11
942882,"OSC Lille","Montpellier HSC","03/10/2018 19:11:03","SAFE1",138,12
942882,"OSC Lille","Montpellier HSC","03/10/2018 19:11:18","AT1",139,12
942882,"OSC Lille","Montpellier HSC","03/10/2018 19:11:23","DANGER1",140,12
942882,"OSC Lille","Montpellier HSC","03/10/2018 19:11:23","DAT1",141,12
942882,"OSC Lille","Montpellier HSC","03/10/2018 19:11:26","SAFE2",142,12
942882,"OSC Lille","Montpellier HSC","03/10/2018 19:11:26","AT2",143,12
942882,"OSC Lille","Montpellier HSC","03/10/2018 19:11:33","AT1",144,12
942882,"OSC Lille","Montpellier HSC","03/10/2018 19:11:33","DANGER1",145,12
942882,"OSC Lille","Montpellier HSC","03/10/2018 19:11:33","DAT1",146,12
942882,"OSC Lille","Montpellier HSC","03/10/2018 19:11:46","SAFE2",147,12
942882,"OSC Lille","Montpellier HSC","03/10/2018 19:11:52","AT2",148,12
942882,"OSC Lille","Montpellier HSC","03/10/2018 19:12:01","SAFE2",149,12
942882,"OSC Lille","Montpellier HSC","03/10/2018 19:12:06","AT2",150,13
942882,"OSC Lille","Montpellier HSC","03/10/2018 19:12:12","SAFE2",151,13
942882,"OSC Lille","Montpellier HSC","03/10/2018 19:12:17","AT2",152,13
942882,"OSC Lille","Montpellier HSC","03/10/2018 19:12:26","DANGER2",153,13
942882,"OSC Lille","Montpellier HSC","03/10/2018 19:12:26","DAT2",154,13
942882,"OSC Lille","Montpellier HSC","03/10/2018 19:12:31","SAFE1",155,13
942882,"OSC Lille","Montpellier HSC","03/10/2018 19:12:38","AT1",156,13
942882,"OSC Lille","Montpellier HSC","03/10/2018 19:12:41","DANGER1",157,13
942882,"OSC Lille","Montpellier HSC","03/10/2018 19:12:41","DAT1",158,13
942882,"OSC Lille","Montpellier HSC","03/10/2018 19:12:45","SAFE2",159,13
942882,"OSC Lille","Montpellier HSC","03/10/2018 19:12:52","AT2",160,13
942882,"OSC Lille","Montpellier HSC","03/10/2018 19:12:57","POSSIBLE_TI",161,13
942882,"OSC Lille","Montpellier HSC","03/10/2018 19:12:57","TI1",162,13
942882,"OSC Lille","Montpellier HSC","03/10/2018 19:13:02","Restart",163,13
942882,"OSC Lille","Montpellier HSC","03/10/2018 19:13:03","SAFE1",164,14
942882,"OSC Lille","Montpellier HSC","03/10/2018 19:13:39","AT1",165,14
942882,"OSC Lille","Montpellier HSC","03/10/2018 19:13:52","SAFE1",166,14
942882,"OSC Lille","Montpellier HSC","03/10/2018 19:13:58","AT1",167,14
942882,"OSC Lille","Montpellier HSC","03/10/2018 19:14:00","Possible Free Kick",168,14
942882,"OSC Lille","Montpellier HSC","03/10/2018 19:14:02","F2",170,14
942882,"OSC Lille","Montpellier HSC","03/10/2018 19:14:02","FK1",171,14
942882,"OSC Lille","Montpellier HSC","03/10/2018 19:14:02","DANGER1",172,14
942882,"OSC Lille","Montpellier HSC","03/10/2018 19:14:02","DFK1",173,14
942882,"OSC Lille","Montpellier HSC","03/10/2018 19:14:02","Ball Position",174,14
942882,"OSC Lille","Montpellier HSC","03/10/2018 19:14:39","Restart",175,15
942882,"OSC Lille","Montpellier HSC","03/10/2018 19:14:49","SHG1",176,15
942882,"OSC Lille","Montpellier HSC","03/10/2018 19:14:50","SAFE2",177,15
942882,"OSC Lille","Montpellier HSC","03/10/2018 19:15:07","AT2",178,16
942882,"OSC Lille","Montpellier HSC","03/10/2018 19:15:12","SAFE2",179,16
942882,"OSC Lille","Montpellier HSC","03/10/2018 19:15:17","AT2",180,16
942882,"OSC Lille","Montpellier HSC","03/10/2018 19:15:24","SAFE2",181,16
942882,"OSC Lille","Montpellier HSC","03/10/2018 19:15:27","AT2",182,16
942882,"OSC Lille","Montpellier HSC","03/10/2018 19:15:32","DANGER2",183,16
942882,"OSC Lille","Montpellier HSC","03/10/2018 19:15:32","DAT2",184,16
942882,"OSC Lille","Montpellier HSC","03/10/2018 19:15:43","POSSIBLE_TI",185,16
942882,"OSC Lille","Montpellier HSC","03/10/2018 19:15:43","TI2",186,16
942882,"OSC Lille","Montpellier HSC","03/10/2018 19:15:56","Restart",187,16
942882,"OSC Lille","Montpellier HSC","03/10/2018 19:16:18","POSSIBLE_TI",188,17
942882,"OSC Lille","Montpellier HSC","03/10/2018 19:16:21","TI1",189,17
942882,"OSC Lille","Montpellier HSC","03/10/2018 19:16:36","Restart",190,17
942882,"OSC Lille","Montpellier HSC","03/10/2018 19:16:50","SAFE1",191,17
942882,"OSC Lille","Montpellier HSC","03/10/2018 19:17:01","AT1",192,17
942882,"OSC Lille","Montpellier HSC","03/10/2018 19:17:05","SAFE2",193,18
942882,"OSC Lille","Montpellier HSC","03/10/2018 19:17:05","AT2",194,18
942882,"OSC Lille","Montpellier HSC","03/10/2018 19:17:25","Possible Free Kick",195,18
942882,"OSC Lille","Montpellier HSC","03/10/2018 19:17:26","F1",197,18
942882,"OSC Lille","Montpellier HSC","03/10/2018 19:17:26","FK2",198,18
942882,"OSC Lille","Montpellier HSC","03/10/2018 19:17:26","DANGER2",199,18
942882,"OSC Lille","Montpellier HSC","03/10/2018 19:17:26","DFK2",200,18
942882,"OSC Lille","Montpellier HSC","03/10/2018 19:17:26","Ball Position",201,18
942882,"OSC Lille","Montpellier HSC","03/10/2018 19:17:45","Restart",202,18
942882,"OSC Lille","Montpellier HSC","03/10/2018 19:17:59","SAFE1",203,18
942882,"OSC Lille","Montpellier HSC","03/10/2018 19:18:00","GK1",204,18
942882,"OSC Lille","Montpellier HSC","03/10/2018 19:18:28","Restart",205,19
942882,"OSC Lille","Montpellier HSC","03/10/2018 19:18:30","AT1",206,19
942882,"OSC Lille","Montpellier HSC","03/10/2018 19:18:37","DANGER1",207,19
942882,"OSC Lille","Montpellier HSC","03/10/2018 19:18:37","DAT1",208,19
942882,"OSC Lille","Montpellier HSC","03/10/2018 19:18:41","SAFE2",209,19
942882,"OSC Lille","Montpellier HSC","03/10/2018 19:18:47","AT2",210,19
942882,"OSC Lille","Montpellier HSC","03/10/2018 19:18:55","SAFE1",211,19
942882,"OSC Lille","Montpellier HSC","03/10/2018 19:18:58","Possible Free Kick",212,19
942882,"OSC Lille","Montpellier HSC","03/10/2018 19:18:59","F2",214,19
942882,"OSC Lille","Montpellier HSC","03/10/2018 19:18:59","FK1",215,19
942882,"OSC Lille","Montpellier HSC","03/10/2018 19:18:59","Ball Position",216,19
942882,"OSC Lille","Montpellier HSC","03/10/2018 19:19:05","Restart",217,20
942882,"OSC Lille","Montpellier HSC","03/10/2018 19:19:24","POSSIBLE_TI",218,20
942882,"OSC Lille","Montpellier HSC","03/10/2018 19:19:25","TI1",219,20
942882,"OSC Lille","Montpellier HSC","03/10/2018 19:19:39","Restart",220,20
942882,"OSC Lille","Montpellier HSC","03/10/2018 19:19:40","AT1",221,20
942882,"OSC Lille","Montpellier HSC","03/10/2018 19:19:47","SAFE1",222,20
942882,"OSC Lille","Montpellier HSC","03/10/2018 19:19:49","AT2",223,20
942882,"OSC Lille","Montpellier HSC","03/10/2018 19:19:56","DANGER2",224,20
942882,"OSC Lille","Montpellier HSC","03/10/2018 19:19:56","DAT2",225,20
942882,"OSC Lille","Montpellier HSC","03/10/2018 19:20:10","SAFE1",226,21
942882,"OSC Lille","Montpellier HSC","03/10/2018 19:20:17","AT1",227,21
942882,"OSC Lille","Montpellier HSC","03/10/2018 19:20:24","POSSIBLE_CARDS",228,21
942882,"OSC Lille","Montpellier HSC","03/10/2018 19:20:41","Possible Free Kick",229,21
942882,"OSC Lille","Montpellier HSC","03/10/2018 19:20:42","F2",231,21
942882,"OSC Lille","Montpellier HSC","03/10/2018 19:20:42","FK1",232,21
942882,"OSC Lille","Montpellier HSC","03/10/2018 19:20:42","DANGER1",233,21
942882,"OSC Lille","Montpellier HSC","03/10/2018 19:20:42","DFK1",234,21
942882,"OSC Lille","Montpellier HSC","03/10/2018 19:20:42","Ball Position",235,21
942882,"OSC Lille","Montpellier HSC","03/10/2018 19:20:54","NO_Cards",236,21
942882,"OSC Lille","Montpellier HSC","03/10/2018 19:20:58","Restart",237,21
942882,"OSC Lille","Montpellier HSC","03/10/2018 19:21:10","SAFE2",238,22
942882,"OSC Lille","Montpellier HSC","03/10/2018 19:21:12","AT2",239,22
942882,"OSC Lille","Montpellier HSC","03/10/2018 19:21:16","SAFE1",240,22
942882,"OSC Lille","Montpellier HSC","03/10/2018 19:21:16","AT1",241,22
942882,"OSC Lille","Montpellier HSC","03/10/2018 19:21:19","SAFE2",242,22
942882,"OSC Lille","Montpellier HSC","03/10/2018 19:21:20","AT2",243,22
942882,"OSC Lille","Montpellier HSC","03/10/2018 19:21:23","POSSIBLE_CARDS",244,22
942882,"OSC Lille","Montpellier HSC","03/10/2018 19:21:32","NO_Cards",245,22
942882,"OSC Lille","Montpellier HSC","03/10/2018 19:21:34","Possible Free Kick",246,22
942882,"OSC Lille","Montpellier HSC","03/10/2018 19:21:35","F1",248,22
942882,"OSC Lille","Montpellier HSC","03/10/2018 19:21:35","FK2",249,22
942882,"OSC Lille","Montpellier HSC","03/10/2018 19:21:35","DANGER2",250,22
942882,"OSC Lille","Montpellier HSC","03/10/2018 19:21:35","DFK2",251,22
942882,"OSC Lille","Montpellier HSC","03/10/2018 19:21:35","Ball Position",252,22
942882,"OSC Lille","Montpellier HSC","03/10/2018 19:21:42","Restart",253,22
942882,"OSC Lille","Montpellier HSC","03/10/2018 19:21:42","SAFE2",254,22
942882,"OSC Lille","Montpellier HSC","03/10/2018 19:21:47","AT2",255,22
942882,"OSC Lille","Montpellier HSC","03/10/2018 19:21:53","SAFE2",256,22
942882,"OSC Lille","Montpellier HSC","03/10/2018 19:22:10","AT2",257,23
942882,"OSC Lille","Montpellier HSC","03/10/2018 19:22:10","DANGER2",258,23
942882,"OSC Lille","Montpellier HSC","03/10/2018 19:22:10","DAT2",259,23
942882,"OSC Lille","Montpellier HSC","03/10/2018 19:22:19","SAFE1",260,23
942882,"OSC Lille","Montpellier HSC","03/10/2018 19:22:19","GK1",261,23
942882,"OSC Lille","Montpellier HSC","03/10/2018 19:22:40","Restart",262,23
942882,"OSC Lille","Montpellier HSC","03/10/2018 19:22:43","AT1",263,23
942882,"OSC Lille","Montpellier HSC","03/10/2018 19:22:47","SAFE2",264,23
942882,"OSC Lille","Montpellier HSC","03/10/2018 19:22:54","AT2",265,23
942882,"OSC Lille","Montpellier HSC","03/10/2018 19:22:57","DANGER2",266,23
942882,"OSC Lille","Montpellier HSC","03/10/2018 19:22:57","DAT2",267,23
942882,"OSC Lille","Montpellier HSC","03/10/2018 19:23:01","SAFE1",268,23
942882,"OSC Lille","Montpellier HSC","03/10/2018 19:23:08","AT2",269,24
942882,"OSC Lille","Montpellier HSC","03/10/2018 19:23:10","DANGER2",270,24
942882,"OSC Lille","Montpellier HSC","03/10/2018 19:23:10","DAT2",271,24
942882,"OSC Lille","Montpellier HSC","03/10/2018 19:23:18","Possible Free Kick",272,24
942882,"OSC Lille","Montpellier HSC","03/10/2018 19:23:21","SAFE1",274,24
942882,"OSC Lille","Montpellier HSC","03/10/2018 19:23:21","O2",275,24
942882,"OSC Lille","Montpellier HSC","03/10/2018 19:23:21","FK1",276,24
942882,"OSC Lille","Montpellier HSC","03/10/2018 19:23:21","Ball Position",277,24
942882,"OSC Lille","Montpellier HSC","03/10/2018 19:23:26","Restart",278,24
942882,"OSC Lille","Montpellier HSC","03/10/2018 19:23:45","AT1",279,24
942882,"OSC Lille","Montpellier HSC","03/10/2018 19:23:45","DANGER1",280,24
942882,"OSC Lille","Montpellier HSC","03/10/2018 19:23:45","DAT1",281,24
942882,"OSC Lille","Montpellier HSC","03/10/2018 19:23:47","SAFE2",282,24
942882,"OSC Lille","Montpellier HSC","03/10/2018 19:23:47","AT2",283,24
942882,"OSC Lille","Montpellier HSC","03/10/2018 19:23:50","DANGER2",284,24
942882,"OSC Lille","Montpellier HSC","03/10/2018 19:23:50","DAT2",285,24
942882,"OSC Lille","Montpellier HSC","03/10/2018 19:23:55","BLOCKED2",286,24
942882,"OSC Lille","Montpellier HSC","03/10/2018 19:24:00","POSSIBLE_TI",287,24
942882,"OSC Lille","Montpellier HSC","03/10/2018 19:24:01","TI2",288,24
942882,"OSC Lille","Montpellier HSC","03/10/2018 19:24:16","Restart",289,25
942882,"OSC Lille","Montpellier HSC","03/10/2018 19:24:23","SAFE2",290,25
942882,"OSC Lille","Montpellier HSC","03/10/2018 19:24:31","AT2",291,25
942882,"OSC Lille","Montpellier HSC","03/10/2018 19:24:35","SAFE2",292,25
942882,"OSC Lille","Montpellier HSC","03/10/2018 19:24:38","AT2",293,25
942882,"OSC Lille","Montpellier HSC","03/10/2018 19:24:38","DANGER2",294,25
942882,"OSC Lille","Montpellier HSC","03/10/2018 19:24:38","DAT2",295,25
942882,"OSC Lille","Montpellier HSC","03/10/2018 19:24:51","SAFE1",296,25
942882,"OSC Lille","Montpellier HSC","03/10/2018 19:25:27","AT1",297,26
942882,"OSC Lille","Montpellier HSC","03/10/2018 19:25:32","SAFE2",298,26
942882,"OSC Lille","Montpellier HSC","03/10/2018 19:25:34","AT2",299,26
942882,"OSC Lille","Montpellier HSC","03/10/2018 19:25:39","DANGER2",300,26
942882,"OSC Lille","Montpellier HSC","03/10/2018 19:25:39","DAT2",301,26
942882,"OSC Lille","Montpellier HSC","03/10/2018 19:25:48","POSSIBLE_CARDS",302,26
942882,"OSC Lille","Montpellier HSC","03/10/2018 19:27:09","NO_Cards",303,28
942882,"OSC Lille","Montpellier HSC","03/10/2018 19:27:11","Injury Break",304,28
942882,"OSC Lille","Montpellier HSC","03/10/2018 19:27:13","POSSIBLE_TI",305,28
942882,"OSC Lille","Montpellier HSC","03/10/2018 19:27:14","Restart",306,28
942882,"OSC Lille","Montpellier HSC","03/10/2018 19:27:14","TI2",307,28
942882,"OSC Lille","Montpellier HSC","03/10/2018 19:27:15","Restart",308,28
942882,"OSC Lille","Montpellier HSC","03/10/2018 19:27:16","SAFE1",309,28
942882,"OSC Lille","Montpellier HSC","03/10/2018 19:27:28","AT1",310,28
942882,"OSC Lille","Montpellier HSC","03/10/2018 19:27:32","POSSIBLE_TI",311,28
942882,"OSC Lille","Montpellier HSC","03/10/2018 19:27:32","TI2",312,28
942882,"OSC Lille","Montpellier HSC","03/10/2018 19:27:41","Restart",313,28
942882,"OSC Lille","Montpellier HSC","03/10/2018 19:27:42","SAFE2",314,28
942882,"OSC Lille","Montpellier HSC","03/10/2018 19:27:45","Possible Free Kick",315,28
942882,"OSC Lille","Montpellier HSC","03/10/2018 19:27:47","F1",317,28
942882,"OSC Lille","Montpellier HSC","03/10/2018 19:27:47","FK2",318,28
942882,"OSC Lille","Montpellier HSC","03/10/2018 19:27:47","Ball Position",319,28
942882,"OSC Lille","Montpellier HSC","03/10/2018 19:27:53","Restart",320,28
942882,"OSC Lille","Montpellier HSC","03/10/2018 19:27:59","AT2",321,28
942882,"OSC Lille","Montpellier HSC","03/10/2018 19:28:03","SAFE2",322,29
942882,"OSC Lille","Montpellier HSC","03/10/2018 19:28:11","AT2",323,29
942882,"OSC Lille","Montpellier HSC","03/10/2018 19:28:11","DANGER2",324,29
942882,"OSC Lille","Montpellier HSC","03/10/2018 19:28:11","DAT2",325,29
942882,"OSC Lille","Montpellier HSC","03/10/2018 19:28:16","PCR2",326,29
942882,"OSC Lille","Montpellier HSC","03/10/2018 19:28:20","NCR2",327,29
942882,"OSC Lille","Montpellier HSC","03/10/2018 19:28:22","SAFE1",328,29
942882,"OSC Lille","Montpellier HSC","03/10/2018 19:28:22","GK1",329,29
942882,"OSC Lille","Montpellier HSC","03/10/2018 19:28:41","Restart",330,29
942882,"OSC Lille","Montpellier HSC","03/10/2018 19:28:45","AT1",331,29
942882,"OSC Lille","Montpellier HSC","03/10/2018 19:28:51","SAFE2",332,29
942882,"OSC Lille","Montpellier HSC","03/10/2018 19:28:51","AT2",333,29
942882,"OSC Lille","Montpellier HSC","03/10/2018 19:28:55","DANGER2",334,29
942882,"OSC Lille","Montpellier HSC","03/10/2018 19:28:55","DAT2",335,29
942882,"OSC Lille","Montpellier HSC","03/10/2018 19:29:00","SAFE1",336,29
942882,"OSC Lille","Montpellier HSC","03/10/2018 19:29:04","AT1",337,30
942882,"OSC Lille","Montpellier HSC","03/10/2018 19:29:08","DANGER1",338,30
942882,"OSC Lille","Montpellier HSC","03/10/2018 19:29:08","DAT1",339,30
942882,"OSC Lille","Montpellier HSC","03/10/2018 19:29:15","PCR1",340,30
942882,"OSC Lille","Montpellier HSC","03/10/2018 19:29:18","CR1",341,30
942882,"OSC Lille","Montpellier HSC","03/10/2018 19:29:19","Ball Position",342,30
942882,"OSC Lille","Montpellier HSC","03/10/2018 19:29:42","Restart",343,30
942882,"OSC Lille","Montpellier HSC","03/10/2018 19:29:55","Possible Free Kick",344,30
942882,"OSC Lille","Montpellier HSC","03/10/2018 19:29:56","SAFE2",346,30
942882,"OSC Lille","Montpellier HSC","03/10/2018 19:29:56","F1",347,30
942882,"OSC Lille","Montpellier HSC","03/10/2018 19:29:56","FK2",348,30
942882,"OSC Lille","Montpellier HSC","03/10/2018 19:29:56","Ball Position",349,30
942882,"OSC Lille","Montpellier HSC","03/10/2018 19:30:06","Restart",350,31
942882,"OSC Lille","Montpellier HSC","03/10/2018 19:30:47","AT2",351,31
942882,"OSC Lille","Montpellier HSC","03/10/2018 19:30:50","DANGER2",352,31
942882,"OSC Lille","Montpellier HSC","03/10/2018 19:30:50","DAT2",353,31
942882,"OSC Lille","Montpellier HSC","03/10/2018 19:31:03","POSSIBLE_CARDS",354,32
942882,"OSC Lille","Montpellier HSC","03/10/2018 19:31:18","YC1",355,32
942882,"OSC Lille","Montpellier HSC","03/10/2018 19:31:19","CONF_YC1",356,32
942882,"OSC Lille","Montpellier HSC","03/10/2018 19:31:23","Scorer",357,32
942882,"OSC Lille","Montpellier HSC","03/10/2018 19:31:25","Possible Free Kick",358,32
942882,"OSC Lille","Montpellier HSC","03/10/2018 19:31:29","F1",360,32
942882,"OSC Lille","Montpellier HSC","03/10/2018 19:31:29","FK2",361,32
942882,"OSC Lille","Montpellier HSC","03/10/2018 19:31:29","DFK2",362,32
942882,"OSC Lille","Montpellier HSC","03/10/2018 19:31:29","Ball Position",363,32
942882,"OSC Lille","Montpellier HSC","03/10/2018 19:31:58","Restart",364,32
942882,"OSC Lille","Montpellier HSC","03/10/2018 19:32:09","SAFE1",365,33
942882,"OSC Lille","Montpellier HSC","03/10/2018 19:32:14","AT1",366,33
942882,"OSC Lille","Montpellier HSC","03/10/2018 19:32:16","POSSIBLE_TI",367,33
942882,"OSC Lille","Montpellier HSC","03/10/2018 19:32:18","TI1",368,33
942882,"OSC Lille","Montpellier HSC","03/10/2018 19:32:24","Restart",369,33
942882,"OSC Lille","Montpellier HSC","03/10/2018 19:32:26","SAFE1",370,33
942882,"OSC Lille","Montpellier HSC","03/10/2018 19:32:32","AT1",371,33
942882,"OSC Lille","Montpellier HSC","03/10/2018 19:32:38","POSSIBLE_CARDS",372,33
942882,"OSC Lille","Montpellier HSC","03/10/2018 19:32:40","DANGER1",373,33
942882,"OSC Lille","Montpellier HSC","03/10/2018 19:32:40","DAT1",374,33
942882,"OSC Lille","Montpellier HSC","03/10/2018 19:32:42","PCR1",375,33
942882,"OSC Lille","Montpellier HSC","03/10/2018 19:32:45","NCR1",376,33
942882,"OSC Lille","Montpellier HSC","03/10/2018 19:32:53","Player_DATA_CONFIRMED",377,33
942882,"OSC Lille","Montpellier HSC","03/10/2018 19:33:49","YC2",378,34
942882,"OSC Lille","Montpellier HSC","03/10/2018 19:33:50","CONF_YC2",379,34
942882,"OSC Lille","Montpellier HSC","03/10/2018 19:33:54","Scorer",380,34
942882,"OSC Lille","Montpellier HSC","03/10/2018 19:33:59","Scorer",381,34
942882,"OSC Lille","Montpellier HSC","03/10/2018 19:34:00","Player_DATA_CONFIRMED",382,34
942882,"OSC Lille","Montpellier HSC","03/10/2018 19:34:05","Injury Break",383,35
942882,"OSC Lille","Montpellier HSC","03/10/2018 19:34:11","POSSIBLE_TI",384,35
942882,"OSC Lille","Montpellier HSC","03/10/2018 19:34:13","Restart",385,35
942882,"OSC Lille","Montpellier HSC","03/10/2018 19:34:13","TI1",386,35
942882,"OSC Lille","Montpellier HSC","03/10/2018 19:34:14","Restart",387,35
942882,"OSC Lille","Montpellier HSC","03/10/2018 19:34:16","SAFE2",388,35
942882,"OSC Lille","Montpellier HSC","03/10/2018 19:34:27","AT2",389,35
942882,"OSC Lille","Montpellier HSC","03/10/2018 19:34:29","SAFE2",390,35
942882,"OSC Lille","Montpellier HSC","03/10/2018 19:34:32","AT2",391,35
942882,"OSC Lille","Montpellier HSC","03/10/2018 19:34:47","DANGER2",392,35
942882,"OSC Lille","Montpellier HSC","03/10/2018 19:34:47","DAT2",393,35
942882,"OSC Lille","Montpellier HSC","03/10/2018 19:34:53","SAFE1",394,35
942882,"OSC Lille","Montpellier HSC","03/10/2018 19:34:54","AT1",395,35
942882,"OSC Lille","Montpellier HSC","03/10/2018 19:34:55","DANGER1",396,35
942882,"OSC Lille","Montpellier HSC","03/10/2018 19:34:55","DAT1",397,35
942882,"OSC Lille","Montpellier HSC","03/10/2018 19:35:05","SAFE2",398,36
942882,"OSC Lille","Montpellier HSC","03/10/2018 19:35:23","AT2",399,36
942882,"OSC Lille","Montpellier HSC","03/10/2018 19:35:27","SAFE2",400,36
942882,"OSC Lille","Montpellier HSC","03/10/2018 19:35:39","AT2",401,36
942882,"OSC Lille","Montpellier HSC","03/10/2018 19:35:47","SAFE1",402,36
942882,"OSC Lille","Montpellier HSC","03/10/2018 19:36:07","AT1",403,37
942882,"OSC Lille","Montpellier HSC","03/10/2018 19:36:11","DANGER1",404,37
942882,"OSC Lille","Montpellier HSC","03/10/2018 19:36:11","DAT1",405,37
942882,"OSC Lille","Montpellier HSC","03/10/2018 19:36:19","Possible Free Kick",406,37
942882,"OSC Lille","Montpellier HSC","03/10/2018 19:36:20","F2",408,37
942882,"OSC Lille","Montpellier HSC","03/10/2018 19:36:20","FK1",409,37
942882,"OSC Lille","Montpellier HSC","03/10/2018 19:36:20","DFK1",410,37
942882,"OSC Lille","Montpellier HSC","03/10/2018 19:36:20","Ball Position",411,37
942882,"OSC Lille","Montpellier HSC","03/10/2018 19:36:39","SUB2",412,37
942882,"OSC Lille","Montpellier HSC","03/10/2018 19:36:53","Restart",413,37
942882,"OSC Lille","Montpellier HSC","03/10/2018 19:37:09","SAFE2",414,38
942882,"OSC Lille","Montpellier HSC","03/10/2018 19:37:10","AT2",415,38
942882,"OSC Lille","Montpellier HSC","03/10/2018 19:37:16","DANGER2",416,38
942882,"OSC Lille","Montpellier HSC","03/10/2018 19:37:16","DAT2",417,38
942882,"OSC Lille","Montpellier HSC","03/10/2018 19:37:16","POSSIBLE_TI",418,38
942882,"OSC Lille","Montpellier HSC","03/10/2018 19:37:17","TI2",419,38
942882,"OSC Lille","Montpellier HSC","03/10/2018 19:37:21","Restart",420,38
942882,"OSC Lille","Montpellier HSC","03/10/2018 19:37:26","SAFE1",421,38
942882,"OSC Lille","Montpellier HSC","03/10/2018 19:37:31","AT1",422,38
942882,"OSC Lille","Montpellier HSC","03/10/2018 19:37:33","DANGER1",423,38
942882,"OSC Lille","Montpellier HSC","03/10/2018 19:37:33","DAT1",424,38
942882,"OSC Lille","Montpellier HSC","03/10/2018 19:37:42","SAFE2",425,38
942882,"OSC Lille","Montpellier HSC","03/10/2018 19:37:43","AT2",426,38
942882,"OSC Lille","Montpellier HSC","03/10/2018 19:37:45","DANGER2",427,38
942882,"OSC Lille","Montpellier HSC","03/10/2018 19:37:45","DAT2",428,38
942882,"OSC Lille","Montpellier HSC","03/10/2018 19:37:57","POSSIBLE_TI",429,38
942882,"OSC Lille","Montpellier HSC","03/10/2018 19:37:58","TI2",430,38
942882,"OSC Lille","Montpellier HSC","03/10/2018 19:38:12","Restart",431,39
942882,"OSC Lille","Montpellier HSC","03/10/2018 19:38:18","SAFE1",432,39
942882,"OSC Lille","Montpellier HSC","03/10/2018 19:38:24","AT1",433,39
942882,"OSC Lille","Montpellier HSC","03/10/2018 19:38:34","DANGER1",434,39
942882,"OSC Lille","Montpellier HSC","03/10/2018 19:38:34","DAT1",435,39
942882,"OSC Lille","Montpellier HSC","03/10/2018 19:39:10","SAFE2",436,40
942882,"OSC Lille","Montpellier HSC","03/10/2018 19:39:17","SAFE1",437,40
942882,"OSC Lille","Montpellier HSC","03/10/2018 19:39:20","SAFE2",438,40
942882,"OSC Lille","Montpellier HSC","03/10/2018 19:39:25","Player_DATA_CONFIRMED",439,40
942882,"OSC Lille","Montpellier HSC","03/10/2018 19:39:31","AT2",440,40
942882,"OSC Lille","Montpellier HSC","03/10/2018 19:39:42","DANGER2",441,40
942882,"OSC Lille","Montpellier HSC","03/10/2018 19:39:42","DAT2",442,40
942882,"OSC Lille","Montpellier HSC","03/10/2018 19:39:48","Possible Free Kick",443,40
942882,"OSC Lille","Montpellier HSC","03/10/2018 19:39:50","SAFE1",445,40
942882,"OSC Lille","Montpellier HSC","03/10/2018 19:39:50","O2",446,40
942882,"OSC Lille","Montpellier HSC","03/10/2018 19:39:50","FK1",447,40
942882,"OSC Lille","Montpellier HSC","03/10/2018 19:39:50","Ball Position",448,40
942882,"OSC Lille","Montpellier HSC","03/10/2018 19:39:52","Restart",449,40
942882,"OSC Lille","Montpellier HSC","03/10/2018 19:40:31","AT1",450,41
942882,"OSC Lille","Montpellier HSC","03/10/2018 19:40:34","DANGER1",451,41
942882,"OSC Lille","Montpellier HSC","03/10/2018 19:40:34","DAT1",452,41
942882,"OSC Lille","Montpellier HSC","03/10/2018 19:40:40","GOAL1",453,41
942882,"OSC Lille","Montpellier HSC","03/10/2018 19:40:49","Scorer",454,41
942882,"OSC Lille","Montpellier HSC","03/10/2018 19:41:16","CONF_GOAL1",455,42
942882,"OSC Lille","Montpellier HSC","03/10/2018 19:41:39","KO2",456,42
942882,"OSC Lille","Montpellier HSC","03/10/2018 19:41:39","SAFE2",457,42
942882,"OSC Lille","Montpellier HSC","03/10/2018 19:41:50","AT2",458,42
942882,"OSC Lille","Montpellier HSC","03/10/2018 19:41:54","AT1",459,42
942882,"OSC Lille","Montpellier HSC","03/10/2018 19:41:54","DANGER1",460,42
942882,"OSC Lille","Montpellier HSC","03/10/2018 19:41:54","DAT1",461,42
942882,"OSC Lille","Montpellier HSC","03/10/2018 19:42:00","SAFE2",462,42
942882,"OSC Lille","Montpellier HSC","03/10/2018 19:42:25","Player_DATA_CONFIRMED",463,43
942882,"OSC Lille","Montpellier HSC","03/10/2018 19:42:25","Assist",464,43
942882,"OSC Lille","Montpellier HSC","03/10/2018 19:42:26","AT2",465,43
942882,"OSC Lille","Montpellier HSC","03/10/2018 19:42:26","DANGER2",466,43
942882,"OSC Lille","Montpellier HSC","03/10/2018 19:42:26","DAT2",467,43
942882,"OSC Lille","Montpellier HSC","03/10/2018 19:42:50","SAFE2",468,43
942882,"OSC Lille","Montpellier HSC","03/10/2018 19:42:54","AT2",469,43
942882,"OSC Lille","Montpellier HSC","03/10/2018 19:42:55","SAFE2",470,43
942882,"OSC Lille","Montpellier HSC","03/10/2018 19:42:58","AT2",471,43
942882,"OSC Lille","Montpellier HSC","03/10/2018 19:43:05","POSSIBLE_TI",472,44
942882,"OSC Lille","Montpellier HSC","03/10/2018 19:43:05","TI2",473,44
942882,"OSC Lille","Montpellier HSC","03/10/2018 19:43:10","DANGER2",474,44
942882,"OSC Lille","Montpellier HSC","03/10/2018 19:43:10","DAT2",475,44
942882,"OSC Lille","Montpellier HSC","03/10/2018 19:43:11","Restart",476,44
942882,"OSC Lille","Montpellier HSC","03/10/2018 19:43:16","POSSIBLE_TI",477,44
942882,"OSC Lille","Montpellier HSC","03/10/2018 19:43:17","TI2",478,44
942882,"OSC Lille","Montpellier HSC","03/10/2018 19:43:23","Restart",479,44
942882,"OSC Lille","Montpellier HSC","03/10/2018 19:43:28","POSSIBLE_TI",480,44
942882,"OSC Lille","Montpellier HSC","03/10/2018 19:43:29","TI2",481,44
942882,"OSC Lille","Montpellier HSC","03/10/2018 19:43:39","Restart",482,44
942882,"OSC Lille","Montpellier HSC","03/10/2018 19:43:42","POSSIBLE_TI",483,44
942882,"OSC Lille","Montpellier HSC","03/10/2018 19:43:43","TI2",484,44
942882,"OSC Lille","Montpellier HSC","03/10/2018 19:43:44","Restart",485,44
942882,"OSC Lille","Montpellier HSC","03/10/2018 19:43:49","SAFE1",486,44
942882,"OSC Lille","Montpellier HSC","03/10/2018 19:43:50","AT1",487,44
942882,"OSC Lille","Montpellier HSC","03/10/2018 19:43:55","SAFE2",488,44
942882,"OSC Lille","Montpellier HSC","03/10/2018 19:44:04","AT2",489,45
942882,"OSC Lille","Montpellier HSC","03/10/2018 19:44:09","SAFE2",490,45
942882,"OSC Lille","Montpellier HSC","03/10/2018 19:44:12","AT2",491,45
942882,"OSC Lille","Montpellier HSC","03/10/2018 19:44:16","POSSIBLE_TI",492,45
942882,"OSC Lille","Montpellier HSC","03/10/2018 19:44:16","TI1",493,45
942882,"OSC Lille","Montpellier HSC","03/10/2018 19:44:20","Restart",494,45
942882,"OSC Lille","Montpellier HSC","03/10/2018 19:44:22","SAFE1",495,45
942882,"OSC Lille","Montpellier HSC","03/10/2018 19:44:23","AT1",496,45
942882,"OSC Lille","Montpellier HSC","03/10/2018 19:44:28","SAFE2",497,45
942882,"OSC Lille","Montpellier HSC","03/10/2018 19:44:48","SAFE1",498,45
942882,"OSC Lille","Montpellier HSC","03/10/2018 19:45:03","Extra Time",499,46
942882,"OSC Lille","Montpellier HSC","03/10/2018 19:45:08","AT2",500,46
942882,"OSC Lille","Montpellier HSC","03/10/2018 19:45:08","DANGER2",501,46
942882,"OSC Lille","Montpellier HSC","03/10/2018 19:45:08","DAT2",502,46
942882,"OSC Lille","Montpellier HSC","03/10/2018 19:45:11","SAFE1",503,46
942882,"OSC Lille","Montpellier HSC","03/10/2018 19:45:11","AT1",504,46
942882,"OSC Lille","Montpellier HSC","03/10/2018 19:45:19","SAFE2",505,46
942882,"OSC Lille","Montpellier HSC","03/10/2018 19:45:31","POSSIBLE_TI",506,46
942882,"OSC Lille","Montpellier HSC","03/10/2018 19:45:32","TI1",507,46
942882,"OSC Lille","Montpellier HSC","03/10/2018 19:45:33","SAFE1",508,46
942882,"OSC Lille","Montpellier HSC","03/10/2018 19:45:55","Restart",509,46
942882,"OSC Lille","Montpellier HSC","03/10/2018 19:45:55","AT1",510,46
942882,"OSC Lille","Montpellier HSC","03/10/2018 19:46:04","Possible Free Kick",511,47
942882,"OSC Lille","Montpellier HSC","03/10/2018 19:46:05","SAFE2",513,47
942882,"OSC Lille","Montpellier HSC","03/10/2018 19:46:05","F1",514,47
942882,"OSC Lille","Montpellier HSC","03/10/2018 19:46:05","FK2",515,47
942882,"OSC Lille","Montpellier HSC","03/10/2018 19:46:05","Ball Position",516,47
942882,"OSC Lille","Montpellier HSC","03/10/2018 19:46:11","Restart",517,47
942882,"OSC Lille","Montpellier HSC","03/10/2018 19:46:17","AT2",518,47
942882,"OSC Lille","Montpellier HSC","03/10/2018 19:46:24","Possible Free Kick",519,47
942882,"OSC Lille","Montpellier HSC","03/10/2018 19:46:26","SAFE2",521,47
942882,"OSC Lille","Montpellier HSC","03/10/2018 19:46:26","F1",522,47
942882,"OSC Lille","Montpellier HSC","03/10/2018 19:46:26","FK2",523,47
942882,"OSC Lille","Montpellier HSC","03/10/2018 19:46:26","Ball Position",524,47
942882,"OSC Lille","Montpellier HSC","03/10/2018 19:46:26","Restart",525,47
942882,"OSC Lille","Montpellier HSC","03/10/2018 19:46:31","AT2",526,47
942882,"OSC Lille","Montpellier HSC","03/10/2018 19:46:36","POSSIBLE_TI",527,47
942882,"OSC Lille","Montpellier HSC","03/10/2018 19:46:37","TI2",528,47
942882,"OSC Lille","Montpellier HSC","03/10/2018 19:46:40","Restart",529,47
942882,"OSC Lille","Montpellier HSC","03/10/2018 19:46:47","DANGER2",530,47
942882,"OSC Lille","Montpellier HSC","03/10/2018 19:46:47","DAT2",531,47
942882,"OSC Lille","Montpellier HSC","03/10/2018 19:47:04","Stop RT1",532,47
942882,"OSC Lille","Montpellier HSC","03/10/2018 19:47:10","CONF_PERIOD_SCORE",533,45
942882,"OSC Lille","Montpellier HSC","03/10/2018 20:00:44","Players are coming out",534,45
942882,"OSC Lille","Montpellier HSC","03/10/2018 20:01:26","Game about to start",535,45
942882,"OSC Lille","Montpellier HSC","03/10/2018 20:01:57","Start RT2 Team 1",536,46
942882,"OSC Lille","Montpellier HSC","03/10/2018 20:02:10","AT1",537,46
942882,"OSC Lille","Montpellier HSC","03/10/2018 20:02:10","DANGER1",538,46
942882,"OSC Lille","Montpellier HSC","03/10/2018 20:02:10","DAT1",539,46
942882,"OSC Lille","Montpellier HSC","03/10/2018 20:02:11","SAFE1",540,46
942882,"OSC Lille","Montpellier HSC","03/10/2018 20:02:16","AT1",541,46
942882,"OSC Lille","Montpellier HSC","03/10/2018 20:02:20","SAFE2",542,46
942882,"OSC Lille","Montpellier HSC","03/10/2018 20:02:42","POSSIBLE_CARDS",543,46
942882,"OSC Lille","Montpellier HSC","03/10/2018 20:03:10","NO_Cards",544,47
942882,"OSC Lille","Montpellier HSC","03/10/2018 20:03:11","Possible Free Kick",545,47
942882,"OSC Lille","Montpellier HSC","03/10/2018 20:03:12","F1",547,47
942882,"OSC Lille","Montpellier HSC","03/10/2018 20:03:12","FK2",548,47
942882,"OSC Lille","Montpellier HSC","03/10/2018 20:03:12","DANGER2",549,47
942882,"OSC Lille","Montpellier HSC","03/10/2018 20:03:12","DFK2",550,47
942882,"OSC Lille","Montpellier HSC","03/10/2018 20:03:12","Ball Position",551,47
942882,"OSC Lille","Montpellier HSC","03/10/2018 20:03:15","Restart",552,47
942882,"OSC Lille","Montpellier HSC","03/10/2018 20:03:16","SAFE2",553,47
942882,"OSC Lille","Montpellier HSC","03/10/2018 20:03:22","AT2",554,47
942882,"OSC Lille","Montpellier HSC","03/10/2018 20:03:29","Possible Free Kick",555,47
942882,"OSC Lille","Montpellier HSC","03/10/2018 20:03:30","F1",557,47
942882,"OSC Lille","Montpellier HSC","03/10/2018 20:03:30","FK2",558,47
942882,"OSC Lille","Montpellier HSC","03/10/2018 20:03:30","DANGER2",559,47
942882,"OSC Lille","Montpellier HSC","03/10/2018 20:03:30","DFK2",560,47
942882,"OSC Lille","Montpellier HSC","03/10/2018 20:03:30","Ball Position",561,47
942882,"OSC Lille","Montpellier HSC","03/10/2018 20:03:31","POSSIBLE_CARDS",562,47
942882,"OSC Lille","Montpellier HSC","03/10/2018 20:04:15","NO_Cards",563,48
942882,"OSC Lille","Montpellier HSC","03/10/2018 20:04:27","Restart",564,48
942882,"OSC Lille","Montpellier HSC","03/10/2018 20:04:37","SAFE1",565,48
942882,"OSC Lille","Montpellier HSC","03/10/2018 20:04:40","AT1",566,48
942882,"OSC Lille","Montpellier HSC","03/10/2018 20:04:43","DANGER1",567,48
942882,"OSC Lille","Montpellier HSC","03/10/2018 20:04:43","DAT1",568,48
942882,"OSC Lille","Montpellier HSC","03/10/2018 20:04:50","SAFE1",569,48
942882,"OSC Lille","Montpellier HSC","03/10/2018 20:04:56","AT1",570,48
942882,"OSC Lille","Montpellier HSC","03/10/2018 20:04:57","DANGER1",571,48
942882,"OSC Lille","Montpellier HSC","03/10/2018 20:04:57","DAT1",572,48
942882,"OSC Lille","Montpellier HSC","03/10/2018 20:05:14","SAFE2",573,49
942882,"OSC Lille","Montpellier HSC","03/10/2018 20:05:16","AT1",574,49
942882,"OSC Lille","Montpellier HSC","03/10/2018 20:05:24","DANGER1",575,49
942882,"OSC Lille","Montpellier HSC","03/10/2018 20:05:24","DAT1",576,49
942882,"OSC Lille","Montpellier HSC","03/10/2018 20:05:26","SAFE2",577,49
942882,"OSC Lille","Montpellier HSC","03/10/2018 20:05:31","AT2",578,49
942882,"OSC Lille","Montpellier HSC","03/10/2018 20:05:39","POSSIBLE_TI",579,49
942882,"OSC Lille","Montpellier HSC","03/10/2018 20:05:39","TI2",580,49
942882,"OSC Lille","Montpellier HSC","03/10/2018 20:05:51","Restart",581,49
942882,"OSC Lille","Montpellier HSC","03/10/2018 20:05:52","SAFE2",582,49
942882,"OSC Lille","Montpellier HSC","03/10/2018 20:05:56","AT2",583,49
942882,"OSC Lille","Montpellier HSC","03/10/2018 20:06:01","SAFE2",584,50
942882,"OSC Lille","Montpellier HSC","03/10/2018 20:06:04","AT2",585,50
942882,"OSC Lille","Montpellier HSC","03/10/2018 20:06:06","DANGER2",586,50
942882,"OSC Lille","Montpellier HSC","03/10/2018 20:06:06","DAT2",587,50
942882,"OSC Lille","Montpellier HSC","03/10/2018 20:06:10","POSSIBLE_TI",588,50
942882,"OSC Lille","Montpellier HSC","03/10/2018 20:06:11","TI2",589,50
942882,"OSC Lille","Montpellier HSC","03/10/2018 20:06:13","Restart",590,50
942882,"OSC Lille","Montpellier HSC","03/10/2018 20:06:37","SHB2",591,50
942882,"OSC Lille","Montpellier HSC","03/10/2018 20:06:38","SAFE1",592,50
942882,"OSC Lille","Montpellier HSC","03/10/2018 20:06:39","GK1",593,50
942882,"OSC Lille","Montpellier HSC","03/10/2018 20:06:45","Restart",594,50
942882,"OSC Lille","Montpellier HSC","03/10/2018 20:06:51","AT1",595,50
942882,"OSC Lille","Montpellier HSC","03/10/2018 20:06:54","SAFE2",596,50
942882,"OSC Lille","Montpellier HSC","03/10/2018 20:07:00","AT2",597,51
942882,"OSC Lille","Montpellier HSC","03/10/2018 20:07:02","DANGER2",598,51
942882,"OSC Lille","Montpellier HSC","03/10/2018 20:07:02","DAT2",599,51
942882,"OSC Lille","Montpellier HSC","03/10/2018 20:07:05","Possible Free Kick",600,51
942882,"OSC Lille","Montpellier HSC","03/10/2018 20:07:07","SAFE1",602,51
942882,"OSC Lille","Montpellier HSC","03/10/2018 20:07:07","O2",603,51
942882,"OSC Lille","Montpellier HSC","03/10/2018 20:07:07","FK1",604,51
942882,"OSC Lille","Montpellier HSC","03/10/2018 20:07:07","Ball Position",605,51
942882,"OSC Lille","Montpellier HSC","03/10/2018 20:07:39","Injury Break",606,51
942882,"OSC Lille","Montpellier HSC","03/10/2018 20:08:02","System Message",607,52
942882,"OSC Lille","Montpellier HSC","03/10/2018 20:08:02","Game suspended",608,52
942882,"OSC Lille","Montpellier HSC","03/10/2018 20:08:21","System Message",609,52
942882,"OSC Lille","Montpellier HSC","03/10/2018 20:08:40","SUB1",610,52
942882,"OSC Lille","Montpellier HSC","03/10/2018 20:08:51","Restart",611,52
942882,"OSC Lille","Montpellier HSC","03/10/2018 20:08:55","AT1",612,52
942882,"OSC Lille","Montpellier HSC","03/10/2018 20:09:12","SAFE2",613,53
942882,"OSC Lille","Montpellier HSC","03/10/2018 20:09:18","AT2",614,53
942882,"OSC Lille","Montpellier HSC","03/10/2018 20:09:20","DANGER2",615,53
942882,"OSC Lille","Montpellier HSC","03/10/2018 20:09:20","DAT2",616,53
942882,"OSC Lille","Montpellier HSC","03/10/2018 20:09:24","Player_DATA_CONFIRMED",617,53
942882,"OSC Lille","Montpellier HSC","03/10/2018 20:09:39","POSSIBLE_CARDS",618,53
942882,"OSC Lille","Montpellier HSC","03/10/2018 20:10:00","NO_Cards",619,54
942882,"OSC Lille","Montpellier HSC","03/10/2018 20:10:01","Possible Free Kick",620,54
942882,"OSC Lille","Montpellier HSC","03/10/2018 20:10:04","F1",622,54
942882,"OSC Lille","Montpellier HSC","03/10/2018 20:10:04","FK2",623,54
942882,"OSC Lille","Montpellier HSC","03/10/2018 20:10:04","DFK2",624,54
942882,"OSC Lille","Montpellier HSC","03/10/2018 20:10:04","Ball Position",625,54
942882,"OSC Lille","Montpellier HSC","03/10/2018 20:10:21","Restart",626,54
942882,"OSC Lille","Montpellier HSC","03/10/2018 20:10:26","SAFE1",627,54
942882,"OSC Lille","Montpellier HSC","03/10/2018 20:10:47","Possible Free Kick",628,54
942882,"OSC Lille","Montpellier HSC","03/10/2018 20:10:48","F2",630,54
942882,"OSC Lille","Montpellier HSC","03/10/2018 20:10:48","FK1",631,54
942882,"OSC Lille","Montpellier HSC","03/10/2018 20:10:48","Ball Position",632,54
942882,"OSC Lille","Montpellier HSC","03/10/2018 20:10:59","AT1",633,55
942882,"OSC Lille","Montpellier HSC","03/10/2018 20:10:59","DANGER1",634,55
942882,"OSC Lille","Montpellier HSC","03/10/2018 20:10:59","DAT1",635,55
942882,"OSC Lille","Montpellier HSC","03/10/2018 20:11:01","Restart",636,55
942882,"OSC Lille","Montpellier HSC","03/10/2018 20:11:08","PCR1",637,55
942882,"OSC Lille","Montpellier HSC","03/10/2018 20:11:18","CR1",638,55
942882,"OSC Lille","Montpellier HSC","03/10/2018 20:11:20","Ball Position",639,55
942882,"OSC Lille","Montpellier HSC","03/10/2018 20:11:26","Restart",640,55
942882,"OSC Lille","Montpellier HSC","03/10/2018 20:11:35","POSSIBLE_CARDS",641,55
942882,"OSC Lille","Montpellier HSC","03/10/2018 20:11:42","NO_Cards",642,55
942882,"OSC Lille","Montpellier HSC","03/10/2018 20:11:43","Possible Free Kick",643,55
942882,"OSC Lille","Montpellier HSC","03/10/2018 20:11:44","SAFE2",645,55
942882,"OSC Lille","Montpellier HSC","03/10/2018 20:11:44","F1",646,55
942882,"OSC Lille","Montpellier HSC","03/10/2018 20:11:44","FK2",647,55
942882,"OSC Lille","Montpellier HSC","03/10/2018 20:11:44","Ball Position",648,55
942882,"OSC Lille","Montpellier HSC","03/10/2018 20:11:45","Restart",649,55
942882,"OSC Lille","Montpellier HSC","03/10/2018 20:11:46","AT2",650,55
942882,"OSC Lille","Montpellier HSC","03/10/2018 20:11:53","SAFE2",651,55
942882,"OSC Lille","Montpellier HSC","03/10/2018 20:11:57","AT2",652,56
942882,"OSC Lille","Montpellier HSC","03/10/2018 20:11:59","DANGER2",653,56
942882,"OSC Lille","Montpellier HSC","03/10/2018 20:11:59","DAT2",654,56
942882,"OSC Lille","Montpellier HSC","03/10/2018 20:12:13","Possible Free Kick",655,56
942882,"OSC Lille","Montpellier HSC","03/10/2018 20:12:14","SAFE1",657,56
942882,"OSC Lille","Montpellier HSC","03/10/2018 20:12:14","F2",658,56
942882,"OSC Lille","Montpellier HSC","03/10/2018 20:12:14","FK1",659,56
942882,"OSC Lille","Montpellier HSC","03/10/2018 20:12:14","Ball Position",660,56
942882,"OSC Lille","Montpellier HSC","03/10/2018 20:12:28","Restart",661,56
942882,"OSC Lille","Montpellier HSC","03/10/2018 20:12:33","AT1",662,56
942882,"OSC Lille","Montpellier HSC","03/10/2018 20:12:36","DANGER1",663,56
942882,"OSC Lille","Montpellier HSC","03/10/2018 20:12:36","DAT1",664,56
942882,"OSC Lille","Montpellier HSC","03/10/2018 20:12:39","SAFE2",665,56
942882,"OSC Lille","Montpellier HSC","03/10/2018 20:12:52","AT2",666,56
942882,"OSC Lille","Montpellier HSC","03/10/2018 20:12:58","SAFE1",667,57
942882,"OSC Lille","Montpellier HSC","03/10/2018 20:13:03","POSSIBLE_TI",668,57
942882,"OSC Lille","Montpellier HSC","03/10/2018 20:13:03","TI1",669,57
942882,"OSC Lille","Montpellier HSC","03/10/2018 20:13:19","Restart",670,57
942882,"OSC Lille","Montpellier HSC","03/10/2018 20:13:19","AT1",671,57
942882,"OSC Lille","Montpellier HSC","03/10/2018 20:13:24","DANGER1",672,57
942882,"OSC Lille","Montpellier HSC","03/10/2018 20:13:24","DAT1",673,57
942882,"OSC Lille","Montpellier HSC","03/10/2018 20:13:30","SAFE2",674,57
942882,"OSC Lille","Montpellier HSC","03/10/2018 20:13:37","AT1",675,57
942882,"OSC Lille","Montpellier HSC","03/10/2018 20:13:39","DANGER1",676,57
942882,"OSC Lille","Montpellier HSC","03/10/2018 20:13:39","DAT1",677,57
942882,"OSC Lille","Montpellier HSC","03/10/2018 20:13:46","POSSIBLE_TI",678,57
942882,"OSC Lille","Montpellier HSC","03/10/2018 20:13:47","TI2",679,57
942882,"OSC Lille","Montpellier HSC","03/10/2018 20:13:49","Restart",680,57
942882,"OSC Lille","Montpellier HSC","03/10/2018 20:14:03","SAFE2",681,58
942882,"OSC Lille","Montpellier HSC","03/10/2018 20:14:11","SAFE1",682,58
942882,"OSC Lille","Montpellier HSC","03/10/2018 20:14:11","AT1",683,58
942882,"OSC Lille","Montpellier HSC","03/10/2018 20:14:14","DANGER1",684,58
942882,"OSC Lille","Montpellier HSC","03/10/2018 20:14:14","DAT1",685,58
942882,"OSC Lille","Montpellier HSC","03/10/2018 20:14:18","SAFE2",686,58
942882,"OSC Lille","Montpellier HSC","03/10/2018 20:14:23","AT1",687,58
942882,"OSC Lille","Montpellier HSC","03/10/2018 20:14:31","SAFE2",688,58
942882,"OSC Lille","Montpellier HSC","03/10/2018 20:14:40","AT2",689,58
942882,"OSC Lille","Montpellier HSC","03/10/2018 20:14:47","SAFE1",690,58
942882,"OSC Lille","Montpellier HSC","03/10/2018 20:14:51","AT1",691,58
942882,"OSC Lille","Montpellier HSC","03/10/2018 20:14:55","SAFE2",692,58
942882,"OSC Lille","Montpellier HSC","03/10/2018 20:14:55","AT2",693,58
942882,"OSC Lille","Montpellier HSC","03/10/2018 20:15:04","Possible Free Kick",694,59
942882,"OSC Lille","Montpellier HSC","03/10/2018 20:15:05","SAFE1",696,59
942882,"OSC Lille","Montpellier HSC","03/10/2018 20:15:05","F2",697,59
942882,"OSC Lille","Montpellier HSC","03/10/2018 20:15:05","FK1",698,59
942882,"OSC Lille","Montpellier HSC","03/10/2018 20:15:05","Ball Position",699,59
942882,"OSC Lille","Montpellier HSC","03/10/2018 20:15:16","Restart",700,59
942882,"OSC Lille","Montpellier HSC","03/10/2018 20:15:17","AT1",701,59
942882,"OSC Lille","Montpellier HSC","03/10/2018 20:15:24","Possible Free Kick",702,59
942882,"OSC Lille","Montpellier HSC","03/10/2018 20:15:26","F2",704,59
942882,"OSC Lille","Montpellier HSC","03/10/2018 20:15:26","FK1",705,59
942882,"OSC Lille","Montpellier HSC","03/10/2018 20:15:26","DANGER1",706,59
942882,"OSC Lille","Montpellier HSC","03/10/2018 20:15:26","DFK1",707,59
942882,"OSC Lille","Montpellier HSC","03/10/2018 20:15:26","Ball Position",708,59
942882,"OSC Lille","Montpellier HSC","03/10/2018 20:15:51","Restart",709,59
942882,"OSC Lille","Montpellier HSC","03/10/2018 20:16:03","SAFE2",710,60
942882,"OSC Lille","Montpellier HSC","03/10/2018 20:16:04","AT2",711,60
942882,"OSC Lille","Montpellier HSC","03/10/2018 20:16:06","DANGER2",712,60
942882,"OSC Lille","Montpellier HSC","03/10/2018 20:16:06","DAT2",713,60
942882,"OSC Lille","Montpellier HSC","03/10/2018 20:16:16","POSSIBLE_TI",714,60
942882,"OSC Lille","Montpellier HSC","03/10/2018 20:16:16","TI2",715,60
942882,"OSC Lille","Montpellier HSC","03/10/2018 20:16:24","Restart",716,60
942882,"OSC Lille","Montpellier HSC","03/10/2018 20:16:25","SAFE2",717,60
942882,"OSC Lille","Montpellier HSC","03/10/2018 20:16:38","AT2",718,60
942882,"OSC Lille","Montpellier HSC","03/10/2018 20:16:40","DANGER2",719,60
942882,"OSC Lille","Montpellier HSC","03/10/2018 20:16:40","DAT2",720,60
942882,"OSC Lille","Montpellier HSC","03/10/2018 20:16:45","SAFE1",721,60
942882,"OSC Lille","Montpellier HSC","03/10/2018 20:17:05","SAFE2",722,61
942882,"OSC Lille","Montpellier HSC","03/10/2018 20:17:18","AT2",723,61
942882,"OSC Lille","Montpellier HSC","03/10/2018 20:17:22","DANGER2",724,61
942882,"OSC Lille","Montpellier HSC","03/10/2018 20:17:22","DAT2",725,61
942882,"OSC Lille","Montpellier HSC","03/10/2018 20:17:29","PCR2",726,61
942882,"OSC Lille","Montpellier HSC","03/10/2018 20:17:33","NCR2",727,61
942882,"OSC Lille","Montpellier HSC","03/10/2018 20:17:34","SAFE1",728,61
942882,"OSC Lille","Montpellier HSC","03/10/2018 20:17:35","GK1",729,61
942882,"OSC Lille","Montpellier HSC","03/10/2018 20:17:47","SUB2",730,61
942882,"OSC Lille","Montpellier HSC","03/10/2018 20:18:06","SUB2",731,62
942882,"OSC Lille","Montpellier HSC","03/10/2018 20:18:16","Restart",732,62
942882,"OSC Lille","Montpellier HSC","03/10/2018 20:18:25","AT1",733,62
942882,"OSC Lille","Montpellier HSC","03/10/2018 20:18:30","Possible Free Kick",734,62
942882,"OSC Lille","Montpellier HSC","03/10/2018 20:18:31","SAFE2",736,62
942882,"OSC Lille","Montpellier HSC","03/10/2018 20:18:31","F1",737,62
942882,"OSC Lille","Montpellier HSC","03/10/2018 20:18:31","FK2",738,62
942882,"OSC Lille","Montpellier HSC","03/10/2018 20:18:31","Ball Position",739,62
942882,"OSC Lille","Montpellier HSC","03/10/2018 20:18:36","Restart",740,62
942882,"OSC Lille","Montpellier HSC","03/10/2018 20:18:36","AT2",741,62
942882,"OSC Lille","Montpellier HSC","03/10/2018 20:18:41","SAFE1",742,62
942882,"OSC Lille","Montpellier HSC","03/10/2018 20:18:44","AT1",743,62
942882,"OSC Lille","Montpellier HSC","03/10/2018 20:18:49","SAFE2",744,62
942882,"OSC Lille","Montpellier HSC","03/10/2018 20:18:51","AT2",745,62
942882,"OSC Lille","Montpellier HSC","03/10/2018 20:18:54","DANGER2",746,62
942882,"OSC Lille","Montpellier HSC","03/10/2018 20:18:54","DAT2",747,62
942882,"OSC Lille","Montpellier HSC","03/10/2018 20:19:03","SAFE1",748,63
942882,"OSC Lille","Montpellier HSC","03/10/2018 20:19:06","AT1",749,63
942882,"OSC Lille","Montpellier HSC","03/10/2018 20:19:10","DANGER1",750,63
942882,"OSC Lille","Montpellier HSC","03/10/2018 20:19:10","DAT1",751,63
942882,"OSC Lille","Montpellier HSC","03/10/2018 20:19:25","Player_DATA_CONFIRMED",752,63
942882,"OSC Lille","Montpellier HSC","03/10/2018 20:19:25","SAFE2",753,63
942882,"OSC Lille","Montpellier HSC","03/10/2018 20:19:26","AT2",754,63
942882,"OSC Lille","Montpellier HSC","03/10/2018 20:19:26","Player_DATA_CONFIRMED",755,63
942882,"OSC Lille","Montpellier HSC","03/10/2018 20:19:28","DANGER2",756,63
942882,"OSC Lille","Montpellier HSC","03/10/2018 20:19:28","DAT2",757,63
942882,"OSC Lille","Montpellier HSC","03/10/2018 20:19:34","SAFE2",758,63
942882,"OSC Lille","Montpellier HSC","03/10/2018 20:19:39","AT2",759,63
942882,"OSC Lille","Montpellier HSC","03/10/2018 20:19:55","DANGER2",760,63
942882,"OSC Lille","Montpellier HSC","03/10/2018 20:19:55","DAT2",761,63
942882,"OSC Lille","Montpellier HSC","03/10/2018 20:20:00","GOAL2",762,64
942882,"OSC Lille","Montpellier HSC","03/10/2018 20:20:19","Scorer",763,64
942882,"OSC Lille","Montpellier HSC","03/10/2018 20:20:22","CONF_GOAL2",764,64
942882,"OSC Lille","Montpellier HSC","03/10/2018 20:20:37","KO1",765,64
942882,"OSC Lille","Montpellier HSC","03/10/2018 20:20:37","SAFE1",766,64
942882,"OSC Lille","Montpellier HSC","03/10/2018 20:20:52","AT1",767,64
942882,"OSC Lille","Montpellier HSC","03/10/2018 20:20:56","Player_DATA_CONFIRMED",768,64
942882,"OSC Lille","Montpellier HSC","03/10/2018 20:20:56","Assist",769,64
942882,"OSC Lille","Montpellier HSC","03/10/2018 20:20:56","SAFE2",770,64
942882,"OSC Lille","Montpellier HSC","03/10/2018 20:20:56","AT2",771,64
942882,"OSC Lille","Montpellier HSC","03/10/2018 20:21:20","POSSIBLE_CARDS",772,65
942882,"OSC Lille","Montpellier HSC","03/10/2018 20:21:34","NO_Cards",773,65
942882,"OSC Lille","Montpellier HSC","03/10/2018 20:21:46","SUB1",774,65
942882,"OSC Lille","Montpellier HSC","03/10/2018 20:21:57","Referee Ball",775,65
942882,"OSC Lille","Montpellier HSC","03/10/2018 20:21:58","Restart",776,66
942882,"OSC Lille","Montpellier HSC","03/10/2018 20:22:01","SAFE1",777,66
942882,"OSC Lille","Montpellier HSC","03/10/2018 20:22:08","AT1",778,66
942882,"OSC Lille","Montpellier HSC","03/10/2018 20:22:11","DANGER1",779,66
942882,"OSC Lille","Montpellier HSC","03/10/2018 20:22:11","DAT1",780,66
942882,"OSC Lille","Montpellier HSC","03/10/2018 20:22:24","SAFE2",781,66
942882,"OSC Lille","Montpellier HSC","03/10/2018 20:22:24","GK2",782,66
942882,"OSC Lille","Montpellier HSC","03/10/2018 20:22:24","Player_DATA_CONFIRMED",783,66
942882,"OSC Lille","Montpellier HSC","03/10/2018 20:22:28","Restart",784,66
942882,"OSC Lille","Montpellier HSC","03/10/2018 20:22:44","AT2",785,66
942882,"OSC Lille","Montpellier HSC","03/10/2018 20:22:49","SAFE1",786,66
942882,"OSC Lille","Montpellier HSC","03/10/2018 20:22:49","AT1",787,66
942882,"OSC Lille","Montpellier HSC","03/10/2018 20:22:51","DANGER1",788,66
942882,"OSC Lille","Montpellier HSC","03/10/2018 20:22:51","DAT1",789,66
942882,"OSC Lille","Montpellier HSC","03/10/2018 20:22:57","PCR1",790,67
942882,"OSC Lille","Montpellier HSC","03/10/2018 20:23:01","NCR1",791,67
942882,"OSC Lille","Montpellier HSC","03/10/2018 20:23:05","SHB1",792,67
942882,"OSC Lille","Montpellier HSC","03/10/2018 20:23:06","SAFE2",793,67
942882,"OSC Lille","Montpellier HSC","03/10/2018 20:23:06","GK2",794,67
942882,"OSC Lille","Montpellier HSC","03/10/2018 20:23:19","Restart",795,67
942882,"OSC Lille","Montpellier HSC","03/10/2018 20:23:25","POSSIBLE_TI",796,67
942882,"OSC Lille","Montpellier HSC","03/10/2018 20:23:25","TI2",797,67
942882,"OSC Lille","Montpellier HSC","03/10/2018 20:23:29","Restart",798,67
942882,"OSC Lille","Montpellier HSC","03/10/2018 20:23:30","AT2",799,67
942882,"OSC Lille","Montpellier HSC","03/10/2018 20:23:34","DANGER2",800,67
942882,"OSC Lille","Montpellier HSC","03/10/2018 20:23:34","DAT2",801,67
942882,"OSC Lille","Montpellier HSC","03/10/2018 20:23:37","SAFE1",802,67
942882,"OSC Lille","Montpellier HSC","03/10/2018 20:23:49","AT1",803,67
942882,"OSC Lille","Montpellier HSC","03/10/2018 20:23:57","DANGER1",804,67
942882,"OSC Lille","Montpellier HSC","03/10/2018 20:23:57","DAT1",805,67
942882,"OSC Lille","Montpellier HSC","03/10/2018 20:24:07","SAFE2",806,68
942882,"OSC Lille","Montpellier HSC","03/10/2018 20:24:15","AT2",807,68
942882,"OSC Lille","Montpellier HSC","03/10/2018 20:24:17","DANGER2",808,68
942882,"OSC Lille","Montpellier HSC","03/10/2018 20:24:17","DAT2",809,68
942882,"OSC Lille","Montpellier HSC","03/10/2018 20:24:24","PCR2",810,68
942882,"OSC Lille","Montpellier HSC","03/10/2018 20:24:34","SHG2",811,68
942882,"OSC Lille","Montpellier HSC","03/10/2018 20:24:37","CR2",812,68
942882,"OSC Lille","Montpellier HSC","03/10/2018 20:24:45","Ball Position",813,68
942882,"OSC Lille","Montpellier HSC","03/10/2018 20:25:02","Restart",814,69
942882,"OSC Lille","Montpellier HSC","03/10/2018 20:25:12","SAFE1",815,69
942882,"OSC Lille","Montpellier HSC","03/10/2018 20:25:28","AT1",816,69
942882,"OSC Lille","Montpellier HSC","03/10/2018 20:25:31","SAFE2",817,69
942882,"OSC Lille","Montpellier HSC","03/10/2018 20:25:31","AT2",818,69
942882,"OSC Lille","Montpellier HSC","03/10/2018 20:25:33","DANGER2",819,69
942882,"OSC Lille","Montpellier HSC","03/10/2018 20:25:33","DAT2",820,69
942882,"OSC Lille","Montpellier HSC","03/10/2018 20:25:40","SHG2",821,69
942882,"OSC Lille","Montpellier HSC","03/10/2018 20:25:40","SAFE1",822,69
942882,"OSC Lille","Montpellier HSC","03/10/2018 20:26:15","Referee Ball",823,70
942882,"OSC Lille","Montpellier HSC","03/10/2018 20:26:16","Restart",824,70
942882,"OSC Lille","Montpellier HSC","03/10/2018 20:26:30","POSSIBLE_TI",825,70
942882,"OSC Lille","Montpellier HSC","03/10/2018 20:26:31","TI2",826,70
942882,"OSC Lille","Montpellier HSC","03/10/2018 20:26:33","Restart",827,70
942882,"OSC Lille","Montpellier HSC","03/10/2018 20:26:34","SAFE2",828,70
942882,"OSC Lille","Montpellier HSC","03/10/2018 20:26:44","AT2",829,70
942882,"OSC Lille","Montpellier HSC","03/10/2018 20:26:46","DANGER2",830,70
942882,"OSC Lille","Montpellier HSC","03/10/2018 20:26:46","DAT2",831,70
942882,"OSC Lille","Montpellier HSC","03/10/2018 20:26:55","SAFE1",832,70
942882,"OSC Lille","Montpellier HSC","03/10/2018 20:27:01","AT2",833,71
942882,"OSC Lille","Montpellier HSC","03/10/2018 20:27:08","Possible Free Kick",834,71
942882,"OSC Lille","Montpellier HSC","03/10/2018 20:27:09","SAFE1",836,71
942882,"OSC Lille","Montpellier HSC","03/10/2018 20:27:09","F2",837,71
942882,"OSC Lille","Montpellier HSC","03/10/2018 20:27:09","FK1",838,71
942882,"OSC Lille","Montpellier HSC","03/10/2018 20:27:09","Ball Position",839,71
942882,"OSC Lille","Montpellier HSC","03/10/2018 20:27:21","Restart",840,71
942882,"OSC Lille","Montpellier HSC","03/10/2018 20:27:28","AT1",841,71
942882,"OSC Lille","Montpellier HSC","03/10/2018 20:27:58","SUB1",842,72
942882,"OSC Lille","Montpellier HSC","03/10/2018 20:28:01","POSSIBLE_TI",843,72
942882,"OSC Lille","Montpellier HSC","03/10/2018 20:28:02","TI2",844,72
942882,"OSC Lille","Montpellier HSC","03/10/2018 20:28:06","Restart",845,72
942882,"OSC Lille","Montpellier HSC","03/10/2018 20:28:07","SAFE2",846,72
942882,"OSC Lille","Montpellier HSC","03/10/2018 20:28:20","AT2",847,72
942882,"OSC Lille","Montpellier HSC","03/10/2018 20:28:25","SAFE1",848,72
942882,"OSC Lille","Montpellier HSC","03/10/2018 20:28:25","AT1",849,72
942882,"OSC Lille","Montpellier HSC","03/10/2018 20:28:31","SAFE2",850,72
942882,"OSC Lille","Montpellier HSC","03/10/2018 20:28:36","AT2",851,72
942882,"OSC Lille","Montpellier HSC","03/10/2018 20:28:42","SAFE2",852,72
942882,"OSC Lille","Montpellier HSC","03/10/2018 20:28:46","AT2",853,72
942882,"OSC Lille","Montpellier HSC","03/10/2018 20:28:51","SAFE1",854,72
942882,"OSC Lille","Montpellier HSC","03/10/2018 20:28:57","AT1",855,72
942882,"OSC Lille","Montpellier HSC","03/10/2018 20:29:03","SAFE2",856,73
942882,"OSC Lille","Montpellier HSC","03/10/2018 20:29:15","AT2",857,73
942882,"OSC Lille","Montpellier HSC","03/10/2018 20:29:17","DANGER2",858,73
942882,"OSC Lille","Montpellier HSC","03/10/2018 20:29:17","DAT2",859,73
942882,"OSC Lille","Montpellier HSC","03/10/2018 20:29:42","SAFE1",860,73
942882,"OSC Lille","Montpellier HSC","03/10/2018 20:29:59","POSSIBLE_CARDS",861,74
942882,"OSC Lille","Montpellier HSC","03/10/2018 20:30:09","NO_Cards",862,74
942882,"OSC Lille","Montpellier HSC","03/10/2018 20:30:10","Possible Free Kick",863,74
942882,"OSC Lille","Montpellier HSC","03/10/2018 20:30:11","F2",865,74
942882,"OSC Lille","Montpellier HSC","03/10/2018 20:30:11","FK1",866,74
942882,"OSC Lille","Montpellier HSC","03/10/2018 20:30:11","Ball Position",867,74
942882,"OSC Lille","Montpellier HSC","03/10/2018 20:30:24","Restart",868,74
942882,"OSC Lille","Montpellier HSC","03/10/2018 20:30:24","AT1",869,74
942882,"OSC Lille","Montpellier HSC","03/10/2018 20:30:26","DANGER1",870,74
942882,"OSC Lille","Montpellier HSC","03/10/2018 20:30:26","DAT1",871,74
942882,"OSC Lille","Montpellier HSC","03/10/2018 20:30:26","Player_DATA_CONFIRMED",872,74
942882,"OSC Lille","Montpellier HSC","03/10/2018 20:30:29","POSSIBLE_TI",873,74
942882,"OSC Lille","Montpellier HSC","03/10/2018 20:30:31","TI1",874,74
942882,"OSC Lille","Montpellier HSC","03/10/2018 20:30:35","Restart",875,74
942882,"OSC Lille","Montpellier HSC","03/10/2018 20:30:39","POSSIBLE_TI",876,74
942882,"OSC Lille","Montpellier HSC","03/10/2018 20:30:39","TI2",877,74
942882,"OSC Lille","Montpellier HSC","03/10/2018 20:30:42","Restart",878,74
942882,"OSC Lille","Montpellier HSC","03/10/2018 20:30:44","SAFE2",879,74
942882,"OSC Lille","Montpellier HSC","03/10/2018 20:30:58","AT2",880,75
942882,"OSC Lille","Montpellier HSC","03/10/2018 20:30:58","DANGER2",881,75
942882,"OSC Lille","Montpellier HSC","03/10/2018 20:30:58","DAT2",882,75
942882,"OSC Lille","Montpellier HSC","03/10/2018 20:31:13","Possible Free Kick",883,75
942882,"OSC Lille","Montpellier HSC","03/10/2018 20:31:14","F1",885,75
942882,"OSC Lille","Montpellier HSC","03/10/2018 20:31:14","FK2",886,75
942882,"OSC Lille","Montpellier HSC","03/10/2018 20:31:14","DFK2",887,75
942882,"OSC Lille","Montpellier HSC","03/10/2018 20:31:14","Ball Position",888,75
942882,"OSC Lille","Montpellier HSC","03/10/2018 20:31:28","Restart",889,75
942882,"OSC Lille","Montpellier HSC","03/10/2018 20:31:35","SAFE1",890,75
942882,"OSC Lille","Montpellier HSC","03/10/2018 20:31:40","AT1",891,75
942882,"OSC Lille","Montpellier HSC","03/10/2018 20:31:41","DANGER1",892,75
942882,"OSC Lille","Montpellier HSC","03/10/2018 20:31:41","DAT1",893,75
942882,"OSC Lille","Montpellier HSC","03/10/2018 20:31:49","SAFE2",894,75
942882,"OSC Lille","Montpellier HSC","03/10/2018 20:31:49","GK2",895,75
942882,"OSC Lille","Montpellier HSC","03/10/2018 20:31:54","Restart",896,75
942882,"OSC Lille","Montpellier HSC","03/10/2018 20:32:20","AT1",897,76
942882,"OSC Lille","Montpellier HSC","03/10/2018 20:32:31","SAFE1",898,76
942882,"OSC Lille","Montpellier HSC","03/10/2018 20:32:35","AT1",899,76
942882,"OSC Lille","Montpellier HSC","03/10/2018 20:32:41","POSSIBLE_TI",900,76
942882,"OSC Lille","Montpellier HSC","03/10/2018 20:32:43","TI1",901,76
942882,"OSC Lille","Montpellier HSC","03/10/2018 20:32:45","Restart",902,76
942882,"OSC Lille","Montpellier HSC","03/10/2018 20:32:54","Possible Free Kick",903,76
942882,"OSC Lille","Montpellier HSC","03/10/2018 20:32:58","F1",905,77
942882,"OSC Lille","Montpellier HSC","03/10/2018 20:32:58","FK2",906,77
942882,"OSC Lille","Montpellier HSC","03/10/2018 20:32:58","DANGER2",907,77
942882,"OSC Lille","Montpellier HSC","03/10/2018 20:32:58","DFK2",908,77
942882,"OSC Lille","Montpellier HSC","03/10/2018 20:32:58","Ball Position",909,77
942882,"OSC Lille","Montpellier HSC","03/10/2018 20:33:19","Restart",910,77
942882,"OSC Lille","Montpellier HSC","03/10/2018 20:33:29","SAFE1",911,77
942882,"OSC Lille","Montpellier HSC","03/10/2018 20:33:38","AT2",912,77
942882,"OSC Lille","Montpellier HSC","03/10/2018 20:33:40","DANGER2",913,77
942882,"OSC Lille","Montpellier HSC","03/10/2018 20:33:40","DAT2",914,77
942882,"OSC Lille","Montpellier HSC","03/10/2018 20:33:47","SAFE1",915,77
942882,"OSC Lille","Montpellier HSC","03/10/2018 20:33:50","AT1",916,77
942882,"OSC Lille","Montpellier HSC","03/10/2018 20:33:52","DANGER1",917,77
942882,"OSC Lille","Montpellier HSC","03/10/2018 20:33:52","DAT1",918,77
942882,"OSC Lille","Montpellier HSC","03/10/2018 20:33:59","SAFE2",919,78
942882,"OSC Lille","Montpellier HSC","03/10/2018 20:34:04","AT2",920,78
942882,"OSC Lille","Montpellier HSC","03/10/2018 20:34:06","DANGER2",921,78
942882,"OSC Lille","Montpellier HSC","03/10/2018 20:34:06","DAT2",922,78
942882,"OSC Lille","Montpellier HSC","03/10/2018 20:34:15","SAFE1",923,78
942882,"OSC Lille","Montpellier HSC","03/10/2018 20:34:23","AT1",924,78
942882,"OSC Lille","Montpellier HSC","03/10/2018 20:34:26","SAFE2",925,78
942882,"OSC Lille","Montpellier HSC","03/10/2018 20:34:27","AT2",926,78
942882,"OSC Lille","Montpellier HSC","03/10/2018 20:34:38","DANGER2",927,78
942882,"OSC Lille","Montpellier HSC","03/10/2018 20:34:38","DAT2",928,78
942882,"OSC Lille","Montpellier HSC","03/10/2018 20:34:48","PCR2",929,78
942882,"OSC Lille","Montpellier HSC","03/10/2018 20:34:52","NCR2",930,78
942882,"OSC Lille","Montpellier HSC","03/10/2018 20:34:53","SHB2",931,78
942882,"OSC Lille","Montpellier HSC","03/10/2018 20:34:54","SAFE1",932,78
942882,"OSC Lille","Montpellier HSC","03/10/2018 20:34:54","GK1",933,78
942882,"OSC Lille","Montpellier HSC","03/10/2018 20:35:15","Restart",934,79
942882,"OSC Lille","Montpellier HSC","03/10/2018 20:35:19","AT1",935,79
942882,"OSC Lille","Montpellier HSC","03/10/2018 20:35:22","SAFE2",936,79
942882,"OSC Lille","Montpellier HSC","03/10/2018 20:35:33","AT1",937,79
942882,"OSC Lille","Montpellier HSC","03/10/2018 20:35:38","Possible Free Kick",938,79
942882,"OSC Lille","Montpellier HSC","03/10/2018 20:35:40","F2",940,79
942882,"OSC Lille","Montpellier HSC","03/10/2018 20:35:40","FK1",941,79
942882,"OSC Lille","Montpellier HSC","03/10/2018 20:35:40","DANGER1",942,79
942882,"OSC Lille","Montpellier HSC","03/10/2018 20:35:40","DFK1",943,79
942882,"OSC Lille","Montpellier HSC","03/10/2018 20:35:40","Ball Position",944,79
942882,"OSC Lille","Montpellier HSC","03/10/2018 20:35:42","POSSIBLE_CARDS",945,79
942882,"OSC Lille","Montpellier HSC","03/10/2018 20:35:55","NO_Cards",946,79
942882,"OSC Lille","Montpellier HSC","03/10/2018 20:36:04","Restart",947,80
942882,"OSC Lille","Montpellier HSC","03/10/2018 20:36:24","SHB1",948,80
942882,"OSC Lille","Montpellier HSC","03/10/2018 20:36:26","SAFE2",949,80
942882,"OSC Lille","Montpellier HSC","03/10/2018 20:36:27","GK2",950,80
942882,"OSC Lille","Montpellier HSC","03/10/2018 20:36:43","Restart",951,80
942882,"OSC Lille","Montpellier HSC","03/10/2018 20:36:51","AT2",952,80
942882,"OSC Lille","Montpellier HSC","03/10/2018 20:36:58","DANGER2",953,81
942882,"OSC Lille","Montpellier HSC","03/10/2018 20:36:58","DAT2",954,81
942882,"OSC Lille","Montpellier HSC","03/10/2018 20:37:03","PCR2",955,81
942882,"OSC Lille","Montpellier HSC","03/10/2018 20:37:31","CR2",956,81
942882,"OSC Lille","Montpellier HSC","03/10/2018 20:37:33","Ball Position",957,81
942882,"OSC Lille","Montpellier HSC","03/10/2018 20:37:39","Restart",958,81
942882,"OSC Lille","Montpellier HSC","03/10/2018 20:38:06","PCR2",959,82
942882,"OSC Lille","Montpellier HSC","03/10/2018 20:38:11","CR2",960,82
942882,"OSC Lille","Montpellier HSC","03/10/2018 20:38:12","Ball Position",961,82
942882,"OSC Lille","Montpellier HSC","03/10/2018 20:38:26","POSSIBLE_CARDS",962,82
942882,"OSC Lille","Montpellier HSC","03/10/2018 20:38:36","NO_Cards",963,82
942882,"OSC Lille","Montpellier HSC","03/10/2018 20:38:37","Restart",964,82
942882,"OSC Lille","Montpellier HSC","03/10/2018 20:38:54","SHB2",965,82
942882,"OSC Lille","Montpellier HSC","03/10/2018 20:38:54","SAFE1",966,82
942882,"OSC Lille","Montpellier HSC","03/10/2018 20:38:55","GK1",967,82
942882,"OSC Lille","Montpellier HSC","03/10/2018 20:38:56","Restart",968,82
942882,"OSC Lille","Montpellier HSC","03/10/2018 20:39:13","AT1",969,83
942882,"OSC Lille","Montpellier HSC","03/10/2018 20:39:17","DANGER1",970,83
942882,"OSC Lille","Montpellier HSC","03/10/2018 20:39:17","DAT1",971,83
942882,"OSC Lille","Montpellier HSC","03/10/2018 20:39:27","SAFE2",972,83
942882,"OSC Lille","Montpellier HSC","03/10/2018 20:39:29","AT2",973,83
942882,"OSC Lille","Montpellier HSC","03/10/2018 20:39:30","DANGER2",974,83
942882,"OSC Lille","Montpellier HSC","03/10/2018 20:39:30","DAT2",975,83
942882,"OSC Lille","Montpellier HSC","03/10/2018 20:39:34","SAFE1",976,83
942882,"OSC Lille","Montpellier HSC","03/10/2018 20:39:38","AT1",977,83
942882,"OSC Lille","Montpellier HSC","03/10/2018 20:39:41","DANGER1",978,83
942882,"OSC Lille","Montpellier HSC","03/10/2018 20:39:41","DAT1",979,83
942882,"OSC Lille","Montpellier HSC","03/10/2018 20:39:52","SAFE2",980,83
942882,"OSC Lille","Montpellier HSC","03/10/2018 20:39:52","AT2",981,83
942882,"OSC Lille","Montpellier HSC","03/10/2018 20:39:54","DANGER2",982,83
942882,"OSC Lille","Montpellier HSC","03/10/2018 20:39:54","DAT2",983,83
942882,"OSC Lille","Montpellier HSC","03/10/2018 20:40:03","PCR2",984,84
942882,"OSC Lille","Montpellier HSC","03/10/2018 20:40:06","NCR2",985,84
942882,"OSC Lille","Montpellier HSC","03/10/2018 20:40:07","SHB2",986,84
942882,"OSC Lille","Montpellier HSC","03/10/2018 20:40:08","SAFE1",987,84
942882,"OSC Lille","Montpellier HSC","03/10/2018 20:40:09","GK1",988,84
942882,"OSC Lille","Montpellier HSC","03/10/2018 20:40:27","Restart",989,84
942882,"OSC Lille","Montpellier HSC","03/10/2018 20:40:35","POSSIBLE_TI",990,84
942882,"OSC Lille","Montpellier HSC","03/10/2018 20:40:36","TI2",991,84
942882,"OSC Lille","Montpellier HSC","03/10/2018 20:40:41","Restart",992,84
942882,"OSC Lille","Montpellier HSC","03/10/2018 20:40:41","SAFE2",993,84
942882,"OSC Lille","Montpellier HSC","03/10/2018 20:40:43","AT1",994,84
942882,"OSC Lille","Montpellier HSC","03/10/2018 20:40:43","DANGER1",995,84
942882,"OSC Lille","Montpellier HSC","03/10/2018 20:40:43","DAT1",996,84
942882,"OSC Lille","Montpellier HSC","03/10/2018 20:40:53","Possible Free Kick",997,84
942882,"OSC Lille","Montpellier HSC","03/10/2018 20:40:56","SAFE2",999,84
942882,"OSC Lille","Montpellier HSC","03/10/2018 20:40:56","O1",1000,84
942882,"OSC Lille","Montpellier HSC","03/10/2018 20:40:56","FK2",1001,84
942882,"OSC Lille","Montpellier HSC","03/10/2018 20:40:56","Ball Position",1002,84
942882,"OSC Lille","Montpellier HSC","03/10/2018 20:41:10","Restart",1003,85
942882,"OSC Lille","Montpellier HSC","03/10/2018 20:41:11","AT2",1004,85
942882,"OSC Lille","Montpellier HSC","03/10/2018 20:41:12","DANGER2",1005,85
942882,"OSC Lille","Montpellier HSC","03/10/2018 20:41:12","DAT2",1006,85
942882,"OSC Lille","Montpellier HSC","03/10/2018 20:41:24","PCR2",1007,85
942882,"OSC Lille","Montpellier HSC","03/10/2018 20:41:27","NCR2",1008,85
942882,"OSC Lille","Montpellier HSC","03/10/2018 20:41:28","SAFE1",1009,85
942882,"OSC Lille","Montpellier HSC","03/10/2018 20:41:28","GK1",1010,85
942882,"OSC Lille","Montpellier HSC","03/10/2018 20:41:48","Restart",1011,85
942882,"OSC Lille","Montpellier HSC","03/10/2018 20:41:51","AT1",1012,85
942882,"OSC Lille","Montpellier HSC","03/10/2018 20:41:59","DANGER1",1013,86
942882,"OSC Lille","Montpellier HSC","03/10/2018 20:41:59","DAT1",1014,86
942882,"OSC Lille","Montpellier HSC","03/10/2018 20:42:12","SHB1",1015,86
942882,"OSC Lille","Montpellier HSC","03/10/2018 20:42:12","SAFE2",1016,86
942882,"OSC Lille","Montpellier HSC","03/10/2018 20:42:13","GK2",1017,86
942882,"OSC Lille","Montpellier HSC","03/10/2018 20:42:37","Restart",1018,86
942882,"OSC Lille","Montpellier HSC","03/10/2018 20:42:40","AT1",1019,86
942882,"OSC Lille","Montpellier HSC","03/10/2018 20:42:44","DANGER1",1020,86
942882,"OSC Lille","Montpellier HSC","03/10/2018 20:42:44","DAT1",1021,86
942882,"OSC Lille","Montpellier HSC","03/10/2018 20:42:52","SAFE2",1022,86
942882,"OSC Lille","Montpellier HSC","03/10/2018 20:42:54","AT2",1023,86
942882,"OSC Lille","Montpellier HSC","03/10/2018 20:42:56","DANGER2",1024,86
942882,"OSC Lille","Montpellier HSC","03/10/2018 20:42:56","DAT2",1025,86
942882,"OSC Lille","Montpellier HSC","03/10/2018 20:42:58","SAFE1",1026,87
942882,"OSC Lille","Montpellier HSC","03/10/2018 20:42:58","AT1",1027,87
942882,"OSC Lille","Montpellier HSC","03/10/2018 20:43:00","DANGER1",1028,87
942882,"OSC Lille","Montpellier HSC","03/10/2018 20:43:00","DAT1",1029,87
942882,"OSC Lille","Montpellier HSC","03/10/2018 20:43:14","Possible Free Kick",1030,87
942882,"OSC Lille","Montpellier HSC","03/10/2018 20:43:15","F2",1032,87
942882,"OSC Lille","Montpellier HSC","03/10/2018 20:43:15","FK1",1033,87
942882,"OSC Lille","Montpellier HSC","03/10/2018 20:43:15","DFK1",1034,87
942882,"OSC Lille","Montpellier HSC","03/10/2018 20:43:15","Ball Position",1035,87
942882,"OSC Lille","Montpellier HSC","03/10/2018 20:43:18","POSSIBLE_CARDS",1036,87
942882,"OSC Lille","Montpellier HSC","03/10/2018 20:43:45","YC1",1037,87
942882,"OSC Lille","Montpellier HSC","03/10/2018 20:43:47","CONF_YC1",1038,87
942882,"OSC Lille","Montpellier HSC","03/10/2018 20:43:50","Scorer",1039,87
942882,"OSC Lille","Montpellier HSC","03/10/2018 20:43:51","YC2",1040,87
942882,"OSC Lille","Montpellier HSC","03/10/2018 20:43:52","CONF_YC2",1041,87
942882,"OSC Lille","Montpellier HSC","03/10/2018 20:43:53","Scorer",1042,87
942882,"OSC Lille","Montpellier HSC","03/10/2018 20:44:15","Restart",1043,88
942882,"OSC Lille","Montpellier HSC","03/10/2018 20:44:23","SAFE2",1044,88
942882,"OSC Lille","Montpellier HSC","03/10/2018 20:44:23","GK2",1045,88
942882,"OSC Lille","Montpellier HSC","03/10/2018 20:44:24","Scorer",1046,88
942882,"OSC Lille","Montpellier HSC","03/10/2018 20:44:24","Player_DATA_CONFIRMED",1047,88
942882,"OSC Lille","Montpellier HSC","03/10/2018 20:44:26","Restart",1048,88
942882,"OSC Lille","Montpellier HSC","03/10/2018 20:44:27","AT2",1049,88
942882,"OSC Lille","Montpellier HSC","03/10/2018 20:44:29","DANGER2",1050,88
942882,"OSC Lille","Montpellier HSC","03/10/2018 20:44:29","DAT2",1051,88
942882,"OSC Lille","Montpellier HSC","03/10/2018 20:44:37","SAFE1",1052,88
942882,"OSC Lille","Montpellier HSC","03/10/2018 20:44:43","AT1",1053,88
942882,"OSC Lille","Montpellier HSC","03/10/2018 20:44:46","POSSIBLE_TI",1054,88
942882,"OSC Lille","Montpellier HSC","03/10/2018 20:44:47","TI1",1055,88
942882,"OSC Lille","Montpellier HSC","03/10/2018 20:44:49","Restart",1056,88
942882,"OSC Lille","Montpellier HSC","03/10/2018 20:44:53","SAFE1",1057,88
942882,"OSC Lille","Montpellier HSC","03/10/2018 20:44:56","AT1",1058,88
942882,"OSC Lille","Montpellier HSC","03/10/2018 20:44:58","DANGER1",1059,89
942882,"OSC Lille","Montpellier HSC","03/10/2018 20:44:58","DAT1",1060,89
942882,"OSC Lille","Montpellier HSC","03/10/2018 20:45:08","POSSIBLE_TI",1061,89
942882,"OSC Lille","Montpellier HSC","03/10/2018 20:45:09","TI2",1062,89
942882,"OSC Lille","Montpellier HSC","03/10/2018 20:45:10","SAFE2",1063,89
942882,"OSC Lille","Montpellier HSC","03/10/2018 20:45:18","Restart",1064,89
942882,"OSC Lille","Montpellier HSC","03/10/2018 20:45:22","AT2",1065,89
942882,"OSC Lille","Montpellier HSC","03/10/2018 20:45:24","Scorer",1066,89
942882,"OSC Lille","Montpellier HSC","03/10/2018 20:45:25","Player_DATA_CONFIRMED",1067,89
942882,"OSC Lille","Montpellier HSC","03/10/2018 20:45:26","DANGER2",1068,89
942882,"OSC Lille","Montpellier HSC","03/10/2018 20:45:26","DAT2",1069,89
942882,"OSC Lille","Montpellier HSC","03/10/2018 20:45:36","PCR2",1070,89
942882,"OSC Lille","Montpellier HSC","03/10/2018 20:45:45","CR2",1071,89
942882,"OSC Lille","Montpellier HSC","03/10/2018 20:45:47","Ball Position",1072,89
942882,"OSC Lille","Montpellier HSC","03/10/2018 20:46:07","Restart",1073,90
942882,"OSC Lille","Montpellier HSC","03/10/2018 20:46:32","POSSIBLE_TI",1074,90
942882,"OSC Lille","Montpellier HSC","03/10/2018 20:46:33","TI1",1075,90
942882,"OSC Lille","Montpellier HSC","03/10/2018 20:46:37","SAFE1",1076,90
942882,"OSC Lille","Montpellier HSC","03/10/2018 20:46:46","Restart",1077,90
942882,"OSC Lille","Montpellier HSC","03/10/2018 20:46:55","Extra Time",1078,90
942882,"OSC Lille","Montpellier HSC","03/10/2018 20:46:58","AT1",1079,91
942882,"OSC Lille","Montpellier HSC","03/10/2018 20:47:00","DANGER1",1080,91
942882,"OSC Lille","Montpellier HSC","03/10/2018 20:47:00","DAT1",1081,91
942882,"OSC Lille","Montpellier HSC","03/10/2018 20:47:19","SAFE2",1082,91
942882,"OSC Lille","Montpellier HSC","03/10/2018 20:47:32","AT1",1083,91
942882,"OSC Lille","Montpellier HSC","03/10/2018 20:47:36","POSSIBLE_TI",1084,91
942882,"OSC Lille","Montpellier HSC","03/10/2018 20:47:36","TI1",1085,91
942882,"OSC Lille","Montpellier HSC","03/10/2018 20:47:40","Restart",1086,91
942882,"OSC Lille","Montpellier HSC","03/10/2018 20:47:44","DANGER1",1087,91
942882,"OSC Lille","Montpellier HSC","03/10/2018 20:47:44","DAT1",1088,91
942882,"OSC Lille","Montpellier HSC","03/10/2018 20:48:25","SAFE2",1089,92
942882,"OSC Lille","Montpellier HSC","03/10/2018 20:48:25","AT2",1090,92
942882,"OSC Lille","Montpellier HSC","03/10/2018 20:48:27","SAFE1",1091,92
942882,"OSC Lille","Montpellier HSC","03/10/2018 20:48:33","AT1",1092,92
942882,"OSC Lille","Montpellier HSC","03/10/2018 20:48:41","SAFE2",1093,92
942882,"OSC Lille","Montpellier HSC","03/10/2018 20:48:43","AT2",1094,92
942882,"OSC Lille","Montpellier HSC","03/10/2018 20:48:46","DANGER2",1095,92
942882,"OSC Lille","Montpellier HSC","03/10/2018 20:48:46","DAT2",1096,92
942882,"OSC Lille","Montpellier HSC","03/10/2018 20:48:50","POSSIBLE_TI",1097,92
942882,"OSC Lille","Montpellier HSC","03/10/2018 20:48:51","TI1",1098,92
942882,"OSC Lille","Montpellier HSC","03/10/2018 20:48:59","Restart",1099,93
942882,"OSC Lille","Montpellier HSC","03/10/2018 20:49:02","SAFE1",1100,93
942882,"OSC Lille","Montpellier HSC","03/10/2018 20:49:03","AT1",1101,93
942882,"OSC Lille","Montpellier HSC","03/10/2018 20:49:07","DANGER1",1102,93
942882,"OSC Lille","Montpellier HSC","03/10/2018 20:49:07","DAT1",1103,93
942882,"OSC Lille","Montpellier HSC","03/10/2018 20:49:22","POSSIBLE_TI",1104,93
942882,"OSC Lille","Montpellier HSC","03/10/2018 20:49:22","TI2",1105,93
942882,"OSC Lille","Montpellier HSC","03/10/2018 20:49:27","Restart",1106,93
942882,"OSC Lille","Montpellier HSC","03/10/2018 20:49:31","Possible Free Kick",1107,93
942882,"OSC Lille","Montpellier HSC","03/10/2018 20:49:32","SAFE2",1109,93
942882,"OSC Lille","Montpellier HSC","03/10/2018 20:49:32","F1",1110,93
942882,"OSC Lille","Montpellier HSC","03/10/2018 20:49:32","FK2",1111,93
942882,"OSC Lille","Montpellier HSC","03/10/2018 20:49:32","Ball Position",1112,93
942882,"OSC Lille","Montpellier HSC","03/10/2018 20:50:02","System Message",1113,94
942882,"OSC Lille","Montpellier HSC","03/10/2018 20:50:20","Restart",1114,94
942882,"OSC Lille","Montpellier HSC","03/10/2018 20:50:21","AT2",1115,94
942882,"OSC Lille","Montpellier HSC","03/10/2018 20:50:21","DANGER2",1116,94
942882,"OSC Lille","Montpellier HSC","03/10/2018 20:50:21","DAT2",1117,94
942882,"OSC Lille","Montpellier HSC","03/10/2018 20:50:28","BLOCKED2",1118,94
942882,"OSC Lille","Montpellier HSC","03/10/2018 20:50:31","Stop RT2",1119,94
942882,"OSC Lille","Montpellier HSC","03/10/2018 20:50:31","Stop Game",1120,94
942882,"OSC Lille","Montpellier HSC","03/10/2018 20:50:43","CONF_PERIOD_SCORE",1121,93
