"RBallID","HomeTeam","AwayTeam","Timestamp","Incident","IncidentNumber","Minute"
1035772,"AS Monaco FC","Dijon FCO","10/27/2018 16:28:19","Transmission Online",0,0
1035772,"AS Monaco FC","Dijon FCO","10/27/2018 16:28:32","GCC",1,0
1035772,"AS Monaco FC","Dijon FCO","10/27/2018 17:05:33","Lineup changed",2,0
1035772,"AS Monaco FC","Dijon FCO","10/27/2018 17:06:12","Scout in Stadion",3,0
1035772,"AS Monaco FC","Dijon FCO","10/27/2018 17:10:45","Lineup changed",4,0
1035772,"AS Monaco FC","Dijon FCO","10/27/2018 17:43:32","GCC",5,0
1035772,"AS Monaco FC","Dijon FCO","10/27/2018 17:55:58","Players are coming out",6,0
1035772,"AS Monaco FC","Dijon FCO","10/27/2018 17:57:09","Players lined up",7,0
1035772,"AS Monaco FC","Dijon FCO","10/27/2018 17:57:12","Shake hands",8,0
1035772,"AS Monaco FC","Dijon FCO","10/27/2018 17:58:03","Jersey Changed",9,0
1035772,"AS Monaco FC","Dijon FCO","10/27/2018 17:58:03","Jersey Changed",10,0
1035772,"AS Monaco FC","Dijon FCO","10/27/2018 17:58:07","Photo taking",11,0
1035772,"AS Monaco FC","Dijon FCO","10/27/2018 17:58:20","Flip coin",12,0
1035772,"AS Monaco FC","Dijon FCO","10/27/2018 17:59:55","Game about to start",13,0
1035772,"AS Monaco FC","Dijon FCO","10/27/2018 18:00:07","Start RT1 Team 1",14,1
1035772,"AS Monaco FC","Dijon FCO","10/27/2018 18:00:46","AT1",15,1
1035772,"AS Monaco FC","Dijon FCO","10/27/2018 18:01:26","SAFE2",16,2
1035772,"AS Monaco FC","Dijon FCO","10/27/2018 18:01:28","AT2",17,2
1035772,"AS Monaco FC","Dijon FCO","10/27/2018 18:01:28","DANGER2",18,2
1035772,"AS Monaco FC","Dijon FCO","10/27/2018 18:01:28","DAT2",19,2
1035772,"AS Monaco FC","Dijon FCO","10/27/2018 18:01:34","BLOCKED2",20,2
1035772,"AS Monaco FC","Dijon FCO","10/27/2018 18:01:39","SAFE2",21,2
1035772,"AS Monaco FC","Dijon FCO","10/27/2018 18:01:52","POSSIBLE_TI",22,2
1035772,"AS Monaco FC","Dijon FCO","10/27/2018 18:01:54","TI1",23,2
1035772,"AS Monaco FC","Dijon FCO","10/27/2018 18:02:03","Restart",24,2
1035772,"AS Monaco FC","Dijon FCO","10/27/2018 18:02:06","POSSIBLE_TI",25,2
1035772,"AS Monaco FC","Dijon FCO","10/27/2018 18:02:07","TI1",26,2
1035772,"AS Monaco FC","Dijon FCO","10/27/2018 18:02:16","Restart",27,3
1035772,"AS Monaco FC","Dijon FCO","10/27/2018 18:02:22","AT1",28,3
1035772,"AS Monaco FC","Dijon FCO","10/27/2018 18:02:27","DANGER1",29,3
1035772,"AS Monaco FC","Dijon FCO","10/27/2018 18:02:27","DAT1",30,3
1035772,"AS Monaco FC","Dijon FCO","10/27/2018 18:02:38","SAFE2",31,3
1035772,"AS Monaco FC","Dijon FCO","10/27/2018 18:02:39","GK2",32,3
1035772,"AS Monaco FC","Dijon FCO","10/27/2018 18:02:42","Restart",33,3
1035772,"AS Monaco FC","Dijon FCO","10/27/2018 18:02:55","AT2",34,3
1035772,"AS Monaco FC","Dijon FCO","10/27/2018 18:02:58","POSSIBLE_TI",35,3
1035772,"AS Monaco FC","Dijon FCO","10/27/2018 18:02:58","TI1",36,3
1035772,"AS Monaco FC","Dijon FCO","10/27/2018 18:03:00","Restart",37,3
1035772,"AS Monaco FC","Dijon FCO","10/27/2018 18:03:02","SAFE1",38,3
1035772,"AS Monaco FC","Dijon FCO","10/27/2018 18:03:07","AT1",39,4
1035772,"AS Monaco FC","Dijon FCO","10/27/2018 18:03:20","SAFE2",40,4
1035772,"AS Monaco FC","Dijon FCO","10/27/2018 18:03:46","AT2",41,4
1035772,"AS Monaco FC","Dijon FCO","10/27/2018 18:03:52","POSSIBLE_TI",42,4
1035772,"AS Monaco FC","Dijon FCO","10/27/2018 18:03:52","TI2",43,4
1035772,"AS Monaco FC","Dijon FCO","10/27/2018 18:03:59","Restart",44,4
1035772,"AS Monaco FC","Dijon FCO","10/27/2018 18:04:05","SAFE2",45,4
1035772,"AS Monaco FC","Dijon FCO","10/27/2018 18:04:14","AT2",46,5
1035772,"AS Monaco FC","Dijon FCO","10/27/2018 18:04:20","SAFE1",47,5
1035772,"AS Monaco FC","Dijon FCO","10/27/2018 18:04:25","AT2",48,5
1035772,"AS Monaco FC","Dijon FCO","10/27/2018 18:04:27","DANGER2",49,5
1035772,"AS Monaco FC","Dijon FCO","10/27/2018 18:04:27","DAT2",50,5
1035772,"AS Monaco FC","Dijon FCO","10/27/2018 18:04:40","SAFE1",51,5
1035772,"AS Monaco FC","Dijon FCO","10/27/2018 18:04:44","AT1",52,5
1035772,"AS Monaco FC","Dijon FCO","10/27/2018 18:05:07","POSSIBLE_TI",53,5
1035772,"AS Monaco FC","Dijon FCO","10/27/2018 18:05:07","TI1",54,6
1035772,"AS Monaco FC","Dijon FCO","10/27/2018 18:05:13","Restart",55,6
1035772,"AS Monaco FC","Dijon FCO","10/27/2018 18:05:14","SAFE1",56,6
1035772,"AS Monaco FC","Dijon FCO","10/27/2018 18:05:31","AT1",57,6
1035772,"AS Monaco FC","Dijon FCO","10/27/2018 18:05:33","DANGER1",58,6
1035772,"AS Monaco FC","Dijon FCO","10/27/2018 18:05:33","DAT1",59,6
1035772,"AS Monaco FC","Dijon FCO","10/27/2018 18:05:36","Lineup changed",60,6
1035772,"AS Monaco FC","Dijon FCO","10/27/2018 18:05:38","PCR1",61,6
1035772,"AS Monaco FC","Dijon FCO","10/27/2018 18:05:42","CR1",62,6
1035772,"AS Monaco FC","Dijon FCO","10/27/2018 18:05:43","Ball Position",63,6
1035772,"AS Monaco FC","Dijon FCO","10/27/2018 18:06:01","Restart",64,6
1035772,"AS Monaco FC","Dijon FCO","10/27/2018 18:06:09","PCR1",65,7
1035772,"AS Monaco FC","Dijon FCO","10/27/2018 18:06:11","CR1",66,7
1035772,"AS Monaco FC","Dijon FCO","10/27/2018 18:06:12","Ball Position",67,7
1035772,"AS Monaco FC","Dijon FCO","10/27/2018 18:06:25","Restart",68,7
1035772,"AS Monaco FC","Dijon FCO","10/27/2018 18:06:48","SAFE2",69,7
1035772,"AS Monaco FC","Dijon FCO","10/27/2018 18:06:49","GK2",70,7
1035772,"AS Monaco FC","Dijon FCO","10/27/2018 18:06:50","Restart",71,7
1035772,"AS Monaco FC","Dijon FCO","10/27/2018 18:07:21","AT2",72,8
1035772,"AS Monaco FC","Dijon FCO","10/27/2018 18:07:38","POSSIBLE_TI",73,8
1035772,"AS Monaco FC","Dijon FCO","10/27/2018 18:07:39","TI1",74,8
1035772,"AS Monaco FC","Dijon FCO","10/27/2018 18:07:53","Restart",75,8
1035772,"AS Monaco FC","Dijon FCO","10/27/2018 18:08:13","SAFE1",76,9
1035772,"AS Monaco FC","Dijon FCO","10/27/2018 18:08:16","AT1",77,9
1035772,"AS Monaco FC","Dijon FCO","10/27/2018 18:08:22","DANGER1",78,9
1035772,"AS Monaco FC","Dijon FCO","10/27/2018 18:08:22","DAT1",79,9
1035772,"AS Monaco FC","Dijon FCO","10/27/2018 18:08:35","Possible Free Kick",80,9
1035772,"AS Monaco FC","Dijon FCO","10/27/2018 18:08:36","SAFE2",82,9
1035772,"AS Monaco FC","Dijon FCO","10/27/2018 18:08:36","F1",83,9
1035772,"AS Monaco FC","Dijon FCO","10/27/2018 18:08:36","FK2",84,9
1035772,"AS Monaco FC","Dijon FCO","10/27/2018 18:08:36","Ball Position",85,9
1035772,"AS Monaco FC","Dijon FCO","10/27/2018 18:09:08","Restart",86,10
1035772,"AS Monaco FC","Dijon FCO","10/27/2018 18:09:18","AT2",87,10
1035772,"AS Monaco FC","Dijon FCO","10/27/2018 18:09:20","DANGER2",88,10
1035772,"AS Monaco FC","Dijon FCO","10/27/2018 18:09:20","DAT2",89,10
1035772,"AS Monaco FC","Dijon FCO","10/27/2018 18:09:49","SAFE1",90,10
1035772,"AS Monaco FC","Dijon FCO","10/27/2018 18:10:03","AT1",91,10
1035772,"AS Monaco FC","Dijon FCO","10/27/2018 18:10:05","DANGER1",92,10
1035772,"AS Monaco FC","Dijon FCO","10/27/2018 18:10:05","DAT1",93,10
1035772,"AS Monaco FC","Dijon FCO","10/27/2018 18:10:14","SAFE2",94,11
1035772,"AS Monaco FC","Dijon FCO","10/27/2018 18:10:29","AT2",95,11
1035772,"AS Monaco FC","Dijon FCO","10/27/2018 18:10:36","SAFE1",96,11
1035772,"AS Monaco FC","Dijon FCO","10/27/2018 18:10:51","AT1",97,11
1035772,"AS Monaco FC","Dijon FCO","10/27/2018 18:10:55","POSSIBLE_TI",98,11
1035772,"AS Monaco FC","Dijon FCO","10/27/2018 18:10:56","TI2",99,11
1035772,"AS Monaco FC","Dijon FCO","10/27/2018 18:11:04","Restart",100,11
1035772,"AS Monaco FC","Dijon FCO","10/27/2018 18:11:25","SAFE2",101,12
1035772,"AS Monaco FC","Dijon FCO","10/27/2018 18:11:32","AT2",102,12
1035772,"AS Monaco FC","Dijon FCO","10/27/2018 18:11:36","DANGER2",103,12
1035772,"AS Monaco FC","Dijon FCO","10/27/2018 18:11:36","DAT2",104,12
1035772,"AS Monaco FC","Dijon FCO","10/27/2018 18:12:24","Possible Free Kick",105,13
1035772,"AS Monaco FC","Dijon FCO","10/27/2018 18:12:28","POSSIBLE_CARDS",107,13
1035772,"AS Monaco FC","Dijon FCO","10/27/2018 18:12:50","NO_Cards",108,13
1035772,"AS Monaco FC","Dijon FCO","10/27/2018 18:12:52","F1",109,13
1035772,"AS Monaco FC","Dijon FCO","10/27/2018 18:12:52","FK2",110,13
1035772,"AS Monaco FC","Dijon FCO","10/27/2018 18:12:52","DFK2",111,13
1035772,"AS Monaco FC","Dijon FCO","10/27/2018 18:12:52","Ball Position",112,13
1035772,"AS Monaco FC","Dijon FCO","10/27/2018 18:13:27","Restart",113,14
1035772,"AS Monaco FC","Dijon FCO","10/27/2018 18:13:32","SHB2",114,14
1035772,"AS Monaco FC","Dijon FCO","10/27/2018 18:13:37","SAFE1",115,14
1035772,"AS Monaco FC","Dijon FCO","10/27/2018 18:13:37","GK1",116,14
1035772,"AS Monaco FC","Dijon FCO","10/27/2018 18:13:44","Restart",117,14
1035772,"AS Monaco FC","Dijon FCO","10/27/2018 18:13:56","AT1",118,14
1035772,"AS Monaco FC","Dijon FCO","10/27/2018 18:14:08","SAFE2",119,15
1035772,"AS Monaco FC","Dijon FCO","10/27/2018 18:14:18","POSSIBLE_TI",120,15
1035772,"AS Monaco FC","Dijon FCO","10/27/2018 18:14:18","TI2",121,15
1035772,"AS Monaco FC","Dijon FCO","10/27/2018 18:14:22","Restart",122,15
1035772,"AS Monaco FC","Dijon FCO","10/27/2018 18:14:35","AT1",123,15
1035772,"AS Monaco FC","Dijon FCO","10/27/2018 18:14:37","DANGER1",124,15
1035772,"AS Monaco FC","Dijon FCO","10/27/2018 18:14:37","DAT1",125,15
1035772,"AS Monaco FC","Dijon FCO","10/27/2018 18:14:47","PCR1",126,15
1035772,"AS Monaco FC","Dijon FCO","10/27/2018 18:14:54","CR1",127,15
1035772,"AS Monaco FC","Dijon FCO","10/27/2018 18:14:56","SHB1",128,15
1035772,"AS Monaco FC","Dijon FCO","10/27/2018 18:14:57","Ball Position",129,15
1035772,"AS Monaco FC","Dijon FCO","10/27/2018 18:15:15","Restart",130,16
1035772,"AS Monaco FC","Dijon FCO","10/27/2018 18:15:20","SHB1",131,16
1035772,"AS Monaco FC","Dijon FCO","10/27/2018 18:15:25","SAFE2",132,16
1035772,"AS Monaco FC","Dijon FCO","10/27/2018 18:15:25","GK2",133,16
1035772,"AS Monaco FC","Dijon FCO","10/27/2018 18:15:26","Restart",134,16
1035772,"AS Monaco FC","Dijon FCO","10/27/2018 18:15:42","AT2",135,16
1035772,"AS Monaco FC","Dijon FCO","10/27/2018 18:15:45","DANGER2",136,16
1035772,"AS Monaco FC","Dijon FCO","10/27/2018 18:15:45","DAT2",137,16
1035772,"AS Monaco FC","Dijon FCO","10/27/2018 18:15:47","SAFE1",138,16
1035772,"AS Monaco FC","Dijon FCO","10/27/2018 18:15:59","AT1",139,16
1035772,"AS Monaco FC","Dijon FCO","10/27/2018 18:15:59","DANGER1",140,16
1035772,"AS Monaco FC","Dijon FCO","10/27/2018 18:15:59","DAT1",141,16
1035772,"AS Monaco FC","Dijon FCO","10/27/2018 18:16:08","BLOCKED1",142,17
1035772,"AS Monaco FC","Dijon FCO","10/27/2018 18:16:14","SAFE1",143,17
1035772,"AS Monaco FC","Dijon FCO","10/27/2018 18:16:49","POSSIBLE_TI",144,17
1035772,"AS Monaco FC","Dijon FCO","10/27/2018 18:16:50","TI2",145,17
1035772,"AS Monaco FC","Dijon FCO","10/27/2018 18:17:17","Restart",146,18
1035772,"AS Monaco FC","Dijon FCO","10/27/2018 18:17:27","AT2",147,18
1035772,"AS Monaco FC","Dijon FCO","10/27/2018 18:17:45","DANGER2",148,18
1035772,"AS Monaco FC","Dijon FCO","10/27/2018 18:17:45","DAT2",149,18
1035772,"AS Monaco FC","Dijon FCO","10/27/2018 18:18:13","POSSIBLE_TI",150,19
1035772,"AS Monaco FC","Dijon FCO","10/27/2018 18:18:14","TI1",151,19
1035772,"AS Monaco FC","Dijon FCO","10/27/2018 18:18:32","Restart",152,19
1035772,"AS Monaco FC","Dijon FCO","10/27/2018 18:18:47","SAFE1",153,19
1035772,"AS Monaco FC","Dijon FCO","10/27/2018 18:18:53","AT1",154,19
1035772,"AS Monaco FC","Dijon FCO","10/27/2018 18:18:56","DANGER1",155,19
1035772,"AS Monaco FC","Dijon FCO","10/27/2018 18:18:56","DAT1",156,19
1035772,"AS Monaco FC","Dijon FCO","10/27/2018 18:19:12","PCR1",157,20
1035772,"AS Monaco FC","Dijon FCO","10/27/2018 18:19:15","CR1",158,20
1035772,"AS Monaco FC","Dijon FCO","10/27/2018 18:19:16","Ball Position",159,20
1035772,"AS Monaco FC","Dijon FCO","10/27/2018 18:19:41","Restart",160,20
1035772,"AS Monaco FC","Dijon FCO","10/27/2018 18:19:58","SAFE2",161,20
1035772,"AS Monaco FC","Dijon FCO","10/27/2018 18:20:39","AT2",162,21
1035772,"AS Monaco FC","Dijon FCO","10/27/2018 18:20:43","DANGER2",163,21
1035772,"AS Monaco FC","Dijon FCO","10/27/2018 18:20:43","DAT2",164,21
1035772,"AS Monaco FC","Dijon FCO","10/27/2018 18:20:52","SAFE1",165,21
1035772,"AS Monaco FC","Dijon FCO","10/27/2018 18:21:17","Possible Free Kick",166,22
1035772,"AS Monaco FC","Dijon FCO","10/27/2018 18:21:20","F2",168,22
1035772,"AS Monaco FC","Dijon FCO","10/27/2018 18:21:20","FK1",169,22
1035772,"AS Monaco FC","Dijon FCO","10/27/2018 18:21:20","DANGER1",170,22
1035772,"AS Monaco FC","Dijon FCO","10/27/2018 18:21:20","DFK1",171,22
1035772,"AS Monaco FC","Dijon FCO","10/27/2018 18:21:20","Ball Position",172,22
1035772,"AS Monaco FC","Dijon FCO","10/27/2018 18:21:32","Restart",173,22
1035772,"AS Monaco FC","Dijon FCO","10/27/2018 18:21:42","Possible Free Kick",174,22
1035772,"AS Monaco FC","Dijon FCO","10/27/2018 18:21:44","POSSIBLE_CARDS",176,22
1035772,"AS Monaco FC","Dijon FCO","10/27/2018 18:21:56","NO_Cards",177,22
1035772,"AS Monaco FC","Dijon FCO","10/27/2018 18:21:56","F2",178,22
1035772,"AS Monaco FC","Dijon FCO","10/27/2018 18:21:56","FK1",179,22
1035772,"AS Monaco FC","Dijon FCO","10/27/2018 18:21:56","DFK1",180,22
1035772,"AS Monaco FC","Dijon FCO","10/27/2018 18:21:56","Ball Position",181,22
1035772,"AS Monaco FC","Dijon FCO","10/27/2018 18:21:58","Restart",182,22
1035772,"AS Monaco FC","Dijon FCO","10/27/2018 18:22:15","POSSIBLE_TI",183,23
1035772,"AS Monaco FC","Dijon FCO","10/27/2018 18:22:15","TI1",184,23
1035772,"AS Monaco FC","Dijon FCO","10/27/2018 18:22:30","Restart",185,23
1035772,"AS Monaco FC","Dijon FCO","10/27/2018 18:22:52","Referee Ball",186,23
1035772,"AS Monaco FC","Dijon FCO","10/27/2018 18:22:53","Restart",187,23
1035772,"AS Monaco FC","Dijon FCO","10/27/2018 18:22:55","POSSIBLE_TI",188,23
1035772,"AS Monaco FC","Dijon FCO","10/27/2018 18:22:55","TI1",189,23
1035772,"AS Monaco FC","Dijon FCO","10/27/2018 18:23:03","Restart",190,23
1035772,"AS Monaco FC","Dijon FCO","10/27/2018 18:23:12","SAFE2",191,24
1035772,"AS Monaco FC","Dijon FCO","10/27/2018 18:23:31","AT2",192,24
1035772,"AS Monaco FC","Dijon FCO","10/27/2018 18:23:42","Possible Free Kick",193,24
1035772,"AS Monaco FC","Dijon FCO","10/27/2018 18:23:43","F1",195,24
1035772,"AS Monaco FC","Dijon FCO","10/27/2018 18:23:43","FK2",196,24
1035772,"AS Monaco FC","Dijon FCO","10/27/2018 18:23:43","DANGER2",197,24
1035772,"AS Monaco FC","Dijon FCO","10/27/2018 18:23:43","DFK2",198,24
1035772,"AS Monaco FC","Dijon FCO","10/27/2018 18:23:43","Ball Position",199,24
1035772,"AS Monaco FC","Dijon FCO","10/27/2018 18:24:16","Restart",200,25
1035772,"AS Monaco FC","Dijon FCO","10/27/2018 18:24:21","SHG2",201,25
1035772,"AS Monaco FC","Dijon FCO","10/27/2018 18:24:21","SAFE1",202,25
1035772,"AS Monaco FC","Dijon FCO","10/27/2018 18:24:50","AT2",203,25
1035772,"AS Monaco FC","Dijon FCO","10/27/2018 18:24:54","DANGER2",204,25
1035772,"AS Monaco FC","Dijon FCO","10/27/2018 18:24:54","DAT2",205,25
1035772,"AS Monaco FC","Dijon FCO","10/27/2018 18:25:02","PPEN",206,25
1035772,"AS Monaco FC","Dijon FCO","10/27/2018 18:25:02","PPEN2",207,25
1035772,"AS Monaco FC","Dijon FCO","10/27/2018 18:25:09","No PEN",208,26
1035772,"AS Monaco FC","Dijon FCO","10/27/2018 18:25:12","POSSIBLE_TI",209,26
1035772,"AS Monaco FC","Dijon FCO","10/27/2018 18:25:13","TI1",210,26
1035772,"AS Monaco FC","Dijon FCO","10/27/2018 18:25:25","Restart",211,26
1035772,"AS Monaco FC","Dijon FCO","10/27/2018 18:25:33","SAFE1",212,26
1035772,"AS Monaco FC","Dijon FCO","10/27/2018 18:25:36","Possible Free Kick",213,26
1035772,"AS Monaco FC","Dijon FCO","10/27/2018 18:25:40","F2",215,26
1035772,"AS Monaco FC","Dijon FCO","10/27/2018 18:25:40","FK1",216,26
1035772,"AS Monaco FC","Dijon FCO","10/27/2018 18:25:40","DANGER1",217,26
1035772,"AS Monaco FC","Dijon FCO","10/27/2018 18:25:40","DFK1",218,26
1035772,"AS Monaco FC","Dijon FCO","10/27/2018 18:25:40","Ball Position",219,26
1035772,"AS Monaco FC","Dijon FCO","10/27/2018 18:25:45","Restart",220,26
1035772,"AS Monaco FC","Dijon FCO","10/27/2018 18:26:17","POSSIBLE_TI",221,27
1035772,"AS Monaco FC","Dijon FCO","10/27/2018 18:26:19","TI2",222,27
1035772,"AS Monaco FC","Dijon FCO","10/27/2018 18:26:33","Restart",223,27
1035772,"AS Monaco FC","Dijon FCO","10/27/2018 18:26:42","SAFE2",224,27
1035772,"AS Monaco FC","Dijon FCO","10/27/2018 18:26:44","AT2",225,27
1035772,"AS Monaco FC","Dijon FCO","10/27/2018 18:27:03","Possible Free Kick",226,27
1035772,"AS Monaco FC","Dijon FCO","10/27/2018 18:27:04","SAFE1",228,27
1035772,"AS Monaco FC","Dijon FCO","10/27/2018 18:27:04","F2",229,27
1035772,"AS Monaco FC","Dijon FCO","10/27/2018 18:27:04","FK1",230,27
1035772,"AS Monaco FC","Dijon FCO","10/27/2018 18:27:04","Ball Position",231,27
1035772,"AS Monaco FC","Dijon FCO","10/27/2018 18:27:12","Restart",232,28
1035772,"AS Monaco FC","Dijon FCO","10/27/2018 18:27:19","AT2",233,28
1035772,"AS Monaco FC","Dijon FCO","10/27/2018 18:27:21","DANGER2",234,28
1035772,"AS Monaco FC","Dijon FCO","10/27/2018 18:27:21","DAT2",235,28
1035772,"AS Monaco FC","Dijon FCO","10/27/2018 18:27:41","SAFE2",236,28
1035772,"AS Monaco FC","Dijon FCO","10/27/2018 18:28:17","AT1",237,29
1035772,"AS Monaco FC","Dijon FCO","10/27/2018 18:28:21","DANGER1",238,29
1035772,"AS Monaco FC","Dijon FCO","10/27/2018 18:28:21","DAT1",239,29
1035772,"AS Monaco FC","Dijon FCO","10/27/2018 18:28:30","POSSIBLE_TI",240,29
1035772,"AS Monaco FC","Dijon FCO","10/27/2018 18:28:31","TI1",241,29
1035772,"AS Monaco FC","Dijon FCO","10/27/2018 18:28:33","Restart",242,29
1035772,"AS Monaco FC","Dijon FCO","10/27/2018 18:28:58","GOAL1",243,29
1035772,"AS Monaco FC","Dijon FCO","10/27/2018 18:29:21","Scorer",244,30
1035772,"AS Monaco FC","Dijon FCO","10/27/2018 18:29:52","CONF_GOAL1",245,30
1035772,"AS Monaco FC","Dijon FCO","10/27/2018 18:29:53","KO2",246,30
1035772,"AS Monaco FC","Dijon FCO","10/27/2018 18:29:53","SAFE2",247,30
1035772,"AS Monaco FC","Dijon FCO","10/27/2018 18:30:02","Player_DATA_CONFIRMED",248,30
1035772,"AS Monaco FC","Dijon FCO","10/27/2018 18:30:11","AT2",249,31
1035772,"AS Monaco FC","Dijon FCO","10/27/2018 18:30:15","Assist",250,31
1035772,"AS Monaco FC","Dijon FCO","10/27/2018 18:30:16","DANGER2",251,31
1035772,"AS Monaco FC","Dijon FCO","10/27/2018 18:30:16","DAT2",252,31
1035772,"AS Monaco FC","Dijon FCO","10/27/2018 18:30:20","SAFE1",253,31
1035772,"AS Monaco FC","Dijon FCO","10/27/2018 18:30:21","GK1",254,31
1035772,"AS Monaco FC","Dijon FCO","10/27/2018 18:30:55","Restart",255,31
1035772,"AS Monaco FC","Dijon FCO","10/27/2018 18:31:09","AT2",256,32
1035772,"AS Monaco FC","Dijon FCO","10/27/2018 18:31:12","DANGER2",257,32
1035772,"AS Monaco FC","Dijon FCO","10/27/2018 18:31:12","DAT2",258,32
1035772,"AS Monaco FC","Dijon FCO","10/27/2018 18:31:23","SAFE1",259,32
1035772,"AS Monaco FC","Dijon FCO","10/27/2018 18:31:24","AT1",260,32
1035772,"AS Monaco FC","Dijon FCO","10/27/2018 18:31:26","DANGER1",261,32
1035772,"AS Monaco FC","Dijon FCO","10/27/2018 18:31:26","DAT1",262,32
1035772,"AS Monaco FC","Dijon FCO","10/27/2018 18:31:42","SAFE2",263,32
1035772,"AS Monaco FC","Dijon FCO","10/27/2018 18:32:08","AT2",264,33
1035772,"AS Monaco FC","Dijon FCO","10/27/2018 18:32:10","DANGER2",265,33
1035772,"AS Monaco FC","Dijon FCO","10/27/2018 18:32:10","DAT2",266,33
1035772,"AS Monaco FC","Dijon FCO","10/27/2018 18:32:25","SHG2",267,33
1035772,"AS Monaco FC","Dijon FCO","10/27/2018 18:32:29","POSSIBLE_TI",268,33
1035772,"AS Monaco FC","Dijon FCO","10/27/2018 18:32:30","TI2",269,33
1035772,"AS Monaco FC","Dijon FCO","10/27/2018 18:32:39","Restart",270,33
1035772,"AS Monaco FC","Dijon FCO","10/27/2018 18:33:08","GOAL2",271,34
1035772,"AS Monaco FC","Dijon FCO","10/27/2018 18:33:39","Scorer",272,34
1035772,"AS Monaco FC","Dijon FCO","10/27/2018 18:33:57","CONF_GOAL2",273,34
1035772,"AS Monaco FC","Dijon FCO","10/27/2018 18:33:58","KO1",274,34
1035772,"AS Monaco FC","Dijon FCO","10/27/2018 18:33:58","SAFE1",275,34
1035772,"AS Monaco FC","Dijon FCO","10/27/2018 18:34:04","AT1",276,34
1035772,"AS Monaco FC","Dijon FCO","10/27/2018 18:34:06","Player_DATA_CONFIRMED",277,34
1035772,"AS Monaco FC","Dijon FCO","10/27/2018 18:34:09","DANGER1",278,35
1035772,"AS Monaco FC","Dijon FCO","10/27/2018 18:34:09","DAT1",279,35
1035772,"AS Monaco FC","Dijon FCO","10/27/2018 18:34:14","Assist",280,35
1035772,"AS Monaco FC","Dijon FCO","10/27/2018 18:34:32","SAFE2",281,35
1035772,"AS Monaco FC","Dijon FCO","10/27/2018 18:34:59","AT2",282,35
1035772,"AS Monaco FC","Dijon FCO","10/27/2018 18:35:11","SAFE1",283,36
1035772,"AS Monaco FC","Dijon FCO","10/27/2018 18:35:13","AT1",284,36
1035772,"AS Monaco FC","Dijon FCO","10/27/2018 18:35:15","DANGER1",285,36
1035772,"AS Monaco FC","Dijon FCO","10/27/2018 18:35:15","DAT1",286,36
1035772,"AS Monaco FC","Dijon FCO","10/27/2018 18:35:31","SAFE2",287,36
1035772,"AS Monaco FC","Dijon FCO","10/27/2018 18:35:31","GK2",288,36
1035772,"AS Monaco FC","Dijon FCO","10/27/2018 18:35:36","Restart",289,36
1035772,"AS Monaco FC","Dijon FCO","10/27/2018 18:35:57","AT2",290,36
1035772,"AS Monaco FC","Dijon FCO","10/27/2018 18:36:00","DANGER2",291,36
1035772,"AS Monaco FC","Dijon FCO","10/27/2018 18:36:00","DAT2",292,36
1035772,"AS Monaco FC","Dijon FCO","10/27/2018 18:36:42","SAFE1",293,37
1035772,"AS Monaco FC","Dijon FCO","10/27/2018 18:36:48","AT1",294,37
1035772,"AS Monaco FC","Dijon FCO","10/27/2018 18:36:55","DANGER1",295,37
1035772,"AS Monaco FC","Dijon FCO","10/27/2018 18:36:55","DAT1",296,37
1035772,"AS Monaco FC","Dijon FCO","10/27/2018 18:37:30","SAFE2",297,38
1035772,"AS Monaco FC","Dijon FCO","10/27/2018 18:37:31","GK2",298,38
1035772,"AS Monaco FC","Dijon FCO","10/27/2018 18:37:46","Restart",299,38
1035772,"AS Monaco FC","Dijon FCO","10/27/2018 18:38:12","AT2",300,39
1035772,"AS Monaco FC","Dijon FCO","10/27/2018 18:38:21","DANGER2",301,39
1035772,"AS Monaco FC","Dijon FCO","10/27/2018 18:38:21","DAT2",302,39
1035772,"AS Monaco FC","Dijon FCO","10/27/2018 18:38:48","SAFE1",303,39
1035772,"AS Monaco FC","Dijon FCO","10/27/2018 18:38:54","AT1",304,39
1035772,"AS Monaco FC","Dijon FCO","10/27/2018 18:38:58","DANGER1",305,39
1035772,"AS Monaco FC","Dijon FCO","10/27/2018 18:38:58","DAT1",306,39
1035772,"AS Monaco FC","Dijon FCO","10/27/2018 18:39:42","SAFE2",307,40
1035772,"AS Monaco FC","Dijon FCO","10/27/2018 18:40:17","AT2",308,41
1035772,"AS Monaco FC","Dijon FCO","10/27/2018 18:40:21","DANGER2",309,41
1035772,"AS Monaco FC","Dijon FCO","10/27/2018 18:40:21","DAT2",310,41
1035772,"AS Monaco FC","Dijon FCO","10/27/2018 18:40:33","SHG2",311,41
1035772,"AS Monaco FC","Dijon FCO","10/27/2018 18:40:33","SAFE1",312,41
1035772,"AS Monaco FC","Dijon FCO","10/27/2018 18:40:52","Possible Free Kick",313,41
1035772,"AS Monaco FC","Dijon FCO","10/27/2018 18:40:53","F1",315,41
1035772,"AS Monaco FC","Dijon FCO","10/27/2018 18:40:53","FK2",316,41
1035772,"AS Monaco FC","Dijon FCO","10/27/2018 18:40:53","DANGER2",317,41
1035772,"AS Monaco FC","Dijon FCO","10/27/2018 18:40:53","DFK2",318,41
1035772,"AS Monaco FC","Dijon FCO","10/27/2018 18:40:53","Ball Position",319,41
1035772,"AS Monaco FC","Dijon FCO","10/27/2018 18:40:56","Restart",320,41
1035772,"AS Monaco FC","Dijon FCO","10/27/2018 18:41:08","SAFE1",321,42
1035772,"AS Monaco FC","Dijon FCO","10/27/2018 18:41:11","AT1",322,42
1035772,"AS Monaco FC","Dijon FCO","10/27/2018 18:41:16","SAFE2",323,42
1035772,"AS Monaco FC","Dijon FCO","10/27/2018 18:41:58","AT2",324,42
1035772,"AS Monaco FC","Dijon FCO","10/27/2018 18:42:01","DANGER2",325,42
1035772,"AS Monaco FC","Dijon FCO","10/27/2018 18:42:01","DAT2",326,42
1035772,"AS Monaco FC","Dijon FCO","10/27/2018 18:42:52","SAFE1",327,43
1035772,"AS Monaco FC","Dijon FCO","10/27/2018 18:42:56","POSSIBLE_TI",328,43
1035772,"AS Monaco FC","Dijon FCO","10/27/2018 18:42:57","TI1",329,43
1035772,"AS Monaco FC","Dijon FCO","10/27/2018 18:43:10","Restart",330,44
1035772,"AS Monaco FC","Dijon FCO","10/27/2018 18:43:29","Possible Free Kick",331,44
1035772,"AS Monaco FC","Dijon FCO","10/27/2018 18:43:30","POSSIBLE_CARDS",333,44
1035772,"AS Monaco FC","Dijon FCO","10/27/2018 18:43:45","NO_Cards",334,44
1035772,"AS Monaco FC","Dijon FCO","10/27/2018 18:43:46","F2",335,44
1035772,"AS Monaco FC","Dijon FCO","10/27/2018 18:43:46","FK1",336,44
1035772,"AS Monaco FC","Dijon FCO","10/27/2018 18:43:46","DANGER1",337,44
1035772,"AS Monaco FC","Dijon FCO","10/27/2018 18:43:46","DFK1",338,44
1035772,"AS Monaco FC","Dijon FCO","10/27/2018 18:43:46","Ball Position",339,44
1035772,"AS Monaco FC","Dijon FCO","10/27/2018 18:43:59","Restart",340,44
1035772,"AS Monaco FC","Dijon FCO","10/27/2018 18:44:13","Possible Free Kick",341,45
1035772,"AS Monaco FC","Dijon FCO","10/27/2018 18:44:18","SAFE2",343,45
1035772,"AS Monaco FC","Dijon FCO","10/27/2018 18:44:18","F1",344,45
1035772,"AS Monaco FC","Dijon FCO","10/27/2018 18:44:18","FK2",345,45
1035772,"AS Monaco FC","Dijon FCO","10/27/2018 18:44:18","Ball Position",346,45
1035772,"AS Monaco FC","Dijon FCO","10/27/2018 18:44:30","Restart",347,45
1035772,"AS Monaco FC","Dijon FCO","10/27/2018 18:44:51","Extra Time",348,45
1035772,"AS Monaco FC","Dijon FCO","10/27/2018 18:45:24","AT2",349,46
1035772,"AS Monaco FC","Dijon FCO","10/27/2018 18:45:29","POSSIBLE_TI",350,46
1035772,"AS Monaco FC","Dijon FCO","10/27/2018 18:45:31","TI2",351,46
1035772,"AS Monaco FC","Dijon FCO","10/27/2018 18:45:38","Restart",352,46
1035772,"AS Monaco FC","Dijon FCO","10/27/2018 18:45:49","DANGER2",353,46
1035772,"AS Monaco FC","Dijon FCO","10/27/2018 18:45:49","DAT2",354,46
1035772,"AS Monaco FC","Dijon FCO","10/27/2018 18:46:01","SAFE2",355,46
1035772,"AS Monaco FC","Dijon FCO","10/27/2018 18:46:08","Stop RT1",356,46
1035772,"AS Monaco FC","Dijon FCO","10/27/2018 18:46:11","CONF_PERIOD_SCORE",357,45
1035772,"AS Monaco FC","Dijon FCO","10/27/2018 19:01:29","Players are coming out",358,45
1035772,"AS Monaco FC","Dijon FCO","10/27/2018 19:02:53","Game about to start",359,45
1035772,"AS Monaco FC","Dijon FCO","10/27/2018 19:03:15","Start RT2 Team 2",360,46
1035772,"AS Monaco FC","Dijon FCO","10/27/2018 19:03:33","AT2",361,46
1035772,"AS Monaco FC","Dijon FCO","10/27/2018 19:03:53","POSSIBLE_TI",362,46
1035772,"AS Monaco FC","Dijon FCO","10/27/2018 19:03:54","TI2",363,46
1035772,"AS Monaco FC","Dijon FCO","10/27/2018 19:04:05","Restart",364,46
1035772,"AS Monaco FC","Dijon FCO","10/27/2018 19:04:07","DANGER2",365,46
1035772,"AS Monaco FC","Dijon FCO","10/27/2018 19:04:07","DAT2",366,46
1035772,"AS Monaco FC","Dijon FCO","10/27/2018 19:04:32","SAFE1",367,47
1035772,"AS Monaco FC","Dijon FCO","10/27/2018 19:04:32","GK1",368,47
1035772,"AS Monaco FC","Dijon FCO","10/27/2018 19:04:34","Restart",369,47
1035772,"AS Monaco FC","Dijon FCO","10/27/2018 19:04:56","POSSIBLE_TI",370,47
1035772,"AS Monaco FC","Dijon FCO","10/27/2018 19:05:03","TI1",371,47
1035772,"AS Monaco FC","Dijon FCO","10/27/2018 19:05:05","Restart",372,47
1035772,"AS Monaco FC","Dijon FCO","10/27/2018 19:05:08","AT1",373,47
1035772,"AS Monaco FC","Dijon FCO","10/27/2018 19:05:10","DANGER1",374,47
1035772,"AS Monaco FC","Dijon FCO","10/27/2018 19:05:10","DAT1",375,47
1035772,"AS Monaco FC","Dijon FCO","10/27/2018 19:05:14","BLOCKED1",376,47
1035772,"AS Monaco FC","Dijon FCO","10/27/2018 19:05:30","Possible Free Kick",377,48
1035772,"AS Monaco FC","Dijon FCO","10/27/2018 19:05:44","F2",379,48
1035772,"AS Monaco FC","Dijon FCO","10/27/2018 19:05:44","FK1",380,48
1035772,"AS Monaco FC","Dijon FCO","10/27/2018 19:05:44","DFK1",381,48
1035772,"AS Monaco FC","Dijon FCO","10/27/2018 19:05:44","Ball Position",382,48
1035772,"AS Monaco FC","Dijon FCO","10/27/2018 19:06:14","Restart",383,48
1035772,"AS Monaco FC","Dijon FCO","10/27/2018 19:06:20","PCR1",384,49
1035772,"AS Monaco FC","Dijon FCO","10/27/2018 19:06:23","CR1",385,49
1035772,"AS Monaco FC","Dijon FCO","10/27/2018 19:06:24","Ball Position",386,49
1035772,"AS Monaco FC","Dijon FCO","10/27/2018 19:06:42","Restart",387,49
1035772,"AS Monaco FC","Dijon FCO","10/27/2018 19:06:47","SAFE2",388,49
1035772,"AS Monaco FC","Dijon FCO","10/27/2018 19:07:05","AT1",389,49
1035772,"AS Monaco FC","Dijon FCO","10/27/2018 19:07:05","DANGER1",390,49
1035772,"AS Monaco FC","Dijon FCO","10/27/2018 19:07:05","DAT1",391,49
1035772,"AS Monaco FC","Dijon FCO","10/27/2018 19:07:08","POSSIBLE_TI",392,49
1035772,"AS Monaco FC","Dijon FCO","10/27/2018 19:07:10","TI2",393,49
1035772,"AS Monaco FC","Dijon FCO","10/27/2018 19:07:11","Restart",394,49
1035772,"AS Monaco FC","Dijon FCO","10/27/2018 19:07:24","SAFE2",395,50
1035772,"AS Monaco FC","Dijon FCO","10/27/2018 19:07:37","POSSIBLE_TI",396,50
1035772,"AS Monaco FC","Dijon FCO","10/27/2018 19:07:37","TI1",397,50
1035772,"AS Monaco FC","Dijon FCO","10/27/2018 19:07:40","CLS",398,50
1035772,"AS Monaco FC","Dijon FCO","10/27/2018 19:07:42","TI2",399,50
1035772,"AS Monaco FC","Dijon FCO","10/27/2018 19:07:42","Restart",400,50
1035772,"AS Monaco FC","Dijon FCO","10/27/2018 19:08:17","POSSIBLE_TI",401,51
1035772,"AS Monaco FC","Dijon FCO","10/27/2018 19:08:19","TI1",402,51
1035772,"AS Monaco FC","Dijon FCO","10/27/2018 19:08:21","Restart",403,51
1035772,"AS Monaco FC","Dijon FCO","10/27/2018 19:08:26","Possible Free Kick",404,51
1035772,"AS Monaco FC","Dijon FCO","10/27/2018 19:08:27","POSSIBLE_CARDS",406,51
1035772,"AS Monaco FC","Dijon FCO","10/27/2018 19:08:28","YC2",407,51
1035772,"AS Monaco FC","Dijon FCO","10/27/2018 19:08:29","CONF_YC2",408,51
1035772,"AS Monaco FC","Dijon FCO","10/27/2018 19:08:32","Scorer",409,51
1035772,"AS Monaco FC","Dijon FCO","10/27/2018 19:08:34","F2",410,51
1035772,"AS Monaco FC","Dijon FCO","10/27/2018 19:08:34","FK1",411,51
1035772,"AS Monaco FC","Dijon FCO","10/27/2018 19:08:34","DANGER1",412,51
1035772,"AS Monaco FC","Dijon FCO","10/27/2018 19:08:34","DFK1",413,51
1035772,"AS Monaco FC","Dijon FCO","10/27/2018 19:08:34","Ball Position",414,51
1035772,"AS Monaco FC","Dijon FCO","10/27/2018 19:09:08","Restart",415,51
1035772,"AS Monaco FC","Dijon FCO","10/27/2018 19:09:15","Possible Free Kick",416,51
1035772,"AS Monaco FC","Dijon FCO","10/27/2018 19:09:16","SAFE2",418,52
1035772,"AS Monaco FC","Dijon FCO","10/27/2018 19:09:16","F1",419,52
1035772,"AS Monaco FC","Dijon FCO","10/27/2018 19:09:16","FK2",420,52
1035772,"AS Monaco FC","Dijon FCO","10/27/2018 19:09:16","Ball Position",421,52
1035772,"AS Monaco FC","Dijon FCO","10/27/2018 19:09:19","Restart",422,52
1035772,"AS Monaco FC","Dijon FCO","10/27/2018 19:09:27","AT2",423,52
1035772,"AS Monaco FC","Dijon FCO","10/27/2018 19:09:29","DANGER2",424,52
1035772,"AS Monaco FC","Dijon FCO","10/27/2018 19:09:29","DAT2",425,52
1035772,"AS Monaco FC","Dijon FCO","10/27/2018 19:09:32","Possible Free Kick",426,52
1035772,"AS Monaco FC","Dijon FCO","10/27/2018 19:09:34","POSSIBLE_CARDS",428,52
1035772,"AS Monaco FC","Dijon FCO","10/27/2018 19:09:47","NO_Cards",429,52
1035772,"AS Monaco FC","Dijon FCO","10/27/2018 19:09:49","F1",430,52
1035772,"AS Monaco FC","Dijon FCO","10/27/2018 19:09:49","FK2",431,52
1035772,"AS Monaco FC","Dijon FCO","10/27/2018 19:09:49","DFK2",432,52
1035772,"AS Monaco FC","Dijon FCO","10/27/2018 19:09:50","Ball Position",433,52
1035772,"AS Monaco FC","Dijon FCO","10/27/2018 19:10:09","Restart",434,52
1035772,"AS Monaco FC","Dijon FCO","10/27/2018 19:10:13","SHB2",435,52
1035772,"AS Monaco FC","Dijon FCO","10/27/2018 19:10:17","SAFE1",436,53
1035772,"AS Monaco FC","Dijon FCO","10/27/2018 19:10:18","GK1",437,53
1035772,"AS Monaco FC","Dijon FCO","10/27/2018 19:10:21","Restart",438,53
1035772,"AS Monaco FC","Dijon FCO","10/27/2018 19:10:44","Player_DATA_CONFIRMED",439,53
1035772,"AS Monaco FC","Dijon FCO","10/27/2018 19:10:50","AT1",440,53
1035772,"AS Monaco FC","Dijon FCO","10/27/2018 19:11:01","SAFE2",441,53
1035772,"AS Monaco FC","Dijon FCO","10/27/2018 19:11:23","AT2",442,54
1035772,"AS Monaco FC","Dijon FCO","10/27/2018 19:11:30","SAFE1",443,54
1035772,"AS Monaco FC","Dijon FCO","10/27/2018 19:11:33","AT1",444,54
1035772,"AS Monaco FC","Dijon FCO","10/27/2018 19:11:49","SAFE2",445,54
1035772,"AS Monaco FC","Dijon FCO","10/27/2018 19:11:51","AT2",446,54
1035772,"AS Monaco FC","Dijon FCO","10/27/2018 19:11:56","Possible Free Kick",447,54
1035772,"AS Monaco FC","Dijon FCO","10/27/2018 19:11:57","POSSIBLE_CARDS",449,54
1035772,"AS Monaco FC","Dijon FCO","10/27/2018 19:12:07","YC1",450,54
1035772,"AS Monaco FC","Dijon FCO","10/27/2018 19:12:09","CONF_YC1",451,54
1035772,"AS Monaco FC","Dijon FCO","10/27/2018 19:12:13","Scorer",452,54
1035772,"AS Monaco FC","Dijon FCO","10/27/2018 19:12:18","F1",453,55
1035772,"AS Monaco FC","Dijon FCO","10/27/2018 19:12:18","FK2",454,55
1035772,"AS Monaco FC","Dijon FCO","10/27/2018 19:12:18","DANGER2",455,55
1035772,"AS Monaco FC","Dijon FCO","10/27/2018 19:12:18","DFK2",456,55
1035772,"AS Monaco FC","Dijon FCO","10/27/2018 19:12:18","Ball Position",457,55
1035772,"AS Monaco FC","Dijon FCO","10/27/2018 19:12:26","Restart",458,55
1035772,"AS Monaco FC","Dijon FCO","10/27/2018 19:12:42","SAFE1",459,55
1035772,"AS Monaco FC","Dijon FCO","10/27/2018 19:12:42","GK1",460,55
1035772,"AS Monaco FC","Dijon FCO","10/27/2018 19:13:06","SUB1",461,55
1035772,"AS Monaco FC","Dijon FCO","10/27/2018 19:13:14","Player_DATA_CONFIRMED",462,55
1035772,"AS Monaco FC","Dijon FCO","10/27/2018 19:13:38","Restart",463,56
1035772,"AS Monaco FC","Dijon FCO","10/27/2018 19:13:44","Player_DATA_CONFIRMED",464,56
1035772,"AS Monaco FC","Dijon FCO","10/27/2018 19:13:45","AT1",465,56
1035772,"AS Monaco FC","Dijon FCO","10/27/2018 19:13:50","DANGER1",466,56
1035772,"AS Monaco FC","Dijon FCO","10/27/2018 19:13:50","DAT1",467,56
1035772,"AS Monaco FC","Dijon FCO","10/27/2018 19:13:56","SHG1",468,56
1035772,"AS Monaco FC","Dijon FCO","10/27/2018 19:13:57","SAFE2",469,56
1035772,"AS Monaco FC","Dijon FCO","10/27/2018 19:14:14","AT2",470,56
1035772,"AS Monaco FC","Dijon FCO","10/27/2018 19:14:16","DANGER2",471,57
1035772,"AS Monaco FC","Dijon FCO","10/27/2018 19:14:16","DAT2",472,57
1035772,"AS Monaco FC","Dijon FCO","10/27/2018 19:14:21","Possible Free Kick",473,57
1035772,"AS Monaco FC","Dijon FCO","10/27/2018 19:14:24","SAFE1",475,57
1035772,"AS Monaco FC","Dijon FCO","10/27/2018 19:14:24","O2",476,57
1035772,"AS Monaco FC","Dijon FCO","10/27/2018 19:14:24","FK1",477,57
1035772,"AS Monaco FC","Dijon FCO","10/27/2018 19:14:24","Ball Position",478,57
1035772,"AS Monaco FC","Dijon FCO","10/27/2018 19:14:31","Restart",479,57
1035772,"AS Monaco FC","Dijon FCO","10/27/2018 19:14:41","AT2",480,57
1035772,"AS Monaco FC","Dijon FCO","10/27/2018 19:14:43","DANGER2",481,57
1035772,"AS Monaco FC","Dijon FCO","10/27/2018 19:14:43","DAT2",482,57
1035772,"AS Monaco FC","Dijon FCO","10/27/2018 19:14:47","GOAL2",483,57
1035772,"AS Monaco FC","Dijon FCO","10/27/2018 19:15:09","Scorer",484,57
1035772,"AS Monaco FC","Dijon FCO","10/27/2018 19:15:38","CONF_GOAL2",485,58
1035772,"AS Monaco FC","Dijon FCO","10/27/2018 19:15:38","KO1",486,58
1035772,"AS Monaco FC","Dijon FCO","10/27/2018 19:15:38","SAFE1",487,58
1035772,"AS Monaco FC","Dijon FCO","10/27/2018 19:15:50","AT1",488,58
1035772,"AS Monaco FC","Dijon FCO","10/27/2018 19:15:52","DANGER1",489,58
1035772,"AS Monaco FC","Dijon FCO","10/27/2018 19:15:52","DAT1",490,58
1035772,"AS Monaco FC","Dijon FCO","10/27/2018 19:15:58","SAFE2",491,58
1035772,"AS Monaco FC","Dijon FCO","10/27/2018 19:16:16","Player_DATA_CONFIRMED",492,59
1035772,"AS Monaco FC","Dijon FCO","10/27/2018 19:16:16","Assist",493,59
1035772,"AS Monaco FC","Dijon FCO","10/27/2018 19:16:20","AT1",494,59
1035772,"AS Monaco FC","Dijon FCO","10/27/2018 19:16:22","DANGER1",495,59
1035772,"AS Monaco FC","Dijon FCO","10/27/2018 19:16:22","DAT1",496,59
1035772,"AS Monaco FC","Dijon FCO","10/27/2018 19:16:33","SAFE2",497,59
1035772,"AS Monaco FC","Dijon FCO","10/27/2018 19:16:35","AT2",498,59
1035772,"AS Monaco FC","Dijon FCO","10/27/2018 19:16:37","DANGER2",499,59
1035772,"AS Monaco FC","Dijon FCO","10/27/2018 19:16:37","DAT2",500,59
1035772,"AS Monaco FC","Dijon FCO","10/27/2018 19:16:44","POSSIBLE_TI",501,59
1035772,"AS Monaco FC","Dijon FCO","10/27/2018 19:16:45","TI2",502,59
1035772,"AS Monaco FC","Dijon FCO","10/27/2018 19:17:04","Restart",503,59
1035772,"AS Monaco FC","Dijon FCO","10/27/2018 19:17:14","Possible Free Kick",504,59
1035772,"AS Monaco FC","Dijon FCO","10/27/2018 19:17:16","SAFE1",506,60
1035772,"AS Monaco FC","Dijon FCO","10/27/2018 19:17:16","F2",507,60
1035772,"AS Monaco FC","Dijon FCO","10/27/2018 19:17:16","FK1",508,60
1035772,"AS Monaco FC","Dijon FCO","10/27/2018 19:17:16","Ball Position",509,60
1035772,"AS Monaco FC","Dijon FCO","10/27/2018 19:17:21","Restart",510,60
1035772,"AS Monaco FC","Dijon FCO","10/27/2018 19:17:56","AT1",511,60
1035772,"AS Monaco FC","Dijon FCO","10/27/2018 19:17:58","DANGER1",512,60
1035772,"AS Monaco FC","Dijon FCO","10/27/2018 19:17:58","DAT1",513,60
1035772,"AS Monaco FC","Dijon FCO","10/27/2018 19:18:10","SHG1",514,60
1035772,"AS Monaco FC","Dijon FCO","10/27/2018 19:18:22","Possible Free Kick",515,61
1035772,"AS Monaco FC","Dijon FCO","10/27/2018 19:18:26","F2",517,61
1035772,"AS Monaco FC","Dijon FCO","10/27/2018 19:18:26","FK1",518,61
1035772,"AS Monaco FC","Dijon FCO","10/27/2018 19:18:26","DFK1",519,61
1035772,"AS Monaco FC","Dijon FCO","10/27/2018 19:18:26","Ball Position",520,61
1035772,"AS Monaco FC","Dijon FCO","10/27/2018 19:18:56","Restart",521,61
1035772,"AS Monaco FC","Dijon FCO","10/27/2018 19:19:05","Possible Free Kick",522,61
1035772,"AS Monaco FC","Dijon FCO","10/27/2018 19:19:07","SAFE2",524,61
1035772,"AS Monaco FC","Dijon FCO","10/27/2018 19:19:07","O1",525,61
1035772,"AS Monaco FC","Dijon FCO","10/27/2018 19:19:07","FK2",526,61
1035772,"AS Monaco FC","Dijon FCO","10/27/2018 19:19:07","Ball Position",527,61
1035772,"AS Monaco FC","Dijon FCO","10/27/2018 19:19:11","Restart",528,61
1035772,"AS Monaco FC","Dijon FCO","10/27/2018 19:19:17","AT1",529,62
1035772,"AS Monaco FC","Dijon FCO","10/27/2018 19:19:17","DANGER1",530,62
1035772,"AS Monaco FC","Dijon FCO","10/27/2018 19:19:17","DAT1",531,62
1035772,"AS Monaco FC","Dijon FCO","10/27/2018 19:19:25","POSSIBLE_TI",532,62
1035772,"AS Monaco FC","Dijon FCO","10/27/2018 19:19:26","TI2",533,62
1035772,"AS Monaco FC","Dijon FCO","10/27/2018 19:19:43","Restart",534,62
1035772,"AS Monaco FC","Dijon FCO","10/27/2018 19:20:02","Possible Free Kick",535,62
1035772,"AS Monaco FC","Dijon FCO","10/27/2018 19:20:05","SAFE2",537,62
1035772,"AS Monaco FC","Dijon FCO","10/27/2018 19:20:05","O1",538,62
1035772,"AS Monaco FC","Dijon FCO","10/27/2018 19:20:05","FK2",539,62
1035772,"AS Monaco FC","Dijon FCO","10/27/2018 19:20:06","Ball Position",540,62
1035772,"AS Monaco FC","Dijon FCO","10/27/2018 19:20:23","Restart",541,63
1035772,"AS Monaco FC","Dijon FCO","10/27/2018 19:20:29","POSSIBLE_TI",542,63
1035772,"AS Monaco FC","Dijon FCO","10/27/2018 19:20:31","TI1",543,63
1035772,"AS Monaco FC","Dijon FCO","10/27/2018 19:20:34","Restart",544,63
1035772,"AS Monaco FC","Dijon FCO","10/27/2018 19:20:38","POSSIBLE_TI",545,63
1035772,"AS Monaco FC","Dijon FCO","10/27/2018 19:20:39","TI2",546,63
1035772,"AS Monaco FC","Dijon FCO","10/27/2018 19:20:46","Restart",547,63
1035772,"AS Monaco FC","Dijon FCO","10/27/2018 19:20:57","POSSIBLE_TI",548,63
1035772,"AS Monaco FC","Dijon FCO","10/27/2018 19:20:57","TI2",549,63
1035772,"AS Monaco FC","Dijon FCO","10/27/2018 19:21:03","Restart",550,63
1035772,"AS Monaco FC","Dijon FCO","10/27/2018 19:21:11","SAFE1",551,63
1035772,"AS Monaco FC","Dijon FCO","10/27/2018 19:21:23","AT1",552,64
1035772,"AS Monaco FC","Dijon FCO","10/27/2018 19:21:25","DANGER1",553,64
1035772,"AS Monaco FC","Dijon FCO","10/27/2018 19:21:25","DAT1",554,64
1035772,"AS Monaco FC","Dijon FCO","10/27/2018 19:21:38","SAFE2",555,64
1035772,"AS Monaco FC","Dijon FCO","10/27/2018 19:21:39","GK2",556,64
1035772,"AS Monaco FC","Dijon FCO","10/27/2018 19:21:49","SUB2",557,64
1035772,"AS Monaco FC","Dijon FCO","10/27/2018 19:22:26","Restart",558,65
1035772,"AS Monaco FC","Dijon FCO","10/27/2018 19:22:35","AT2",559,65
1035772,"AS Monaco FC","Dijon FCO","10/27/2018 19:22:41","SAFE1",560,65
1035772,"AS Monaco FC","Dijon FCO","10/27/2018 19:22:43","AT1",561,65
1035772,"AS Monaco FC","Dijon FCO","10/27/2018 19:22:46","DANGER1",562,65
1035772,"AS Monaco FC","Dijon FCO","10/27/2018 19:22:46","DAT1",563,65
1035772,"AS Monaco FC","Dijon FCO","10/27/2018 19:22:51","SAFE2",564,65
1035772,"AS Monaco FC","Dijon FCO","10/27/2018 19:22:53","SAFE2",565,65
1035772,"AS Monaco FC","Dijon FCO","10/27/2018 19:22:53","AT2",566,65
1035772,"AS Monaco FC","Dijon FCO","10/27/2018 19:22:55","DANGER2",567,65
1035772,"AS Monaco FC","Dijon FCO","10/27/2018 19:22:55","DAT2",568,65
1035772,"AS Monaco FC","Dijon FCO","10/27/2018 19:23:07","PCR2",569,65
1035772,"AS Monaco FC","Dijon FCO","10/27/2018 19:23:09","CR2",570,65
1035772,"AS Monaco FC","Dijon FCO","10/27/2018 19:23:10","SHG2",571,65
1035772,"AS Monaco FC","Dijon FCO","10/27/2018 19:23:12","Ball Position",572,65
1035772,"AS Monaco FC","Dijon FCO","10/27/2018 19:23:14","Player_DATA_CONFIRMED",573,65
1035772,"AS Monaco FC","Dijon FCO","10/27/2018 19:23:45","Restart",574,66
1035772,"AS Monaco FC","Dijon FCO","10/27/2018 19:23:55","POSSIBLE_TI",575,66
1035772,"AS Monaco FC","Dijon FCO","10/27/2018 19:23:56","TI1",576,66
1035772,"AS Monaco FC","Dijon FCO","10/27/2018 19:24:08","Restart",577,66
1035772,"AS Monaco FC","Dijon FCO","10/27/2018 19:24:38","SAFE1",578,67
1035772,"AS Monaco FC","Dijon FCO","10/27/2018 19:24:40","AT1",579,67
1035772,"AS Monaco FC","Dijon FCO","10/27/2018 19:24:41","SAFE2",580,67
1035772,"AS Monaco FC","Dijon FCO","10/27/2018 19:24:50","AT2",581,67
1035772,"AS Monaco FC","Dijon FCO","10/27/2018 19:25:00","POSSIBLE_TI",582,67
1035772,"AS Monaco FC","Dijon FCO","10/27/2018 19:25:00","TI1",583,67
1035772,"AS Monaco FC","Dijon FCO","10/27/2018 19:25:07","Restart",584,67
1035772,"AS Monaco FC","Dijon FCO","10/27/2018 19:25:30","DANGER2",585,68
1035772,"AS Monaco FC","Dijon FCO","10/27/2018 19:25:30","DAT2",586,68
1035772,"AS Monaco FC","Dijon FCO","10/27/2018 19:25:53","POSSIBLE_TI",587,68
1035772,"AS Monaco FC","Dijon FCO","10/27/2018 19:25:53","TI1",588,68
1035772,"AS Monaco FC","Dijon FCO","10/27/2018 19:25:59","Restart",589,68
1035772,"AS Monaco FC","Dijon FCO","10/27/2018 19:26:00","SAFE1",590,68
1035772,"AS Monaco FC","Dijon FCO","10/27/2018 19:26:14","AT1",591,68
1035772,"AS Monaco FC","Dijon FCO","10/27/2018 19:26:21","DANGER1",592,69
1035772,"AS Monaco FC","Dijon FCO","10/27/2018 19:26:21","DAT1",593,69
1035772,"AS Monaco FC","Dijon FCO","10/27/2018 19:26:39","SAFE2",594,69
1035772,"AS Monaco FC","Dijon FCO","10/27/2018 19:26:41","AT2",595,69
1035772,"AS Monaco FC","Dijon FCO","10/27/2018 19:26:48","Possible Free Kick",596,69
1035772,"AS Monaco FC","Dijon FCO","10/27/2018 19:26:49","F1",598,69
1035772,"AS Monaco FC","Dijon FCO","10/27/2018 19:26:49","FK2",599,69
1035772,"AS Monaco FC","Dijon FCO","10/27/2018 19:26:49","DANGER2",600,69
1035772,"AS Monaco FC","Dijon FCO","10/27/2018 19:26:49","DFK2",601,69
1035772,"AS Monaco FC","Dijon FCO","10/27/2018 19:26:49","Ball Position",602,69
1035772,"AS Monaco FC","Dijon FCO","10/27/2018 19:27:04","SUB2",603,69
1035772,"AS Monaco FC","Dijon FCO","10/27/2018 19:27:44","Player_DATA_CONFIRMED",604,70
1035772,"AS Monaco FC","Dijon FCO","10/27/2018 19:27:44","Restart",605,70
1035772,"AS Monaco FC","Dijon FCO","10/27/2018 19:28:02","SAFE1",606,70
1035772,"AS Monaco FC","Dijon FCO","10/27/2018 19:28:03","AT1",607,70
1035772,"AS Monaco FC","Dijon FCO","10/27/2018 19:28:05","DANGER1",608,70
1035772,"AS Monaco FC","Dijon FCO","10/27/2018 19:28:05","DAT1",609,70
1035772,"AS Monaco FC","Dijon FCO","10/27/2018 19:28:12","BLOCKED1",610,70
1035772,"AS Monaco FC","Dijon FCO","10/27/2018 19:28:22","SAFE2",611,71
1035772,"AS Monaco FC","Dijon FCO","10/27/2018 19:28:55","POSSIBLE_TI",612,71
1035772,"AS Monaco FC","Dijon FCO","10/27/2018 19:28:56","TI2",613,71
1035772,"AS Monaco FC","Dijon FCO","10/27/2018 19:29:16","SUB1",614,72
1035772,"AS Monaco FC","Dijon FCO","10/27/2018 19:29:34","Restart",615,72
1035772,"AS Monaco FC","Dijon FCO","10/27/2018 19:29:55","AT2",616,72
1035772,"AS Monaco FC","Dijon FCO","10/27/2018 19:29:57","DANGER2",617,72
1035772,"AS Monaco FC","Dijon FCO","10/27/2018 19:29:57","DAT2",618,72
1035772,"AS Monaco FC","Dijon FCO","10/27/2018 19:30:09","POSSIBLE_TI",619,72
1035772,"AS Monaco FC","Dijon FCO","10/27/2018 19:30:09","TI2",620,72
1035772,"AS Monaco FC","Dijon FCO","10/27/2018 19:30:14","Restart",621,72
1035772,"AS Monaco FC","Dijon FCO","10/27/2018 19:30:15","Player_DATA_CONFIRMED",622,72
1035772,"AS Monaco FC","Dijon FCO","10/27/2018 19:30:48","POSSIBLE_TI",623,73
1035772,"AS Monaco FC","Dijon FCO","10/27/2018 19:30:49","TI2",624,73
1035772,"AS Monaco FC","Dijon FCO","10/27/2018 19:30:57","Restart",625,73
1035772,"AS Monaco FC","Dijon FCO","10/27/2018 19:31:02","SAFE1",626,73
1035772,"AS Monaco FC","Dijon FCO","10/27/2018 19:31:02","GK1",627,73
1035772,"AS Monaco FC","Dijon FCO","10/27/2018 19:31:20","Restart",628,74
1035772,"AS Monaco FC","Dijon FCO","10/27/2018 19:31:30","AT1",629,74
1035772,"AS Monaco FC","Dijon FCO","10/27/2018 19:31:33","DANGER1",630,74
1035772,"AS Monaco FC","Dijon FCO","10/27/2018 19:31:33","DAT1",631,74
1035772,"AS Monaco FC","Dijon FCO","10/27/2018 19:31:38","POSSIBLE_TI",632,74
1035772,"AS Monaco FC","Dijon FCO","10/27/2018 19:31:43","TI1",633,74
1035772,"AS Monaco FC","Dijon FCO","10/27/2018 19:31:50","Restart",634,74
1035772,"AS Monaco FC","Dijon FCO","10/27/2018 19:32:05","POSSIBLE_TI",635,74
1035772,"AS Monaco FC","Dijon FCO","10/27/2018 19:32:07","TI1",636,74
1035772,"AS Monaco FC","Dijon FCO","10/27/2018 19:32:17","Restart",637,75
1035772,"AS Monaco FC","Dijon FCO","10/27/2018 19:32:30","POSSIBLE_TI",638,75
1035772,"AS Monaco FC","Dijon FCO","10/27/2018 19:32:32","TI2",639,75
1035772,"AS Monaco FC","Dijon FCO","10/27/2018 19:32:50","Restart",640,75
1035772,"AS Monaco FC","Dijon FCO","10/27/2018 19:33:52","SAFE2",641,76
1035772,"AS Monaco FC","Dijon FCO","10/27/2018 19:33:55","AT2",642,76
1035772,"AS Monaco FC","Dijon FCO","10/27/2018 19:33:59","DANGER2",643,76
1035772,"AS Monaco FC","Dijon FCO","10/27/2018 19:33:59","DAT2",644,76
1035772,"AS Monaco FC","Dijon FCO","10/27/2018 19:34:16","SHB2",645,77
1035772,"AS Monaco FC","Dijon FCO","10/27/2018 19:34:17","SAFE1",646,77
1035772,"AS Monaco FC","Dijon FCO","10/27/2018 19:34:17","GK1",647,77
1035772,"AS Monaco FC","Dijon FCO","10/27/2018 19:34:20","Restart",648,77
1035772,"AS Monaco FC","Dijon FCO","10/27/2018 19:34:30","AT1",649,77
1035772,"AS Monaco FC","Dijon FCO","10/27/2018 19:34:31","DANGER1",650,77
1035772,"AS Monaco FC","Dijon FCO","10/27/2018 19:34:31","DAT1",651,77
1035772,"AS Monaco FC","Dijon FCO","10/27/2018 19:34:41","SAFE2",652,77
1035772,"AS Monaco FC","Dijon FCO","10/27/2018 19:34:42","GK2",653,77
1035772,"AS Monaco FC","Dijon FCO","10/27/2018 19:35:01","Restart",654,77
1035772,"AS Monaco FC","Dijon FCO","10/27/2018 19:35:24","AT1",655,78
1035772,"AS Monaco FC","Dijon FCO","10/27/2018 19:35:28","Possible Free Kick",656,78
1035772,"AS Monaco FC","Dijon FCO","10/27/2018 19:35:29","POSSIBLE_CARDS",658,78
1035772,"AS Monaco FC","Dijon FCO","10/27/2018 19:35:38","NO_Cards",659,78
1035772,"AS Monaco FC","Dijon FCO","10/27/2018 19:35:39","F2",660,78
1035772,"AS Monaco FC","Dijon FCO","10/27/2018 19:35:39","FK1",661,78
1035772,"AS Monaco FC","Dijon FCO","10/27/2018 19:35:40","DANGER1",662,78
1035772,"AS Monaco FC","Dijon FCO","10/27/2018 19:35:40","DFK1",663,78
1035772,"AS Monaco FC","Dijon FCO","10/27/2018 19:35:40","Ball Position",664,78
1035772,"AS Monaco FC","Dijon FCO","10/27/2018 19:35:59","Restart",665,78
1035772,"AS Monaco FC","Dijon FCO","10/27/2018 19:36:02","GOAL1",666,78
1035772,"AS Monaco FC","Dijon FCO","10/27/2018 19:36:15","Scorer",667,78
1035772,"AS Monaco FC","Dijon FCO","10/27/2018 19:36:34","Injury Break",668,79
1035772,"AS Monaco FC","Dijon FCO","10/27/2018 19:37:12","Player_DATA_CONFIRMED",669,79
1035772,"AS Monaco FC","Dijon FCO","10/27/2018 19:37:39","CONF_GOAL1",670,80
1035772,"AS Monaco FC","Dijon FCO","10/27/2018 19:37:39","Restart",671,80
1035772,"AS Monaco FC","Dijon FCO","10/27/2018 19:37:39","KO2",672,80
1035772,"AS Monaco FC","Dijon FCO","10/27/2018 19:37:39","SAFE2",673,80
1035772,"AS Monaco FC","Dijon FCO","10/27/2018 19:37:43","AT1",674,80
1035772,"AS Monaco FC","Dijon FCO","10/27/2018 19:37:45","Assist",675,80
1035772,"AS Monaco FC","Dijon FCO","10/27/2018 19:38:07","Possible Free Kick",676,80
1035772,"AS Monaco FC","Dijon FCO","10/27/2018 19:38:09","F1",678,80
1035772,"AS Monaco FC","Dijon FCO","10/27/2018 19:38:09","FK2",679,80
1035772,"AS Monaco FC","Dijon FCO","10/27/2018 19:38:09","DANGER2",680,80
1035772,"AS Monaco FC","Dijon FCO","10/27/2018 19:38:09","DFK2",681,80
1035772,"AS Monaco FC","Dijon FCO","10/27/2018 19:38:09","Ball Position",682,80
1035772,"AS Monaco FC","Dijon FCO","10/27/2018 19:38:18","Restart",683,81
1035772,"AS Monaco FC","Dijon FCO","10/27/2018 19:38:26","SHB2",684,81
1035772,"AS Monaco FC","Dijon FCO","10/27/2018 19:38:28","SAFE1",685,81
1035772,"AS Monaco FC","Dijon FCO","10/27/2018 19:38:29","GK1",686,81
1035772,"AS Monaco FC","Dijon FCO","10/27/2018 19:38:44","Restart",687,81
1035772,"AS Monaco FC","Dijon FCO","10/27/2018 19:38:46","POSSIBLE_CARDS",688,81
1035772,"AS Monaco FC","Dijon FCO","10/27/2018 19:38:48","YC1",689,81
1035772,"AS Monaco FC","Dijon FCO","10/27/2018 19:38:52","CONF_YC1",690,81
1035772,"AS Monaco FC","Dijon FCO","10/27/2018 19:38:59","Scorer",691,81
1035772,"AS Monaco FC","Dijon FCO","10/27/2018 19:39:01","Possible Free Kick",692,81
1035772,"AS Monaco FC","Dijon FCO","10/27/2018 19:39:01","F1",694,81
1035772,"AS Monaco FC","Dijon FCO","10/27/2018 19:39:01","FK2",695,81
1035772,"AS Monaco FC","Dijon FCO","10/27/2018 19:39:01","DANGER2",696,81
1035772,"AS Monaco FC","Dijon FCO","10/27/2018 19:39:01","DFK2",697,81
1035772,"AS Monaco FC","Dijon FCO","10/27/2018 19:39:01","Ball Position",698,81
1035772,"AS Monaco FC","Dijon FCO","10/27/2018 19:39:22","Player_DATA_CONFIRMED",699,82
1035772,"AS Monaco FC","Dijon FCO","10/27/2018 19:39:41","Restart",700,82
1035772,"AS Monaco FC","Dijon FCO","10/27/2018 19:39:47","PCR2",701,82
1035772,"AS Monaco FC","Dijon FCO","10/27/2018 19:39:48","CR2",702,82
1035772,"AS Monaco FC","Dijon FCO","10/27/2018 19:39:49","Ball Position",703,82
1035772,"AS Monaco FC","Dijon FCO","10/27/2018 19:39:57","SUB2",704,82
1035772,"AS Monaco FC","Dijon FCO","10/27/2018 19:40:35","Player_DATA_CONFIRMED",705,83
1035772,"AS Monaco FC","Dijon FCO","10/27/2018 19:40:38","Restart",706,83
1035772,"AS Monaco FC","Dijon FCO","10/27/2018 19:40:44","Possible Free Kick",707,83
1035772,"AS Monaco FC","Dijon FCO","10/27/2018 19:40:45","SAFE1",709,83
1035772,"AS Monaco FC","Dijon FCO","10/27/2018 19:40:45","O2",710,83
1035772,"AS Monaco FC","Dijon FCO","10/27/2018 19:40:45","FK1",711,83
1035772,"AS Monaco FC","Dijon FCO","10/27/2018 19:40:45","Ball Position",712,83
1035772,"AS Monaco FC","Dijon FCO","10/27/2018 19:40:50","Restart",713,83
1035772,"AS Monaco FC","Dijon FCO","10/27/2018 19:41:10","Possible Free Kick",714,83
1035772,"AS Monaco FC","Dijon FCO","10/27/2018 19:41:15","F2",716,84
1035772,"AS Monaco FC","Dijon FCO","10/27/2018 19:41:15","FK1",717,84
1035772,"AS Monaco FC","Dijon FCO","10/27/2018 19:41:15","DANGER1",718,84
1035772,"AS Monaco FC","Dijon FCO","10/27/2018 19:41:15","DFK1",719,84
1035772,"AS Monaco FC","Dijon FCO","10/27/2018 19:41:15","Ball Position",720,84
1035772,"AS Monaco FC","Dijon FCO","10/27/2018 19:41:21","Restart",721,84
1035772,"AS Monaco FC","Dijon FCO","10/27/2018 19:42:05","SAFE2",722,84
1035772,"AS Monaco FC","Dijon FCO","10/27/2018 19:42:06","AT2",723,84
1035772,"AS Monaco FC","Dijon FCO","10/27/2018 19:42:12","Possible Free Kick",724,84
1035772,"AS Monaco FC","Dijon FCO","10/27/2018 19:42:15","SAFE1",726,84
1035772,"AS Monaco FC","Dijon FCO","10/27/2018 19:42:15","F2",727,84
1035772,"AS Monaco FC","Dijon FCO","10/27/2018 19:42:15","FK1",728,84
1035772,"AS Monaco FC","Dijon FCO","10/27/2018 19:42:15","Ball Position",729,84
1035772,"AS Monaco FC","Dijon FCO","10/27/2018 19:42:22","Restart",730,85
1035772,"AS Monaco FC","Dijon FCO","10/27/2018 19:42:29","AT1",731,85
1035772,"AS Monaco FC","Dijon FCO","10/27/2018 19:42:32","POSSIBLE_TI",732,85
1035772,"AS Monaco FC","Dijon FCO","10/27/2018 19:42:33","TI1",733,85
1035772,"AS Monaco FC","Dijon FCO","10/27/2018 19:42:41","Restart",734,85
1035772,"AS Monaco FC","Dijon FCO","10/27/2018 19:42:45","POSSIBLE_TI",735,85
1035772,"AS Monaco FC","Dijon FCO","10/27/2018 19:42:46","TI1",736,85
1035772,"AS Monaco FC","Dijon FCO","10/27/2018 19:42:58","Restart",737,85
1035772,"AS Monaco FC","Dijon FCO","10/27/2018 19:42:59","DANGER1",738,85
1035772,"AS Monaco FC","Dijon FCO","10/27/2018 19:42:59","DAT1",739,85
1035772,"AS Monaco FC","Dijon FCO","10/27/2018 19:43:17","PCR1",740,86
1035772,"AS Monaco FC","Dijon FCO","10/27/2018 19:43:19","CR1",741,86
1035772,"AS Monaco FC","Dijon FCO","10/27/2018 19:43:20","Ball Position",742,86
1035772,"AS Monaco FC","Dijon FCO","10/27/2018 19:43:34","Restart",743,86
1035772,"AS Monaco FC","Dijon FCO","10/27/2018 19:44:13","SHB1",744,86
1035772,"AS Monaco FC","Dijon FCO","10/27/2018 19:44:16","SAFE2",745,87
1035772,"AS Monaco FC","Dijon FCO","10/27/2018 19:44:16","GK2",746,87
1035772,"AS Monaco FC","Dijon FCO","10/27/2018 19:44:36","Restart",747,87
1035772,"AS Monaco FC","Dijon FCO","10/27/2018 19:44:44","POSSIBLE_TI",748,87
1035772,"AS Monaco FC","Dijon FCO","10/27/2018 19:44:48","TI2",749,87
1035772,"AS Monaco FC","Dijon FCO","10/27/2018 19:45:03","Restart",750,87
1035772,"AS Monaco FC","Dijon FCO","10/27/2018 19:45:10","AT2",751,87
1035772,"AS Monaco FC","Dijon FCO","10/27/2018 19:45:15","Possible Free Kick",752,87
1035772,"AS Monaco FC","Dijon FCO","10/27/2018 19:45:17","F1",754,88
1035772,"AS Monaco FC","Dijon FCO","10/27/2018 19:45:17","FK2",755,88
1035772,"AS Monaco FC","Dijon FCO","10/27/2018 19:45:17","DANGER2",756,88
1035772,"AS Monaco FC","Dijon FCO","10/27/2018 19:45:17","DFK2",757,88
1035772,"AS Monaco FC","Dijon FCO","10/27/2018 19:45:17","Ball Position",758,88
1035772,"AS Monaco FC","Dijon FCO","10/27/2018 19:45:58","Restart",759,88
1035772,"AS Monaco FC","Dijon FCO","10/27/2018 19:46:03","PCR2",760,88
1035772,"AS Monaco FC","Dijon FCO","10/27/2018 19:46:04","CR2",761,88
1035772,"AS Monaco FC","Dijon FCO","10/27/2018 19:46:06","SHG2",762,88
1035772,"AS Monaco FC","Dijon FCO","10/27/2018 19:46:09","Ball Position",763,88
1035772,"AS Monaco FC","Dijon FCO","10/27/2018 19:46:32","Restart",764,89
1035772,"AS Monaco FC","Dijon FCO","10/27/2018 19:46:42","SHB2",765,89
1035772,"AS Monaco FC","Dijon FCO","10/27/2018 19:46:43","SAFE1",766,89
1035772,"AS Monaco FC","Dijon FCO","10/27/2018 19:46:44","GK1",767,89
1035772,"AS Monaco FC","Dijon FCO","10/27/2018 19:46:56","Restart",768,89
1035772,"AS Monaco FC","Dijon FCO","10/27/2018 19:46:57","AT1",769,89
1035772,"AS Monaco FC","Dijon FCO","10/27/2018 19:46:59","DANGER1",770,89
1035772,"AS Monaco FC","Dijon FCO","10/27/2018 19:46:59","DAT1",771,89
1035772,"AS Monaco FC","Dijon FCO","10/27/2018 19:47:15","SHG1",772,89
1035772,"AS Monaco FC","Dijon FCO","10/27/2018 19:47:16","SAFE2",773,90
1035772,"AS Monaco FC","Dijon FCO","10/27/2018 19:47:35","POSSIBLE_TI",774,90
1035772,"AS Monaco FC","Dijon FCO","10/27/2018 19:47:36","TI1",775,90
1035772,"AS Monaco FC","Dijon FCO","10/27/2018 19:47:37","Restart",776,90
1035772,"AS Monaco FC","Dijon FCO","10/27/2018 19:47:43","AT1",777,90
1035772,"AS Monaco FC","Dijon FCO","10/27/2018 19:47:45","DANGER1",778,90
1035772,"AS Monaco FC","Dijon FCO","10/27/2018 19:47:45","DAT1",779,90
1035772,"AS Monaco FC","Dijon FCO","10/27/2018 19:47:54","SAFE2",780,90
1035772,"AS Monaco FC","Dijon FCO","10/27/2018 19:47:56","AT2",781,90
1035772,"AS Monaco FC","Dijon FCO","10/27/2018 19:47:58","DANGER2",782,90
1035772,"AS Monaco FC","Dijon FCO","10/27/2018 19:47:58","DAT2",783,90
1035772,"AS Monaco FC","Dijon FCO","10/27/2018 19:48:07","Extra Time",784,90
1035772,"AS Monaco FC","Dijon FCO","10/27/2018 19:48:08","SAFE1",785,90
1035772,"AS Monaco FC","Dijon FCO","10/27/2018 19:48:09","AT1",786,90
1035772,"AS Monaco FC","Dijon FCO","10/27/2018 19:48:10","Possible Free Kick",787,90
1035772,"AS Monaco FC","Dijon FCO","10/27/2018 19:48:11","POSSIBLE_CARDS",789,90
1035772,"AS Monaco FC","Dijon FCO","10/27/2018 19:48:14","PRC",790,90
1035772,"AS Monaco FC","Dijon FCO","10/27/2018 19:48:14","Danger",791,90
1035772,"AS Monaco FC","Dijon FCO","10/27/2018 19:48:16","YC2",792,91
1035772,"AS Monaco FC","Dijon FCO","10/27/2018 19:48:19","CONF_YC2",793,91
1035772,"AS Monaco FC","Dijon FCO","10/27/2018 19:48:24","Scorer",794,91
1035772,"AS Monaco FC","Dijon FCO","10/27/2018 19:48:26","No RC",795,91
1035772,"AS Monaco FC","Dijon FCO","10/27/2018 19:48:28","F2",796,91
1035772,"AS Monaco FC","Dijon FCO","10/27/2018 19:48:28","FK1",797,91
1035772,"AS Monaco FC","Dijon FCO","10/27/2018 19:48:28","DFK1",798,91
1035772,"AS Monaco FC","Dijon FCO","10/27/2018 19:48:29","Ball Position",799,91
1035772,"AS Monaco FC","Dijon FCO","10/27/2018 19:48:33","Restart",800,91
1035772,"AS Monaco FC","Dijon FCO","10/27/2018 19:48:51","POSSIBLE_TI",801,91
1035772,"AS Monaco FC","Dijon FCO","10/27/2018 19:48:52","TI2",802,91
1035772,"AS Monaco FC","Dijon FCO","10/27/2018 19:49:04","Player_DATA_CONFIRMED",803,91
1035772,"AS Monaco FC","Dijon FCO","10/27/2018 19:49:06","Restart",804,91
1035772,"AS Monaco FC","Dijon FCO","10/27/2018 19:49:36","SAFE2",805,92
1035772,"AS Monaco FC","Dijon FCO","10/27/2018 19:49:39","Possible Free Kick",806,92
1035772,"AS Monaco FC","Dijon FCO","10/27/2018 19:49:42","POSSIBLE_CARDS",808,92
1035772,"AS Monaco FC","Dijon FCO","10/27/2018 19:49:46","YC2",809,92
1035772,"AS Monaco FC","Dijon FCO","10/27/2018 19:49:48","CONF_YC2",810,92
1035772,"AS Monaco FC","Dijon FCO","10/27/2018 19:49:51","Scorer",811,92
1035772,"AS Monaco FC","Dijon FCO","10/27/2018 19:49:55","SAFE1",812,92
1035772,"AS Monaco FC","Dijon FCO","10/27/2018 19:49:55","F2",813,92
1035772,"AS Monaco FC","Dijon FCO","10/27/2018 19:49:55","FK1",814,92
1035772,"AS Monaco FC","Dijon FCO","10/27/2018 19:49:55","Ball Position",815,92
1035772,"AS Monaco FC","Dijon FCO","10/27/2018 19:50:03","Restart",816,92
1035772,"AS Monaco FC","Dijon FCO","10/27/2018 19:50:07","AT1",817,92
1035772,"AS Monaco FC","Dijon FCO","10/27/2018 19:50:07","DANGER1",818,92
1035772,"AS Monaco FC","Dijon FCO","10/27/2018 19:50:07","DAT1",819,92
1035772,"AS Monaco FC","Dijon FCO","10/27/2018 19:50:19","POSSIBLE_TI",820,93
1035772,"AS Monaco FC","Dijon FCO","10/27/2018 19:50:19","TI2",821,93
1035772,"AS Monaco FC","Dijon FCO","10/27/2018 19:50:36","Restart",822,93
1035772,"AS Monaco FC","Dijon FCO","10/27/2018 19:50:41","POSSIBLE_TI",823,93
1035772,"AS Monaco FC","Dijon FCO","10/27/2018 19:50:42","TI1",824,93
1035772,"AS Monaco FC","Dijon FCO","10/27/2018 19:50:44","Restart",825,93
1035772,"AS Monaco FC","Dijon FCO","10/27/2018 19:50:55","SAFE2",826,93
1035772,"AS Monaco FC","Dijon FCO","10/27/2018 19:50:56","AT2",827,93
1035772,"AS Monaco FC","Dijon FCO","10/27/2018 19:51:01","Possible Free Kick",828,93
1035772,"AS Monaco FC","Dijon FCO","10/27/2018 19:51:02","Scorer",830,93
1035772,"AS Monaco FC","Dijon FCO","10/27/2018 19:51:03","F1",831,93
1035772,"AS Monaco FC","Dijon FCO","10/27/2018 19:51:03","FK2",832,93
1035772,"AS Monaco FC","Dijon FCO","10/27/2018 19:51:03","DANGER2",833,93
1035772,"AS Monaco FC","Dijon FCO","10/27/2018 19:51:03","DFK2",834,93
1035772,"AS Monaco FC","Dijon FCO","10/27/2018 19:51:03","Ball Position",835,93
1035772,"AS Monaco FC","Dijon FCO","10/27/2018 19:51:04","Player_DATA_CONFIRMED",836,93
1035772,"AS Monaco FC","Dijon FCO","10/27/2018 19:51:43","Restart",837,94
1035772,"AS Monaco FC","Dijon FCO","10/27/2018 19:51:46","PCR2",838,94
1035772,"AS Monaco FC","Dijon FCO","10/27/2018 19:51:49","CR2",839,94
1035772,"AS Monaco FC","Dijon FCO","10/27/2018 19:51:51","Ball Position",840,94
1035772,"AS Monaco FC","Dijon FCO","10/27/2018 19:52:14","Restart",841,94
1035772,"AS Monaco FC","Dijon FCO","10/27/2018 19:52:23","Stop RT2",842,94
1035772,"AS Monaco FC","Dijon FCO","10/27/2018 19:52:23","Stop Game",843,94
1035772,"AS Monaco FC","Dijon FCO","10/27/2018 19:52:27","CONF_PERIOD_SCORE",844,94
