"RBallID","HomeTeam","AwayTeam","Timestamp","Incident","IncidentNumber","Minute"
928621,"FC Girondins de Bordeaux","Amiens SC","02/10/2018 18:00:05","Transmission Online",0,0
928621,"FC Girondins de Bordeaux","Amiens SC","02/10/2018 18:00:44","Scout in Stadion",1,0
928621,"FC Girondins de Bordeaux","Amiens SC","02/10/2018 18:00:44","Jersey Changed",2,0
928621,"FC Girondins de Bordeaux","Amiens SC","02/10/2018 18:00:46","Jersey Changed",3,0
928621,"FC Girondins de Bordeaux","Amiens SC","02/10/2018 18:00:48","GCC",4,0
928621,"FC Girondins de Bordeaux","Amiens SC","02/10/2018 18:05:56","Lineup changed",5,0
928621,"FC Girondins de Bordeaux","Amiens SC","02/10/2018 18:57:51","Players are coming out",6,0
928621,"FC Girondins de Bordeaux","Amiens SC","02/10/2018 18:58:05","Players lined up",7,0
928621,"FC Girondins de Bordeaux","Amiens SC","02/10/2018 18:58:31","Shake hands",8,0
928621,"FC Girondins de Bordeaux","Amiens SC","02/10/2018 18:59:07","Flip coin",9,0
928621,"FC Girondins de Bordeaux","Amiens SC","02/10/2018 18:59:58","Game about to start",10,0
928621,"FC Girondins de Bordeaux","Amiens SC","02/10/2018 19:00:34","Start RT1 Team 2",11,1
928621,"FC Girondins de Bordeaux","Amiens SC","02/10/2018 19:00:37","SAFE2",12,1
928621,"FC Girondins de Bordeaux","Amiens SC","02/10/2018 19:00:43","SAFE1",13,1
928621,"FC Girondins de Bordeaux","Amiens SC","02/10/2018 19:00:44","AT1",14,1
928621,"FC Girondins de Bordeaux","Amiens SC","02/10/2018 19:01:03","SAFE2",15,1
928621,"FC Girondins de Bordeaux","Amiens SC","02/10/2018 19:01:03","AT2",16,1
928621,"FC Girondins de Bordeaux","Amiens SC","02/10/2018 19:01:13","DANGER2",17,1
928621,"FC Girondins de Bordeaux","Amiens SC","02/10/2018 19:01:13","DAT2",18,1
928621,"FC Girondins de Bordeaux","Amiens SC","02/10/2018 19:01:29","SAFE1",19,1
928621,"FC Girondins de Bordeaux","Amiens SC","02/10/2018 19:01:30","AT1",20,1
928621,"FC Girondins de Bordeaux","Amiens SC","02/10/2018 19:01:43","SAFE2",21,2
928621,"FC Girondins de Bordeaux","Amiens SC","02/10/2018 19:01:50","AT2",22,2
928621,"FC Girondins de Bordeaux","Amiens SC","02/10/2018 19:02:16","SAFE1",23,2
928621,"FC Girondins de Bordeaux","Amiens SC","02/10/2018 19:02:50","AT1",24,3
928621,"FC Girondins de Bordeaux","Amiens SC","02/10/2018 19:03:01","SAFE1",25,3
928621,"FC Girondins de Bordeaux","Amiens SC","02/10/2018 19:03:15","AT1",26,3
928621,"FC Girondins de Bordeaux","Amiens SC","02/10/2018 19:03:27","DANGER1",27,3
928621,"FC Girondins de Bordeaux","Amiens SC","02/10/2018 19:03:27","DAT1",28,3
928621,"FC Girondins de Bordeaux","Amiens SC","02/10/2018 19:03:43","SAFE2",29,4
928621,"FC Girondins de Bordeaux","Amiens SC","02/10/2018 19:03:44","GK2",30,4
928621,"FC Girondins de Bordeaux","Amiens SC","02/10/2018 19:04:05","Restart",31,4
928621,"FC Girondins de Bordeaux","Amiens SC","02/10/2018 19:04:13","AT1",32,4
928621,"FC Girondins de Bordeaux","Amiens SC","02/10/2018 19:04:26","POSSIBLE_TI",33,4
928621,"FC Girondins de Bordeaux","Amiens SC","02/10/2018 19:04:28","TI1",34,4
928621,"FC Girondins de Bordeaux","Amiens SC","02/10/2018 19:04:34","Restart",35,5
928621,"FC Girondins de Bordeaux","Amiens SC","02/10/2018 19:04:43","SAFE1",36,5
928621,"FC Girondins de Bordeaux","Amiens SC","02/10/2018 19:04:50","AT1",37,5
928621,"FC Girondins de Bordeaux","Amiens SC","02/10/2018 19:04:56","POSSIBLE_TI",38,5
928621,"FC Girondins de Bordeaux","Amiens SC","02/10/2018 19:04:57","TI2",39,5
928621,"FC Girondins de Bordeaux","Amiens SC","02/10/2018 19:05:08","Restart",40,5
928621,"FC Girondins de Bordeaux","Amiens SC","02/10/2018 19:05:37","SAFE1",41,6
928621,"FC Girondins de Bordeaux","Amiens SC","02/10/2018 19:05:52","AT1",42,6
928621,"FC Girondins de Bordeaux","Amiens SC","02/10/2018 19:05:58","DANGER1",43,6
928621,"FC Girondins de Bordeaux","Amiens SC","02/10/2018 19:05:58","DAT1",44,6
928621,"FC Girondins de Bordeaux","Amiens SC","02/10/2018 19:06:03","PCR1",45,6
928621,"FC Girondins de Bordeaux","Amiens SC","02/10/2018 19:06:20","CR1",46,6
928621,"FC Girondins de Bordeaux","Amiens SC","02/10/2018 19:06:21","Ball Position",47,6
928621,"FC Girondins de Bordeaux","Amiens SC","02/10/2018 19:06:27","Restart",48,6
928621,"FC Girondins de Bordeaux","Amiens SC","02/10/2018 19:06:33","PCR1",49,6
928621,"FC Girondins de Bordeaux","Amiens SC","02/10/2018 19:06:43","NCR1",50,7
928621,"FC Girondins de Bordeaux","Amiens SC","02/10/2018 19:06:44","SAFE2",51,7
928621,"FC Girondins de Bordeaux","Amiens SC","02/10/2018 19:06:45","GK2",52,7
928621,"FC Girondins de Bordeaux","Amiens SC","02/10/2018 19:06:54","Restart",53,7
928621,"FC Girondins de Bordeaux","Amiens SC","02/10/2018 19:07:01","AT2",54,7
928621,"FC Girondins de Bordeaux","Amiens SC","02/10/2018 19:07:06","DANGER2",55,7
928621,"FC Girondins de Bordeaux","Amiens SC","02/10/2018 19:07:06","DAT2",56,7
928621,"FC Girondins de Bordeaux","Amiens SC","02/10/2018 19:07:18","SAFE1",57,7
928621,"FC Girondins de Bordeaux","Amiens SC","02/10/2018 19:07:19","GK1",58,7
928621,"FC Girondins de Bordeaux","Amiens SC","02/10/2018 19:07:34","Restart",59,8
928621,"FC Girondins de Bordeaux","Amiens SC","02/10/2018 19:07:44","Possible Free Kick",60,8
928621,"FC Girondins de Bordeaux","Amiens SC","02/10/2018 19:07:51","SAFE2",62,8
928621,"FC Girondins de Bordeaux","Amiens SC","02/10/2018 19:07:51","F1",63,8
928621,"FC Girondins de Bordeaux","Amiens SC","02/10/2018 19:07:51","FK2",64,8
928621,"FC Girondins de Bordeaux","Amiens SC","02/10/2018 19:07:51","Ball Position",65,8
928621,"FC Girondins de Bordeaux","Amiens SC","02/10/2018 19:07:52","Restart",66,8
928621,"FC Girondins de Bordeaux","Amiens SC","02/10/2018 19:07:53","SAFE2",67,8
928621,"FC Girondins de Bordeaux","Amiens SC","02/10/2018 19:08:04","AT2",68,8
928621,"FC Girondins de Bordeaux","Amiens SC","02/10/2018 19:08:08","SAFE1",69,8
928621,"FC Girondins de Bordeaux","Amiens SC","02/10/2018 19:08:19","AT2",70,8
928621,"FC Girondins de Bordeaux","Amiens SC","02/10/2018 19:08:19","DANGER2",71,8
928621,"FC Girondins de Bordeaux","Amiens SC","02/10/2018 19:08:19","DAT2",72,8
928621,"FC Girondins de Bordeaux","Amiens SC","02/10/2018 19:08:24","PCR2",73,8
928621,"FC Girondins de Bordeaux","Amiens SC","02/10/2018 19:08:29","NCR2",74,8
928621,"FC Girondins de Bordeaux","Amiens SC","02/10/2018 19:08:30","SAFE1",75,8
928621,"FC Girondins de Bordeaux","Amiens SC","02/10/2018 19:08:32","GK1",76,8
928621,"FC Girondins de Bordeaux","Amiens SC","02/10/2018 19:08:33","Restart",77,8
928621,"FC Girondins de Bordeaux","Amiens SC","02/10/2018 19:08:34","SAFE1",78,9
928621,"FC Girondins de Bordeaux","Amiens SC","02/10/2018 19:09:01","AT1",79,9
928621,"FC Girondins de Bordeaux","Amiens SC","02/10/2018 19:09:03","DANGER1",80,9
928621,"FC Girondins de Bordeaux","Amiens SC","02/10/2018 19:09:03","DAT1",81,9
928621,"FC Girondins de Bordeaux","Amiens SC","02/10/2018 19:09:15","SAFE2",82,9
928621,"FC Girondins de Bordeaux","Amiens SC","02/10/2018 19:09:16","GK2",83,9
928621,"FC Girondins de Bordeaux","Amiens SC","02/10/2018 19:09:33","Restart",84,9
928621,"FC Girondins de Bordeaux","Amiens SC","02/10/2018 19:09:43","POSSIBLE_TI",85,10
928621,"FC Girondins de Bordeaux","Amiens SC","02/10/2018 19:09:46","TI1",86,10
928621,"FC Girondins de Bordeaux","Amiens SC","02/10/2018 19:09:48","Restart",87,10
928621,"FC Girondins de Bordeaux","Amiens SC","02/10/2018 19:09:50","AT1",88,10
928621,"FC Girondins de Bordeaux","Amiens SC","02/10/2018 19:09:53","POSSIBLE_TI",89,10
928621,"FC Girondins de Bordeaux","Amiens SC","02/10/2018 19:09:56","TI2",90,10
928621,"FC Girondins de Bordeaux","Amiens SC","02/10/2018 19:10:05","Restart",91,10
928621,"FC Girondins de Bordeaux","Amiens SC","02/10/2018 19:10:16","SAFE2",92,10
928621,"FC Girondins de Bordeaux","Amiens SC","02/10/2018 19:10:19","AT2",93,10
928621,"FC Girondins de Bordeaux","Amiens SC","02/10/2018 19:10:19","DANGER2",94,10
928621,"FC Girondins de Bordeaux","Amiens SC","02/10/2018 19:10:19","DAT2",95,10
928621,"FC Girondins de Bordeaux","Amiens SC","02/10/2018 19:10:38","SHG2",96,11
928621,"FC Girondins de Bordeaux","Amiens SC","02/10/2018 19:10:40","SAFE1",97,11
928621,"FC Girondins de Bordeaux","Amiens SC","02/10/2018 19:10:52","AT2",98,11
928621,"FC Girondins de Bordeaux","Amiens SC","02/10/2018 19:10:55","DANGER2",99,11
928621,"FC Girondins de Bordeaux","Amiens SC","02/10/2018 19:10:55","DAT2",100,11
928621,"FC Girondins de Bordeaux","Amiens SC","02/10/2018 19:11:04","SHB2",101,11
928621,"FC Girondins de Bordeaux","Amiens SC","02/10/2018 19:11:06","SAFE1",102,11
928621,"FC Girondins de Bordeaux","Amiens SC","02/10/2018 19:11:06","GK1",103,11
928621,"FC Girondins de Bordeaux","Amiens SC","02/10/2018 19:11:21","Restart",104,11
928621,"FC Girondins de Bordeaux","Amiens SC","02/10/2018 19:11:23","AT1",105,11
928621,"FC Girondins de Bordeaux","Amiens SC","02/10/2018 19:11:32","SAFE2",106,11
928621,"FC Girondins de Bordeaux","Amiens SC","02/10/2018 19:11:49","AT1",107,12
928621,"FC Girondins de Bordeaux","Amiens SC","02/10/2018 19:11:54","DANGER1",108,12
928621,"FC Girondins de Bordeaux","Amiens SC","02/10/2018 19:11:54","DAT1",109,12
928621,"FC Girondins de Bordeaux","Amiens SC","02/10/2018 19:12:04","BLOCKED1",110,12
928621,"FC Girondins de Bordeaux","Amiens SC","02/10/2018 19:12:16","POSSIBLE_CARDS",111,12
928621,"FC Girondins de Bordeaux","Amiens SC","02/10/2018 19:12:50","NO_Cards",112,13
928621,"FC Girondins de Bordeaux","Amiens SC","02/10/2018 19:12:50","Possible Free Kick",113,13
928621,"FC Girondins de Bordeaux","Amiens SC","02/10/2018 19:12:51","F2",115,13
928621,"FC Girondins de Bordeaux","Amiens SC","02/10/2018 19:12:51","FK1",116,13
928621,"FC Girondins de Bordeaux","Amiens SC","02/10/2018 19:12:51","DFK1",117,13
928621,"FC Girondins de Bordeaux","Amiens SC","02/10/2018 19:12:51","Ball Position",118,13
928621,"FC Girondins de Bordeaux","Amiens SC","02/10/2018 19:13:05","Restart",119,13
928621,"FC Girondins de Bordeaux","Amiens SC","02/10/2018 19:13:15","SAFE2",120,13
928621,"FC Girondins de Bordeaux","Amiens SC","02/10/2018 19:13:16","GK2",121,13
928621,"FC Girondins de Bordeaux","Amiens SC","02/10/2018 19:13:39","Restart",122,14
928621,"FC Girondins de Bordeaux","Amiens SC","02/10/2018 19:13:42","POSSIBLE_TI",123,14
928621,"FC Girondins de Bordeaux","Amiens SC","02/10/2018 19:13:45","TI2",124,14
928621,"FC Girondins de Bordeaux","Amiens SC","02/10/2018 19:13:53","Restart",125,14
928621,"FC Girondins de Bordeaux","Amiens SC","02/10/2018 19:13:54","SAFE2",126,14
928621,"FC Girondins de Bordeaux","Amiens SC","02/10/2018 19:14:06","POSSIBLE_TI",127,14
928621,"FC Girondins de Bordeaux","Amiens SC","02/10/2018 19:14:08","TI2",128,14
928621,"FC Girondins de Bordeaux","Amiens SC","02/10/2018 19:14:14","Restart",129,14
928621,"FC Girondins de Bordeaux","Amiens SC","02/10/2018 19:14:19","POSSIBLE_TI",130,14
928621,"FC Girondins de Bordeaux","Amiens SC","02/10/2018 19:14:21","TI2",131,14
928621,"FC Girondins de Bordeaux","Amiens SC","02/10/2018 19:14:22","Restart",132,14
928621,"FC Girondins de Bordeaux","Amiens SC","02/10/2018 19:14:24","AT2",133,14
928621,"FC Girondins de Bordeaux","Amiens SC","02/10/2018 19:14:29","SAFE1",134,14
928621,"FC Girondins de Bordeaux","Amiens SC","02/10/2018 19:14:31","AT1",135,14
928621,"FC Girondins de Bordeaux","Amiens SC","02/10/2018 19:14:31","DANGER1",136,14
928621,"FC Girondins de Bordeaux","Amiens SC","02/10/2018 19:14:31","DAT1",137,14
928621,"FC Girondins de Bordeaux","Amiens SC","02/10/2018 19:14:32","PCR1",138,14
928621,"FC Girondins de Bordeaux","Amiens SC","02/10/2018 19:14:50","CR1",139,15
928621,"FC Girondins de Bordeaux","Amiens SC","02/10/2018 19:14:53","Ball Position",140,15
928621,"FC Girondins de Bordeaux","Amiens SC","02/10/2018 19:15:00","Restart",141,15
928621,"FC Girondins de Bordeaux","Amiens SC","02/10/2018 19:15:06","PCR1",142,15
928621,"FC Girondins de Bordeaux","Amiens SC","02/10/2018 19:15:14","CR1",143,15
928621,"FC Girondins de Bordeaux","Amiens SC","02/10/2018 19:15:15","Ball Position",144,15
928621,"FC Girondins de Bordeaux","Amiens SC","02/10/2018 19:15:22","Restart",145,15
928621,"FC Girondins de Bordeaux","Amiens SC","02/10/2018 19:15:34","POSSIBLE_TI",146,16
928621,"FC Girondins de Bordeaux","Amiens SC","02/10/2018 19:15:42","TI1",147,16
928621,"FC Girondins de Bordeaux","Amiens SC","02/10/2018 19:15:55","Restart",148,16
928621,"FC Girondins de Bordeaux","Amiens SC","02/10/2018 19:16:04","POSSIBLE_TI",149,16
928621,"FC Girondins de Bordeaux","Amiens SC","02/10/2018 19:16:06","TI2",150,16
928621,"FC Girondins de Bordeaux","Amiens SC","02/10/2018 19:16:11","Restart",151,16
928621,"FC Girondins de Bordeaux","Amiens SC","02/10/2018 19:16:18","POSSIBLE_TI",152,16
928621,"FC Girondins de Bordeaux","Amiens SC","02/10/2018 19:16:19","TI2",153,16
928621,"FC Girondins de Bordeaux","Amiens SC","02/10/2018 19:16:31","Restart",154,16
928621,"FC Girondins de Bordeaux","Amiens SC","02/10/2018 19:16:33","SAFE2",155,16
928621,"FC Girondins de Bordeaux","Amiens SC","02/10/2018 19:16:45","SAFE1",156,17
928621,"FC Girondins de Bordeaux","Amiens SC","02/10/2018 19:16:48","AT1",157,17
928621,"FC Girondins de Bordeaux","Amiens SC","02/10/2018 19:17:06","SAFE2",158,17
928621,"FC Girondins de Bordeaux","Amiens SC","02/10/2018 19:17:07","AT2",159,17
928621,"FC Girondins de Bordeaux","Amiens SC","02/10/2018 19:17:08","DANGER2",160,17
928621,"FC Girondins de Bordeaux","Amiens SC","02/10/2018 19:17:08","DAT2",161,17
928621,"FC Girondins de Bordeaux","Amiens SC","02/10/2018 19:17:21","Possible Free Kick",162,17
928621,"FC Girondins de Bordeaux","Amiens SC","02/10/2018 19:17:23","SAFE1",164,17
928621,"FC Girondins de Bordeaux","Amiens SC","02/10/2018 19:17:23","F2",165,17
928621,"FC Girondins de Bordeaux","Amiens SC","02/10/2018 19:17:23","FK1",166,17
928621,"FC Girondins de Bordeaux","Amiens SC","02/10/2018 19:17:23","Ball Position",167,17
928621,"FC Girondins de Bordeaux","Amiens SC","02/10/2018 19:17:30","Restart",168,17
928621,"FC Girondins de Bordeaux","Amiens SC","02/10/2018 19:17:31","SAFE1",169,17
928621,"FC Girondins de Bordeaux","Amiens SC","02/10/2018 19:17:39","AT1",170,18
928621,"FC Girondins de Bordeaux","Amiens SC","02/10/2018 19:17:40","DANGER1",171,18
928621,"FC Girondins de Bordeaux","Amiens SC","02/10/2018 19:17:40","DAT1",172,18
928621,"FC Girondins de Bordeaux","Amiens SC","02/10/2018 19:18:26","SHB1",173,18
928621,"FC Girondins de Bordeaux","Amiens SC","02/10/2018 19:18:27","SAFE2",174,18
928621,"FC Girondins de Bordeaux","Amiens SC","02/10/2018 19:18:29","GK2",175,18
928621,"FC Girondins de Bordeaux","Amiens SC","02/10/2018 19:18:45","Restart",176,19
928621,"FC Girondins de Bordeaux","Amiens SC","02/10/2018 19:19:08","SAFE2",177,19
928621,"FC Girondins de Bordeaux","Amiens SC","02/10/2018 19:19:13","SAFE1",178,19
928621,"FC Girondins de Bordeaux","Amiens SC","02/10/2018 19:19:24","AT1",179,19
928621,"FC Girondins de Bordeaux","Amiens SC","02/10/2018 19:19:47","POSSIBLE_TI",180,20
928621,"FC Girondins de Bordeaux","Amiens SC","02/10/2018 19:19:49","TI1",181,20
928621,"FC Girondins de Bordeaux","Amiens SC","02/10/2018 19:19:50","Restart",182,20
928621,"FC Girondins de Bordeaux","Amiens SC","02/10/2018 19:19:53","SAFE1",183,20
928621,"FC Girondins de Bordeaux","Amiens SC","02/10/2018 19:19:58","AT1",184,20
928621,"FC Girondins de Bordeaux","Amiens SC","02/10/2018 19:20:34","DANGER1",185,21
928621,"FC Girondins de Bordeaux","Amiens SC","02/10/2018 19:20:34","DAT1",186,21
928621,"FC Girondins de Bordeaux","Amiens SC","02/10/2018 19:20:40","PCR1",187,21
928621,"FC Girondins de Bordeaux","Amiens SC","02/10/2018 19:20:52","NCR1",188,21
928621,"FC Girondins de Bordeaux","Amiens SC","02/10/2018 19:20:53","SAFE2",189,21
928621,"FC Girondins de Bordeaux","Amiens SC","02/10/2018 19:20:54","GK2",190,21
928621,"FC Girondins de Bordeaux","Amiens SC","02/10/2018 19:21:06","Restart",191,21
928621,"FC Girondins de Bordeaux","Amiens SC","02/10/2018 19:21:19","AT1",192,21
928621,"FC Girondins de Bordeaux","Amiens SC","02/10/2018 19:21:25","DANGER1",193,21
928621,"FC Girondins de Bordeaux","Amiens SC","02/10/2018 19:21:25","DAT1",194,21
928621,"FC Girondins de Bordeaux","Amiens SC","02/10/2018 19:21:30","PCR1",195,21
928621,"FC Girondins de Bordeaux","Amiens SC","02/10/2018 19:21:32","SHG1",196,21
928621,"FC Girondins de Bordeaux","Amiens SC","02/10/2018 19:21:41","CR1",197,22
928621,"FC Girondins de Bordeaux","Amiens SC","02/10/2018 19:21:42","Ball Position",198,22
928621,"FC Girondins de Bordeaux","Amiens SC","02/10/2018 19:21:49","Restart",199,22
928621,"FC Girondins de Bordeaux","Amiens SC","02/10/2018 19:21:55","PCR1",200,22
928621,"FC Girondins de Bordeaux","Amiens SC","02/10/2018 19:22:04","CR1",201,22
928621,"FC Girondins de Bordeaux","Amiens SC","02/10/2018 19:22:05","Ball Position",202,22
928621,"FC Girondins de Bordeaux","Amiens SC","02/10/2018 19:22:08","Restart",203,22
928621,"FC Girondins de Bordeaux","Amiens SC","02/10/2018 19:22:20","Possible Free Kick",204,22
928621,"FC Girondins de Bordeaux","Amiens SC","02/10/2018 19:22:22","SAFE2",206,22
928621,"FC Girondins de Bordeaux","Amiens SC","02/10/2018 19:22:23","F1",207,22
928621,"FC Girondins de Bordeaux","Amiens SC","02/10/2018 19:22:23","FK2",208,22
928621,"FC Girondins de Bordeaux","Amiens SC","02/10/2018 19:22:23","Ball Position",209,22
928621,"FC Girondins de Bordeaux","Amiens SC","02/10/2018 19:22:46","Restart",210,23
928621,"FC Girondins de Bordeaux","Amiens SC","02/10/2018 19:22:46","AT2",211,23
928621,"FC Girondins de Bordeaux","Amiens SC","02/10/2018 19:22:49","DANGER2",212,23
928621,"FC Girondins de Bordeaux","Amiens SC","02/10/2018 19:22:49","DAT2",213,23
928621,"FC Girondins de Bordeaux","Amiens SC","02/10/2018 19:22:53","POSSIBLE_CARDS",214,23
928621,"FC Girondins de Bordeaux","Amiens SC","02/10/2018 19:23:32","NO_Cards",215,23
928621,"FC Girondins de Bordeaux","Amiens SC","02/10/2018 19:23:34","Possible Free Kick",216,24
928621,"FC Girondins de Bordeaux","Amiens SC","02/10/2018 19:23:35","F1",218,24
928621,"FC Girondins de Bordeaux","Amiens SC","02/10/2018 19:23:35","FK2",219,24
928621,"FC Girondins de Bordeaux","Amiens SC","02/10/2018 19:23:35","DFK2",220,24
928621,"FC Girondins de Bordeaux","Amiens SC","02/10/2018 19:23:35","Ball Position",221,24
928621,"FC Girondins de Bordeaux","Amiens SC","02/10/2018 19:23:57","Restart",222,24
928621,"FC Girondins de Bordeaux","Amiens SC","02/10/2018 19:24:03","SAFE1",223,24
928621,"FC Girondins de Bordeaux","Amiens SC","02/10/2018 19:24:09","POSSIBLE_TI",224,24
928621,"FC Girondins de Bordeaux","Amiens SC","02/10/2018 19:24:10","TI2",225,24
928621,"FC Girondins de Bordeaux","Amiens SC","02/10/2018 19:24:20","Restart",226,24
928621,"FC Girondins de Bordeaux","Amiens SC","02/10/2018 19:24:22","AT1",227,24
928621,"FC Girondins de Bordeaux","Amiens SC","02/10/2018 19:24:28","DANGER1",228,24
928621,"FC Girondins de Bordeaux","Amiens SC","02/10/2018 19:24:28","DAT1",229,24
928621,"FC Girondins de Bordeaux","Amiens SC","02/10/2018 19:24:48","SAFE2",230,25
928621,"FC Girondins de Bordeaux","Amiens SC","02/10/2018 19:24:49","AT2",231,25
928621,"FC Girondins de Bordeaux","Amiens SC","02/10/2018 19:24:51","Possible Free Kick",232,25
928621,"FC Girondins de Bordeaux","Amiens SC","02/10/2018 19:24:52","F1",234,25
928621,"FC Girondins de Bordeaux","Amiens SC","02/10/2018 19:24:52","FK2",235,25
928621,"FC Girondins de Bordeaux","Amiens SC","02/10/2018 19:24:52","DANGER2",236,25
928621,"FC Girondins de Bordeaux","Amiens SC","02/10/2018 19:24:52","DFK2",237,25
928621,"FC Girondins de Bordeaux","Amiens SC","02/10/2018 19:24:52","Ball Position",238,25
928621,"FC Girondins de Bordeaux","Amiens SC","02/10/2018 19:25:10","Restart",239,25
928621,"FC Girondins de Bordeaux","Amiens SC","02/10/2018 19:25:31","SAFE1",240,25
928621,"FC Girondins de Bordeaux","Amiens SC","02/10/2018 19:25:37","AT1",241,26
928621,"FC Girondins de Bordeaux","Amiens SC","02/10/2018 19:25:49","DANGER1",242,26
928621,"FC Girondins de Bordeaux","Amiens SC","02/10/2018 19:25:49","DAT1",243,26
928621,"FC Girondins de Bordeaux","Amiens SC","02/10/2018 19:25:57","PCR1",244,26
928621,"FC Girondins de Bordeaux","Amiens SC","02/10/2018 19:26:04","NCR1",245,26
928621,"FC Girondins de Bordeaux","Amiens SC","02/10/2018 19:26:05","POSSIBLE_TI",246,26
928621,"FC Girondins de Bordeaux","Amiens SC","02/10/2018 19:26:08","TI1",247,26
928621,"FC Girondins de Bordeaux","Amiens SC","02/10/2018 19:26:09","Restart",248,26
928621,"FC Girondins de Bordeaux","Amiens SC","02/10/2018 19:26:26","Possible Free Kick",249,26
928621,"FC Girondins de Bordeaux","Amiens SC","02/10/2018 19:26:32","SAFE2",251,26
928621,"FC Girondins de Bordeaux","Amiens SC","02/10/2018 19:26:32","F1",252,26
928621,"FC Girondins de Bordeaux","Amiens SC","02/10/2018 19:26:32","FK2",253,26
928621,"FC Girondins de Bordeaux","Amiens SC","02/10/2018 19:26:32","Ball Position",254,26
928621,"FC Girondins de Bordeaux","Amiens SC","02/10/2018 19:26:34","Restart",255,26
928621,"FC Girondins de Bordeaux","Amiens SC","02/10/2018 19:26:42","AT2",256,27
928621,"FC Girondins de Bordeaux","Amiens SC","02/10/2018 19:26:42","POSSIBLE_TI",257,27
928621,"FC Girondins de Bordeaux","Amiens SC","02/10/2018 19:26:45","TI2",258,27
928621,"FC Girondins de Bordeaux","Amiens SC","02/10/2018 19:26:53","Restart",259,27
928621,"FC Girondins de Bordeaux","Amiens SC","02/10/2018 19:27:03","SAFE2",260,27
928621,"FC Girondins de Bordeaux","Amiens SC","02/10/2018 19:27:20","AT2",261,27
928621,"FC Girondins de Bordeaux","Amiens SC","02/10/2018 19:27:26","POSSIBLE_TI",262,27
928621,"FC Girondins de Bordeaux","Amiens SC","02/10/2018 19:27:27","TI1",263,27
928621,"FC Girondins de Bordeaux","Amiens SC","02/10/2018 19:27:39","Restart",264,28
928621,"FC Girondins de Bordeaux","Amiens SC","02/10/2018 19:28:01","SAFE2",265,28
928621,"FC Girondins de Bordeaux","Amiens SC","02/10/2018 19:28:03","AT1",266,28
928621,"FC Girondins de Bordeaux","Amiens SC","02/10/2018 19:28:06","DANGER1",267,28
928621,"FC Girondins de Bordeaux","Amiens SC","02/10/2018 19:28:06","DAT1",268,28
928621,"FC Girondins de Bordeaux","Amiens SC","02/10/2018 19:28:50","SAFE1",269,29
928621,"FC Girondins de Bordeaux","Amiens SC","02/10/2018 19:28:56","AT1",270,29
928621,"FC Girondins de Bordeaux","Amiens SC","02/10/2018 19:28:59","DANGER1",271,29
928621,"FC Girondins de Bordeaux","Amiens SC","02/10/2018 19:28:59","DAT1",272,29
928621,"FC Girondins de Bordeaux","Amiens SC","02/10/2018 19:29:10","SAFE2",273,29
928621,"FC Girondins de Bordeaux","Amiens SC","02/10/2018 19:29:15","AT2",274,29
928621,"FC Girondins de Bordeaux","Amiens SC","02/10/2018 19:29:20","DANGER2",275,29
928621,"FC Girondins de Bordeaux","Amiens SC","02/10/2018 19:29:20","DAT2",276,29
928621,"FC Girondins de Bordeaux","Amiens SC","02/10/2018 19:29:36","SHB2",277,30
928621,"FC Girondins de Bordeaux","Amiens SC","02/10/2018 19:29:37","SAFE1",278,30
928621,"FC Girondins de Bordeaux","Amiens SC","02/10/2018 19:29:38","GK1",279,30
928621,"FC Girondins de Bordeaux","Amiens SC","02/10/2018 19:30:01","Restart",280,30
928621,"FC Girondins de Bordeaux","Amiens SC","02/10/2018 19:30:03","Possible Free Kick",281,30
928621,"FC Girondins de Bordeaux","Amiens SC","02/10/2018 19:30:07","F2",283,30
928621,"FC Girondins de Bordeaux","Amiens SC","02/10/2018 19:30:07","FK1",284,30
928621,"FC Girondins de Bordeaux","Amiens SC","02/10/2018 19:30:07","DANGER1",285,30
928621,"FC Girondins de Bordeaux","Amiens SC","02/10/2018 19:30:07","DFK1",286,30
928621,"FC Girondins de Bordeaux","Amiens SC","02/10/2018 19:30:07","Ball Position",287,30
928621,"FC Girondins de Bordeaux","Amiens SC","02/10/2018 19:30:43","Restart",288,31
928621,"FC Girondins de Bordeaux","Amiens SC","02/10/2018 19:30:46","PCR1",289,31
928621,"FC Girondins de Bordeaux","Amiens SC","02/10/2018 19:31:04","CR1",290,31
928621,"FC Girondins de Bordeaux","Amiens SC","02/10/2018 19:31:08","Ball Position",291,31
928621,"FC Girondins de Bordeaux","Amiens SC","02/10/2018 19:31:11","Restart",292,31
928621,"FC Girondins de Bordeaux","Amiens SC","02/10/2018 19:31:16","GOAL1",293,31
928621,"FC Girondins de Bordeaux","Amiens SC","02/10/2018 19:31:37","Scorer",294,32
928621,"FC Girondins de Bordeaux","Amiens SC","02/10/2018 19:31:53","CONF_GOAL1",295,32
928621,"FC Girondins de Bordeaux","Amiens SC","02/10/2018 19:31:55","Scorer",296,32
928621,"FC Girondins de Bordeaux","Amiens SC","02/10/2018 19:31:55","Player_DATA_CONFIRMED",297,32
928621,"FC Girondins de Bordeaux","Amiens SC","02/10/2018 19:32:02","KO2",298,32
928621,"FC Girondins de Bordeaux","Amiens SC","02/10/2018 19:32:02","SAFE2",299,32
928621,"FC Girondins de Bordeaux","Amiens SC","02/10/2018 19:32:04","SAFE2",300,32
928621,"FC Girondins de Bordeaux","Amiens SC","02/10/2018 19:32:20","Assist",301,32
928621,"FC Girondins de Bordeaux","Amiens SC","02/10/2018 19:32:22","SAFE1",302,32
928621,"FC Girondins de Bordeaux","Amiens SC","02/10/2018 19:32:32","AT1",303,32
928621,"FC Girondins de Bordeaux","Amiens SC","02/10/2018 19:33:13","SAFE1",304,33
928621,"FC Girondins de Bordeaux","Amiens SC","02/10/2018 19:33:32","AT1",305,33
928621,"FC Girondins de Bordeaux","Amiens SC","02/10/2018 19:33:46","SAFE2",306,34
928621,"FC Girondins de Bordeaux","Amiens SC","02/10/2018 19:33:47","AT2",307,34
928621,"FC Girondins de Bordeaux","Amiens SC","02/10/2018 19:33:49","SAFE1",308,34
928621,"FC Girondins de Bordeaux","Amiens SC","02/10/2018 19:34:09","SAFE2",309,34
928621,"FC Girondins de Bordeaux","Amiens SC","02/10/2018 19:34:12","AT2",310,34
928621,"FC Girondins de Bordeaux","Amiens SC","02/10/2018 19:34:42","Possible Free Kick",311,35
928621,"FC Girondins de Bordeaux","Amiens SC","02/10/2018 19:34:46","SAFE1",313,35
928621,"FC Girondins de Bordeaux","Amiens SC","02/10/2018 19:34:46","F2",314,35
928621,"FC Girondins de Bordeaux","Amiens SC","02/10/2018 19:34:46","FK1",315,35
928621,"FC Girondins de Bordeaux","Amiens SC","02/10/2018 19:34:46","Ball Position",316,35
928621,"FC Girondins de Bordeaux","Amiens SC","02/10/2018 19:34:51","Restart",317,35
928621,"FC Girondins de Bordeaux","Amiens SC","02/10/2018 19:34:53","SAFE1",318,35
928621,"FC Girondins de Bordeaux","Amiens SC","02/10/2018 19:35:09","SAFE2",319,35
928621,"FC Girondins de Bordeaux","Amiens SC","02/10/2018 19:35:32","AT2",320,35
928621,"FC Girondins de Bordeaux","Amiens SC","02/10/2018 19:35:34","DANGER2",321,36
928621,"FC Girondins de Bordeaux","Amiens SC","02/10/2018 19:35:34","DAT2",322,36
928621,"FC Girondins de Bordeaux","Amiens SC","02/10/2018 19:35:43","SAFE1",323,36
928621,"FC Girondins de Bordeaux","Amiens SC","02/10/2018 19:36:09","AT1",324,36
928621,"FC Girondins de Bordeaux","Amiens SC","02/10/2018 19:36:16","DANGER1",325,36
928621,"FC Girondins de Bordeaux","Amiens SC","02/10/2018 19:36:16","DAT1",326,36
928621,"FC Girondins de Bordeaux","Amiens SC","02/10/2018 19:36:21","Possible Free Kick",327,36
928621,"FC Girondins de Bordeaux","Amiens SC","02/10/2018 19:36:27","F2",329,36
928621,"FC Girondins de Bordeaux","Amiens SC","02/10/2018 19:36:27","FK1",330,36
928621,"FC Girondins de Bordeaux","Amiens SC","02/10/2018 19:36:27","DFK1",331,36
928621,"FC Girondins de Bordeaux","Amiens SC","02/10/2018 19:36:27","Ball Position",332,36
928621,"FC Girondins de Bordeaux","Amiens SC","02/10/2018 19:37:15","Restart",333,37
928621,"FC Girondins de Bordeaux","Amiens SC","02/10/2018 19:37:27","BLOCKED1",334,37
928621,"FC Girondins de Bordeaux","Amiens SC","02/10/2018 19:37:36","POSSIBLE_TI",335,38
928621,"FC Girondins de Bordeaux","Amiens SC","02/10/2018 19:37:48","TI2",336,38
928621,"FC Girondins de Bordeaux","Amiens SC","02/10/2018 19:37:51","Restart",337,38
928621,"FC Girondins de Bordeaux","Amiens SC","02/10/2018 19:37:58","SAFE2",338,38
928621,"FC Girondins de Bordeaux","Amiens SC","02/10/2018 19:38:00","AT2",339,38
928621,"FC Girondins de Bordeaux","Amiens SC","02/10/2018 19:38:05","POSSIBLE_TI",340,38
928621,"FC Girondins de Bordeaux","Amiens SC","02/10/2018 19:38:08","TI2",341,38
928621,"FC Girondins de Bordeaux","Amiens SC","02/10/2018 19:38:12","Restart",342,38
928621,"FC Girondins de Bordeaux","Amiens SC","02/10/2018 19:38:22","SAFE1",343,38
928621,"FC Girondins de Bordeaux","Amiens SC","02/10/2018 19:38:42","AT1",344,39
928621,"FC Girondins de Bordeaux","Amiens SC","02/10/2018 19:38:53","SAFE1",345,39
928621,"FC Girondins de Bordeaux","Amiens SC","02/10/2018 19:39:09","AT1",346,39
928621,"FC Girondins de Bordeaux","Amiens SC","02/10/2018 19:39:17","DANGER1",347,39
928621,"FC Girondins de Bordeaux","Amiens SC","02/10/2018 19:39:17","DAT1",348,39
928621,"FC Girondins de Bordeaux","Amiens SC","02/10/2018 19:39:25","GOAL1",349,39
928621,"FC Girondins de Bordeaux","Amiens SC","02/10/2018 19:39:43","Scorer",350,40
928621,"FC Girondins de Bordeaux","Amiens SC","02/10/2018 19:40:04","CONF_GOAL1",351,40
928621,"FC Girondins de Bordeaux","Amiens SC","02/10/2018 19:40:10","Scorer",352,40
928621,"FC Girondins de Bordeaux","Amiens SC","02/10/2018 19:40:10","Player_DATA_CONFIRMED",353,40
928621,"FC Girondins de Bordeaux","Amiens SC","02/10/2018 19:40:20","KO2",354,40
928621,"FC Girondins de Bordeaux","Amiens SC","02/10/2018 19:40:20","SAFE2",355,40
928621,"FC Girondins de Bordeaux","Amiens SC","02/10/2018 19:40:26","SAFE2",356,40
928621,"FC Girondins de Bordeaux","Amiens SC","02/10/2018 19:40:42","AT2",357,41
928621,"FC Girondins de Bordeaux","Amiens SC","02/10/2018 19:40:45","DANGER2",358,41
928621,"FC Girondins de Bordeaux","Amiens SC","02/10/2018 19:40:45","DAT2",359,41
928621,"FC Girondins de Bordeaux","Amiens SC","02/10/2018 19:40:47","PCR2",360,41
928621,"FC Girondins de Bordeaux","Amiens SC","02/10/2018 19:41:01","CR2",361,41
928621,"FC Girondins de Bordeaux","Amiens SC","02/10/2018 19:41:06","Ball Position",362,41
928621,"FC Girondins de Bordeaux","Amiens SC","02/10/2018 19:41:17","Restart",363,41
928621,"FC Girondins de Bordeaux","Amiens SC","02/10/2018 19:41:19","PCR2",364,41
928621,"FC Girondins de Bordeaux","Amiens SC","02/10/2018 19:41:20","Assist",365,41
928621,"FC Girondins de Bordeaux","Amiens SC","02/10/2018 19:41:27","SHB2",366,41
928621,"FC Girondins de Bordeaux","Amiens SC","02/10/2018 19:41:30","NCR2",367,41
928621,"FC Girondins de Bordeaux","Amiens SC","02/10/2018 19:41:33","SAFE1",368,41
928621,"FC Girondins de Bordeaux","Amiens SC","02/10/2018 19:41:34","GK1",369,42
928621,"FC Girondins de Bordeaux","Amiens SC","02/10/2018 19:41:44","Restart",370,42
928621,"FC Girondins de Bordeaux","Amiens SC","02/10/2018 19:41:55","POSSIBLE_TI",371,42
928621,"FC Girondins de Bordeaux","Amiens SC","02/10/2018 19:41:58","TI2",372,42
928621,"FC Girondins de Bordeaux","Amiens SC","02/10/2018 19:42:00","Restart",373,42
928621,"FC Girondins de Bordeaux","Amiens SC","02/10/2018 19:42:08","AT2",374,42
928621,"FC Girondins de Bordeaux","Amiens SC","02/10/2018 19:42:27","SAFE2",375,42
928621,"FC Girondins de Bordeaux","Amiens SC","02/10/2018 19:42:37","AT2",376,43
928621,"FC Girondins de Bordeaux","Amiens SC","02/10/2018 19:42:38","POSSIBLE_TI",377,43
928621,"FC Girondins de Bordeaux","Amiens SC","02/10/2018 19:42:39","TI2",378,43
928621,"FC Girondins de Bordeaux","Amiens SC","02/10/2018 19:42:44","Restart",379,43
928621,"FC Girondins de Bordeaux","Amiens SC","02/10/2018 19:42:48","DANGER2",380,43
928621,"FC Girondins de Bordeaux","Amiens SC","02/10/2018 19:42:48","DAT2",381,43
928621,"FC Girondins de Bordeaux","Amiens SC","02/10/2018 19:42:59","SHB2",382,43
928621,"FC Girondins de Bordeaux","Amiens SC","02/10/2018 19:43:00","SAFE1",383,43
928621,"FC Girondins de Bordeaux","Amiens SC","02/10/2018 19:43:01","GK1",384,43
928621,"FC Girondins de Bordeaux","Amiens SC","02/10/2018 19:43:17","Restart",385,43
928621,"FC Girondins de Bordeaux","Amiens SC","02/10/2018 19:43:28","AT2",386,43
928621,"FC Girondins de Bordeaux","Amiens SC","02/10/2018 19:43:34","DANGER2",387,44
928621,"FC Girondins de Bordeaux","Amiens SC","02/10/2018 19:43:34","DAT2",388,44
928621,"FC Girondins de Bordeaux","Amiens SC","02/10/2018 19:44:00","SAFE2",389,44
928621,"FC Girondins de Bordeaux","Amiens SC","02/10/2018 19:44:06","AT1",390,44
928621,"FC Girondins de Bordeaux","Amiens SC","02/10/2018 19:44:16","SAFE2",391,44
928621,"FC Girondins de Bordeaux","Amiens SC","02/10/2018 19:44:24","Possible Free Kick",392,44
928621,"FC Girondins de Bordeaux","Amiens SC","02/10/2018 19:44:26","F1",394,44
928621,"FC Girondins de Bordeaux","Amiens SC","02/10/2018 19:44:26","FK2",395,44
928621,"FC Girondins de Bordeaux","Amiens SC","02/10/2018 19:44:26","DANGER2",396,44
928621,"FC Girondins de Bordeaux","Amiens SC","02/10/2018 19:44:26","DFK2",397,44
928621,"FC Girondins de Bordeaux","Amiens SC","02/10/2018 19:44:26","Ball Position",398,44
928621,"FC Girondins de Bordeaux","Amiens SC","02/10/2018 19:44:28","Restart",399,44
928621,"FC Girondins de Bordeaux","Amiens SC","02/10/2018 19:44:43","SHB2",400,45
928621,"FC Girondins de Bordeaux","Amiens SC","02/10/2018 19:44:47","SAFE1",401,45
928621,"FC Girondins de Bordeaux","Amiens SC","02/10/2018 19:44:48","GK1",402,45
928621,"FC Girondins de Bordeaux","Amiens SC","02/10/2018 19:45:07","Restart",403,45
928621,"FC Girondins de Bordeaux","Amiens SC","02/10/2018 19:45:22","SAFE2",404,45
928621,"FC Girondins de Bordeaux","Amiens SC","02/10/2018 19:45:29","AT2",405,45
928621,"FC Girondins de Bordeaux","Amiens SC","02/10/2018 19:45:40","Stop RT1",406,45
928621,"FC Girondins de Bordeaux","Amiens SC","02/10/2018 19:45:57","CONF_PERIOD_SCORE",407,45
928621,"FC Girondins de Bordeaux","Amiens SC","02/10/2018 19:59:58","Players are coming out",408,45
928621,"FC Girondins de Bordeaux","Amiens SC","02/10/2018 20:00:55","Game about to start",409,45
928621,"FC Girondins de Bordeaux","Amiens SC","02/10/2018 20:01:24","Start RT2 Team 1",410,46
928621,"FC Girondins de Bordeaux","Amiens SC","02/10/2018 20:01:29","SAFE1",411,46
928621,"FC Girondins de Bordeaux","Amiens SC","02/10/2018 20:01:49","AT1",412,46
928621,"FC Girondins de Bordeaux","Amiens SC","02/10/2018 20:01:51","POSSIBLE_TI",413,46
928621,"FC Girondins de Bordeaux","Amiens SC","02/10/2018 20:01:53","TI2",414,46
928621,"FC Girondins de Bordeaux","Amiens SC","02/10/2018 20:02:00","Restart",415,46
928621,"FC Girondins de Bordeaux","Amiens SC","02/10/2018 20:02:03","SAFE1",416,46
928621,"FC Girondins de Bordeaux","Amiens SC","02/10/2018 20:02:18","AT1",417,46
928621,"FC Girondins de Bordeaux","Amiens SC","02/10/2018 20:02:20","DANGER1",418,46
928621,"FC Girondins de Bordeaux","Amiens SC","02/10/2018 20:02:20","DAT1",419,46
928621,"FC Girondins de Bordeaux","Amiens SC","02/10/2018 20:02:32","POSSIBLE_TI",420,47
928621,"FC Girondins de Bordeaux","Amiens SC","02/10/2018 20:02:33","TI1",421,47
928621,"FC Girondins de Bordeaux","Amiens SC","02/10/2018 20:02:40","Restart",422,47
928621,"FC Girondins de Bordeaux","Amiens SC","02/10/2018 20:02:46","SAFE2",423,47
928621,"FC Girondins de Bordeaux","Amiens SC","02/10/2018 20:02:50","AT2",424,47
928621,"FC Girondins de Bordeaux","Amiens SC","02/10/2018 20:02:51","DANGER2",425,47
928621,"FC Girondins de Bordeaux","Amiens SC","02/10/2018 20:02:51","DAT2",426,47
928621,"FC Girondins de Bordeaux","Amiens SC","02/10/2018 20:03:07","SAFE1",427,47
928621,"FC Girondins de Bordeaux","Amiens SC","02/10/2018 20:03:13","POSSIBLE_TI",428,47
928621,"FC Girondins de Bordeaux","Amiens SC","02/10/2018 20:03:20","TI1",429,47
928621,"FC Girondins de Bordeaux","Amiens SC","02/10/2018 20:03:31","Restart",430,48
928621,"FC Girondins de Bordeaux","Amiens SC","02/10/2018 20:03:37","AT1",431,48
928621,"FC Girondins de Bordeaux","Amiens SC","02/10/2018 20:03:52","SAFE1",432,48
928621,"FC Girondins de Bordeaux","Amiens SC","02/10/2018 20:04:01","AT1",433,48
928621,"FC Girondins de Bordeaux","Amiens SC","02/10/2018 20:04:04","Possible Free Kick",434,48
928621,"FC Girondins de Bordeaux","Amiens SC","02/10/2018 20:04:06","SAFE2",436,48
928621,"FC Girondins de Bordeaux","Amiens SC","02/10/2018 20:04:06","F1",437,48
928621,"FC Girondins de Bordeaux","Amiens SC","02/10/2018 20:04:06","FK2",438,48
928621,"FC Girondins de Bordeaux","Amiens SC","02/10/2018 20:04:06","Ball Position",439,48
928621,"FC Girondins de Bordeaux","Amiens SC","02/10/2018 20:04:08","Restart",440,48
928621,"FC Girondins de Bordeaux","Amiens SC","02/10/2018 20:04:12","SAFE2",441,48
928621,"FC Girondins de Bordeaux","Amiens SC","02/10/2018 20:04:24","SAFE1",442,48
928621,"FC Girondins de Bordeaux","Amiens SC","02/10/2018 20:04:40","Possible Free Kick",443,49
928621,"FC Girondins de Bordeaux","Amiens SC","02/10/2018 20:04:41","F2",445,49
928621,"FC Girondins de Bordeaux","Amiens SC","02/10/2018 20:04:41","FK1",446,49
928621,"FC Girondins de Bordeaux","Amiens SC","02/10/2018 20:04:41","DANGER1",447,49
928621,"FC Girondins de Bordeaux","Amiens SC","02/10/2018 20:04:41","DFK1",448,49
928621,"FC Girondins de Bordeaux","Amiens SC","02/10/2018 20:04:41","Ball Position",449,49
928621,"FC Girondins de Bordeaux","Amiens SC","02/10/2018 20:04:47","Restart",450,49
928621,"FC Girondins de Bordeaux","Amiens SC","02/10/2018 20:05:03","SAFE2",451,49
928621,"FC Girondins de Bordeaux","Amiens SC","02/10/2018 20:05:04","AT2",452,49
928621,"FC Girondins de Bordeaux","Amiens SC","02/10/2018 20:05:10","SAFE1",453,49
928621,"FC Girondins de Bordeaux","Amiens SC","02/10/2018 20:05:37","AT1",454,50
928621,"FC Girondins de Bordeaux","Amiens SC","02/10/2018 20:05:58","DANGER1",455,50
928621,"FC Girondins de Bordeaux","Amiens SC","02/10/2018 20:05:58","DAT1",456,50
928621,"FC Girondins de Bordeaux","Amiens SC","02/10/2018 20:06:06","Possible Free Kick",457,50
928621,"FC Girondins de Bordeaux","Amiens SC","02/10/2018 20:06:08","F2",459,50
928621,"FC Girondins de Bordeaux","Amiens SC","02/10/2018 20:06:08","FK1",460,50
928621,"FC Girondins de Bordeaux","Amiens SC","02/10/2018 20:06:08","DFK1",461,50
928621,"FC Girondins de Bordeaux","Amiens SC","02/10/2018 20:06:08","Ball Position",462,50
928621,"FC Girondins de Bordeaux","Amiens SC","02/10/2018 20:06:09","POSSIBLE_CARDS",463,50
928621,"FC Girondins de Bordeaux","Amiens SC","02/10/2018 20:06:20","YC2",464,50
928621,"FC Girondins de Bordeaux","Amiens SC","02/10/2018 20:06:25","CONF_YC2",465,51
928621,"FC Girondins de Bordeaux","Amiens SC","02/10/2018 20:06:28","Scorer",466,51
928621,"FC Girondins de Bordeaux","Amiens SC","02/10/2018 20:06:41","Scorer",467,51
928621,"FC Girondins de Bordeaux","Amiens SC","02/10/2018 20:06:41","Player_DATA_CONFIRMED",468,51
928621,"FC Girondins de Bordeaux","Amiens SC","02/10/2018 20:06:57","Restart",469,51
928621,"FC Girondins de Bordeaux","Amiens SC","02/10/2018 20:07:10","POSSIBLE_TI",470,51
928621,"FC Girondins de Bordeaux","Amiens SC","02/10/2018 20:07:16","TI1",471,51
928621,"FC Girondins de Bordeaux","Amiens SC","02/10/2018 20:07:28","Restart",472,52
928621,"FC Girondins de Bordeaux","Amiens SC","02/10/2018 20:07:35","POSSIBLE_TI",473,52
928621,"FC Girondins de Bordeaux","Amiens SC","02/10/2018 20:07:47","TI1",474,52
928621,"FC Girondins de Bordeaux","Amiens SC","02/10/2018 20:07:52","Restart",475,52
928621,"FC Girondins de Bordeaux","Amiens SC","02/10/2018 20:07:59","POSSIBLE_TI",476,52
928621,"FC Girondins de Bordeaux","Amiens SC","02/10/2018 20:08:03","TI2",477,52
928621,"FC Girondins de Bordeaux","Amiens SC","02/10/2018 20:08:30","SUB2",478,53
928621,"FC Girondins de Bordeaux","Amiens SC","02/10/2018 20:08:35","Restart",479,53
928621,"FC Girondins de Bordeaux","Amiens SC","02/10/2018 20:08:41","POSSIBLE_TI",480,53
928621,"FC Girondins de Bordeaux","Amiens SC","02/10/2018 20:08:42","TI2",481,53
928621,"FC Girondins de Bordeaux","Amiens SC","02/10/2018 20:08:51","Player_DATA_CONFIRMED",482,53
928621,"FC Girondins de Bordeaux","Amiens SC","02/10/2018 20:08:51","Restart",483,53
928621,"FC Girondins de Bordeaux","Amiens SC","02/10/2018 20:08:57","Possible Free Kick",484,53
928621,"FC Girondins de Bordeaux","Amiens SC","02/10/2018 20:09:05","SAFE1",486,53
928621,"FC Girondins de Bordeaux","Amiens SC","02/10/2018 20:09:05","F2",487,53
928621,"FC Girondins de Bordeaux","Amiens SC","02/10/2018 20:09:05","FK1",488,53
928621,"FC Girondins de Bordeaux","Amiens SC","02/10/2018 20:09:05","Ball Position",489,53
928621,"FC Girondins de Bordeaux","Amiens SC","02/10/2018 20:09:16","Restart",490,53
928621,"FC Girondins de Bordeaux","Amiens SC","02/10/2018 20:09:18","AT1",491,53
928621,"FC Girondins de Bordeaux","Amiens SC","02/10/2018 20:09:28","DANGER1",492,54
928621,"FC Girondins de Bordeaux","Amiens SC","02/10/2018 20:09:28","DAT1",493,54
928621,"FC Girondins de Bordeaux","Amiens SC","02/10/2018 20:09:36","SAFE2",494,54
928621,"FC Girondins de Bordeaux","Amiens SC","02/10/2018 20:09:38","AT2",495,54
928621,"FC Girondins de Bordeaux","Amiens SC","02/10/2018 20:09:38","DANGER2",496,54
928621,"FC Girondins de Bordeaux","Amiens SC","02/10/2018 20:09:38","DAT2",497,54
928621,"FC Girondins de Bordeaux","Amiens SC","02/10/2018 20:09:45","POSSIBLE_TI",498,54
928621,"FC Girondins de Bordeaux","Amiens SC","02/10/2018 20:09:53","TI2",499,54
928621,"FC Girondins de Bordeaux","Amiens SC","02/10/2018 20:09:58","Injury Break",500,54
928621,"FC Girondins de Bordeaux","Amiens SC","02/10/2018 20:13:49","Restart",501,58
928621,"FC Girondins de Bordeaux","Amiens SC","02/10/2018 20:13:54","PCR2",502,58
928621,"FC Girondins de Bordeaux","Amiens SC","02/10/2018 20:14:05","CR2",503,58
928621,"FC Girondins de Bordeaux","Amiens SC","02/10/2018 20:14:07","Ball Position",504,58
928621,"FC Girondins de Bordeaux","Amiens SC","02/10/2018 20:14:16","Restart",505,58
928621,"FC Girondins de Bordeaux","Amiens SC","02/10/2018 20:14:23","POSSIBLE_TI",506,58
928621,"FC Girondins de Bordeaux","Amiens SC","02/10/2018 20:14:32","TI2",507,59
928621,"FC Girondins de Bordeaux","Amiens SC","02/10/2018 20:14:34","Restart",508,59
928621,"FC Girondins de Bordeaux","Amiens SC","02/10/2018 20:14:42","POSSIBLE_TI",509,59
928621,"FC Girondins de Bordeaux","Amiens SC","02/10/2018 20:14:43","TI2",510,59
928621,"FC Girondins de Bordeaux","Amiens SC","02/10/2018 20:14:51","Restart",511,59
928621,"FC Girondins de Bordeaux","Amiens SC","02/10/2018 20:15:08","SHG2",512,59
928621,"FC Girondins de Bordeaux","Amiens SC","02/10/2018 20:15:10","SAFE1",513,59
928621,"FC Girondins de Bordeaux","Amiens SC","02/10/2018 20:15:12","AT1",514,59
928621,"FC Girondins de Bordeaux","Amiens SC","02/10/2018 20:15:23","Possible Free Kick",515,59
928621,"FC Girondins de Bordeaux","Amiens SC","02/10/2018 20:15:24","SAFE2",517,60
928621,"FC Girondins de Bordeaux","Amiens SC","02/10/2018 20:15:24","F1",518,60
928621,"FC Girondins de Bordeaux","Amiens SC","02/10/2018 20:15:24","FK2",519,60
928621,"FC Girondins de Bordeaux","Amiens SC","02/10/2018 20:15:24","Ball Position",520,60
928621,"FC Girondins de Bordeaux","Amiens SC","02/10/2018 20:15:26","Restart",521,60
928621,"FC Girondins de Bordeaux","Amiens SC","02/10/2018 20:15:27","SAFE2",522,60
928621,"FC Girondins de Bordeaux","Amiens SC","02/10/2018 20:15:35","AT2",523,60
928621,"FC Girondins de Bordeaux","Amiens SC","02/10/2018 20:15:46","DANGER2",524,60
928621,"FC Girondins de Bordeaux","Amiens SC","02/10/2018 20:15:46","DAT2",525,60
928621,"FC Girondins de Bordeaux","Amiens SC","02/10/2018 20:15:59","PCR2",526,60
928621,"FC Girondins de Bordeaux","Amiens SC","02/10/2018 20:16:05","SHB2",527,60
928621,"FC Girondins de Bordeaux","Amiens SC","02/10/2018 20:16:26","CR2",528,61
928621,"FC Girondins de Bordeaux","Amiens SC","02/10/2018 20:16:30","Ball Position",529,61
928621,"FC Girondins de Bordeaux","Amiens SC","02/10/2018 20:16:35","Restart",530,61
928621,"FC Girondins de Bordeaux","Amiens SC","02/10/2018 20:16:44","SHB2",531,61
928621,"FC Girondins de Bordeaux","Amiens SC","02/10/2018 20:16:45","SAFE1",532,61
928621,"FC Girondins de Bordeaux","Amiens SC","02/10/2018 20:16:46","GK1",533,61
928621,"FC Girondins de Bordeaux","Amiens SC","02/10/2018 20:17:08","Restart",534,61
928621,"FC Girondins de Bordeaux","Amiens SC","02/10/2018 20:17:18","AT2",535,61
928621,"FC Girondins de Bordeaux","Amiens SC","02/10/2018 20:17:33","SAFE1",536,62
928621,"FC Girondins de Bordeaux","Amiens SC","02/10/2018 20:17:34","AT1",537,62
928621,"FC Girondins de Bordeaux","Amiens SC","02/10/2018 20:17:40","DANGER1",538,62
928621,"FC Girondins de Bordeaux","Amiens SC","02/10/2018 20:17:40","DAT1",539,62
928621,"FC Girondins de Bordeaux","Amiens SC","02/10/2018 20:17:51","SAFE2",540,62
928621,"FC Girondins de Bordeaux","Amiens SC","02/10/2018 20:18:36","AT2",541,63
928621,"FC Girondins de Bordeaux","Amiens SC","02/10/2018 20:19:03","DANGER2",542,63
928621,"FC Girondins de Bordeaux","Amiens SC","02/10/2018 20:19:03","DAT2",543,63
928621,"FC Girondins de Bordeaux","Amiens SC","02/10/2018 20:19:17","SAFE1",544,63
928621,"FC Girondins de Bordeaux","Amiens SC","02/10/2018 20:19:42","POSSIBLE_TI",545,64
928621,"FC Girondins de Bordeaux","Amiens SC","02/10/2018 20:19:45","TI2",546,64
928621,"FC Girondins de Bordeaux","Amiens SC","02/10/2018 20:19:46","Restart",547,64
928621,"FC Girondins de Bordeaux","Amiens SC","02/10/2018 20:19:47","SAFE2",548,64
928621,"FC Girondins de Bordeaux","Amiens SC","02/10/2018 20:19:56","AT2",549,64
928621,"FC Girondins de Bordeaux","Amiens SC","02/10/2018 20:20:03","POSSIBLE_TI",550,64
928621,"FC Girondins de Bordeaux","Amiens SC","02/10/2018 20:20:04","TI2",551,64
928621,"FC Girondins de Bordeaux","Amiens SC","02/10/2018 20:20:06","Restart",552,64
928621,"FC Girondins de Bordeaux","Amiens SC","02/10/2018 20:20:16","DANGER2",553,64
928621,"FC Girondins de Bordeaux","Amiens SC","02/10/2018 20:20:16","DAT2",554,64
928621,"FC Girondins de Bordeaux","Amiens SC","02/10/2018 20:20:39","Possible Free Kick",555,65
928621,"FC Girondins de Bordeaux","Amiens SC","02/10/2018 20:20:49","SAFE2",557,65
928621,"FC Girondins de Bordeaux","Amiens SC","02/10/2018 20:20:49","F1",558,65
928621,"FC Girondins de Bordeaux","Amiens SC","02/10/2018 20:20:49","FK2",559,65
928621,"FC Girondins de Bordeaux","Amiens SC","02/10/2018 20:20:50","Ball Position",560,65
928621,"FC Girondins de Bordeaux","Amiens SC","02/10/2018 20:20:51","Restart",561,65
928621,"FC Girondins de Bordeaux","Amiens SC","02/10/2018 20:20:56","AT2",562,65
928621,"FC Girondins de Bordeaux","Amiens SC","02/10/2018 20:21:16","POSSIBLE_TI",563,65
928621,"FC Girondins de Bordeaux","Amiens SC","02/10/2018 20:21:18","TI2",564,65
928621,"FC Girondins de Bordeaux","Amiens SC","02/10/2018 20:21:24","Restart",565,65
928621,"FC Girondins de Bordeaux","Amiens SC","02/10/2018 20:21:27","SAFE2",566,66
928621,"FC Girondins de Bordeaux","Amiens SC","02/10/2018 20:21:31","AT2",567,66
928621,"FC Girondins de Bordeaux","Amiens SC","02/10/2018 20:21:36","DANGER2",568,66
928621,"FC Girondins de Bordeaux","Amiens SC","02/10/2018 20:21:36","DAT2",569,66
928621,"FC Girondins de Bordeaux","Amiens SC","02/10/2018 20:21:39","PCR2",570,66
928621,"FC Girondins de Bordeaux","Amiens SC","02/10/2018 20:21:54","CR2",571,66
928621,"FC Girondins de Bordeaux","Amiens SC","02/10/2018 20:21:55","Ball Position",572,66
928621,"FC Girondins de Bordeaux","Amiens SC","02/10/2018 20:21:56","Restart",573,66
928621,"FC Girondins de Bordeaux","Amiens SC","02/10/2018 20:21:59","PCR2",574,66
928621,"FC Girondins de Bordeaux","Amiens SC","02/10/2018 20:22:05","CR2",575,66
928621,"FC Girondins de Bordeaux","Amiens SC","02/10/2018 20:22:07","Ball Position",576,66
928621,"FC Girondins de Bordeaux","Amiens SC","02/10/2018 20:22:17","Restart",577,66
928621,"FC Girondins de Bordeaux","Amiens SC","02/10/2018 20:22:24","SAFE2",578,66
928621,"FC Girondins de Bordeaux","Amiens SC","02/10/2018 20:22:45","AT2",579,67
928621,"FC Girondins de Bordeaux","Amiens SC","02/10/2018 20:22:47","DANGER2",580,67
928621,"FC Girondins de Bordeaux","Amiens SC","02/10/2018 20:22:47","DAT2",581,67
928621,"FC Girondins de Bordeaux","Amiens SC","02/10/2018 20:22:54","SAFE1",582,67
928621,"FC Girondins de Bordeaux","Amiens SC","02/10/2018 20:22:56","AT1",583,67
928621,"FC Girondins de Bordeaux","Amiens SC","02/10/2018 20:23:00","DANGER1",584,67
928621,"FC Girondins de Bordeaux","Amiens SC","02/10/2018 20:23:00","DAT1",585,67
928621,"FC Girondins de Bordeaux","Amiens SC","02/10/2018 20:23:13","SAFE2",586,67
928621,"FC Girondins de Bordeaux","Amiens SC","02/10/2018 20:23:24","AT1",587,68
928621,"FC Girondins de Bordeaux","Amiens SC","02/10/2018 20:23:42","Possible Free Kick",588,68
928621,"FC Girondins de Bordeaux","Amiens SC","02/10/2018 20:23:44","F2",590,68
928621,"FC Girondins de Bordeaux","Amiens SC","02/10/2018 20:23:44","FK1",591,68
928621,"FC Girondins de Bordeaux","Amiens SC","02/10/2018 20:23:44","DANGER1",592,68
928621,"FC Girondins de Bordeaux","Amiens SC","02/10/2018 20:23:44","DFK1",593,68
928621,"FC Girondins de Bordeaux","Amiens SC","02/10/2018 20:23:44","Ball Position",594,68
928621,"FC Girondins de Bordeaux","Amiens SC","02/10/2018 20:23:45","Restart",595,68
928621,"FC Girondins de Bordeaux","Amiens SC","02/10/2018 20:23:51","SHB1",596,68
928621,"FC Girondins de Bordeaux","Amiens SC","02/10/2018 20:23:52","SAFE2",597,68
928621,"FC Girondins de Bordeaux","Amiens SC","02/10/2018 20:23:53","GK2",598,68
928621,"FC Girondins de Bordeaux","Amiens SC","02/10/2018 20:24:08","Restart",599,68
928621,"FC Girondins de Bordeaux","Amiens SC","02/10/2018 20:24:14","AT1",600,68
928621,"FC Girondins de Bordeaux","Amiens SC","02/10/2018 20:24:19","DANGER1",601,68
928621,"FC Girondins de Bordeaux","Amiens SC","02/10/2018 20:24:19","DAT1",602,68
928621,"FC Girondins de Bordeaux","Amiens SC","02/10/2018 20:24:25","BLOCKED1",603,69
928621,"FC Girondins de Bordeaux","Amiens SC","02/10/2018 20:24:46","POSSIBLE_TI",604,69
928621,"FC Girondins de Bordeaux","Amiens SC","02/10/2018 20:24:52","TI1",605,69
928621,"FC Girondins de Bordeaux","Amiens SC","02/10/2018 20:25:03","Restart",606,69
928621,"FC Girondins de Bordeaux","Amiens SC","02/10/2018 20:25:09","Possible Free Kick",607,69
928621,"FC Girondins de Bordeaux","Amiens SC","02/10/2018 20:25:12","F2",609,69
928621,"FC Girondins de Bordeaux","Amiens SC","02/10/2018 20:25:12","FK1",610,69
928621,"FC Girondins de Bordeaux","Amiens SC","02/10/2018 20:25:12","DFK1",611,69
928621,"FC Girondins de Bordeaux","Amiens SC","02/10/2018 20:25:12","Ball Position",612,69
928621,"FC Girondins de Bordeaux","Amiens SC","02/10/2018 20:26:12","SUB1",613,70
928621,"FC Girondins de Bordeaux","Amiens SC","02/10/2018 20:26:33","SUB1",614,71
928621,"FC Girondins de Bordeaux","Amiens SC","02/10/2018 20:26:47","Restart",615,71
928621,"FC Girondins de Bordeaux","Amiens SC","02/10/2018 20:26:56","SHG1",616,71
928621,"FC Girondins de Bordeaux","Amiens SC","02/10/2018 20:26:58","SAFE2",617,71
928621,"FC Girondins de Bordeaux","Amiens SC","02/10/2018 20:27:15","SAFE1",618,71
928621,"FC Girondins de Bordeaux","Amiens SC","02/10/2018 20:27:26","SAFE2",619,72
928621,"FC Girondins de Bordeaux","Amiens SC","02/10/2018 20:27:35","AT2",620,72
928621,"FC Girondins de Bordeaux","Amiens SC","02/10/2018 20:27:37","Player_DATA_CONFIRMED",621,72
928621,"FC Girondins de Bordeaux","Amiens SC","02/10/2018 20:27:37","Player_DATA_CONFIRMED",622,72
928621,"FC Girondins de Bordeaux","Amiens SC","02/10/2018 20:27:42","DANGER2",623,72
928621,"FC Girondins de Bordeaux","Amiens SC","02/10/2018 20:27:42","DAT2",624,72
928621,"FC Girondins de Bordeaux","Amiens SC","02/10/2018 20:27:49","SHB2",625,72
928621,"FC Girondins de Bordeaux","Amiens SC","02/10/2018 20:27:50","SAFE1",626,72
928621,"FC Girondins de Bordeaux","Amiens SC","02/10/2018 20:27:51","GK1",627,72
928621,"FC Girondins de Bordeaux","Amiens SC","02/10/2018 20:28:11","Restart",628,72
928621,"FC Girondins de Bordeaux","Amiens SC","02/10/2018 20:28:46","SAFE2",629,73
928621,"FC Girondins de Bordeaux","Amiens SC","02/10/2018 20:28:57","AT2",630,73
928621,"FC Girondins de Bordeaux","Amiens SC","02/10/2018 20:29:00","DANGER2",631,73
928621,"FC Girondins de Bordeaux","Amiens SC","02/10/2018 20:29:00","DAT2",632,73
928621,"FC Girondins de Bordeaux","Amiens SC","02/10/2018 20:29:08","POSSIBLE_TI",633,73
928621,"FC Girondins de Bordeaux","Amiens SC","02/10/2018 20:29:13","TI2",634,73
928621,"FC Girondins de Bordeaux","Amiens SC","02/10/2018 20:29:22","Restart",635,73
928621,"FC Girondins de Bordeaux","Amiens SC","02/10/2018 20:29:28","PCR2",636,74
928621,"FC Girondins de Bordeaux","Amiens SC","02/10/2018 20:29:51","CR2",637,74
928621,"FC Girondins de Bordeaux","Amiens SC","02/10/2018 20:29:54","Ball Position",638,74
928621,"FC Girondins de Bordeaux","Amiens SC","02/10/2018 20:29:56","Restart",639,74
928621,"FC Girondins de Bordeaux","Amiens SC","02/10/2018 20:30:04","SHB2",640,74
928621,"FC Girondins de Bordeaux","Amiens SC","02/10/2018 20:30:06","SAFE1",641,74
928621,"FC Girondins de Bordeaux","Amiens SC","02/10/2018 20:30:06","GK1",642,74
928621,"FC Girondins de Bordeaux","Amiens SC","02/10/2018 20:30:25","Restart",643,75
928621,"FC Girondins de Bordeaux","Amiens SC","02/10/2018 20:30:33","AT2",644,75
928621,"FC Girondins de Bordeaux","Amiens SC","02/10/2018 20:30:37","SAFE1",645,75
928621,"FC Girondins de Bordeaux","Amiens SC","02/10/2018 20:30:40","AT1",646,75
928621,"FC Girondins de Bordeaux","Amiens SC","02/10/2018 20:30:42","DANGER1",647,75
928621,"FC Girondins de Bordeaux","Amiens SC","02/10/2018 20:30:42","DAT1",648,75
928621,"FC Girondins de Bordeaux","Amiens SC","02/10/2018 20:30:59","SAFE2",649,75
928621,"FC Girondins de Bordeaux","Amiens SC","02/10/2018 20:31:02","AT2",650,75
928621,"FC Girondins de Bordeaux","Amiens SC","02/10/2018 20:31:04","DANGER2",651,75
928621,"FC Girondins de Bordeaux","Amiens SC","02/10/2018 20:31:04","DAT2",652,75
928621,"FC Girondins de Bordeaux","Amiens SC","02/10/2018 20:31:04","POSSIBLE_TI",653,75
928621,"FC Girondins de Bordeaux","Amiens SC","02/10/2018 20:31:05","TI2",654,75
928621,"FC Girondins de Bordeaux","Amiens SC","02/10/2018 20:31:07","Restart",655,75
928621,"FC Girondins de Bordeaux","Amiens SC","02/10/2018 20:31:20","SHG2",656,75
928621,"FC Girondins de Bordeaux","Amiens SC","02/10/2018 20:31:25","SAFE1",657,76
928621,"FC Girondins de Bordeaux","Amiens SC","02/10/2018 20:31:27","AT1",658,76
928621,"FC Girondins de Bordeaux","Amiens SC","02/10/2018 20:31:30","DANGER1",659,76
928621,"FC Girondins de Bordeaux","Amiens SC","02/10/2018 20:31:30","DAT1",660,76
928621,"FC Girondins de Bordeaux","Amiens SC","02/10/2018 20:31:33","Possible Free Kick",661,76
928621,"FC Girondins de Bordeaux","Amiens SC","02/10/2018 20:31:36","F2",663,76
928621,"FC Girondins de Bordeaux","Amiens SC","02/10/2018 20:31:36","FK1",664,76
928621,"FC Girondins de Bordeaux","Amiens SC","02/10/2018 20:31:36","DFK1",665,76
928621,"FC Girondins de Bordeaux","Amiens SC","02/10/2018 20:31:36","Ball Position",666,76
928621,"FC Girondins de Bordeaux","Amiens SC","02/10/2018 20:31:41","Restart",667,76
928621,"FC Girondins de Bordeaux","Amiens SC","02/10/2018 20:31:47","PCR1",668,76
928621,"FC Girondins de Bordeaux","Amiens SC","02/10/2018 20:32:17","Injury Break",669,76
928621,"FC Girondins de Bordeaux","Amiens SC","02/10/2018 20:32:42","Restart",670,77
928621,"FC Girondins de Bordeaux","Amiens SC","02/10/2018 20:32:42","SHB1",671,77
928621,"FC Girondins de Bordeaux","Amiens SC","02/10/2018 20:33:09","CR1",672,77
928621,"FC Girondins de Bordeaux","Amiens SC","02/10/2018 20:33:10","Ball Position",673,77
928621,"FC Girondins de Bordeaux","Amiens SC","02/10/2018 20:33:22","Restart",674,77
928621,"FC Girondins de Bordeaux","Amiens SC","02/10/2018 20:33:27","GOAL1",675,78
928621,"FC Girondins de Bordeaux","Amiens SC","02/10/2018 20:33:38","Scorer",676,78
928621,"FC Girondins de Bordeaux","Amiens SC","02/10/2018 20:33:42","Scorer",677,78
928621,"FC Girondins de Bordeaux","Amiens SC","02/10/2018 20:33:42","Player_DATA_CONFIRMED",678,78
928621,"FC Girondins de Bordeaux","Amiens SC","02/10/2018 20:34:16","CONF_GOAL1",679,78
928621,"FC Girondins de Bordeaux","Amiens SC","02/10/2018 20:34:29","KO2",680,79
928621,"FC Girondins de Bordeaux","Amiens SC","02/10/2018 20:34:29","SAFE2",681,79
928621,"FC Girondins de Bordeaux","Amiens SC","02/10/2018 20:34:42","AT1",682,79
928621,"FC Girondins de Bordeaux","Amiens SC","02/10/2018 20:34:47","AT2",683,79
928621,"FC Girondins de Bordeaux","Amiens SC","02/10/2018 20:34:47","DANGER2",684,79
928621,"FC Girondins de Bordeaux","Amiens SC","02/10/2018 20:34:47","DAT2",685,79
928621,"FC Girondins de Bordeaux","Amiens SC","02/10/2018 20:34:50","GOAL2",686,79
928621,"FC Girondins de Bordeaux","Amiens SC","02/10/2018 20:34:51","Assist",687,79
928621,"FC Girondins de Bordeaux","Amiens SC","02/10/2018 20:35:08","CONF_GOAL2",688,79
928621,"FC Girondins de Bordeaux","Amiens SC","02/10/2018 20:35:15","Scorer",689,79
928621,"FC Girondins de Bordeaux","Amiens SC","02/10/2018 20:35:16","KO1",690,79
928621,"FC Girondins de Bordeaux","Amiens SC","02/10/2018 20:35:16","SAFE1",691,79
928621,"FC Girondins de Bordeaux","Amiens SC","02/10/2018 20:35:23","AT1",692,79
928621,"FC Girondins de Bordeaux","Amiens SC","02/10/2018 20:35:40","Player_DATA_CONFIRMED",693,80
928621,"FC Girondins de Bordeaux","Amiens SC","02/10/2018 20:35:43","DANGER1",694,80
928621,"FC Girondins de Bordeaux","Amiens SC","02/10/2018 20:35:43","DAT1",695,80
928621,"FC Girondins de Bordeaux","Amiens SC","02/10/2018 20:35:44","SAFE2",696,80
928621,"FC Girondins de Bordeaux","Amiens SC","02/10/2018 20:35:50","AT2",697,80
928621,"FC Girondins de Bordeaux","Amiens SC","02/10/2018 20:35:52","Scorer",698,80
928621,"FC Girondins de Bordeaux","Amiens SC","02/10/2018 20:35:53","DANGER2",699,80
928621,"FC Girondins de Bordeaux","Amiens SC","02/10/2018 20:35:53","DAT2",700,80
928621,"FC Girondins de Bordeaux","Amiens SC","02/10/2018 20:36:01","SAFE1",701,80
928621,"FC Girondins de Bordeaux","Amiens SC","02/10/2018 20:36:02","GK1",702,80
928621,"FC Girondins de Bordeaux","Amiens SC","02/10/2018 20:36:08","Restart",703,80
928621,"FC Girondins de Bordeaux","Amiens SC","02/10/2018 20:36:10","SAFE1",704,80
928621,"FC Girondins de Bordeaux","Amiens SC","02/10/2018 20:36:14","AT1",705,80
928621,"FC Girondins de Bordeaux","Amiens SC","02/10/2018 20:36:31","SAFE2",706,81
928621,"FC Girondins de Bordeaux","Amiens SC","02/10/2018 20:36:33","AT2",707,81
928621,"FC Girondins de Bordeaux","Amiens SC","02/10/2018 20:36:34","DANGER2",708,81
928621,"FC Girondins de Bordeaux","Amiens SC","02/10/2018 20:36:34","DAT2",709,81
928621,"FC Girondins de Bordeaux","Amiens SC","02/10/2018 20:36:39","PCR2",710,81
928621,"FC Girondins de Bordeaux","Amiens SC","02/10/2018 20:36:46","SHB2",711,81
928621,"FC Girondins de Bordeaux","Amiens SC","02/10/2018 20:36:56","SUB2",712,81
928621,"FC Girondins de Bordeaux","Amiens SC","02/10/2018 20:37:02","CR2",713,81
928621,"FC Girondins de Bordeaux","Amiens SC","02/10/2018 20:37:03","Ball Position",714,81
928621,"FC Girondins de Bordeaux","Amiens SC","02/10/2018 20:37:13","Restart",715,81
928621,"FC Girondins de Bordeaux","Amiens SC","02/10/2018 20:37:21","SAFE1",716,81
928621,"FC Girondins de Bordeaux","Amiens SC","02/10/2018 20:37:22","GK1",717,81
928621,"FC Girondins de Bordeaux","Amiens SC","02/10/2018 20:37:41","Restart",718,82
928621,"FC Girondins de Bordeaux","Amiens SC","02/10/2018 20:37:52","AT1",719,82
928621,"FC Girondins de Bordeaux","Amiens SC","02/10/2018 20:37:54","DANGER1",720,82
928621,"FC Girondins de Bordeaux","Amiens SC","02/10/2018 20:37:54","DAT1",721,82
928621,"FC Girondins de Bordeaux","Amiens SC","02/10/2018 20:38:24","SAFE2",722,82
928621,"FC Girondins de Bordeaux","Amiens SC","02/10/2018 20:38:25","AT2",723,83
928621,"FC Girondins de Bordeaux","Amiens SC","02/10/2018 20:38:31","DANGER2",724,83
928621,"FC Girondins de Bordeaux","Amiens SC","02/10/2018 20:38:31","DAT2",725,83
928621,"FC Girondins de Bordeaux","Amiens SC","02/10/2018 20:38:46","POSSIBLE_TI",726,83
928621,"FC Girondins de Bordeaux","Amiens SC","02/10/2018 20:38:49","TI2",727,83
928621,"FC Girondins de Bordeaux","Amiens SC","02/10/2018 20:38:50","Player_DATA_CONFIRMED",728,83
928621,"FC Girondins de Bordeaux","Amiens SC","02/10/2018 20:39:38","SUB1",729,84
928621,"FC Girondins de Bordeaux","Amiens SC","02/10/2018 20:39:45","Restart",730,84
928621,"FC Girondins de Bordeaux","Amiens SC","02/10/2018 20:39:52","SHG2",731,84
928621,"FC Girondins de Bordeaux","Amiens SC","02/10/2018 20:39:53","SAFE1",732,84
928621,"FC Girondins de Bordeaux","Amiens SC","02/10/2018 20:40:14","AT1",733,84
928621,"FC Girondins de Bordeaux","Amiens SC","02/10/2018 20:40:19","DANGER1",734,84
928621,"FC Girondins de Bordeaux","Amiens SC","02/10/2018 20:40:19","DAT1",735,84
928621,"FC Girondins de Bordeaux","Amiens SC","02/10/2018 20:40:21","Player_DATA_CONFIRMED",736,84
928621,"FC Girondins de Bordeaux","Amiens SC","02/10/2018 20:40:47","POSSIBLE_TI",737,85
928621,"FC Girondins de Bordeaux","Amiens SC","02/10/2018 20:40:58","TI1",738,85
928621,"FC Girondins de Bordeaux","Amiens SC","02/10/2018 20:40:58","Restart",739,85
928621,"FC Girondins de Bordeaux","Amiens SC","02/10/2018 20:41:32","POSSIBLE_TI",740,86
928621,"FC Girondins de Bordeaux","Amiens SC","02/10/2018 20:41:35","TI1",741,86
928621,"FC Girondins de Bordeaux","Amiens SC","02/10/2018 20:42:02","SUB2",742,86
928621,"FC Girondins de Bordeaux","Amiens SC","02/10/2018 20:42:09","Restart",743,86
928621,"FC Girondins de Bordeaux","Amiens SC","02/10/2018 20:42:17","POSSIBLE_TI",744,86
928621,"FC Girondins de Bordeaux","Amiens SC","02/10/2018 20:42:18","TI1",745,86
928621,"FC Girondins de Bordeaux","Amiens SC","02/10/2018 20:42:20","Player_DATA_CONFIRMED",746,86
928621,"FC Girondins de Bordeaux","Amiens SC","02/10/2018 20:42:30","Restart",747,87
928621,"FC Girondins de Bordeaux","Amiens SC","02/10/2018 20:42:32","POSSIBLE_TI",748,87
928621,"FC Girondins de Bordeaux","Amiens SC","02/10/2018 20:42:34","TI1",749,87
928621,"FC Girondins de Bordeaux","Amiens SC","02/10/2018 20:42:44","Restart",750,87
928621,"FC Girondins de Bordeaux","Amiens SC","02/10/2018 20:43:13","Possible Free Kick",751,87
928621,"FC Girondins de Bordeaux","Amiens SC","02/10/2018 20:43:14","SAFE2",753,87
928621,"FC Girondins de Bordeaux","Amiens SC","02/10/2018 20:43:14","F1",754,87
928621,"FC Girondins de Bordeaux","Amiens SC","02/10/2018 20:43:14","FK2",755,87
928621,"FC Girondins de Bordeaux","Amiens SC","02/10/2018 20:43:14","Ball Position",756,87
928621,"FC Girondins de Bordeaux","Amiens SC","02/10/2018 20:43:25","Restart",757,88
928621,"FC Girondins de Bordeaux","Amiens SC","02/10/2018 20:43:32","AT2",758,88
928621,"FC Girondins de Bordeaux","Amiens SC","02/10/2018 20:43:41","DANGER2",759,88
928621,"FC Girondins de Bordeaux","Amiens SC","02/10/2018 20:43:41","DAT2",760,88
928621,"FC Girondins de Bordeaux","Amiens SC","02/10/2018 20:43:50","PCR2",761,88
928621,"FC Girondins de Bordeaux","Amiens SC","02/10/2018 20:44:05","CR2",762,88
928621,"FC Girondins de Bordeaux","Amiens SC","02/10/2018 20:44:06","Ball Position",763,88
928621,"FC Girondins de Bordeaux","Amiens SC","02/10/2018 20:44:13","Restart",764,88
928621,"FC Girondins de Bordeaux","Amiens SC","02/10/2018 20:44:32","Possible Free Kick",765,89
928621,"FC Girondins de Bordeaux","Amiens SC","02/10/2018 20:44:34","SAFE1",767,89
928621,"FC Girondins de Bordeaux","Amiens SC","02/10/2018 20:44:34","F2",768,89
928621,"FC Girondins de Bordeaux","Amiens SC","02/10/2018 20:44:34","FK1",769,89
928621,"FC Girondins de Bordeaux","Amiens SC","02/10/2018 20:44:34","Ball Position",770,89
928621,"FC Girondins de Bordeaux","Amiens SC","02/10/2018 20:44:37","Restart",771,89
928621,"FC Girondins de Bordeaux","Amiens SC","02/10/2018 20:44:39","SAFE1",772,89
928621,"FC Girondins de Bordeaux","Amiens SC","02/10/2018 20:44:41","AT1",773,89
928621,"FC Girondins de Bordeaux","Amiens SC","02/10/2018 20:44:49","Possible Free Kick",774,89
928621,"FC Girondins de Bordeaux","Amiens SC","02/10/2018 20:44:55","F2",776,89
928621,"FC Girondins de Bordeaux","Amiens SC","02/10/2018 20:44:55","FK1",777,89
928621,"FC Girondins de Bordeaux","Amiens SC","02/10/2018 20:44:55","DANGER1",778,89
928621,"FC Girondins de Bordeaux","Amiens SC","02/10/2018 20:44:55","DFK1",779,89
928621,"FC Girondins de Bordeaux","Amiens SC","02/10/2018 20:44:55","Ball Position",780,89
928621,"FC Girondins de Bordeaux","Amiens SC","02/10/2018 20:44:56","Restart",781,89
928621,"FC Girondins de Bordeaux","Amiens SC","02/10/2018 20:45:30","POSSIBLE_TI",782,90
928621,"FC Girondins de Bordeaux","Amiens SC","02/10/2018 20:45:32","TI2",783,90
928621,"FC Girondins de Bordeaux","Amiens SC","02/10/2018 20:45:40","Restart",784,90
928621,"FC Girondins de Bordeaux","Amiens SC","02/10/2018 20:45:43","SAFE2",785,90
928621,"FC Girondins de Bordeaux","Amiens SC","02/10/2018 20:45:51","AT2",786,90
928621,"FC Girondins de Bordeaux","Amiens SC","02/10/2018 20:45:53","DANGER2",787,90
928621,"FC Girondins de Bordeaux","Amiens SC","02/10/2018 20:45:53","DAT2",788,90
928621,"FC Girondins de Bordeaux","Amiens SC","02/10/2018 20:46:01","GOAL2",789,90
928621,"FC Girondins de Bordeaux","Amiens SC","02/10/2018 20:46:23","CONF_GOAL2",790,90
928621,"FC Girondins de Bordeaux","Amiens SC","02/10/2018 20:46:24","Scorer",791,90
928621,"FC Girondins de Bordeaux","Amiens SC","02/10/2018 20:46:24","KO1",792,90
928621,"FC Girondins de Bordeaux","Amiens SC","02/10/2018 20:46:24","SAFE1",793,90
928621,"FC Girondins de Bordeaux","Amiens SC","02/10/2018 20:46:26","SAFE1",794,91
928621,"FC Girondins de Bordeaux","Amiens SC","02/10/2018 20:46:33","Extra Time",795,91
928621,"FC Girondins de Bordeaux","Amiens SC","02/10/2018 20:46:35","AT1",796,91
928621,"FC Girondins de Bordeaux","Amiens SC","02/10/2018 20:46:50","DANGER1",797,91
928621,"FC Girondins de Bordeaux","Amiens SC","02/10/2018 20:46:50","DAT1",798,91
928621,"FC Girondins de Bordeaux","Amiens SC","02/10/2018 20:46:57","SAFE2",799,91
928621,"FC Girondins de Bordeaux","Amiens SC","02/10/2018 20:47:07","AT2",800,91
928621,"FC Girondins de Bordeaux","Amiens SC","02/10/2018 20:47:14","DANGER2",801,91
928621,"FC Girondins de Bordeaux","Amiens SC","02/10/2018 20:47:14","DAT2",802,91
928621,"FC Girondins de Bordeaux","Amiens SC","02/10/2018 20:47:18","SAFE1",803,91
928621,"FC Girondins de Bordeaux","Amiens SC","02/10/2018 20:47:20","Scorer",804,91
928621,"FC Girondins de Bordeaux","Amiens SC","02/10/2018 20:47:20","AT1",805,91
928621,"FC Girondins de Bordeaux","Amiens SC","02/10/2018 20:47:21","Player_DATA_CONFIRMED",806,91
928621,"FC Girondins de Bordeaux","Amiens SC","02/10/2018 20:47:21","Assist",807,91
928621,"FC Girondins de Bordeaux","Amiens SC","02/10/2018 20:47:34","AT2",808,92
928621,"FC Girondins de Bordeaux","Amiens SC","02/10/2018 20:47:34","DANGER2",809,92
928621,"FC Girondins de Bordeaux","Amiens SC","02/10/2018 20:47:34","DAT2",810,92
928621,"FC Girondins de Bordeaux","Amiens SC","02/10/2018 20:47:36","SAFE1",811,92
928621,"FC Girondins de Bordeaux","Amiens SC","02/10/2018 20:47:59","AT2",812,92
928621,"FC Girondins de Bordeaux","Amiens SC","02/10/2018 20:48:06","POSSIBLE_TI",813,92
928621,"FC Girondins de Bordeaux","Amiens SC","02/10/2018 20:48:08","TI1",814,92
928621,"FC Girondins de Bordeaux","Amiens SC","02/10/2018 20:48:09","Restart",815,92
928621,"FC Girondins de Bordeaux","Amiens SC","02/10/2018 20:48:11","POSSIBLE_TI",816,92
928621,"FC Girondins de Bordeaux","Amiens SC","02/10/2018 20:48:12","TI2",817,92
928621,"FC Girondins de Bordeaux","Amiens SC","02/10/2018 20:48:19","Restart",818,92
928621,"FC Girondins de Bordeaux","Amiens SC","02/10/2018 20:48:20","DANGER2",819,92
928621,"FC Girondins de Bordeaux","Amiens SC","02/10/2018 20:48:20","DAT2",820,92
928621,"FC Girondins de Bordeaux","Amiens SC","02/10/2018 20:48:32","Possible Free Kick",821,93
928621,"FC Girondins de Bordeaux","Amiens SC","02/10/2018 20:48:34","SAFE1",823,93
928621,"FC Girondins de Bordeaux","Amiens SC","02/10/2018 20:48:34","F2",824,93
928621,"FC Girondins de Bordeaux","Amiens SC","02/10/2018 20:48:34","FK1",825,93
928621,"FC Girondins de Bordeaux","Amiens SC","02/10/2018 20:48:34","Ball Position",826,93
928621,"FC Girondins de Bordeaux","Amiens SC","02/10/2018 20:48:55","Restart",827,93
928621,"FC Girondins de Bordeaux","Amiens SC","02/10/2018 20:48:56","AT1",828,93
928621,"FC Girondins de Bordeaux","Amiens SC","02/10/2018 20:49:02","Possible Free Kick",829,93
928621,"FC Girondins de Bordeaux","Amiens SC","02/10/2018 20:49:03","SAFE2",831,93
928621,"FC Girondins de Bordeaux","Amiens SC","02/10/2018 20:49:03","F1",832,93
928621,"FC Girondins de Bordeaux","Amiens SC","02/10/2018 20:49:03","FK2",833,93
928621,"FC Girondins de Bordeaux","Amiens SC","02/10/2018 20:49:03","Ball Position",834,93
928621,"FC Girondins de Bordeaux","Amiens SC","02/10/2018 20:49:17","Restart",835,93
928621,"FC Girondins de Bordeaux","Amiens SC","02/10/2018 20:49:20","AT2",836,93
928621,"FC Girondins de Bordeaux","Amiens SC","02/10/2018 20:49:20","DANGER2",837,93
928621,"FC Girondins de Bordeaux","Amiens SC","02/10/2018 20:49:20","DAT2",838,93
928621,"FC Girondins de Bordeaux","Amiens SC","02/10/2018 20:49:31","POSSIBLE_TI",839,94
928621,"FC Girondins de Bordeaux","Amiens SC","02/10/2018 20:49:32","TI2",840,94
928621,"FC Girondins de Bordeaux","Amiens SC","02/10/2018 20:49:39","Restart",841,94
928621,"FC Girondins de Bordeaux","Amiens SC","02/10/2018 20:49:48","SHB2",842,94
928621,"FC Girondins de Bordeaux","Amiens SC","02/10/2018 20:49:50","SAFE1",843,94
928621,"FC Girondins de Bordeaux","Amiens SC","02/10/2018 20:49:50","GK1",844,94
928621,"FC Girondins de Bordeaux","Amiens SC","02/10/2018 20:50:09","Restart",845,94
928621,"FC Girondins de Bordeaux","Amiens SC","02/10/2018 20:50:17","AT2",846,94
928621,"FC Girondins de Bordeaux","Amiens SC","02/10/2018 20:50:21","POSSIBLE_TI",847,94
928621,"FC Girondins de Bordeaux","Amiens SC","02/10/2018 20:50:22","TI2",848,94
928621,"FC Girondins de Bordeaux","Amiens SC","02/10/2018 20:50:23","Restart",849,94
928621,"FC Girondins de Bordeaux","Amiens SC","02/10/2018 20:50:24","DANGER2",850,94
928621,"FC Girondins de Bordeaux","Amiens SC","02/10/2018 20:50:24","DAT2",851,94
928621,"FC Girondins de Bordeaux","Amiens SC","02/10/2018 20:50:26","PCR2",852,95
928621,"FC Girondins de Bordeaux","Amiens SC","02/10/2018 20:50:33","CR2",853,95
928621,"FC Girondins de Bordeaux","Amiens SC","02/10/2018 20:50:34","Ball Position",854,95
928621,"FC Girondins de Bordeaux","Amiens SC","02/10/2018 20:50:50","Restart",855,95
928621,"FC Girondins de Bordeaux","Amiens SC","02/10/2018 20:50:54","PCR2",856,95
928621,"FC Girondins de Bordeaux","Amiens SC","02/10/2018 20:51:00","CR2",857,95
928621,"FC Girondins de Bordeaux","Amiens SC","02/10/2018 20:51:02","Ball Position",858,95
928621,"FC Girondins de Bordeaux","Amiens SC","02/10/2018 20:51:05","Restart",859,95
928621,"FC Girondins de Bordeaux","Amiens SC","02/10/2018 20:51:14","BLOCKED2",860,95
928621,"FC Girondins de Bordeaux","Amiens SC","02/10/2018 20:51:17","PCR2",861,95
928621,"FC Girondins de Bordeaux","Amiens SC","02/10/2018 20:51:20","CR2",862,95
928621,"FC Girondins de Bordeaux","Amiens SC","02/10/2018 20:51:21","Ball Position",863,95
928621,"FC Girondins de Bordeaux","Amiens SC","02/10/2018 20:51:22","Restart",864,95
928621,"FC Girondins de Bordeaux","Amiens SC","02/10/2018 20:51:28","SAFE1",865,96
928621,"FC Girondins de Bordeaux","Amiens SC","02/10/2018 20:51:30","AT1",866,96
928621,"FC Girondins de Bordeaux","Amiens SC","02/10/2018 20:51:32","DANGER1",867,96
928621,"FC Girondins de Bordeaux","Amiens SC","02/10/2018 20:51:32","DAT1",868,96
928621,"FC Girondins de Bordeaux","Amiens SC","02/10/2018 20:51:44","SHW1",869,96
928621,"FC Girondins de Bordeaux","Amiens SC","02/10/2018 20:51:46","SAFE2",870,96
928621,"FC Girondins de Bordeaux","Amiens SC","02/10/2018 20:51:47","GK2",871,96
928621,"FC Girondins de Bordeaux","Amiens SC","02/10/2018 20:51:49","Restart",872,96
928621,"FC Girondins de Bordeaux","Amiens SC","02/10/2018 20:51:57","AT2",873,96
928621,"FC Girondins de Bordeaux","Amiens SC","02/10/2018 20:51:58","DANGER2",874,96
928621,"FC Girondins de Bordeaux","Amiens SC","02/10/2018 20:51:58","DAT2",875,96
928621,"FC Girondins de Bordeaux","Amiens SC","02/10/2018 20:52:08","Possible Free Kick",876,96
928621,"FC Girondins de Bordeaux","Amiens SC","02/10/2018 20:52:11","F1",878,96
928621,"FC Girondins de Bordeaux","Amiens SC","02/10/2018 20:52:11","FK2",879,96
928621,"FC Girondins de Bordeaux","Amiens SC","02/10/2018 20:52:11","DFK2",880,96
928621,"FC Girondins de Bordeaux","Amiens SC","02/10/2018 20:52:11","Ball Position",881,96
928621,"FC Girondins de Bordeaux","Amiens SC","02/10/2018 20:52:49","Restart",882,97
928621,"FC Girondins de Bordeaux","Amiens SC","02/10/2018 20:52:57","SHG2",883,97
928621,"FC Girondins de Bordeaux","Amiens SC","02/10/2018 20:52:59","SAFE1",884,97
928621,"FC Girondins de Bordeaux","Amiens SC","02/10/2018 20:53:10","Stop RT2",885,97
928621,"FC Girondins de Bordeaux","Amiens SC","02/10/2018 20:53:10","Stop Game",886,97
928621,"FC Girondins de Bordeaux","Amiens SC","02/10/2018 20:53:21","CONF_PERIOD_SCORE",887,96
