"RBallID","HomeTeam","AwayTeam","Timestamp","Incident","IncidentNumber","Minute"
919755,"FC Metz","AS Saint Etienne","01/17/2018 16:39:32","Transmission Online",0,0
919755,"FC Metz","AS Saint Etienne","01/17/2018 16:39:41","GCC",1,0
919755,"FC Metz","AS Saint Etienne","01/17/2018 17:10:38","Lineup changed",2,0
919755,"FC Metz","AS Saint Etienne","01/17/2018 17:10:51","Scout in Stadion",3,0
919755,"FC Metz","AS Saint Etienne","01/17/2018 17:34:25","GCC",4,0
919755,"FC Metz","AS Saint Etienne","01/17/2018 17:55:40","GCC",5,0
919755,"FC Metz","AS Saint Etienne","01/17/2018 17:57:11","Players are coming out",6,0
919755,"FC Metz","AS Saint Etienne","01/17/2018 17:57:17","Players lined up",7,0
919755,"FC Metz","AS Saint Etienne","01/17/2018 17:57:30","Shake hands",8,0
919755,"FC Metz","AS Saint Etienne","01/17/2018 17:58:03","Jersey Changed",9,0
919755,"FC Metz","AS Saint Etienne","01/17/2018 17:58:03","Jersey Changed",10,0
919755,"FC Metz","AS Saint Etienne","01/17/2018 17:58:05","Flip coin",11,0
919755,"FC Metz","AS Saint Etienne","01/17/2018 17:59:07","Game about to start",12,0
919755,"FC Metz","AS Saint Etienne","01/17/2018 17:59:59","Start RT1 Team 2",13,1
919755,"FC Metz","AS Saint Etienne","01/17/2018 18:00:09","AT1",14,1
919755,"FC Metz","AS Saint Etienne","01/17/2018 18:00:13","DANGER1",15,1
919755,"FC Metz","AS Saint Etienne","01/17/2018 18:00:13","DAT1",16,1
919755,"FC Metz","AS Saint Etienne","01/17/2018 18:00:20","SAFE1",17,1
919755,"FC Metz","AS Saint Etienne","01/17/2018 18:00:23","AT1",18,1
919755,"FC Metz","AS Saint Etienne","01/17/2018 18:00:27","DANGER1",19,1
919755,"FC Metz","AS Saint Etienne","01/17/2018 18:00:27","DAT1",20,1
919755,"FC Metz","AS Saint Etienne","01/17/2018 18:00:37","PCR1",21,1
919755,"FC Metz","AS Saint Etienne","01/17/2018 18:00:45","NCR1",22,1
919755,"FC Metz","AS Saint Etienne","01/17/2018 18:00:46","POSSIBLE_TI",23,1
919755,"FC Metz","AS Saint Etienne","01/17/2018 18:00:46","TI1",24,1
919755,"FC Metz","AS Saint Etienne","01/17/2018 18:00:49","Restart",25,1
919755,"FC Metz","AS Saint Etienne","01/17/2018 18:00:53","PCR1",26,1
919755,"FC Metz","AS Saint Etienne","01/17/2018 18:00:57","CR1",27,1
919755,"FC Metz","AS Saint Etienne","01/17/2018 18:00:58","Ball Position",28,1
919755,"FC Metz","AS Saint Etienne","01/17/2018 18:01:22","Restart",29,2
919755,"FC Metz","AS Saint Etienne","01/17/2018 18:01:27","SAFE2",30,2
919755,"FC Metz","AS Saint Etienne","01/17/2018 18:01:28","GK2",31,2
919755,"FC Metz","AS Saint Etienne","01/17/2018 18:01:46","Restart",32,2
919755,"FC Metz","AS Saint Etienne","01/17/2018 18:01:53","SAFE1",33,2
919755,"FC Metz","AS Saint Etienne","01/17/2018 18:01:53","POSSIBLE_TI",34,2
919755,"FC Metz","AS Saint Etienne","01/17/2018 18:01:54","TI1",35,2
919755,"FC Metz","AS Saint Etienne","01/17/2018 18:01:57","Restart",36,2
919755,"FC Metz","AS Saint Etienne","01/17/2018 18:02:10","AT1",37,3
919755,"FC Metz","AS Saint Etienne","01/17/2018 18:02:12","POSSIBLE_TI",38,3
919755,"FC Metz","AS Saint Etienne","01/17/2018 18:02:13","TI1",39,3
919755,"FC Metz","AS Saint Etienne","01/17/2018 18:02:18","Restart",40,3
919755,"FC Metz","AS Saint Etienne","01/17/2018 18:02:19","SAFE1",41,3
919755,"FC Metz","AS Saint Etienne","01/17/2018 18:02:33","AT1",42,3
919755,"FC Metz","AS Saint Etienne","01/17/2018 18:02:38","DANGER1",43,3
919755,"FC Metz","AS Saint Etienne","01/17/2018 18:02:38","DAT1",44,3
919755,"FC Metz","AS Saint Etienne","01/17/2018 18:02:42","SAFE2",45,3
919755,"FC Metz","AS Saint Etienne","01/17/2018 18:03:26","AT1",46,4
919755,"FC Metz","AS Saint Etienne","01/17/2018 18:03:27","DANGER1",47,4
919755,"FC Metz","AS Saint Etienne","01/17/2018 18:03:27","DAT1",48,4
919755,"FC Metz","AS Saint Etienne","01/17/2018 18:03:36","SAFE1",49,4
919755,"FC Metz","AS Saint Etienne","01/17/2018 18:03:38","AT1",50,4
919755,"FC Metz","AS Saint Etienne","01/17/2018 18:03:40","DANGER1",51,4
919755,"FC Metz","AS Saint Etienne","01/17/2018 18:03:40","DAT1",52,4
919755,"FC Metz","AS Saint Etienne","01/17/2018 18:03:51","SAFE1",53,4
919755,"FC Metz","AS Saint Etienne","01/17/2018 18:03:53","AT2",54,4
919755,"FC Metz","AS Saint Etienne","01/17/2018 18:03:56","SAFE1",55,4
919755,"FC Metz","AS Saint Etienne","01/17/2018 18:04:08","AT1",56,5
919755,"FC Metz","AS Saint Etienne","01/17/2018 18:04:12","SAFE2",57,5
919755,"FC Metz","AS Saint Etienne","01/17/2018 18:04:12","POSSIBLE_TI",58,5
919755,"FC Metz","AS Saint Etienne","01/17/2018 18:04:13","TI2",59,5
919755,"FC Metz","AS Saint Etienne","01/17/2018 18:04:21","Restart",60,5
919755,"FC Metz","AS Saint Etienne","01/17/2018 18:04:27","AT1",61,5
919755,"FC Metz","AS Saint Etienne","01/17/2018 18:04:34","Possible Free Kick",62,5
919755,"FC Metz","AS Saint Etienne","01/17/2018 18:04:48","SAFE2",64,5
919755,"FC Metz","AS Saint Etienne","01/17/2018 18:04:48","F1",65,5
919755,"FC Metz","AS Saint Etienne","01/17/2018 18:04:48","FK2",66,5
919755,"FC Metz","AS Saint Etienne","01/17/2018 18:04:48","Ball Position",67,5
919755,"FC Metz","AS Saint Etienne","01/17/2018 18:04:56","Restart",68,5
919755,"FC Metz","AS Saint Etienne","01/17/2018 18:05:25","AT1",69,6
919755,"FC Metz","AS Saint Etienne","01/17/2018 18:05:29","SAFE2",70,6
919755,"FC Metz","AS Saint Etienne","01/17/2018 18:05:29","POSSIBLE_TI",71,6
919755,"FC Metz","AS Saint Etienne","01/17/2018 18:05:30","TI2",72,6
919755,"FC Metz","AS Saint Etienne","01/17/2018 18:05:34","Restart",73,6
919755,"FC Metz","AS Saint Etienne","01/17/2018 18:05:39","SAFE1",74,6
919755,"FC Metz","AS Saint Etienne","01/17/2018 18:05:41","AT1",75,6
919755,"FC Metz","AS Saint Etienne","01/17/2018 18:05:52","DANGER1",76,6
919755,"FC Metz","AS Saint Etienne","01/17/2018 18:05:52","DAT1",77,6
919755,"FC Metz","AS Saint Etienne","01/17/2018 18:05:58","PCR1",78,6
919755,"FC Metz","AS Saint Etienne","01/17/2018 18:06:02","CR1",79,7
919755,"FC Metz","AS Saint Etienne","01/17/2018 18:06:04","Ball Position",80,7
919755,"FC Metz","AS Saint Etienne","01/17/2018 18:06:16","Restart",81,7
919755,"FC Metz","AS Saint Etienne","01/17/2018 18:06:19","SHG1",82,7
919755,"FC Metz","AS Saint Etienne","01/17/2018 18:06:24","SAFE2",83,7
919755,"FC Metz","AS Saint Etienne","01/17/2018 18:06:26","AT2",84,7
919755,"FC Metz","AS Saint Etienne","01/17/2018 18:06:34","DANGER2",85,7
919755,"FC Metz","AS Saint Etienne","01/17/2018 18:06:34","DAT2",86,7
919755,"FC Metz","AS Saint Etienne","01/17/2018 18:06:45","SAFE1",87,7
919755,"FC Metz","AS Saint Etienne","01/17/2018 18:06:49","AT1",88,7
919755,"FC Metz","AS Saint Etienne","01/17/2018 18:06:57","SAFE2",89,7
919755,"FC Metz","AS Saint Etienne","01/17/2018 18:06:58","POSSIBLE_TI",90,7
919755,"FC Metz","AS Saint Etienne","01/17/2018 18:06:58","TI2",91,7
919755,"FC Metz","AS Saint Etienne","01/17/2018 18:07:05","Restart",92,8
919755,"FC Metz","AS Saint Etienne","01/17/2018 18:07:30","AT1",93,8
919755,"FC Metz","AS Saint Etienne","01/17/2018 18:07:33","DANGER1",94,8
919755,"FC Metz","AS Saint Etienne","01/17/2018 18:07:33","DAT1",95,8
919755,"FC Metz","AS Saint Etienne","01/17/2018 18:07:35","POSSIBLE_TI",96,8
919755,"FC Metz","AS Saint Etienne","01/17/2018 18:07:38","TI1",97,8
919755,"FC Metz","AS Saint Etienne","01/17/2018 18:07:42","Restart",98,8
919755,"FC Metz","AS Saint Etienne","01/17/2018 18:07:50","SAFE1",99,8
919755,"FC Metz","AS Saint Etienne","01/17/2018 18:07:51","AT1",100,8
919755,"FC Metz","AS Saint Etienne","01/17/2018 18:08:00","SAFE2",101,9
919755,"FC Metz","AS Saint Etienne","01/17/2018 18:08:00","GK2",102,9
919755,"FC Metz","AS Saint Etienne","01/17/2018 18:08:23","Restart",103,9
919755,"FC Metz","AS Saint Etienne","01/17/2018 18:08:33","AT1",104,9
919755,"FC Metz","AS Saint Etienne","01/17/2018 18:08:41","DANGER1",105,9
919755,"FC Metz","AS Saint Etienne","01/17/2018 18:08:41","DAT1",106,9
919755,"FC Metz","AS Saint Etienne","01/17/2018 18:08:47","SHB1",107,9
919755,"FC Metz","AS Saint Etienne","01/17/2018 18:08:47","SAFE2",108,9
919755,"FC Metz","AS Saint Etienne","01/17/2018 18:08:48","GK2",109,9
919755,"FC Metz","AS Saint Etienne","01/17/2018 18:09:12","Restart",110,10
919755,"FC Metz","AS Saint Etienne","01/17/2018 18:09:19","AT2",111,10
919755,"FC Metz","AS Saint Etienne","01/17/2018 18:09:20","Possible Free Kick",112,10
919755,"FC Metz","AS Saint Etienne","01/17/2018 18:09:30","F1",114,10
919755,"FC Metz","AS Saint Etienne","01/17/2018 18:09:30","FK2",115,10
919755,"FC Metz","AS Saint Etienne","01/17/2018 18:09:30","DANGER2",116,10
919755,"FC Metz","AS Saint Etienne","01/17/2018 18:09:30","DFK2",117,10
919755,"FC Metz","AS Saint Etienne","01/17/2018 18:09:30","Ball Position",118,10
919755,"FC Metz","AS Saint Etienne","01/17/2018 18:09:36","Restart",119,10
919755,"FC Metz","AS Saint Etienne","01/17/2018 18:09:45","PCR2",120,10
919755,"FC Metz","AS Saint Etienne","01/17/2018 18:09:48","NCR2",121,10
919755,"FC Metz","AS Saint Etienne","01/17/2018 18:09:49","POSSIBLE_TI",122,10
919755,"FC Metz","AS Saint Etienne","01/17/2018 18:09:51","TI2",123,10
919755,"FC Metz","AS Saint Etienne","01/17/2018 18:09:52","Restart",124,10
919755,"FC Metz","AS Saint Etienne","01/17/2018 18:10:09","POSSIBLE_TI",125,11
919755,"FC Metz","AS Saint Etienne","01/17/2018 18:10:11","TI2",126,11
919755,"FC Metz","AS Saint Etienne","01/17/2018 18:10:13","Restart",127,11
919755,"FC Metz","AS Saint Etienne","01/17/2018 18:10:27","SAFE1",128,11
919755,"FC Metz","AS Saint Etienne","01/17/2018 18:10:32","AT1",129,11
919755,"FC Metz","AS Saint Etienne","01/17/2018 18:10:33","SAFE1",130,11
919755,"FC Metz","AS Saint Etienne","01/17/2018 18:10:46","AT1",131,11
919755,"FC Metz","AS Saint Etienne","01/17/2018 18:11:00","SAFE2",132,12
919755,"FC Metz","AS Saint Etienne","01/17/2018 18:11:03","AT2",133,12
919755,"FC Metz","AS Saint Etienne","01/17/2018 18:11:07","POSSIBLE_TI",134,12
919755,"FC Metz","AS Saint Etienne","01/17/2018 18:11:07","TI2",135,12
919755,"FC Metz","AS Saint Etienne","01/17/2018 18:11:10","Restart",136,12
919755,"FC Metz","AS Saint Etienne","01/17/2018 18:11:22","SAFE1",137,12
919755,"FC Metz","AS Saint Etienne","01/17/2018 18:11:25","AT1",138,12
919755,"FC Metz","AS Saint Etienne","01/17/2018 18:11:28","DANGER1",139,12
919755,"FC Metz","AS Saint Etienne","01/17/2018 18:11:28","DAT1",140,12
919755,"FC Metz","AS Saint Etienne","01/17/2018 18:11:29","BREAKAWAY1",141,12
919755,"FC Metz","AS Saint Etienne","01/17/2018 18:11:31","PPEN",142,12
919755,"FC Metz","AS Saint Etienne","01/17/2018 18:11:31","PPEN1",143,12
919755,"FC Metz","AS Saint Etienne","01/17/2018 18:11:35","POSSIBLE_CARDS",144,12
919755,"FC Metz","AS Saint Etienne","01/17/2018 18:11:35","PRC",145,12
919755,"FC Metz","AS Saint Etienne","01/17/2018 18:11:44","YC2",146,12
919755,"FC Metz","AS Saint Etienne","01/17/2018 18:11:49","CONF_YC2",147,12
919755,"FC Metz","AS Saint Etienne","01/17/2018 18:11:58","Scorer",148,12
919755,"FC Metz","AS Saint Etienne","01/17/2018 18:11:58","Player_DATA_CONFIRMED",149,12
919755,"FC Metz","AS Saint Etienne","01/17/2018 18:12:02","Scorer",150,13
919755,"FC Metz","AS Saint Etienne","01/17/2018 18:12:05","No RC",151,13
919755,"FC Metz","AS Saint Etienne","01/17/2018 18:12:09","PEN1",152,13
919755,"FC Metz","AS Saint Etienne","01/17/2018 18:12:11","Scorer",153,13
919755,"FC Metz","AS Saint Etienne","01/17/2018 18:12:26","GOAL1",154,13
919755,"FC Metz","AS Saint Etienne","01/17/2018 18:12:26","Scorer",155,13
919755,"FC Metz","AS Saint Etienne","01/17/2018 18:12:55","CONF_GOAL1",156,13
919755,"FC Metz","AS Saint Etienne","01/17/2018 18:12:57","Player_DATA_CONFIRMED",157,13
919755,"FC Metz","AS Saint Etienne","01/17/2018 18:13:01","KO2",158,14
919755,"FC Metz","AS Saint Etienne","01/17/2018 18:13:01","SAFE2",159,14
919755,"FC Metz","AS Saint Etienne","01/17/2018 18:13:10","AT2",160,14
919755,"FC Metz","AS Saint Etienne","01/17/2018 18:13:14","POSSIBLE_TI",161,14
919755,"FC Metz","AS Saint Etienne","01/17/2018 18:13:14","TI2",162,14
919755,"FC Metz","AS Saint Etienne","01/17/2018 18:13:17","Restart",163,14
919755,"FC Metz","AS Saint Etienne","01/17/2018 18:13:31","SAFE2",164,14
919755,"FC Metz","AS Saint Etienne","01/17/2018 18:13:50","AT2",165,14
919755,"FC Metz","AS Saint Etienne","01/17/2018 18:13:54","SAFE1",166,14
919755,"FC Metz","AS Saint Etienne","01/17/2018 18:14:01","AT2",167,15
919755,"FC Metz","AS Saint Etienne","01/17/2018 18:14:01","POSSIBLE_TI",168,15
919755,"FC Metz","AS Saint Etienne","01/17/2018 18:14:02","TI2",169,15
919755,"FC Metz","AS Saint Etienne","01/17/2018 18:14:13","Restart",170,15
919755,"FC Metz","AS Saint Etienne","01/17/2018 18:14:15","SAFE2",171,15
919755,"FC Metz","AS Saint Etienne","01/17/2018 18:14:22","AT2",172,15
919755,"FC Metz","AS Saint Etienne","01/17/2018 18:14:22","DANGER2",173,15
919755,"FC Metz","AS Saint Etienne","01/17/2018 18:14:22","DAT2",174,15
919755,"FC Metz","AS Saint Etienne","01/17/2018 18:14:27","SAFE1",175,15
919755,"FC Metz","AS Saint Etienne","01/17/2018 18:14:32","AT1",176,15
919755,"FC Metz","AS Saint Etienne","01/17/2018 18:14:37","Possible Free Kick",177,15
919755,"FC Metz","AS Saint Etienne","01/17/2018 18:14:41","SAFE2",179,15
919755,"FC Metz","AS Saint Etienne","01/17/2018 18:14:41","O1",180,15
919755,"FC Metz","AS Saint Etienne","01/17/2018 18:14:41","FK2",181,15
919755,"FC Metz","AS Saint Etienne","01/17/2018 18:14:41","Ball Position",182,15
919755,"FC Metz","AS Saint Etienne","01/17/2018 18:14:44","Restart",183,15
919755,"FC Metz","AS Saint Etienne","01/17/2018 18:15:16","GCC",184,16
919755,"FC Metz","AS Saint Etienne","01/17/2018 18:15:25","AT2",185,16
919755,"FC Metz","AS Saint Etienne","01/17/2018 18:15:25","SAFE1",186,16
919755,"FC Metz","AS Saint Etienne","01/17/2018 18:15:26","AT1",187,16
919755,"FC Metz","AS Saint Etienne","01/17/2018 18:15:30","DANGER1",188,16
919755,"FC Metz","AS Saint Etienne","01/17/2018 18:15:30","DAT1",189,16
919755,"FC Metz","AS Saint Etienne","01/17/2018 18:15:31","BREAKAWAY1",190,16
919755,"FC Metz","AS Saint Etienne","01/17/2018 18:15:36","GOAL1",191,16
919755,"FC Metz","AS Saint Etienne","01/17/2018 18:15:42","Scorer",192,16
919755,"FC Metz","AS Saint Etienne","01/17/2018 18:16:15","CONF_GOAL1",193,17
919755,"FC Metz","AS Saint Etienne","01/17/2018 18:16:26","KO2",194,17
919755,"FC Metz","AS Saint Etienne","01/17/2018 18:16:26","SAFE2",195,17
919755,"FC Metz","AS Saint Etienne","01/17/2018 18:16:31","Player_DATA_CONFIRMED",196,17
919755,"FC Metz","AS Saint Etienne","01/17/2018 18:16:36","Possible Free Kick",197,17
919755,"FC Metz","AS Saint Etienne","01/17/2018 18:16:37","F1",199,17
919755,"FC Metz","AS Saint Etienne","01/17/2018 18:16:37","FK2",200,17
919755,"FC Metz","AS Saint Etienne","01/17/2018 18:16:37","Ball Position",201,17
919755,"FC Metz","AS Saint Etienne","01/17/2018 18:16:43","Restart",202,17
919755,"FC Metz","AS Saint Etienne","01/17/2018 18:16:50","AT2",203,17
919755,"FC Metz","AS Saint Etienne","01/17/2018 18:16:55","SAFE1",204,17
919755,"FC Metz","AS Saint Etienne","01/17/2018 18:16:56","POSSIBLE_TI",205,17
919755,"FC Metz","AS Saint Etienne","01/17/2018 18:16:56","TI1",206,17
919755,"FC Metz","AS Saint Etienne","01/17/2018 18:17:03","Restart",207,18
919755,"FC Metz","AS Saint Etienne","01/17/2018 18:17:07","AT1",208,18
919755,"FC Metz","AS Saint Etienne","01/17/2018 18:17:07","Assist",209,18
919755,"FC Metz","AS Saint Etienne","01/17/2018 18:17:13","DANGER1",210,18
919755,"FC Metz","AS Saint Etienne","01/17/2018 18:17:13","DAT1",211,18
919755,"FC Metz","AS Saint Etienne","01/17/2018 18:17:15","PCR1",212,18
919755,"FC Metz","AS Saint Etienne","01/17/2018 18:17:18","CR1",213,18
919755,"FC Metz","AS Saint Etienne","01/17/2018 18:17:20","Ball Position",214,18
919755,"FC Metz","AS Saint Etienne","01/17/2018 18:17:28","GCC",215,18
919755,"FC Metz","AS Saint Etienne","01/17/2018 18:17:44","Restart",216,18
919755,"FC Metz","AS Saint Etienne","01/17/2018 18:17:49","BLOCKED1",217,18
919755,"FC Metz","AS Saint Etienne","01/17/2018 18:17:51","SAFE1",218,18
919755,"FC Metz","AS Saint Etienne","01/17/2018 18:17:56","AT1",219,18
919755,"FC Metz","AS Saint Etienne","01/17/2018 18:17:58","DANGER1",220,18
919755,"FC Metz","AS Saint Etienne","01/17/2018 18:17:58","DAT1",221,18
919755,"FC Metz","AS Saint Etienne","01/17/2018 18:18:07","SHG1",222,19
919755,"FC Metz","AS Saint Etienne","01/17/2018 18:18:10","SAFE2",223,19
919755,"FC Metz","AS Saint Etienne","01/17/2018 18:18:15","AT2",224,19
919755,"FC Metz","AS Saint Etienne","01/17/2018 18:18:21","DANGER2",225,19
919755,"FC Metz","AS Saint Etienne","01/17/2018 18:18:21","DAT2",226,19
919755,"FC Metz","AS Saint Etienne","01/17/2018 18:18:27","SAFE1",227,19
919755,"FC Metz","AS Saint Etienne","01/17/2018 18:18:32","Possible Free Kick",228,19
919755,"FC Metz","AS Saint Etienne","01/17/2018 18:18:38","O2",230,19
919755,"FC Metz","AS Saint Etienne","01/17/2018 18:18:38","FK1",231,19
919755,"FC Metz","AS Saint Etienne","01/17/2018 18:18:38","Ball Position",232,19
919755,"FC Metz","AS Saint Etienne","01/17/2018 18:19:00","Restart",233,20
919755,"FC Metz","AS Saint Etienne","01/17/2018 18:19:00","AT1",234,20
919755,"FC Metz","AS Saint Etienne","01/17/2018 18:19:01","DANGER1",235,20
919755,"FC Metz","AS Saint Etienne","01/17/2018 18:19:01","DAT1",236,20
919755,"FC Metz","AS Saint Etienne","01/17/2018 18:19:04","BLOCKED1",237,20
919755,"FC Metz","AS Saint Etienne","01/17/2018 18:19:19","SAFE2",238,20
919755,"FC Metz","AS Saint Etienne","01/17/2018 18:19:24","POSSIBLE_TI",239,20
919755,"FC Metz","AS Saint Etienne","01/17/2018 18:19:25","TI2",240,20
919755,"FC Metz","AS Saint Etienne","01/17/2018 18:19:30","Restart",241,20
919755,"FC Metz","AS Saint Etienne","01/17/2018 18:19:37","Possible Free Kick",242,20
919755,"FC Metz","AS Saint Etienne","01/17/2018 18:19:40","F1",244,20
919755,"FC Metz","AS Saint Etienne","01/17/2018 18:19:40","FK2",245,20
919755,"FC Metz","AS Saint Etienne","01/17/2018 18:19:40","Ball Position",246,20
919755,"FC Metz","AS Saint Etienne","01/17/2018 18:19:40","Restart",247,20
919755,"FC Metz","AS Saint Etienne","01/17/2018 18:19:42","AT2",248,20
919755,"FC Metz","AS Saint Etienne","01/17/2018 18:19:48","SAFE1",249,20
919755,"FC Metz","AS Saint Etienne","01/17/2018 18:19:51","AT1",250,20
919755,"FC Metz","AS Saint Etienne","01/17/2018 18:19:52","Possible Free Kick",251,20
919755,"FC Metz","AS Saint Etienne","01/17/2018 18:19:58","POSSIBLE_CARDS",253,20
919755,"FC Metz","AS Saint Etienne","01/17/2018 18:20:11","F2",254,21
919755,"FC Metz","AS Saint Etienne","01/17/2018 18:20:11","FK1",255,21
919755,"FC Metz","AS Saint Etienne","01/17/2018 18:20:11","DANGER1",256,21
919755,"FC Metz","AS Saint Etienne","01/17/2018 18:20:11","DFK1",257,21
919755,"FC Metz","AS Saint Etienne","01/17/2018 18:20:11","Ball Position",258,21
919755,"FC Metz","AS Saint Etienne","01/17/2018 18:20:19","NO_Cards",259,21
919755,"FC Metz","AS Saint Etienne","01/17/2018 18:20:19","Restart",260,21
919755,"FC Metz","AS Saint Etienne","01/17/2018 18:20:21","SAFE1",261,21
919755,"FC Metz","AS Saint Etienne","01/17/2018 18:20:24","AT1",262,21
919755,"FC Metz","AS Saint Etienne","01/17/2018 18:20:27","DANGER1",263,21
919755,"FC Metz","AS Saint Etienne","01/17/2018 18:20:27","DAT1",264,21
919755,"FC Metz","AS Saint Etienne","01/17/2018 18:20:31","SHG1",265,21
919755,"FC Metz","AS Saint Etienne","01/17/2018 18:20:33","SHG1",266,21
919755,"FC Metz","AS Saint Etienne","01/17/2018 18:20:41","Possible Free Kick",267,21
919755,"FC Metz","AS Saint Etienne","01/17/2018 18:20:44","SAFE2",269,21
919755,"FC Metz","AS Saint Etienne","01/17/2018 18:20:44","F1",270,21
919755,"FC Metz","AS Saint Etienne","01/17/2018 18:20:44","FK2",271,21
919755,"FC Metz","AS Saint Etienne","01/17/2018 18:20:44","Ball Position",272,21
919755,"FC Metz","AS Saint Etienne","01/17/2018 18:20:58","Restart",273,21
919755,"FC Metz","AS Saint Etienne","01/17/2018 18:20:58","AT2",274,21
919755,"FC Metz","AS Saint Etienne","01/17/2018 18:21:07","DANGER2",275,22
919755,"FC Metz","AS Saint Etienne","01/17/2018 18:21:07","DAT2",276,22
919755,"FC Metz","AS Saint Etienne","01/17/2018 18:21:12","SAFE2",277,22
919755,"FC Metz","AS Saint Etienne","01/17/2018 18:21:19","AT2",278,22
919755,"FC Metz","AS Saint Etienne","01/17/2018 18:21:21","SAFE1",279,22
919755,"FC Metz","AS Saint Etienne","01/17/2018 18:21:37","AT2",280,22
919755,"FC Metz","AS Saint Etienne","01/17/2018 18:21:38","POSSIBLE_TI",281,22
919755,"FC Metz","AS Saint Etienne","01/17/2018 18:21:38","TI2",282,22
919755,"FC Metz","AS Saint Etienne","01/17/2018 18:21:49","CLS",283,22
919755,"FC Metz","AS Saint Etienne","01/17/2018 18:21:51","TI1",284,22
919755,"FC Metz","AS Saint Etienne","01/17/2018 18:21:53","SAFE1",285,22
919755,"FC Metz","AS Saint Etienne","01/17/2018 18:21:58","Restart",286,22
919755,"FC Metz","AS Saint Etienne","01/17/2018 18:21:59","AT1",287,23
919755,"FC Metz","AS Saint Etienne","01/17/2018 18:22:01","SAFE2",288,23
919755,"FC Metz","AS Saint Etienne","01/17/2018 18:22:09","AT2",289,23
919755,"FC Metz","AS Saint Etienne","01/17/2018 18:22:15","SAFE1",290,23
919755,"FC Metz","AS Saint Etienne","01/17/2018 18:22:16","AT1",291,23
919755,"FC Metz","AS Saint Etienne","01/17/2018 18:22:18","Possible Free Kick",292,23
919755,"FC Metz","AS Saint Etienne","01/17/2018 18:22:20","SAFE2",294,23
919755,"FC Metz","AS Saint Etienne","01/17/2018 18:22:20","O1",295,23
919755,"FC Metz","AS Saint Etienne","01/17/2018 18:22:20","FK2",296,23
919755,"FC Metz","AS Saint Etienne","01/17/2018 18:22:20","Ball Position",297,23
919755,"FC Metz","AS Saint Etienne","01/17/2018 18:22:30","Restart",298,23
919755,"FC Metz","AS Saint Etienne","01/17/2018 18:23:05","AT1",299,24
919755,"FC Metz","AS Saint Etienne","01/17/2018 18:23:05","DANGER1",300,24
919755,"FC Metz","AS Saint Etienne","01/17/2018 18:23:05","DAT1",301,24
919755,"FC Metz","AS Saint Etienne","01/17/2018 18:23:11","SAFE2",302,24
919755,"FC Metz","AS Saint Etienne","01/17/2018 18:23:32","AT2",303,24
919755,"FC Metz","AS Saint Etienne","01/17/2018 18:23:43","SAFE1",304,24
919755,"FC Metz","AS Saint Etienne","01/17/2018 18:24:01","AT1",305,25
919755,"FC Metz","AS Saint Etienne","01/17/2018 18:24:04","SAFE2",306,25
919755,"FC Metz","AS Saint Etienne","01/17/2018 18:24:08","AT2",307,25
919755,"FC Metz","AS Saint Etienne","01/17/2018 18:24:13","SAFE2",308,25
919755,"FC Metz","AS Saint Etienne","01/17/2018 18:24:19","SAFE1",309,25
919755,"FC Metz","AS Saint Etienne","01/17/2018 18:24:33","Referee Ball",310,25
919755,"FC Metz","AS Saint Etienne","01/17/2018 18:24:38","Injury Break",311,25
919755,"FC Metz","AS Saint Etienne","01/17/2018 18:25:40","Restart",312,26
919755,"FC Metz","AS Saint Etienne","01/17/2018 18:25:41","SAFE1",313,26
919755,"FC Metz","AS Saint Etienne","01/17/2018 18:26:06","SAFE2",314,27
919755,"FC Metz","AS Saint Etienne","01/17/2018 18:26:10","AT2",315,27
919755,"FC Metz","AS Saint Etienne","01/17/2018 18:26:14","SAFE1",316,27
919755,"FC Metz","AS Saint Etienne","01/17/2018 18:26:14","AT1",317,27
919755,"FC Metz","AS Saint Etienne","01/17/2018 18:26:20","DANGER1",318,27
919755,"FC Metz","AS Saint Etienne","01/17/2018 18:26:20","DAT1",319,27
919755,"FC Metz","AS Saint Etienne","01/17/2018 18:26:25","SHG1",320,27
919755,"FC Metz","AS Saint Etienne","01/17/2018 18:26:26","SHG1",321,27
919755,"FC Metz","AS Saint Etienne","01/17/2018 18:26:28","SAFE2",322,27
919755,"FC Metz","AS Saint Etienne","01/17/2018 18:27:13","AT2",323,28
919755,"FC Metz","AS Saint Etienne","01/17/2018 18:27:18","SAFE1",324,28
919755,"FC Metz","AS Saint Etienne","01/17/2018 18:27:18","POSSIBLE_TI",325,28
919755,"FC Metz","AS Saint Etienne","01/17/2018 18:27:19","TI1",326,28
919755,"FC Metz","AS Saint Etienne","01/17/2018 18:27:34","Restart",327,28
919755,"FC Metz","AS Saint Etienne","01/17/2018 18:27:37","SAFE2",328,28
919755,"FC Metz","AS Saint Etienne","01/17/2018 18:27:38","POSSIBLE_TI",329,28
919755,"FC Metz","AS Saint Etienne","01/17/2018 18:27:39","TI2",330,28
919755,"FC Metz","AS Saint Etienne","01/17/2018 18:27:45","Restart",331,28
919755,"FC Metz","AS Saint Etienne","01/17/2018 18:27:52","AT2",332,28
919755,"FC Metz","AS Saint Etienne","01/17/2018 18:27:52","POSSIBLE_TI",333,28
919755,"FC Metz","AS Saint Etienne","01/17/2018 18:27:53","TI2",334,28
919755,"FC Metz","AS Saint Etienne","01/17/2018 18:27:58","Restart",335,28
919755,"FC Metz","AS Saint Etienne","01/17/2018 18:28:13","AT1",336,29
919755,"FC Metz","AS Saint Etienne","01/17/2018 18:28:13","DANGER1",337,29
919755,"FC Metz","AS Saint Etienne","01/17/2018 18:28:13","DAT1",338,29
919755,"FC Metz","AS Saint Etienne","01/17/2018 18:28:16","SAFE2",339,29
919755,"FC Metz","AS Saint Etienne","01/17/2018 18:28:53","AT2",340,29
919755,"FC Metz","AS Saint Etienne","01/17/2018 18:28:58","POSSIBLE_TI",341,29
919755,"FC Metz","AS Saint Etienne","01/17/2018 18:29:00","TI2",342,30
919755,"FC Metz","AS Saint Etienne","01/17/2018 18:29:02","Restart",343,30
919755,"FC Metz","AS Saint Etienne","01/17/2018 18:29:17","POSSIBLE_TI",344,30
919755,"FC Metz","AS Saint Etienne","01/17/2018 18:29:17","TI2",345,30
919755,"FC Metz","AS Saint Etienne","01/17/2018 18:29:19","Restart",346,30
919755,"FC Metz","AS Saint Etienne","01/17/2018 18:29:21","POSSIBLE_TI",347,30
919755,"FC Metz","AS Saint Etienne","01/17/2018 18:29:22","TI2",348,30
919755,"FC Metz","AS Saint Etienne","01/17/2018 18:29:26","Restart",349,30
919755,"FC Metz","AS Saint Etienne","01/17/2018 18:29:32","SAFE2",350,30
919755,"FC Metz","AS Saint Etienne","01/17/2018 18:29:34","AT2",351,30
919755,"FC Metz","AS Saint Etienne","01/17/2018 18:29:37","SAFE1",352,30
919755,"FC Metz","AS Saint Etienne","01/17/2018 18:29:39","AT1",353,30
919755,"FC Metz","AS Saint Etienne","01/17/2018 18:29:43","DANGER1",354,30
919755,"FC Metz","AS Saint Etienne","01/17/2018 18:29:43","DAT1",355,30
919755,"FC Metz","AS Saint Etienne","01/17/2018 18:29:51","POSSIBLE_TI",356,30
919755,"FC Metz","AS Saint Etienne","01/17/2018 18:29:53","TI1",357,30
919755,"FC Metz","AS Saint Etienne","01/17/2018 18:30:09","Restart",358,31
919755,"FC Metz","AS Saint Etienne","01/17/2018 18:30:13","SAFE2",359,31
919755,"FC Metz","AS Saint Etienne","01/17/2018 18:30:19","SAFE1",360,31
919755,"FC Metz","AS Saint Etienne","01/17/2018 18:30:23","AT1",361,31
919755,"FC Metz","AS Saint Etienne","01/17/2018 18:30:29","DANGER1",362,31
919755,"FC Metz","AS Saint Etienne","01/17/2018 18:30:29","DAT1",363,31
919755,"FC Metz","AS Saint Etienne","01/17/2018 18:30:44","SHG1",364,31
919755,"FC Metz","AS Saint Etienne","01/17/2018 18:30:45","SAFE2",365,31
919755,"FC Metz","AS Saint Etienne","01/17/2018 18:31:28","SAFE1",366,32
919755,"FC Metz","AS Saint Etienne","01/17/2018 18:31:28","POSSIBLE_TI",367,32
919755,"FC Metz","AS Saint Etienne","01/17/2018 18:31:28","TI1",368,32
919755,"FC Metz","AS Saint Etienne","01/17/2018 18:31:37","Restart",369,32
919755,"FC Metz","AS Saint Etienne","01/17/2018 18:31:41","AT1",370,32
919755,"FC Metz","AS Saint Etienne","01/17/2018 18:31:41","Possible Free Kick",371,32
919755,"FC Metz","AS Saint Etienne","01/17/2018 18:31:46","F2",373,32
919755,"FC Metz","AS Saint Etienne","01/17/2018 18:31:46","FK1",374,32
919755,"FC Metz","AS Saint Etienne","01/17/2018 18:31:46","DANGER1",375,32
919755,"FC Metz","AS Saint Etienne","01/17/2018 18:31:46","DFK1",376,32
919755,"FC Metz","AS Saint Etienne","01/17/2018 18:31:46","Ball Position",377,32
919755,"FC Metz","AS Saint Etienne","01/17/2018 18:32:00","Restart",378,33
919755,"FC Metz","AS Saint Etienne","01/17/2018 18:32:01","SAFE1",379,33
919755,"FC Metz","AS Saint Etienne","01/17/2018 18:32:07","AT1",380,33
919755,"FC Metz","AS Saint Etienne","01/17/2018 18:32:10","DANGER1",381,33
919755,"FC Metz","AS Saint Etienne","01/17/2018 18:32:10","DAT1",382,33
919755,"FC Metz","AS Saint Etienne","01/17/2018 18:32:26","PCR1",383,33
919755,"FC Metz","AS Saint Etienne","01/17/2018 18:32:35","SHB1",384,33
919755,"FC Metz","AS Saint Etienne","01/17/2018 18:32:36","NCR1",385,33
919755,"FC Metz","AS Saint Etienne","01/17/2018 18:32:37","SAFE2",386,33
919755,"FC Metz","AS Saint Etienne","01/17/2018 18:32:37","GK2",387,33
919755,"FC Metz","AS Saint Etienne","01/17/2018 18:32:41","Restart",388,33
919755,"FC Metz","AS Saint Etienne","01/17/2018 18:32:58","SAFE1",389,33
919755,"FC Metz","AS Saint Etienne","01/17/2018 18:33:09","SAFE2",390,34
919755,"FC Metz","AS Saint Etienne","01/17/2018 18:33:36","AT2",391,34
919755,"FC Metz","AS Saint Etienne","01/17/2018 18:33:41","Possible Free Kick",392,34
919755,"FC Metz","AS Saint Etienne","01/17/2018 18:33:46","SAFE1",394,34
919755,"FC Metz","AS Saint Etienne","01/17/2018 18:33:46","O2",395,34
919755,"FC Metz","AS Saint Etienne","01/17/2018 18:33:46","FK1",396,34
919755,"FC Metz","AS Saint Etienne","01/17/2018 18:33:46","Ball Position",397,34
919755,"FC Metz","AS Saint Etienne","01/17/2018 18:33:58","Restart",398,34
919755,"FC Metz","AS Saint Etienne","01/17/2018 18:34:05","SAFE2",399,35
919755,"FC Metz","AS Saint Etienne","01/17/2018 18:34:08","AT2",400,35
919755,"FC Metz","AS Saint Etienne","01/17/2018 18:34:13","SAFE1",401,35
919755,"FC Metz","AS Saint Etienne","01/17/2018 18:34:17","AT2",402,35
919755,"FC Metz","AS Saint Etienne","01/17/2018 18:34:20","SAFE1",403,35
919755,"FC Metz","AS Saint Etienne","01/17/2018 18:34:38","AT1",404,35
919755,"FC Metz","AS Saint Etienne","01/17/2018 18:34:41","SAFE2",405,35
919755,"FC Metz","AS Saint Etienne","01/17/2018 18:34:41","POSSIBLE_TI",406,35
919755,"FC Metz","AS Saint Etienne","01/17/2018 18:34:42","TI2",407,35
919755,"FC Metz","AS Saint Etienne","01/17/2018 18:34:47","Restart",408,35
919755,"FC Metz","AS Saint Etienne","01/17/2018 18:34:53","AT2",409,35
919755,"FC Metz","AS Saint Etienne","01/17/2018 18:34:57","DANGER2",410,35
919755,"FC Metz","AS Saint Etienne","01/17/2018 18:34:57","DAT2",411,35
919755,"FC Metz","AS Saint Etienne","01/17/2018 18:35:00","PCR2",412,36
919755,"FC Metz","AS Saint Etienne","01/17/2018 18:35:03","NCR2",413,36
919755,"FC Metz","AS Saint Etienne","01/17/2018 18:35:03","SAFE1",414,36
919755,"FC Metz","AS Saint Etienne","01/17/2018 18:35:04","GK1",415,36
919755,"FC Metz","AS Saint Etienne","01/17/2018 18:35:20","Restart",416,36
919755,"FC Metz","AS Saint Etienne","01/17/2018 18:35:28","AT1",417,36
919755,"FC Metz","AS Saint Etienne","01/17/2018 18:35:28","POSSIBLE_TI",418,36
919755,"FC Metz","AS Saint Etienne","01/17/2018 18:35:29","TI1",419,36
919755,"FC Metz","AS Saint Etienne","01/17/2018 18:35:40","Restart",420,36
919755,"FC Metz","AS Saint Etienne","01/17/2018 18:35:46","AT2",421,36
919755,"FC Metz","AS Saint Etienne","01/17/2018 18:35:46","DANGER2",422,36
919755,"FC Metz","AS Saint Etienne","01/17/2018 18:35:46","DAT2",423,36
919755,"FC Metz","AS Saint Etienne","01/17/2018 18:35:58","POSSIBLE_TI",424,36
919755,"FC Metz","AS Saint Etienne","01/17/2018 18:35:59","TI2",425,36
919755,"FC Metz","AS Saint Etienne","01/17/2018 18:36:05","Restart",426,37
919755,"FC Metz","AS Saint Etienne","01/17/2018 18:36:13","SAFE1",427,37
919755,"FC Metz","AS Saint Etienne","01/17/2018 18:36:15","Possible Free Kick",428,37
919755,"FC Metz","AS Saint Etienne","01/17/2018 18:36:16","POSSIBLE_CARDS",430,37
919755,"FC Metz","AS Saint Etienne","01/17/2018 18:36:21","YC2",431,37
919755,"FC Metz","AS Saint Etienne","01/17/2018 18:36:26","CONF_YC2",432,37
919755,"FC Metz","AS Saint Etienne","01/17/2018 18:36:31","Scorer",433,37
919755,"FC Metz","AS Saint Etienne","01/17/2018 18:36:32","YC1",434,37
919755,"FC Metz","AS Saint Etienne","01/17/2018 18:36:33","Scorer",435,37
919755,"FC Metz","AS Saint Etienne","01/17/2018 18:36:34","Player_DATA_CONFIRMED",436,37
919755,"FC Metz","AS Saint Etienne","01/17/2018 18:36:46","CONF_YC1",437,37
919755,"FC Metz","AS Saint Etienne","01/17/2018 18:36:56","Scorer",438,37
919755,"FC Metz","AS Saint Etienne","01/17/2018 18:36:58","Scorer",439,37
919755,"FC Metz","AS Saint Etienne","01/17/2018 18:36:58","Player_DATA_CONFIRMED",440,37
919755,"FC Metz","AS Saint Etienne","01/17/2018 18:36:59","F2",441,37
919755,"FC Metz","AS Saint Etienne","01/17/2018 18:36:59","FK1",442,37
919755,"FC Metz","AS Saint Etienne","01/17/2018 18:36:59","Ball Position",443,37
919755,"FC Metz","AS Saint Etienne","01/17/2018 18:37:10","Restart",444,38
919755,"FC Metz","AS Saint Etienne","01/17/2018 18:37:13","AT1",445,38
919755,"FC Metz","AS Saint Etienne","01/17/2018 18:37:15","SAFE2",446,38
919755,"FC Metz","AS Saint Etienne","01/17/2018 18:37:15","POSSIBLE_TI",447,38
919755,"FC Metz","AS Saint Etienne","01/17/2018 18:37:16","TI2",448,38
919755,"FC Metz","AS Saint Etienne","01/17/2018 18:37:20","Restart",449,38
919755,"FC Metz","AS Saint Etienne","01/17/2018 18:37:27","AT2",450,38
919755,"FC Metz","AS Saint Etienne","01/17/2018 18:37:29","SAFE2",451,38
919755,"FC Metz","AS Saint Etienne","01/17/2018 18:37:31","AT2",452,38
919755,"FC Metz","AS Saint Etienne","01/17/2018 18:37:36","POSSIBLE_TI",453,38
919755,"FC Metz","AS Saint Etienne","01/17/2018 18:37:36","TI2",454,38
919755,"FC Metz","AS Saint Etienne","01/17/2018 18:37:38","Restart",455,38
919755,"FC Metz","AS Saint Etienne","01/17/2018 18:37:50","SAFE1",456,38
919755,"FC Metz","AS Saint Etienne","01/17/2018 18:37:53","AT2",457,38
919755,"FC Metz","AS Saint Etienne","01/17/2018 18:37:53","POSSIBLE_TI",458,38
919755,"FC Metz","AS Saint Etienne","01/17/2018 18:37:54","TI2",459,38
919755,"FC Metz","AS Saint Etienne","01/17/2018 18:37:55","Restart",460,38
919755,"FC Metz","AS Saint Etienne","01/17/2018 18:38:00","SAFE1",461,39
919755,"FC Metz","AS Saint Etienne","01/17/2018 18:38:09","AT2",462,39
919755,"FC Metz","AS Saint Etienne","01/17/2018 18:38:13","SAFE1",463,39
919755,"FC Metz","AS Saint Etienne","01/17/2018 18:38:19","SAFE2",464,39
919755,"FC Metz","AS Saint Etienne","01/17/2018 18:38:35","POSSIBLE_TI",465,39
919755,"FC Metz","AS Saint Etienne","01/17/2018 18:38:36","TI2",466,39
919755,"FC Metz","AS Saint Etienne","01/17/2018 18:38:40","Restart",467,39
919755,"FC Metz","AS Saint Etienne","01/17/2018 18:38:44","Scorer",468,39
919755,"FC Metz","AS Saint Etienne","01/17/2018 18:38:50","AT2",469,39
919755,"FC Metz","AS Saint Etienne","01/17/2018 18:38:56","SAFE1",470,39
919755,"FC Metz","AS Saint Etienne","01/17/2018 18:38:57","SAFE2",471,39
919755,"FC Metz","AS Saint Etienne","01/17/2018 18:39:01","AT2",472,40
919755,"FC Metz","AS Saint Etienne","01/17/2018 18:39:02","AT1",473,40
919755,"FC Metz","AS Saint Etienne","01/17/2018 18:39:02","DANGER1",474,40
919755,"FC Metz","AS Saint Etienne","01/17/2018 18:39:02","DAT1",475,40
919755,"FC Metz","AS Saint Etienne","01/17/2018 18:39:04","Possible Free Kick",476,40
919755,"FC Metz","AS Saint Etienne","01/17/2018 18:39:13","F2",478,40
919755,"FC Metz","AS Saint Etienne","01/17/2018 18:39:13","FK1",479,40
919755,"FC Metz","AS Saint Etienne","01/17/2018 18:39:13","DFK1",480,40
919755,"FC Metz","AS Saint Etienne","01/17/2018 18:39:13","Ball Position",481,40
919755,"FC Metz","AS Saint Etienne","01/17/2018 18:39:28","SUB2",482,40
919755,"FC Metz","AS Saint Etienne","01/17/2018 18:39:37","Restart",483,40
919755,"FC Metz","AS Saint Etienne","01/17/2018 18:39:40","CLS",484,40
919755,"FC Metz","AS Saint Etienne","01/17/2018 18:39:56","Restart",485,40
919755,"FC Metz","AS Saint Etienne","01/17/2018 18:39:56","Player_DATA_CONFIRMED",486,40
919755,"FC Metz","AS Saint Etienne","01/17/2018 18:40:10","SAFE2",487,41
919755,"FC Metz","AS Saint Etienne","01/17/2018 18:40:24","SAFE1",488,41
919755,"FC Metz","AS Saint Etienne","01/17/2018 18:40:34","POSSIBLE_TI",489,41
919755,"FC Metz","AS Saint Etienne","01/17/2018 18:40:35","TI1",490,41
919755,"FC Metz","AS Saint Etienne","01/17/2018 18:40:57","Restart",491,41
919755,"FC Metz","AS Saint Etienne","01/17/2018 18:41:03","AT2",492,42
919755,"FC Metz","AS Saint Etienne","01/17/2018 18:41:03","DANGER2",493,42
919755,"FC Metz","AS Saint Etienne","01/17/2018 18:41:03","DAT2",494,42
919755,"FC Metz","AS Saint Etienne","01/17/2018 18:41:05","Possible Free Kick",495,42
919755,"FC Metz","AS Saint Etienne","01/17/2018 18:41:08","SAFE1",497,42
919755,"FC Metz","AS Saint Etienne","01/17/2018 18:41:08","O2",498,42
919755,"FC Metz","AS Saint Etienne","01/17/2018 18:41:08","FK1",499,42
919755,"FC Metz","AS Saint Etienne","01/17/2018 18:41:08","Ball Position",500,42
919755,"FC Metz","AS Saint Etienne","01/17/2018 18:41:33","Restart",501,42
919755,"FC Metz","AS Saint Etienne","01/17/2018 18:41:41","SAFE2",502,42
919755,"FC Metz","AS Saint Etienne","01/17/2018 18:41:42","AT2",503,42
919755,"FC Metz","AS Saint Etienne","01/17/2018 18:41:44","DANGER2",504,42
919755,"FC Metz","AS Saint Etienne","01/17/2018 18:41:44","DAT2",505,42
919755,"FC Metz","AS Saint Etienne","01/17/2018 18:41:51","POSSIBLE_TI",506,42
919755,"FC Metz","AS Saint Etienne","01/17/2018 18:41:52","TI2",507,42
919755,"FC Metz","AS Saint Etienne","01/17/2018 18:41:54","Restart",508,42
919755,"FC Metz","AS Saint Etienne","01/17/2018 18:42:03","SAFE1",509,43
919755,"FC Metz","AS Saint Etienne","01/17/2018 18:42:05","AT1",510,43
919755,"FC Metz","AS Saint Etienne","01/17/2018 18:42:17","SAFE1",511,43
919755,"FC Metz","AS Saint Etienne","01/17/2018 18:42:27","AT1",512,43
919755,"FC Metz","AS Saint Etienne","01/17/2018 18:42:27","DANGER1",513,43
919755,"FC Metz","AS Saint Etienne","01/17/2018 18:42:27","DAT1",514,43
919755,"FC Metz","AS Saint Etienne","01/17/2018 18:42:39","SHB1",515,43
919755,"FC Metz","AS Saint Etienne","01/17/2018 18:42:42","SAFE2",516,43
919755,"FC Metz","AS Saint Etienne","01/17/2018 18:42:42","GK2",517,43
919755,"FC Metz","AS Saint Etienne","01/17/2018 18:42:59","Restart",518,43
919755,"FC Metz","AS Saint Etienne","01/17/2018 18:43:04","AT1",519,44
919755,"FC Metz","AS Saint Etienne","01/17/2018 18:43:09","DANGER1",520,44
919755,"FC Metz","AS Saint Etienne","01/17/2018 18:43:09","DAT1",521,44
919755,"FC Metz","AS Saint Etienne","01/17/2018 18:43:11","POSSIBLE_TI",522,44
919755,"FC Metz","AS Saint Etienne","01/17/2018 18:43:13","TI1",523,44
919755,"FC Metz","AS Saint Etienne","01/17/2018 18:43:24","Restart",524,44
919755,"FC Metz","AS Saint Etienne","01/17/2018 18:43:31","SAFE2",525,44
919755,"FC Metz","AS Saint Etienne","01/17/2018 18:43:34","AT1",526,44
919755,"FC Metz","AS Saint Etienne","01/17/2018 18:43:36","DANGER1",527,44
919755,"FC Metz","AS Saint Etienne","01/17/2018 18:43:36","DAT1",528,44
919755,"FC Metz","AS Saint Etienne","01/17/2018 18:43:41","SAFE2",529,44
919755,"FC Metz","AS Saint Etienne","01/17/2018 18:43:45","AT2",530,44
919755,"FC Metz","AS Saint Etienne","01/17/2018 18:43:45","DANGER2",531,44
919755,"FC Metz","AS Saint Etienne","01/17/2018 18:43:45","DAT2",532,44
919755,"FC Metz","AS Saint Etienne","01/17/2018 18:43:48","SHG2",533,44
919755,"FC Metz","AS Saint Etienne","01/17/2018 18:44:01","SHG2",534,45
919755,"FC Metz","AS Saint Etienne","01/17/2018 18:44:07","POSSIBLE_TI",535,45
919755,"FC Metz","AS Saint Etienne","01/17/2018 18:44:08","TI2",536,45
919755,"FC Metz","AS Saint Etienne","01/17/2018 18:44:09","Restart",537,45
919755,"FC Metz","AS Saint Etienne","01/17/2018 18:44:16","Possible Free Kick",538,45
919755,"FC Metz","AS Saint Etienne","01/17/2018 18:44:21","SAFE1",540,45
919755,"FC Metz","AS Saint Etienne","01/17/2018 18:44:21","O2",541,45
919755,"FC Metz","AS Saint Etienne","01/17/2018 18:44:21","FK1",542,45
919755,"FC Metz","AS Saint Etienne","01/17/2018 18:44:22","Ball Position",543,45
919755,"FC Metz","AS Saint Etienne","01/17/2018 18:44:42","Restart",544,45
919755,"FC Metz","AS Saint Etienne","01/17/2018 18:44:48","AT1",545,45
919755,"FC Metz","AS Saint Etienne","01/17/2018 18:44:49","POSSIBLE_TI",546,45
919755,"FC Metz","AS Saint Etienne","01/17/2018 18:44:50","TI1",547,45
919755,"FC Metz","AS Saint Etienne","01/17/2018 18:44:56","Restart",548,45
919755,"FC Metz","AS Saint Etienne","01/17/2018 18:45:02","Extra Time",549,46
919755,"FC Metz","AS Saint Etienne","01/17/2018 18:45:16","SAFE2",550,46
919755,"FC Metz","AS Saint Etienne","01/17/2018 18:45:16","POSSIBLE_TI",551,46
919755,"FC Metz","AS Saint Etienne","01/17/2018 18:45:18","TI2",552,46
919755,"FC Metz","AS Saint Etienne","01/17/2018 18:45:20","Restart",553,46
919755,"FC Metz","AS Saint Etienne","01/17/2018 18:45:32","SAFE1",554,46
919755,"FC Metz","AS Saint Etienne","01/17/2018 18:45:33","AT1",555,46
919755,"FC Metz","AS Saint Etienne","01/17/2018 18:45:38","SAFE2",556,46
919755,"FC Metz","AS Saint Etienne","01/17/2018 18:45:41","AT2",557,46
919755,"FC Metz","AS Saint Etienne","01/17/2018 18:45:45","POSSIBLE_TI",558,46
919755,"FC Metz","AS Saint Etienne","01/17/2018 18:45:46","TI2",559,46
919755,"FC Metz","AS Saint Etienne","01/17/2018 18:45:49","Restart",560,46
919755,"FC Metz","AS Saint Etienne","01/17/2018 18:45:59","SAFE2",561,46
919755,"FC Metz","AS Saint Etienne","01/17/2018 18:46:02","AT2",562,47
919755,"FC Metz","AS Saint Etienne","01/17/2018 18:46:03","SAFE1",563,47
919755,"FC Metz","AS Saint Etienne","01/17/2018 18:46:11","AT1",564,47
919755,"FC Metz","AS Saint Etienne","01/17/2018 18:46:15","DANGER1",565,47
919755,"FC Metz","AS Saint Etienne","01/17/2018 18:46:15","DAT1",566,47
919755,"FC Metz","AS Saint Etienne","01/17/2018 18:46:21","SAFE2",567,47
919755,"FC Metz","AS Saint Etienne","01/17/2018 18:46:22","GK2",568,47
919755,"FC Metz","AS Saint Etienne","01/17/2018 18:46:25","Restart",569,47
919755,"FC Metz","AS Saint Etienne","01/17/2018 18:46:37","AT1",570,47
919755,"FC Metz","AS Saint Etienne","01/17/2018 18:46:39","DANGER1",571,47
919755,"FC Metz","AS Saint Etienne","01/17/2018 18:46:39","DAT1",572,47
919755,"FC Metz","AS Saint Etienne","01/17/2018 18:46:41","SHG1",573,47
919755,"FC Metz","AS Saint Etienne","01/17/2018 18:46:42","SAFE2",574,47
919755,"FC Metz","AS Saint Etienne","01/17/2018 18:46:47","AT2",575,47
919755,"FC Metz","AS Saint Etienne","01/17/2018 18:46:53","POSSIBLE_TI",576,47
919755,"FC Metz","AS Saint Etienne","01/17/2018 18:46:54","TI2",577,47
919755,"FC Metz","AS Saint Etienne","01/17/2018 18:46:56","Restart",578,47
919755,"FC Metz","AS Saint Etienne","01/17/2018 18:47:00","SAFE1",579,48
919755,"FC Metz","AS Saint Etienne","01/17/2018 18:47:02","Stop RT1",580,48
919755,"FC Metz","AS Saint Etienne","01/17/2018 18:47:08","CONF_PERIOD_SCORE",581,45
919755,"FC Metz","AS Saint Etienne","01/17/2018 18:47:13","GCC",582,45
919755,"FC Metz","AS Saint Etienne","01/17/2018 18:59:43","Players are coming out",583,45
919755,"FC Metz","AS Saint Etienne","01/17/2018 19:02:44","Game about to start",584,45
919755,"FC Metz","AS Saint Etienne","01/17/2018 19:03:10","Start RT2 Team 1",585,46
919755,"FC Metz","AS Saint Etienne","01/17/2018 19:03:18","GCC",586,46
919755,"FC Metz","AS Saint Etienne","01/17/2018 19:03:24","AT1",587,46
919755,"FC Metz","AS Saint Etienne","01/17/2018 19:03:24","DANGER1",588,46
919755,"FC Metz","AS Saint Etienne","01/17/2018 19:03:24","DAT1",589,46
919755,"FC Metz","AS Saint Etienne","01/17/2018 19:03:35","SHB1",590,46
919755,"FC Metz","AS Saint Etienne","01/17/2018 19:03:36","SAFE2",591,46
919755,"FC Metz","AS Saint Etienne","01/17/2018 19:03:36","GK2",592,46
919755,"FC Metz","AS Saint Etienne","01/17/2018 19:03:53","Restart",593,46
919755,"FC Metz","AS Saint Etienne","01/17/2018 19:03:54","AT2",594,46
919755,"FC Metz","AS Saint Etienne","01/17/2018 19:04:03","SAFE2",595,46
919755,"FC Metz","AS Saint Etienne","01/17/2018 19:04:05","Possible Free Kick",596,46
919755,"FC Metz","AS Saint Etienne","01/17/2018 19:04:10","F1",598,46
919755,"FC Metz","AS Saint Etienne","01/17/2018 19:04:10","FK2",599,46
919755,"FC Metz","AS Saint Etienne","01/17/2018 19:04:10","Ball Position",600,46
919755,"FC Metz","AS Saint Etienne","01/17/2018 19:04:11","Restart",601,47
919755,"FC Metz","AS Saint Etienne","01/17/2018 19:04:15","AT2",602,47
919755,"FC Metz","AS Saint Etienne","01/17/2018 19:04:22","DANGER2",603,47
919755,"FC Metz","AS Saint Etienne","01/17/2018 19:04:22","DAT2",604,47
919755,"FC Metz","AS Saint Etienne","01/17/2018 19:04:23","BLOCKED2",605,47
919755,"FC Metz","AS Saint Etienne","01/17/2018 19:04:25","SAFE1",606,47
919755,"FC Metz","AS Saint Etienne","01/17/2018 19:04:28","Possible Free Kick",607,47
919755,"FC Metz","AS Saint Etienne","01/17/2018 19:04:29","POSSIBLE_CARDS",609,47
919755,"FC Metz","AS Saint Etienne","01/17/2018 19:05:01","F2",610,47
919755,"FC Metz","AS Saint Etienne","01/17/2018 19:05:01","FK1",611,47
919755,"FC Metz","AS Saint Etienne","01/17/2018 19:05:01","Ball Position",612,47
919755,"FC Metz","AS Saint Etienne","01/17/2018 19:05:03","NO_Cards",613,47
919755,"FC Metz","AS Saint Etienne","01/17/2018 19:05:14","Restart",614,48
919755,"FC Metz","AS Saint Etienne","01/17/2018 19:05:22","SAFE2",615,48
919755,"FC Metz","AS Saint Etienne","01/17/2018 19:05:25","AT2",616,48
919755,"FC Metz","AS Saint Etienne","01/17/2018 19:05:30","SAFE1",617,48
919755,"FC Metz","AS Saint Etienne","01/17/2018 19:05:45","AT1",618,48
919755,"FC Metz","AS Saint Etienne","01/17/2018 19:05:45","DANGER1",619,48
919755,"FC Metz","AS Saint Etienne","01/17/2018 19:05:45","DAT1",620,48
919755,"FC Metz","AS Saint Etienne","01/17/2018 19:05:47","Possible Free Kick",621,48
919755,"FC Metz","AS Saint Etienne","01/17/2018 19:05:51","SAFE2",623,48
919755,"FC Metz","AS Saint Etienne","01/17/2018 19:05:51","O1",624,48
919755,"FC Metz","AS Saint Etienne","01/17/2018 19:05:51","FK2",625,48
919755,"FC Metz","AS Saint Etienne","01/17/2018 19:05:51","Ball Position",626,48
919755,"FC Metz","AS Saint Etienne","01/17/2018 19:05:57","Restart",627,48
919755,"FC Metz","AS Saint Etienne","01/17/2018 19:06:20","AT2",628,49
919755,"FC Metz","AS Saint Etienne","01/17/2018 19:06:23","SAFE1",629,49
919755,"FC Metz","AS Saint Etienne","01/17/2018 19:06:31","SAFE2",630,49
919755,"FC Metz","AS Saint Etienne","01/17/2018 19:06:49","AT2",631,49
919755,"FC Metz","AS Saint Etienne","01/17/2018 19:06:49","DANGER2",632,49
919755,"FC Metz","AS Saint Etienne","01/17/2018 19:06:49","DAT2",633,49
919755,"FC Metz","AS Saint Etienne","01/17/2018 19:06:57","SAFE1",634,49
919755,"FC Metz","AS Saint Etienne","01/17/2018 19:07:04","POSSIBLE_TI",635,49
919755,"FC Metz","AS Saint Etienne","01/17/2018 19:07:05","TI1",636,49
919755,"FC Metz","AS Saint Etienne","01/17/2018 19:07:19","Restart",637,50
919755,"FC Metz","AS Saint Etienne","01/17/2018 19:07:26","AT1",638,50
919755,"FC Metz","AS Saint Etienne","01/17/2018 19:07:28","DANGER1",639,50
919755,"FC Metz","AS Saint Etienne","01/17/2018 19:07:28","DAT1",640,50
919755,"FC Metz","AS Saint Etienne","01/17/2018 19:07:33","SAFE2",641,50
919755,"FC Metz","AS Saint Etienne","01/17/2018 19:07:33","POSSIBLE_TI",642,50
919755,"FC Metz","AS Saint Etienne","01/17/2018 19:07:35","TI2",643,50
919755,"FC Metz","AS Saint Etienne","01/17/2018 19:07:39","Restart",644,50
919755,"FC Metz","AS Saint Etienne","01/17/2018 19:07:48","POSSIBLE_TI",645,50
919755,"FC Metz","AS Saint Etienne","01/17/2018 19:07:48","TI2",646,50
919755,"FC Metz","AS Saint Etienne","01/17/2018 19:07:59","Restart",647,50
919755,"FC Metz","AS Saint Etienne","01/17/2018 19:08:04","AT1",648,50
919755,"FC Metz","AS Saint Etienne","01/17/2018 19:08:04","Possible Free Kick",649,50
919755,"FC Metz","AS Saint Etienne","01/17/2018 19:08:06","No Free Kick",651,50
919755,"FC Metz","AS Saint Etienne","01/17/2018 19:08:07","POSSIBLE_TI",652,50
919755,"FC Metz","AS Saint Etienne","01/17/2018 19:08:09","TI1",653,50
919755,"FC Metz","AS Saint Etienne","01/17/2018 19:08:10","Restart",654,50
919755,"FC Metz","AS Saint Etienne","01/17/2018 19:08:11","DANGER1",655,51
919755,"FC Metz","AS Saint Etienne","01/17/2018 19:08:11","DAT1",656,51
919755,"FC Metz","AS Saint Etienne","01/17/2018 19:08:15","SAFE2",657,51
919755,"FC Metz","AS Saint Etienne","01/17/2018 19:08:26","Possible Free Kick",658,51
919755,"FC Metz","AS Saint Etienne","01/17/2018 19:08:28","F1",660,51
919755,"FC Metz","AS Saint Etienne","01/17/2018 19:08:28","FK2",661,51
919755,"FC Metz","AS Saint Etienne","01/17/2018 19:08:28","Ball Position",662,51
919755,"FC Metz","AS Saint Etienne","01/17/2018 19:08:36","Restart",663,51
919755,"FC Metz","AS Saint Etienne","01/17/2018 19:08:36","POSSIBLE_TI",664,51
919755,"FC Metz","AS Saint Etienne","01/17/2018 19:08:38","TI2",665,51
919755,"FC Metz","AS Saint Etienne","01/17/2018 19:08:40","Restart",666,51
919755,"FC Metz","AS Saint Etienne","01/17/2018 19:08:50","AT2",667,51
919755,"FC Metz","AS Saint Etienne","01/17/2018 19:08:52","SAFE2",668,51
919755,"FC Metz","AS Saint Etienne","01/17/2018 19:09:01","AT2",669,51
919755,"FC Metz","AS Saint Etienne","01/17/2018 19:09:05","SAFE1",670,51
919755,"FC Metz","AS Saint Etienne","01/17/2018 19:09:10","SAFE2",671,51
919755,"FC Metz","AS Saint Etienne","01/17/2018 19:09:12","AT1",672,52
919755,"FC Metz","AS Saint Etienne","01/17/2018 19:09:14","DANGER1",673,52
919755,"FC Metz","AS Saint Etienne","01/17/2018 19:09:14","DAT1",674,52
919755,"FC Metz","AS Saint Etienne","01/17/2018 19:09:21","SAFE2",675,52
919755,"FC Metz","AS Saint Etienne","01/17/2018 19:09:22","GK2",676,52
919755,"FC Metz","AS Saint Etienne","01/17/2018 19:09:37","Restart",677,52
919755,"FC Metz","AS Saint Etienne","01/17/2018 19:09:43","SAFE1",678,52
919755,"FC Metz","AS Saint Etienne","01/17/2018 19:10:01","AT1",679,52
919755,"FC Metz","AS Saint Etienne","01/17/2018 19:10:08","DANGER1",680,52
919755,"FC Metz","AS Saint Etienne","01/17/2018 19:10:08","DAT1",681,52
919755,"FC Metz","AS Saint Etienne","01/17/2018 19:10:22","SAFE2",682,53
919755,"FC Metz","AS Saint Etienne","01/17/2018 19:10:38","AT2",683,53
919755,"FC Metz","AS Saint Etienne","01/17/2018 19:10:48","DANGER2",684,53
919755,"FC Metz","AS Saint Etienne","01/17/2018 19:10:48","DAT2",685,53
919755,"FC Metz","AS Saint Etienne","01/17/2018 19:10:50","Possible Free Kick",686,53
919755,"FC Metz","AS Saint Etienne","01/17/2018 19:10:52","SAFE1",688,53
919755,"FC Metz","AS Saint Etienne","01/17/2018 19:10:52","O2",689,53
919755,"FC Metz","AS Saint Etienne","01/17/2018 19:10:52","FK1",690,53
919755,"FC Metz","AS Saint Etienne","01/17/2018 19:10:52","Ball Position",691,53
919755,"FC Metz","AS Saint Etienne","01/17/2018 19:11:13","Restart",692,54
919755,"FC Metz","AS Saint Etienne","01/17/2018 19:11:24","AT1",693,54
919755,"FC Metz","AS Saint Etienne","01/17/2018 19:11:26","SAFE1",694,54
919755,"FC Metz","AS Saint Etienne","01/17/2018 19:11:28","AT1",695,54
919755,"FC Metz","AS Saint Etienne","01/17/2018 19:11:36","SAFE2",696,54
919755,"FC Metz","AS Saint Etienne","01/17/2018 19:11:42","SAFE1",697,54
919755,"FC Metz","AS Saint Etienne","01/17/2018 19:11:49","AT1",698,54
919755,"FC Metz","AS Saint Etienne","01/17/2018 19:12:00","SAFE2",699,54
919755,"FC Metz","AS Saint Etienne","01/17/2018 19:12:06","POSSIBLE_TI",700,54
919755,"FC Metz","AS Saint Etienne","01/17/2018 19:12:08","TI2",701,54
919755,"FC Metz","AS Saint Etienne","01/17/2018 19:12:13","Restart",702,55
919755,"FC Metz","AS Saint Etienne","01/17/2018 19:12:20","AT2",703,55
919755,"FC Metz","AS Saint Etienne","01/17/2018 19:12:22","DANGER2",704,55
919755,"FC Metz","AS Saint Etienne","01/17/2018 19:12:22","DAT2",705,55
919755,"FC Metz","AS Saint Etienne","01/17/2018 19:12:27","SAFE1",706,55
919755,"FC Metz","AS Saint Etienne","01/17/2018 19:12:30","AT1",707,55
919755,"FC Metz","AS Saint Etienne","01/17/2018 19:12:34","SAFE2",708,55
919755,"FC Metz","AS Saint Etienne","01/17/2018 19:12:50","AT1",709,55
919755,"FC Metz","AS Saint Etienne","01/17/2018 19:13:05","DANGER1",710,55
919755,"FC Metz","AS Saint Etienne","01/17/2018 19:13:05","DAT1",711,55
919755,"FC Metz","AS Saint Etienne","01/17/2018 19:13:13","SAFE2",712,56
919755,"FC Metz","AS Saint Etienne","01/17/2018 19:13:14","GK2",713,56
919755,"FC Metz","AS Saint Etienne","01/17/2018 19:13:29","Restart",714,56
919755,"FC Metz","AS Saint Etienne","01/17/2018 19:13:34","AT1",715,56
919755,"FC Metz","AS Saint Etienne","01/17/2018 19:13:42","Possible Free Kick",716,56
919755,"FC Metz","AS Saint Etienne","01/17/2018 19:13:44","SAFE2",718,56
919755,"FC Metz","AS Saint Etienne","01/17/2018 19:13:44","O1",719,56
919755,"FC Metz","AS Saint Etienne","01/17/2018 19:13:44","FK2",720,56
919755,"FC Metz","AS Saint Etienne","01/17/2018 19:13:44","Ball Position",721,56
919755,"FC Metz","AS Saint Etienne","01/17/2018 19:13:45","Restart",722,56
919755,"FC Metz","AS Saint Etienne","01/17/2018 19:13:46","AT2",723,56
919755,"FC Metz","AS Saint Etienne","01/17/2018 19:13:51","DANGER2",724,56
919755,"FC Metz","AS Saint Etienne","01/17/2018 19:13:51","DAT2",725,56
919755,"FC Metz","AS Saint Etienne","01/17/2018 19:13:55","PCR2",726,56
919755,"FC Metz","AS Saint Etienne","01/17/2018 19:14:04","CR2",727,56
919755,"FC Metz","AS Saint Etienne","01/17/2018 19:14:05","Ball Position",728,56
919755,"FC Metz","AS Saint Etienne","01/17/2018 19:14:16","Restart",729,57
919755,"FC Metz","AS Saint Etienne","01/17/2018 19:14:33","SHG2",730,57
919755,"FC Metz","AS Saint Etienne","01/17/2018 19:14:37","SHB2",731,57
919755,"FC Metz","AS Saint Etienne","01/17/2018 19:14:37","SAFE1",732,57
919755,"FC Metz","AS Saint Etienne","01/17/2018 19:14:38","GK1",733,57
919755,"FC Metz","AS Saint Etienne","01/17/2018 19:15:00","Restart",734,57
919755,"FC Metz","AS Saint Etienne","01/17/2018 19:15:11","AT2",735,58
919755,"FC Metz","AS Saint Etienne","01/17/2018 19:15:12","POSSIBLE_TI",736,58
919755,"FC Metz","AS Saint Etienne","01/17/2018 19:15:12","TI2",737,58
919755,"FC Metz","AS Saint Etienne","01/17/2018 19:15:24","Restart",738,58
919755,"FC Metz","AS Saint Etienne","01/17/2018 19:15:25","SAFE2",739,58
919755,"FC Metz","AS Saint Etienne","01/17/2018 19:15:32","AT2",740,58
919755,"FC Metz","AS Saint Etienne","01/17/2018 19:15:37","SAFE2",741,58
919755,"FC Metz","AS Saint Etienne","01/17/2018 19:15:47","AT2",742,58
919755,"FC Metz","AS Saint Etienne","01/17/2018 19:15:52","Possible Free Kick",743,58
919755,"FC Metz","AS Saint Etienne","01/17/2018 19:16:02","F1",745,58
919755,"FC Metz","AS Saint Etienne","01/17/2018 19:16:02","FK2",746,58
919755,"FC Metz","AS Saint Etienne","01/17/2018 19:16:02","DANGER2",747,58
919755,"FC Metz","AS Saint Etienne","01/17/2018 19:16:02","DFK2",748,58
919755,"FC Metz","AS Saint Etienne","01/17/2018 19:16:02","Ball Position",749,58
919755,"FC Metz","AS Saint Etienne","01/17/2018 19:16:07","Restart",750,58
919755,"FC Metz","AS Saint Etienne","01/17/2018 19:16:12","SAFE2",751,59
919755,"FC Metz","AS Saint Etienne","01/17/2018 19:16:31","AT2",752,59
919755,"FC Metz","AS Saint Etienne","01/17/2018 19:16:35","DANGER2",753,59
919755,"FC Metz","AS Saint Etienne","01/17/2018 19:16:35","DAT2",754,59
919755,"FC Metz","AS Saint Etienne","01/17/2018 19:16:39","SAFE1",755,59
919755,"FC Metz","AS Saint Etienne","01/17/2018 19:16:42","Possible Free Kick",756,59
919755,"FC Metz","AS Saint Etienne","01/17/2018 19:16:47","F2",758,59
919755,"FC Metz","AS Saint Etienne","01/17/2018 19:16:47","FK1",759,59
919755,"FC Metz","AS Saint Etienne","01/17/2018 19:16:47","Ball Position",760,59
919755,"FC Metz","AS Saint Etienne","01/17/2018 19:16:48","POSSIBLE_CARDS",761,59
919755,"FC Metz","AS Saint Etienne","01/17/2018 19:17:02","NO_Cards",762,59
919755,"FC Metz","AS Saint Etienne","01/17/2018 19:17:12","Restart",763,60
919755,"FC Metz","AS Saint Etienne","01/17/2018 19:17:17","AT1",764,60
919755,"FC Metz","AS Saint Etienne","01/17/2018 19:17:23","SAFE2",765,60
919755,"FC Metz","AS Saint Etienne","01/17/2018 19:17:23","GK2",766,60
919755,"FC Metz","AS Saint Etienne","01/17/2018 19:17:37","Restart",767,60
919755,"FC Metz","AS Saint Etienne","01/17/2018 19:17:41","AT2",768,60
919755,"FC Metz","AS Saint Etienne","01/17/2018 19:17:43","SAFE1",769,60
919755,"FC Metz","AS Saint Etienne","01/17/2018 19:17:44","AT1",770,60
919755,"FC Metz","AS Saint Etienne","01/17/2018 19:17:46","POSSIBLE_TI",771,60
919755,"FC Metz","AS Saint Etienne","01/17/2018 19:17:48","TI1",772,60
919755,"FC Metz","AS Saint Etienne","01/17/2018 19:18:01","Restart",773,60
919755,"FC Metz","AS Saint Etienne","01/17/2018 19:18:13","DANGER1",774,61
919755,"FC Metz","AS Saint Etienne","01/17/2018 19:18:13","DAT1",775,61
919755,"FC Metz","AS Saint Etienne","01/17/2018 19:18:19","SHG1",776,61
919755,"FC Metz","AS Saint Etienne","01/17/2018 19:18:36","PCR1",777,61
919755,"FC Metz","AS Saint Etienne","01/17/2018 19:18:44","CR1",778,61
919755,"FC Metz","AS Saint Etienne","01/17/2018 19:18:45","Ball Position",779,61
919755,"FC Metz","AS Saint Etienne","01/17/2018 19:19:08","Restart",780,61
919755,"FC Metz","AS Saint Etienne","01/17/2018 19:19:13","PCR1",781,62
919755,"FC Metz","AS Saint Etienne","01/17/2018 19:19:16","NCR1",782,62
919755,"FC Metz","AS Saint Etienne","01/17/2018 19:19:17","SHB1",783,62
919755,"FC Metz","AS Saint Etienne","01/17/2018 19:19:19","SAFE2",784,62
919755,"FC Metz","AS Saint Etienne","01/17/2018 19:19:19","GK2",785,62
919755,"FC Metz","AS Saint Etienne","01/17/2018 19:19:34","SUB1",786,62
919755,"FC Metz","AS Saint Etienne","01/17/2018 19:19:58","Restart",787,62
919755,"FC Metz","AS Saint Etienne","01/17/2018 19:20:05","AT2",788,62
919755,"FC Metz","AS Saint Etienne","01/17/2018 19:20:07","POSSIBLE_TI",789,62
919755,"FC Metz","AS Saint Etienne","01/17/2018 19:20:09","TI2",790,62
919755,"FC Metz","AS Saint Etienne","01/17/2018 19:20:10","Restart",791,62
919755,"FC Metz","AS Saint Etienne","01/17/2018 19:20:12","CLS",792,63
919755,"FC Metz","AS Saint Etienne","01/17/2018 19:20:18","Restart",793,63
919755,"FC Metz","AS Saint Etienne","01/17/2018 19:20:20","DANGER2",794,63
919755,"FC Metz","AS Saint Etienne","01/17/2018 19:20:20","DAT2",795,63
919755,"FC Metz","AS Saint Etienne","01/17/2018 19:20:23","POSSIBLE_TI",796,63
919755,"FC Metz","AS Saint Etienne","01/17/2018 19:20:23","TI2",797,63
919755,"FC Metz","AS Saint Etienne","01/17/2018 19:20:30","Restart",798,63
919755,"FC Metz","AS Saint Etienne","01/17/2018 19:20:38","SAFE2",799,63
919755,"FC Metz","AS Saint Etienne","01/17/2018 19:20:39","Player_DATA_CONFIRMED",800,63
919755,"FC Metz","AS Saint Etienne","01/17/2018 19:20:40","AT2",801,63
919755,"FC Metz","AS Saint Etienne","01/17/2018 19:20:46","DANGER2",802,63
919755,"FC Metz","AS Saint Etienne","01/17/2018 19:20:46","DAT2",803,63
919755,"FC Metz","AS Saint Etienne","01/17/2018 19:20:48","Possible Free Kick",804,63
919755,"FC Metz","AS Saint Etienne","01/17/2018 19:21:11","F1",806,64
919755,"FC Metz","AS Saint Etienne","01/17/2018 19:21:11","FK2",807,64
919755,"FC Metz","AS Saint Etienne","01/17/2018 19:21:11","DFK2",808,64
919755,"FC Metz","AS Saint Etienne","01/17/2018 19:21:11","Ball Position",809,64
919755,"FC Metz","AS Saint Etienne","01/17/2018 19:21:24","Restart",810,64
919755,"FC Metz","AS Saint Etienne","01/17/2018 19:21:34","SAFE1",811,64
919755,"FC Metz","AS Saint Etienne","01/17/2018 19:21:44","AT1",812,64
919755,"FC Metz","AS Saint Etienne","01/17/2018 19:21:47","DANGER1",813,64
919755,"FC Metz","AS Saint Etienne","01/17/2018 19:21:47","DAT1",814,64
919755,"FC Metz","AS Saint Etienne","01/17/2018 19:21:58","SAFE2",815,64
919755,"FC Metz","AS Saint Etienne","01/17/2018 19:22:00","GK2",816,64
919755,"FC Metz","AS Saint Etienne","01/17/2018 19:22:14","Restart",817,65
919755,"FC Metz","AS Saint Etienne","01/17/2018 19:22:18","SAFE1",818,65
919755,"FC Metz","AS Saint Etienne","01/17/2018 19:22:23","AT1",819,65
919755,"FC Metz","AS Saint Etienne","01/17/2018 19:22:24","SAFE2",820,65
919755,"FC Metz","AS Saint Etienne","01/17/2018 19:22:32","AT2",821,65
919755,"FC Metz","AS Saint Etienne","01/17/2018 19:22:45","SAFE1",822,65
919755,"FC Metz","AS Saint Etienne","01/17/2018 19:22:49","SAFE2",823,65
919755,"FC Metz","AS Saint Etienne","01/17/2018 19:22:55","AT2",824,65
919755,"FC Metz","AS Saint Etienne","01/17/2018 19:23:09","DANGER2",825,65
919755,"FC Metz","AS Saint Etienne","01/17/2018 19:23:09","DAT2",826,65
919755,"FC Metz","AS Saint Etienne","01/17/2018 19:23:13","SAFE1",827,66
919755,"FC Metz","AS Saint Etienne","01/17/2018 19:23:13","POSSIBLE_TI",828,66
919755,"FC Metz","AS Saint Etienne","01/17/2018 19:23:15","TI1",829,66
919755,"FC Metz","AS Saint Etienne","01/17/2018 19:23:31","Restart",830,66
919755,"FC Metz","AS Saint Etienne","01/17/2018 19:23:33","AT2",831,66
919755,"FC Metz","AS Saint Etienne","01/17/2018 19:23:33","DANGER2",832,66
919755,"FC Metz","AS Saint Etienne","01/17/2018 19:23:33","DAT2",833,66
919755,"FC Metz","AS Saint Etienne","01/17/2018 19:23:37","SAFE1",834,66
919755,"FC Metz","AS Saint Etienne","01/17/2018 19:23:38","AT1",835,66
919755,"FC Metz","AS Saint Etienne","01/17/2018 19:23:41","DANGER1",836,66
919755,"FC Metz","AS Saint Etienne","01/17/2018 19:23:41","DAT1",837,66
919755,"FC Metz","AS Saint Etienne","01/17/2018 19:24:00","SAFE2",838,66
919755,"FC Metz","AS Saint Etienne","01/17/2018 19:24:07","POSSIBLE_TI",839,66
919755,"FC Metz","AS Saint Etienne","01/17/2018 19:24:10","TI1",840,66
919755,"FC Metz","AS Saint Etienne","01/17/2018 19:24:18","Injury Break",841,67
919755,"FC Metz","AS Saint Etienne","01/17/2018 19:24:43","SUB2",842,67
919755,"FC Metz","AS Saint Etienne","01/17/2018 19:24:56","SUB2",843,67
919755,"FC Metz","AS Saint Etienne","01/17/2018 19:25:24","Player_DATA_CONFIRMED",844,68
919755,"FC Metz","AS Saint Etienne","01/17/2018 19:25:24","Player_DATA_CONFIRMED",845,68
919755,"FC Metz","AS Saint Etienne","01/17/2018 19:25:25","SUB1",846,68
919755,"FC Metz","AS Saint Etienne","01/17/2018 19:25:41","Restart",847,68
919755,"FC Metz","AS Saint Etienne","01/17/2018 19:25:43","Player_DATA_CONFIRMED",848,68
919755,"FC Metz","AS Saint Etienne","01/17/2018 19:25:44","SAFE2",849,68
919755,"FC Metz","AS Saint Etienne","01/17/2018 19:26:02","SAFE2",850,68
919755,"FC Metz","AS Saint Etienne","01/17/2018 19:26:03","POSSIBLE_TI",851,68
919755,"FC Metz","AS Saint Etienne","01/17/2018 19:26:05","TI2",852,68
919755,"FC Metz","AS Saint Etienne","01/17/2018 19:26:05","Restart",853,68
919755,"FC Metz","AS Saint Etienne","01/17/2018 19:26:11","AT2",854,69
919755,"FC Metz","AS Saint Etienne","01/17/2018 19:26:14","SAFE1",855,69
919755,"FC Metz","AS Saint Etienne","01/17/2018 19:26:27","AT1",856,69
919755,"FC Metz","AS Saint Etienne","01/17/2018 19:26:38","Possible Free Kick",857,69
919755,"FC Metz","AS Saint Etienne","01/17/2018 19:26:41","POSSIBLE_CARDS",859,69
919755,"FC Metz","AS Saint Etienne","01/17/2018 19:27:01","SAFE2",860,69
919755,"FC Metz","AS Saint Etienne","01/17/2018 19:27:01","F1",861,69
919755,"FC Metz","AS Saint Etienne","01/17/2018 19:27:01","FK2",862,69
919755,"FC Metz","AS Saint Etienne","01/17/2018 19:27:01","Ball Position",863,69
919755,"FC Metz","AS Saint Etienne","01/17/2018 19:27:38","NO_Cards",864,70
919755,"FC Metz","AS Saint Etienne","01/17/2018 19:27:43","Restart",865,70
919755,"FC Metz","AS Saint Etienne","01/17/2018 19:27:50","AT2",866,70
919755,"FC Metz","AS Saint Etienne","01/17/2018 19:27:54","SAFE2",867,70
919755,"FC Metz","AS Saint Etienne","01/17/2018 19:27:57","AT2",868,70
919755,"FC Metz","AS Saint Etienne","01/17/2018 19:27:57","DANGER2",869,70
919755,"FC Metz","AS Saint Etienne","01/17/2018 19:27:57","DAT2",870,70
919755,"FC Metz","AS Saint Etienne","01/17/2018 19:28:23","POSSIBLE_TI",871,71
919755,"FC Metz","AS Saint Etienne","01/17/2018 19:28:24","TI2",872,71
919755,"FC Metz","AS Saint Etienne","01/17/2018 19:28:25","Restart",873,71
919755,"FC Metz","AS Saint Etienne","01/17/2018 19:28:52","PCR2",874,71
919755,"FC Metz","AS Saint Etienne","01/17/2018 19:28:57","CR2",875,71
919755,"FC Metz","AS Saint Etienne","01/17/2018 19:28:57","Ball Position",876,71
919755,"FC Metz","AS Saint Etienne","01/17/2018 19:28:59","Restart",877,71
919755,"FC Metz","AS Saint Etienne","01/17/2018 19:29:08","CLS",878,71
919755,"FC Metz","AS Saint Etienne","01/17/2018 19:29:26","Restart",879,72
919755,"FC Metz","AS Saint Etienne","01/17/2018 19:29:34","Referee Ball",880,72
919755,"FC Metz","AS Saint Etienne","01/17/2018 19:29:40","Restart",881,72
919755,"FC Metz","AS Saint Etienne","01/17/2018 19:29:45","SAFE1",882,72
919755,"FC Metz","AS Saint Etienne","01/17/2018 19:29:53","SAFE2",883,72
919755,"FC Metz","AS Saint Etienne","01/17/2018 19:30:05","AT2",884,72
919755,"FC Metz","AS Saint Etienne","01/17/2018 19:30:18","SAFE2",885,73
919755,"FC Metz","AS Saint Etienne","01/17/2018 19:30:31","SAFE1",886,73
919755,"FC Metz","AS Saint Etienne","01/17/2018 19:30:46","SAFE2",887,73
919755,"FC Metz","AS Saint Etienne","01/17/2018 19:30:55","System Message",888,73
919755,"FC Metz","AS Saint Etienne","01/17/2018 19:31:06","AT2",889,73
919755,"FC Metz","AS Saint Etienne","01/17/2018 19:31:06","DANGER2",890,73
919755,"FC Metz","AS Saint Etienne","01/17/2018 19:31:06","DAT2",891,73
919755,"FC Metz","AS Saint Etienne","01/17/2018 19:31:07","System Message",892,73
919755,"FC Metz","AS Saint Etienne","01/17/2018 19:31:09","Possible Free Kick",893,73
919755,"FC Metz","AS Saint Etienne","01/17/2018 19:31:11","SAFE1",895,74
919755,"FC Metz","AS Saint Etienne","01/17/2018 19:31:11","O2",896,74
919755,"FC Metz","AS Saint Etienne","01/17/2018 19:31:11","FK1",897,74
919755,"FC Metz","AS Saint Etienne","01/17/2018 19:31:11","Ball Position",898,74
919755,"FC Metz","AS Saint Etienne","01/17/2018 19:31:37","Restart",899,74
919755,"FC Metz","AS Saint Etienne","01/17/2018 19:31:42","SAFE2",900,74
919755,"FC Metz","AS Saint Etienne","01/17/2018 19:31:49","Possible Free Kick",901,74
919755,"FC Metz","AS Saint Etienne","01/17/2018 19:31:57","F1",903,74
919755,"FC Metz","AS Saint Etienne","01/17/2018 19:31:57","FK2",904,74
919755,"FC Metz","AS Saint Etienne","01/17/2018 19:31:57","Ball Position",905,74
919755,"FC Metz","AS Saint Etienne","01/17/2018 19:32:01","Restart",906,74
919755,"FC Metz","AS Saint Etienne","01/17/2018 19:32:05","AT2",907,74
919755,"FC Metz","AS Saint Etienne","01/17/2018 19:32:08","SAFE1",908,74
919755,"FC Metz","AS Saint Etienne","01/17/2018 19:32:08","POSSIBLE_TI",909,74
919755,"FC Metz","AS Saint Etienne","01/17/2018 19:32:09","TI1",910,74
919755,"FC Metz","AS Saint Etienne","01/17/2018 19:32:25","Restart",911,75
919755,"FC Metz","AS Saint Etienne","01/17/2018 19:32:27","AT2",912,75
919755,"FC Metz","AS Saint Etienne","01/17/2018 19:32:27","DANGER2",913,75
919755,"FC Metz","AS Saint Etienne","01/17/2018 19:32:27","DAT2",914,75
919755,"FC Metz","AS Saint Etienne","01/17/2018 19:32:32","SAFE1",915,75
919755,"FC Metz","AS Saint Etienne","01/17/2018 19:32:35","Possible Free Kick",916,75
919755,"FC Metz","AS Saint Etienne","01/17/2018 19:32:38","F2",918,75
919755,"FC Metz","AS Saint Etienne","01/17/2018 19:32:38","FK1",919,75
919755,"FC Metz","AS Saint Etienne","01/17/2018 19:32:38","Ball Position",920,75
919755,"FC Metz","AS Saint Etienne","01/17/2018 19:32:53","Restart",921,75
919755,"FC Metz","AS Saint Etienne","01/17/2018 19:32:57","AT1",922,75
919755,"FC Metz","AS Saint Etienne","01/17/2018 19:33:00","DANGER1",923,75
919755,"FC Metz","AS Saint Etienne","01/17/2018 19:33:00","DAT1",924,75
919755,"FC Metz","AS Saint Etienne","01/17/2018 19:33:07","System Message",925,75
919755,"FC Metz","AS Saint Etienne","01/17/2018 19:33:22","SHG1",926,76
919755,"FC Metz","AS Saint Etienne","01/17/2018 19:33:23","SAFE2",927,76
919755,"FC Metz","AS Saint Etienne","01/17/2018 19:33:43","POSSIBLE_TI",928,76
919755,"FC Metz","AS Saint Etienne","01/17/2018 19:33:44","TI2",929,76
919755,"FC Metz","AS Saint Etienne","01/17/2018 19:33:47","Restart",930,76
919755,"FC Metz","AS Saint Etienne","01/17/2018 19:34:00","AT2",931,76
919755,"FC Metz","AS Saint Etienne","01/17/2018 19:34:10","SAFE1",932,76
919755,"FC Metz","AS Saint Etienne","01/17/2018 19:34:13","AT1",933,77
919755,"FC Metz","AS Saint Etienne","01/17/2018 19:34:13","DANGER1",934,77
919755,"FC Metz","AS Saint Etienne","01/17/2018 19:34:13","DAT1",935,77
919755,"FC Metz","AS Saint Etienne","01/17/2018 19:34:28","PCR1",936,77
919755,"FC Metz","AS Saint Etienne","01/17/2018 19:34:46","CR1",937,77
919755,"FC Metz","AS Saint Etienne","01/17/2018 19:34:47","Ball Position",938,77
919755,"FC Metz","AS Saint Etienne","01/17/2018 19:34:51","Restart",939,77
919755,"FC Metz","AS Saint Etienne","01/17/2018 19:35:03","GOAL1",940,77
919755,"FC Metz","AS Saint Etienne","01/17/2018 19:35:15","Scorer",941,78
919755,"FC Metz","AS Saint Etienne","01/17/2018 19:35:46","CONF_GOAL1",942,78
919755,"FC Metz","AS Saint Etienne","01/17/2018 19:35:55","KO2",943,78
919755,"FC Metz","AS Saint Etienne","01/17/2018 19:35:55","SAFE2",944,78
919755,"FC Metz","AS Saint Etienne","01/17/2018 19:36:04","AT2",945,78
919755,"FC Metz","AS Saint Etienne","01/17/2018 19:36:07","Player_DATA_CONFIRMED",946,78
919755,"FC Metz","AS Saint Etienne","01/17/2018 19:36:07","Assist",947,78
919755,"FC Metz","AS Saint Etienne","01/17/2018 19:36:08","System Message",948,78
919755,"FC Metz","AS Saint Etienne","01/17/2018 19:36:10","POSSIBLE_TI",949,78
919755,"FC Metz","AS Saint Etienne","01/17/2018 19:36:10","TI2",950,79
919755,"FC Metz","AS Saint Etienne","01/17/2018 19:36:14","Restart",951,79
919755,"FC Metz","AS Saint Etienne","01/17/2018 19:36:15","SAFE2",952,79
919755,"FC Metz","AS Saint Etienne","01/17/2018 19:36:18","AT2",953,79
919755,"FC Metz","AS Saint Etienne","01/17/2018 19:36:19","DANGER2",954,79
919755,"FC Metz","AS Saint Etienne","01/17/2018 19:36:19","DAT2",955,79
919755,"FC Metz","AS Saint Etienne","01/17/2018 19:36:24","Possible Free Kick",956,79
919755,"FC Metz","AS Saint Etienne","01/17/2018 19:36:36","SAFE1",958,79
919755,"FC Metz","AS Saint Etienne","01/17/2018 19:36:36","F2",959,79
919755,"FC Metz","AS Saint Etienne","01/17/2018 19:36:36","FK1",960,79
919755,"FC Metz","AS Saint Etienne","01/17/2018 19:36:37","Ball Position",961,79
919755,"FC Metz","AS Saint Etienne","01/17/2018 19:36:49","System Message",962,79
919755,"FC Metz","AS Saint Etienne","01/17/2018 19:36:52","Restart",963,79
919755,"FC Metz","AS Saint Etienne","01/17/2018 19:36:59","AT1",964,79
919755,"FC Metz","AS Saint Etienne","01/17/2018 19:37:12","POSSIBLE_TI",965,80
919755,"FC Metz","AS Saint Etienne","01/17/2018 19:37:13","System Message",966,80
919755,"FC Metz","AS Saint Etienne","01/17/2018 19:37:17","TI2",967,80
919755,"FC Metz","AS Saint Etienne","01/17/2018 19:37:18","SAFE2",968,80
919755,"FC Metz","AS Saint Etienne","01/17/2018 19:37:22","Restart",969,80
919755,"FC Metz","AS Saint Etienne","01/17/2018 19:37:42","AT2",970,80
919755,"FC Metz","AS Saint Etienne","01/17/2018 19:37:52","SAFE2",971,80
919755,"FC Metz","AS Saint Etienne","01/17/2018 19:38:12","AT2",972,81
919755,"FC Metz","AS Saint Etienne","01/17/2018 19:38:14","SAFE2",973,81
919755,"FC Metz","AS Saint Etienne","01/17/2018 19:38:18","AT2",974,81
919755,"FC Metz","AS Saint Etienne","01/17/2018 19:38:21","SAFE1",975,81
919755,"FC Metz","AS Saint Etienne","01/17/2018 19:38:25","AT1",976,81
919755,"FC Metz","AS Saint Etienne","01/17/2018 19:38:25","DANGER1",977,81
919755,"FC Metz","AS Saint Etienne","01/17/2018 19:38:25","DAT1",978,81
919755,"FC Metz","AS Saint Etienne","01/17/2018 19:38:34","PCR1",979,81
919755,"FC Metz","AS Saint Etienne","01/17/2018 19:38:39","CR1",980,81
919755,"FC Metz","AS Saint Etienne","01/17/2018 19:38:40","Ball Position",981,81
919755,"FC Metz","AS Saint Etienne","01/17/2018 19:39:06","Restart",982,81
919755,"FC Metz","AS Saint Etienne","01/17/2018 19:39:08","SAFE2",983,81
919755,"FC Metz","AS Saint Etienne","01/17/2018 19:39:43","AT2",984,82
919755,"FC Metz","AS Saint Etienne","01/17/2018 19:39:44","SAFE2",985,82
919755,"FC Metz","AS Saint Etienne","01/17/2018 19:39:49","AT2",986,82
919755,"FC Metz","AS Saint Etienne","01/17/2018 19:39:49","DANGER2",987,82
919755,"FC Metz","AS Saint Etienne","01/17/2018 19:39:49","DAT2",988,82
919755,"FC Metz","AS Saint Etienne","01/17/2018 19:39:56","POSSIBLE_TI",989,82
919755,"FC Metz","AS Saint Etienne","01/17/2018 19:40:00","TI2",990,82
919755,"FC Metz","AS Saint Etienne","01/17/2018 19:40:06","Restart",991,82
919755,"FC Metz","AS Saint Etienne","01/17/2018 19:40:16","SAFE1",992,83
919755,"FC Metz","AS Saint Etienne","01/17/2018 19:40:24","SAFE2",993,83
919755,"FC Metz","AS Saint Etienne","01/17/2018 19:40:29","AT1",994,83
919755,"FC Metz","AS Saint Etienne","01/17/2018 19:40:29","POSSIBLE_TI",995,83
919755,"FC Metz","AS Saint Etienne","01/17/2018 19:40:31","TI1",996,83
919755,"FC Metz","AS Saint Etienne","01/17/2018 19:40:53","Restart",997,83
919755,"FC Metz","AS Saint Etienne","01/17/2018 19:40:54","DANGER1",998,83
919755,"FC Metz","AS Saint Etienne","01/17/2018 19:40:54","DAT1",999,83
919755,"FC Metz","AS Saint Etienne","01/17/2018 19:41:06","Possible Free Kick",1000,83
919755,"FC Metz","AS Saint Etienne","01/17/2018 19:41:08","POSSIBLE_CARDS",1002,83
919755,"FC Metz","AS Saint Etienne","01/17/2018 19:41:12","YC2",1003,84
919755,"FC Metz","AS Saint Etienne","01/17/2018 19:41:21","CONF_YC2",1004,84
919755,"FC Metz","AS Saint Etienne","01/17/2018 19:41:30","Scorer",1005,84
919755,"FC Metz","AS Saint Etienne","01/17/2018 19:41:34","F2",1006,84
919755,"FC Metz","AS Saint Etienne","01/17/2018 19:41:34","FK1",1007,84
919755,"FC Metz","AS Saint Etienne","01/17/2018 19:41:34","DFK1",1008,84
919755,"FC Metz","AS Saint Etienne","01/17/2018 19:41:34","Ball Position",1009,84
919755,"FC Metz","AS Saint Etienne","01/17/2018 19:41:51","Restart",1010,84
919755,"FC Metz","AS Saint Etienne","01/17/2018 19:42:02","Possible Free Kick",1011,84
919755,"FC Metz","AS Saint Etienne","01/17/2018 19:42:04","SAFE2",1013,84
919755,"FC Metz","AS Saint Etienne","01/17/2018 19:42:05","F1",1014,84
919755,"FC Metz","AS Saint Etienne","01/17/2018 19:42:05","FK2",1015,84
919755,"FC Metz","AS Saint Etienne","01/17/2018 19:42:05","Ball Position",1016,84
919755,"FC Metz","AS Saint Etienne","01/17/2018 19:42:08","Player_DATA_CONFIRMED",1017,84
919755,"FC Metz","AS Saint Etienne","01/17/2018 19:42:23","Restart",1018,85
919755,"FC Metz","AS Saint Etienne","01/17/2018 19:42:24","Possible Free Kick",1019,85
919755,"FC Metz","AS Saint Etienne","01/17/2018 19:42:25","POSSIBLE_CARDS",1021,85
919755,"FC Metz","AS Saint Etienne","01/17/2018 19:42:28","PRC",1022,85
919755,"FC Metz","AS Saint Etienne","01/17/2018 19:42:28","Danger",1023,85
919755,"FC Metz","AS Saint Etienne","01/17/2018 19:42:35","YRC2",1024,85
919755,"FC Metz","AS Saint Etienne","01/17/2018 19:42:37","CONF_YC_RC2",1025,85
919755,"FC Metz","AS Saint Etienne","01/17/2018 19:42:48","Scorer",1026,85
919755,"FC Metz","AS Saint Etienne","01/17/2018 19:42:49","Player_DATA_CONFIRMED",1027,85
919755,"FC Metz","AS Saint Etienne","01/17/2018 19:42:50","Scorer",1028,85
919755,"FC Metz","AS Saint Etienne","01/17/2018 19:42:54","F2",1029,85
919755,"FC Metz","AS Saint Etienne","01/17/2018 19:42:54","FK1",1030,85
919755,"FC Metz","AS Saint Etienne","01/17/2018 19:42:54","DFK1",1031,85
919755,"FC Metz","AS Saint Etienne","01/17/2018 19:42:54","Ball Position",1032,85
919755,"FC Metz","AS Saint Etienne","01/17/2018 19:42:54","Restart",1033,85
919755,"FC Metz","AS Saint Etienne","01/17/2018 19:42:55","SAFE1",1034,85
919755,"FC Metz","AS Saint Etienne","01/17/2018 19:42:59","AT1",1035,85
919755,"FC Metz","AS Saint Etienne","01/17/2018 19:43:09","DANGER1",1036,85
919755,"FC Metz","AS Saint Etienne","01/17/2018 19:43:09","DAT1",1037,85
919755,"FC Metz","AS Saint Etienne","01/17/2018 19:43:15","SAFE2",1038,86
919755,"FC Metz","AS Saint Etienne","01/17/2018 19:43:28","SAFE1",1039,86
919755,"FC Metz","AS Saint Etienne","01/17/2018 19:43:29","AT2",1040,86
919755,"FC Metz","AS Saint Etienne","01/17/2018 19:43:29","Possible Free Kick",1041,86
919755,"FC Metz","AS Saint Etienne","01/17/2018 19:43:31","F1",1043,86
919755,"FC Metz","AS Saint Etienne","01/17/2018 19:43:31","FK2",1044,86
919755,"FC Metz","AS Saint Etienne","01/17/2018 19:43:31","DANGER2",1045,86
919755,"FC Metz","AS Saint Etienne","01/17/2018 19:43:31","DFK2",1046,86
919755,"FC Metz","AS Saint Etienne","01/17/2018 19:43:31","Ball Position",1047,86
919755,"FC Metz","AS Saint Etienne","01/17/2018 19:43:39","Restart",1048,86
919755,"FC Metz","AS Saint Etienne","01/17/2018 19:43:40","SAFE2",1049,86
919755,"FC Metz","AS Saint Etienne","01/17/2018 19:43:44","AT2",1050,86
919755,"FC Metz","AS Saint Etienne","01/17/2018 19:43:48","SAFE2",1051,86
919755,"FC Metz","AS Saint Etienne","01/17/2018 19:43:52","SAFE1",1052,86
919755,"FC Metz","AS Saint Etienne","01/17/2018 19:43:55","SAFE2",1053,86
919755,"FC Metz","AS Saint Etienne","01/17/2018 19:44:07","AT2",1054,86
919755,"FC Metz","AS Saint Etienne","01/17/2018 19:44:13","DANGER2",1055,87
919755,"FC Metz","AS Saint Etienne","01/17/2018 19:44:13","DAT2",1056,87
919755,"FC Metz","AS Saint Etienne","01/17/2018 19:44:28","POSSIBLE_TI",1057,87
919755,"FC Metz","AS Saint Etienne","01/17/2018 19:44:32","TI1",1058,87
919755,"FC Metz","AS Saint Etienne","01/17/2018 19:44:33","SAFE1",1059,87
919755,"FC Metz","AS Saint Etienne","01/17/2018 19:44:40","Restart",1060,87
919755,"FC Metz","AS Saint Etienne","01/17/2018 19:44:48","AT2",1061,87
919755,"FC Metz","AS Saint Etienne","01/17/2018 19:44:49","POSSIBLE_TI",1062,87
919755,"FC Metz","AS Saint Etienne","01/17/2018 19:44:51","TI2",1063,87
919755,"FC Metz","AS Saint Etienne","01/17/2018 19:44:52","Restart",1064,87
919755,"FC Metz","AS Saint Etienne","01/17/2018 19:44:55","SAFE1",1065,87
919755,"FC Metz","AS Saint Etienne","01/17/2018 19:45:07","AT1",1066,87
919755,"FC Metz","AS Saint Etienne","01/17/2018 19:45:16","SAFE1",1067,88
919755,"FC Metz","AS Saint Etienne","01/17/2018 19:45:26","AT1",1068,88
919755,"FC Metz","AS Saint Etienne","01/17/2018 19:45:32","SAFE1",1069,88
919755,"FC Metz","AS Saint Etienne","01/17/2018 19:45:48","AT2",1070,88
919755,"FC Metz","AS Saint Etienne","01/17/2018 19:45:50","DANGER2",1071,88
919755,"FC Metz","AS Saint Etienne","01/17/2018 19:45:50","DAT2",1072,88
919755,"FC Metz","AS Saint Etienne","01/17/2018 19:45:55","SHG2",1073,88
919755,"FC Metz","AS Saint Etienne","01/17/2018 19:45:56","SAFE1",1074,88
919755,"FC Metz","AS Saint Etienne","01/17/2018 19:46:09","AT1",1075,88
919755,"FC Metz","AS Saint Etienne","01/17/2018 19:46:15","DANGER1",1076,89
919755,"FC Metz","AS Saint Etienne","01/17/2018 19:46:15","DAT1",1077,89
919755,"FC Metz","AS Saint Etienne","01/17/2018 19:46:23","SAFE2",1078,89
919755,"FC Metz","AS Saint Etienne","01/17/2018 19:46:36","System Message",1079,89
919755,"FC Metz","AS Saint Etienne","01/17/2018 19:46:37","POSSIBLE_TI",1080,89
919755,"FC Metz","AS Saint Etienne","01/17/2018 19:46:38","TI2",1081,89
919755,"FC Metz","AS Saint Etienne","01/17/2018 19:46:59","SUB1",1082,89
919755,"FC Metz","AS Saint Etienne","01/17/2018 19:47:25","Restart",1083,90
919755,"FC Metz","AS Saint Etienne","01/17/2018 19:47:45","AT2",1084,90
919755,"FC Metz","AS Saint Etienne","01/17/2018 19:47:45","DANGER2",1085,90
919755,"FC Metz","AS Saint Etienne","01/17/2018 19:47:45","DAT2",1086,90
919755,"FC Metz","AS Saint Etienne","01/17/2018 19:47:52","SAFE1",1087,90
919755,"FC Metz","AS Saint Etienne","01/17/2018 19:47:56","AT1",1088,90
919755,"FC Metz","AS Saint Etienne","01/17/2018 19:48:01","DANGER1",1089,90
919755,"FC Metz","AS Saint Etienne","01/17/2018 19:48:01","DAT1",1090,90
919755,"FC Metz","AS Saint Etienne","01/17/2018 19:48:07","Player_DATA_CONFIRMED",1091,90
919755,"FC Metz","AS Saint Etienne","01/17/2018 19:48:20","SAFE2",1092,91
919755,"FC Metz","AS Saint Etienne","01/17/2018 19:48:39","Extra Time",1093,91
919755,"FC Metz","AS Saint Etienne","01/17/2018 19:48:47","AT2",1094,91
919755,"FC Metz","AS Saint Etienne","01/17/2018 19:48:47","DANGER2",1095,91
919755,"FC Metz","AS Saint Etienne","01/17/2018 19:48:47","DAT2",1096,91
919755,"FC Metz","AS Saint Etienne","01/17/2018 19:48:50","PCR2",1097,91
919755,"FC Metz","AS Saint Etienne","01/17/2018 19:48:55","CR2",1098,91
919755,"FC Metz","AS Saint Etienne","01/17/2018 19:48:56","Ball Position",1099,91
919755,"FC Metz","AS Saint Etienne","01/17/2018 19:49:10","Restart",1100,92
919755,"FC Metz","AS Saint Etienne","01/17/2018 19:49:17","BLOCKED2",1101,92
919755,"FC Metz","AS Saint Etienne","01/17/2018 19:49:22","AT1",1102,92
919755,"FC Metz","AS Saint Etienne","01/17/2018 19:49:22","DANGER1",1103,92
919755,"FC Metz","AS Saint Etienne","01/17/2018 19:49:22","DAT1",1104,92
919755,"FC Metz","AS Saint Etienne","01/17/2018 19:49:24","BREAKAWAY1",1105,92
919755,"FC Metz","AS Saint Etienne","01/17/2018 19:49:30","DANGER1",1106,92
919755,"FC Metz","AS Saint Etienne","01/17/2018 19:49:44","SAFE2",1107,92
919755,"FC Metz","AS Saint Etienne","01/17/2018 19:49:54","AT1",1108,92
919755,"FC Metz","AS Saint Etienne","01/17/2018 19:49:54","DANGER1",1109,92
919755,"FC Metz","AS Saint Etienne","01/17/2018 19:49:54","DAT1",1110,92
919755,"FC Metz","AS Saint Etienne","01/17/2018 19:50:18","Stop RT2",1111,92
919755,"FC Metz","AS Saint Etienne","01/17/2018 19:50:18","Stop Game",1112,92
919755,"FC Metz","AS Saint Etienne","01/17/2018 19:50:27","CONF_PERIOD_SCORE",1113,92
