"RBallID","HomeTeam","AwayTeam","Timestamp","Incident","IncidentNumber","Minute"
1027406,"Paris Saint-Germain FC","Olympique Lyonnais","10/07/2018 18:00:46","Lineup changed",0,0
1027406,"Paris Saint-Germain FC","Olympique Lyonnais","10/07/2018 18:01:27","Transmission Online",1,0
1027406,"Paris Saint-Germain FC","Olympique Lyonnais","10/07/2018 18:01:27","Scout in Stadion",2,0
1027406,"Paris Saint-Germain FC","Olympique Lyonnais","10/07/2018 18:43:08","GCC",3,0
1027406,"Paris Saint-Germain FC","Olympique Lyonnais","10/07/2018 19:01:06","System Message",4,0
1027406,"Paris Saint-Germain FC","Olympique Lyonnais","10/07/2018 19:02:13","Players are coming out",5,0
1027406,"Paris Saint-Germain FC","Olympique Lyonnais","10/07/2018 19:02:23","Players lined up",6,0
1027406,"Paris Saint-Germain FC","Olympique Lyonnais","10/07/2018 19:02:36","Jersey Changed",7,0
1027406,"Paris Saint-Germain FC","Olympique Lyonnais","10/07/2018 19:02:36","Jersey Changed",8,0
1027406,"Paris Saint-Germain FC","Olympique Lyonnais","10/07/2018 19:03:13","Shake hands",9,0
1027406,"Paris Saint-Germain FC","Olympique Lyonnais","10/07/2018 19:03:43","Flip coin",10,0
1027406,"Paris Saint-Germain FC","Olympique Lyonnais","10/07/2018 19:04:30","Game about to start",11,0
1027406,"Paris Saint-Germain FC","Olympique Lyonnais","10/07/2018 19:05:05","Start RT1 Team 2",12,1
1027406,"Paris Saint-Germain FC","Olympique Lyonnais","10/07/2018 19:05:20","AT2",13,1
1027406,"Paris Saint-Germain FC","Olympique Lyonnais","10/07/2018 19:05:31","DANGER2",14,1
1027406,"Paris Saint-Germain FC","Olympique Lyonnais","10/07/2018 19:05:31","DAT2",15,1
1027406,"Paris Saint-Germain FC","Olympique Lyonnais","10/07/2018 19:05:38","POSSIBLE_TI",16,1
1027406,"Paris Saint-Germain FC","Olympique Lyonnais","10/07/2018 19:05:41","TI2",17,1
1027406,"Paris Saint-Germain FC","Olympique Lyonnais","10/07/2018 19:05:43","Restart",18,1
1027406,"Paris Saint-Germain FC","Olympique Lyonnais","10/07/2018 19:05:47","POSSIBLE_TI",19,1
1027406,"Paris Saint-Germain FC","Olympique Lyonnais","10/07/2018 19:05:50","TI2",20,1
1027406,"Paris Saint-Germain FC","Olympique Lyonnais","10/07/2018 19:05:53","Restart",21,1
1027406,"Paris Saint-Germain FC","Olympique Lyonnais","10/07/2018 19:06:22","Possible Free Kick",22,2
1027406,"Paris Saint-Germain FC","Olympique Lyonnais","10/07/2018 19:06:33","SAFE1",24,2
1027406,"Paris Saint-Germain FC","Olympique Lyonnais","10/07/2018 19:06:33","F2",25,2
1027406,"Paris Saint-Germain FC","Olympique Lyonnais","10/07/2018 19:06:33","FK1",26,2
1027406,"Paris Saint-Germain FC","Olympique Lyonnais","10/07/2018 19:06:33","Ball Position",27,2
1027406,"Paris Saint-Germain FC","Olympique Lyonnais","10/07/2018 19:06:34","Restart",28,2
1027406,"Paris Saint-Germain FC","Olympique Lyonnais","10/07/2018 19:06:40","AT2",29,2
1027406,"Paris Saint-Germain FC","Olympique Lyonnais","10/07/2018 19:06:41","DANGER2",30,2
1027406,"Paris Saint-Germain FC","Olympique Lyonnais","10/07/2018 19:06:41","DAT2",31,2
1027406,"Paris Saint-Germain FC","Olympique Lyonnais","10/07/2018 19:06:56","SAFE1",32,2
1027406,"Paris Saint-Germain FC","Olympique Lyonnais","10/07/2018 19:07:12","Injury Break",33,3
1027406,"Paris Saint-Germain FC","Olympique Lyonnais","10/07/2018 19:08:53","Referee Ball",34,4
1027406,"Paris Saint-Germain FC","Olympique Lyonnais","10/07/2018 19:09:11","Restart",35,5
1027406,"Paris Saint-Germain FC","Olympique Lyonnais","10/07/2018 19:09:29","AT1",36,5
1027406,"Paris Saint-Germain FC","Olympique Lyonnais","10/07/2018 19:09:31","DANGER1",37,5
1027406,"Paris Saint-Germain FC","Olympique Lyonnais","10/07/2018 19:09:31","DAT1",38,5
1027406,"Paris Saint-Germain FC","Olympique Lyonnais","10/07/2018 19:09:35","Possible Free Kick",39,5
1027406,"Paris Saint-Germain FC","Olympique Lyonnais","10/07/2018 19:10:08","F2",41,6
1027406,"Paris Saint-Germain FC","Olympique Lyonnais","10/07/2018 19:10:08","FK1",42,6
1027406,"Paris Saint-Germain FC","Olympique Lyonnais","10/07/2018 19:10:08","DFK1",43,6
1027406,"Paris Saint-Germain FC","Olympique Lyonnais","10/07/2018 19:10:08","Ball Position",44,6
1027406,"Paris Saint-Germain FC","Olympique Lyonnais","10/07/2018 19:10:21","Restart",45,6
1027406,"Paris Saint-Germain FC","Olympique Lyonnais","10/07/2018 19:10:30","POSSIBLE_TI",46,6
1027406,"Paris Saint-Germain FC","Olympique Lyonnais","10/07/2018 19:10:32","TI1",47,6
1027406,"Paris Saint-Germain FC","Olympique Lyonnais","10/07/2018 19:10:33","Restart",48,6
1027406,"Paris Saint-Germain FC","Olympique Lyonnais","10/07/2018 19:10:49","SAFE1",49,6
1027406,"Paris Saint-Germain FC","Olympique Lyonnais","10/07/2018 19:10:54","Injury Break",50,6
1027406,"Paris Saint-Germain FC","Olympique Lyonnais","10/07/2018 19:11:09","Referee Ball",51,7
1027406,"Paris Saint-Germain FC","Olympique Lyonnais","10/07/2018 19:11:40","SUB2",52,7
1027406,"Paris Saint-Germain FC","Olympique Lyonnais","10/07/2018 19:11:46","Player_DATA_CONFIRMED",53,7
1027406,"Paris Saint-Germain FC","Olympique Lyonnais","10/07/2018 19:11:56","Restart",54,7
1027406,"Paris Saint-Germain FC","Olympique Lyonnais","10/07/2018 19:11:59","SAFE1",55,7
1027406,"Paris Saint-Germain FC","Olympique Lyonnais","10/07/2018 19:12:11","AT1",56,8
1027406,"Paris Saint-Germain FC","Olympique Lyonnais","10/07/2018 19:12:14","DANGER1",57,8
1027406,"Paris Saint-Germain FC","Olympique Lyonnais","10/07/2018 19:12:14","DAT1",58,8
1027406,"Paris Saint-Germain FC","Olympique Lyonnais","10/07/2018 19:12:17","PPEN",59,8
1027406,"Paris Saint-Germain FC","Olympique Lyonnais","10/07/2018 19:12:17","PPEN1",60,8
1027406,"Paris Saint-Germain FC","Olympique Lyonnais","10/07/2018 19:12:20","POSSIBLE_CARDS",61,8
1027406,"Paris Saint-Germain FC","Olympique Lyonnais","10/07/2018 19:12:20","PRC",62,8
1027406,"Paris Saint-Germain FC","Olympique Lyonnais","10/07/2018 19:12:47","PEN1",63,8
1027406,"Paris Saint-Germain FC","Olympique Lyonnais","10/07/2018 19:12:50","Scorer",64,8
1027406,"Paris Saint-Germain FC","Olympique Lyonnais","10/07/2018 19:13:29","GOAL1",65,9
1027406,"Paris Saint-Germain FC","Olympique Lyonnais","10/07/2018 19:13:29","Scorer",66,9
1027406,"Paris Saint-Germain FC","Olympique Lyonnais","10/07/2018 19:13:36","No RC",67,9
1027406,"Paris Saint-Germain FC","Olympique Lyonnais","10/07/2018 19:14:11","CONF_GOAL1",68,10
1027406,"Paris Saint-Germain FC","Olympique Lyonnais","10/07/2018 19:14:11","KO2",69,10
1027406,"Paris Saint-Germain FC","Olympique Lyonnais","10/07/2018 19:14:11","SAFE2",70,10
1027406,"Paris Saint-Germain FC","Olympique Lyonnais","10/07/2018 19:14:19","Player_DATA_CONFIRMED",71,10
1027406,"Paris Saint-Germain FC","Olympique Lyonnais","10/07/2018 19:14:25","AT2",72,10
1027406,"Paris Saint-Germain FC","Olympique Lyonnais","10/07/2018 19:14:34","NO_Cards",73,10
1027406,"Paris Saint-Germain FC","Olympique Lyonnais","10/07/2018 19:14:38","DANGER2",74,10
1027406,"Paris Saint-Germain FC","Olympique Lyonnais","10/07/2018 19:14:38","DAT2",75,10
1027406,"Paris Saint-Germain FC","Olympique Lyonnais","10/07/2018 19:15:05","SAFE2",76,10
1027406,"Paris Saint-Germain FC","Olympique Lyonnais","10/07/2018 19:15:23","AT2",77,11
1027406,"Paris Saint-Germain FC","Olympique Lyonnais","10/07/2018 19:15:28","DANGER2",78,11
1027406,"Paris Saint-Germain FC","Olympique Lyonnais","10/07/2018 19:15:28","DAT2",79,11
1027406,"Paris Saint-Germain FC","Olympique Lyonnais","10/07/2018 19:15:46","SHG2",80,11
1027406,"Paris Saint-Germain FC","Olympique Lyonnais","10/07/2018 19:15:49","SAFE1",81,11
1027406,"Paris Saint-Germain FC","Olympique Lyonnais","10/07/2018 19:15:53","AT1",82,11
1027406,"Paris Saint-Germain FC","Olympique Lyonnais","10/07/2018 19:15:57","DANGER1",83,11
1027406,"Paris Saint-Germain FC","Olympique Lyonnais","10/07/2018 19:15:57","DAT1",84,11
1027406,"Paris Saint-Germain FC","Olympique Lyonnais","10/07/2018 19:16:08","SAFE2",85,12
1027406,"Paris Saint-Germain FC","Olympique Lyonnais","10/07/2018 19:16:09","GK2",86,12
1027406,"Paris Saint-Germain FC","Olympique Lyonnais","10/07/2018 19:16:09","Restart",87,12
1027406,"Paris Saint-Germain FC","Olympique Lyonnais","10/07/2018 19:16:25","POSSIBLE_TI",88,12
1027406,"Paris Saint-Germain FC","Olympique Lyonnais","10/07/2018 19:16:29","TI2",89,12
1027406,"Paris Saint-Germain FC","Olympique Lyonnais","10/07/2018 19:16:35","Restart",90,12
1027406,"Paris Saint-Germain FC","Olympique Lyonnais","10/07/2018 19:16:48","AT2",91,12
1027406,"Paris Saint-Germain FC","Olympique Lyonnais","10/07/2018 19:16:55","Possible Free Kick",92,12
1027406,"Paris Saint-Germain FC","Olympique Lyonnais","10/07/2018 19:17:14","F1",94,13
1027406,"Paris Saint-Germain FC","Olympique Lyonnais","10/07/2018 19:17:14","FK2",95,13
1027406,"Paris Saint-Germain FC","Olympique Lyonnais","10/07/2018 19:17:14","DANGER2",96,13
1027406,"Paris Saint-Germain FC","Olympique Lyonnais","10/07/2018 19:17:14","DFK2",97,13
1027406,"Paris Saint-Germain FC","Olympique Lyonnais","10/07/2018 19:17:14","Ball Position",98,13
1027406,"Paris Saint-Germain FC","Olympique Lyonnais","10/07/2018 19:17:44","Restart",99,13
1027406,"Paris Saint-Germain FC","Olympique Lyonnais","10/07/2018 19:17:47","PCR2",100,13
1027406,"Paris Saint-Germain FC","Olympique Lyonnais","10/07/2018 19:17:54","CR2",101,13
1027406,"Paris Saint-Germain FC","Olympique Lyonnais","10/07/2018 19:17:56","SHG2",102,13
1027406,"Paris Saint-Germain FC","Olympique Lyonnais","10/07/2018 19:18:00","Ball Position",103,13
1027406,"Paris Saint-Germain FC","Olympique Lyonnais","10/07/2018 19:18:08","Restart",104,14
1027406,"Paris Saint-Germain FC","Olympique Lyonnais","10/07/2018 19:18:22","PCR2",105,14
1027406,"Paris Saint-Germain FC","Olympique Lyonnais","10/07/2018 19:18:26","CR2",106,14
1027406,"Paris Saint-Germain FC","Olympique Lyonnais","10/07/2018 19:18:33","Ball Position",107,14
1027406,"Paris Saint-Germain FC","Olympique Lyonnais","10/07/2018 19:18:43","Restart",108,14
1027406,"Paris Saint-Germain FC","Olympique Lyonnais","10/07/2018 19:18:53","POSSIBLE_TI",109,14
1027406,"Paris Saint-Germain FC","Olympique Lyonnais","10/07/2018 19:18:57","TI2",110,14
1027406,"Paris Saint-Germain FC","Olympique Lyonnais","10/07/2018 19:18:58","Restart",111,14
1027406,"Paris Saint-Germain FC","Olympique Lyonnais","10/07/2018 19:19:11","PCR2",112,15
1027406,"Paris Saint-Germain FC","Olympique Lyonnais","10/07/2018 19:19:17","CR2",113,15
1027406,"Paris Saint-Germain FC","Olympique Lyonnais","10/07/2018 19:19:26","Ball Position",114,15
1027406,"Paris Saint-Germain FC","Olympique Lyonnais","10/07/2018 19:19:30","Restart",115,15
1027406,"Paris Saint-Germain FC","Olympique Lyonnais","10/07/2018 19:19:34","SAFE1",116,15
1027406,"Paris Saint-Germain FC","Olympique Lyonnais","10/07/2018 19:19:44","SAFE2",117,15
1027406,"Paris Saint-Germain FC","Olympique Lyonnais","10/07/2018 19:19:49","POSSIBLE_TI",118,15
1027406,"Paris Saint-Germain FC","Olympique Lyonnais","10/07/2018 19:20:02","TI1",119,15
1027406,"Paris Saint-Germain FC","Olympique Lyonnais","10/07/2018 19:20:03","Restart",120,15
1027406,"Paris Saint-Germain FC","Olympique Lyonnais","10/07/2018 19:20:03","SAFE2",121,15
1027406,"Paris Saint-Germain FC","Olympique Lyonnais","10/07/2018 19:20:42","AT1",122,16
1027406,"Paris Saint-Germain FC","Olympique Lyonnais","10/07/2018 19:20:48","Possible Free Kick",123,16
1027406,"Paris Saint-Germain FC","Olympique Lyonnais","10/07/2018 19:21:05","F2",125,16
1027406,"Paris Saint-Germain FC","Olympique Lyonnais","10/07/2018 19:21:05","FK1",126,16
1027406,"Paris Saint-Germain FC","Olympique Lyonnais","10/07/2018 19:21:05","DANGER1",127,16
1027406,"Paris Saint-Germain FC","Olympique Lyonnais","10/07/2018 19:21:05","DFK1",128,16
1027406,"Paris Saint-Germain FC","Olympique Lyonnais","10/07/2018 19:21:05","Ball Position",129,16
1027406,"Paris Saint-Germain FC","Olympique Lyonnais","10/07/2018 19:21:06","Restart",130,17
1027406,"Paris Saint-Germain FC","Olympique Lyonnais","10/07/2018 19:21:12","Possible Free Kick",131,17
1027406,"Paris Saint-Germain FC","Olympique Lyonnais","10/07/2018 19:21:15","SAFE2",133,17
1027406,"Paris Saint-Germain FC","Olympique Lyonnais","10/07/2018 19:21:15","O1",134,17
1027406,"Paris Saint-Germain FC","Olympique Lyonnais","10/07/2018 19:21:15","FK2",135,17
1027406,"Paris Saint-Germain FC","Olympique Lyonnais","10/07/2018 19:21:15","Ball Position",136,17
1027406,"Paris Saint-Germain FC","Olympique Lyonnais","10/07/2018 19:21:15","Restart",137,17
1027406,"Paris Saint-Germain FC","Olympique Lyonnais","10/07/2018 19:21:17","AT2",138,17
1027406,"Paris Saint-Germain FC","Olympique Lyonnais","10/07/2018 19:21:17","DANGER2",139,17
1027406,"Paris Saint-Germain FC","Olympique Lyonnais","10/07/2018 19:21:17","DAT2",140,17
1027406,"Paris Saint-Germain FC","Olympique Lyonnais","10/07/2018 19:21:20","SAFE1",141,17
1027406,"Paris Saint-Germain FC","Olympique Lyonnais","10/07/2018 19:21:20","POSSIBLE_TI",142,17
1027406,"Paris Saint-Germain FC","Olympique Lyonnais","10/07/2018 19:21:36","TI1",143,17
1027406,"Paris Saint-Germain FC","Olympique Lyonnais","10/07/2018 19:21:40","Restart",144,17
1027406,"Paris Saint-Germain FC","Olympique Lyonnais","10/07/2018 19:21:46","SAFE2",145,17
1027406,"Paris Saint-Germain FC","Olympique Lyonnais","10/07/2018 19:21:46","AT2",146,17
1027406,"Paris Saint-Germain FC","Olympique Lyonnais","10/07/2018 19:21:47","POSSIBLE_TI",147,17
1027406,"Paris Saint-Germain FC","Olympique Lyonnais","10/07/2018 19:21:48","TI2",148,17
1027406,"Paris Saint-Germain FC","Olympique Lyonnais","10/07/2018 19:21:50","Restart",149,17
1027406,"Paris Saint-Germain FC","Olympique Lyonnais","10/07/2018 19:21:59","SAFE1",150,17
1027406,"Paris Saint-Germain FC","Olympique Lyonnais","10/07/2018 19:22:01","SAFE2",151,17
1027406,"Paris Saint-Germain FC","Olympique Lyonnais","10/07/2018 19:22:05","AT2",152,17
1027406,"Paris Saint-Germain FC","Olympique Lyonnais","10/07/2018 19:22:18","SAFE1",153,18
1027406,"Paris Saint-Germain FC","Olympique Lyonnais","10/07/2018 19:22:19","AT1",154,18
1027406,"Paris Saint-Germain FC","Olympique Lyonnais","10/07/2018 19:22:20","DANGER1",155,18
1027406,"Paris Saint-Germain FC","Olympique Lyonnais","10/07/2018 19:22:20","DAT1",156,18
1027406,"Paris Saint-Germain FC","Olympique Lyonnais","10/07/2018 19:22:39","SHG1",157,18
1027406,"Paris Saint-Germain FC","Olympique Lyonnais","10/07/2018 19:22:41","SAFE2",158,18
1027406,"Paris Saint-Germain FC","Olympique Lyonnais","10/07/2018 19:23:15","AT2",159,19
1027406,"Paris Saint-Germain FC","Olympique Lyonnais","10/07/2018 19:23:39","SAFE1",160,19
1027406,"Paris Saint-Germain FC","Olympique Lyonnais","10/07/2018 19:23:48","AT2",161,19
1027406,"Paris Saint-Germain FC","Olympique Lyonnais","10/07/2018 19:23:51","DANGER2",162,19
1027406,"Paris Saint-Germain FC","Olympique Lyonnais","10/07/2018 19:23:51","DAT2",163,19
1027406,"Paris Saint-Germain FC","Olympique Lyonnais","10/07/2018 19:24:02","SAFE1",164,19
1027406,"Paris Saint-Germain FC","Olympique Lyonnais","10/07/2018 19:24:10","AT2",165,20
1027406,"Paris Saint-Germain FC","Olympique Lyonnais","10/07/2018 19:24:13","SAFE2",166,20
1027406,"Paris Saint-Germain FC","Olympique Lyonnais","10/07/2018 19:24:23","AT2",167,20
1027406,"Paris Saint-Germain FC","Olympique Lyonnais","10/07/2018 19:24:45","DANGER2",168,20
1027406,"Paris Saint-Germain FC","Olympique Lyonnais","10/07/2018 19:24:45","DAT2",169,20
1027406,"Paris Saint-Germain FC","Olympique Lyonnais","10/07/2018 19:24:51","PCR2",170,20
1027406,"Paris Saint-Germain FC","Olympique Lyonnais","10/07/2018 19:25:05","CR2",171,20
1027406,"Paris Saint-Germain FC","Olympique Lyonnais","10/07/2018 19:25:10","Ball Position",172,21
1027406,"Paris Saint-Germain FC","Olympique Lyonnais","10/07/2018 19:25:13","Restart",173,21
1027406,"Paris Saint-Germain FC","Olympique Lyonnais","10/07/2018 19:25:22","SAFE2",174,21
1027406,"Paris Saint-Germain FC","Olympique Lyonnais","10/07/2018 19:25:33","AT2",175,21
1027406,"Paris Saint-Germain FC","Olympique Lyonnais","10/07/2018 19:25:42","DANGER2",176,21
1027406,"Paris Saint-Germain FC","Olympique Lyonnais","10/07/2018 19:25:42","DAT2",177,21
1027406,"Paris Saint-Germain FC","Olympique Lyonnais","10/07/2018 19:25:44","Possible Free Kick",178,21
1027406,"Paris Saint-Germain FC","Olympique Lyonnais","10/07/2018 19:26:06","F1",180,22
1027406,"Paris Saint-Germain FC","Olympique Lyonnais","10/07/2018 19:26:06","FK2",181,22
1027406,"Paris Saint-Germain FC","Olympique Lyonnais","10/07/2018 19:26:06","DFK2",182,22
1027406,"Paris Saint-Germain FC","Olympique Lyonnais","10/07/2018 19:26:06","Ball Position",183,22
1027406,"Paris Saint-Germain FC","Olympique Lyonnais","10/07/2018 19:26:47","Restart",184,22
1027406,"Paris Saint-Germain FC","Olympique Lyonnais","10/07/2018 19:26:56","SHB2",185,22
1027406,"Paris Saint-Germain FC","Olympique Lyonnais","10/07/2018 19:27:06","SAFE1",186,23
1027406,"Paris Saint-Germain FC","Olympique Lyonnais","10/07/2018 19:27:07","GK1",187,23
1027406,"Paris Saint-Germain FC","Olympique Lyonnais","10/07/2018 19:27:21","Restart",188,23
1027406,"Paris Saint-Germain FC","Olympique Lyonnais","10/07/2018 19:27:51","SAFE1",189,23
1027406,"Paris Saint-Germain FC","Olympique Lyonnais","10/07/2018 19:28:21","AT1",190,24
1027406,"Paris Saint-Germain FC","Olympique Lyonnais","10/07/2018 19:28:27","SAFE2",191,24
1027406,"Paris Saint-Germain FC","Olympique Lyonnais","10/07/2018 19:28:29","Possible Free Kick",192,24
1027406,"Paris Saint-Germain FC","Olympique Lyonnais","10/07/2018 19:28:45","F1",194,24
1027406,"Paris Saint-Germain FC","Olympique Lyonnais","10/07/2018 19:28:45","FK2",195,24
1027406,"Paris Saint-Germain FC","Olympique Lyonnais","10/07/2018 19:28:45","Ball Position",196,24
1027406,"Paris Saint-Germain FC","Olympique Lyonnais","10/07/2018 19:28:45","Restart",197,24
1027406,"Paris Saint-Germain FC","Olympique Lyonnais","10/07/2018 19:28:56","AT1",198,24
1027406,"Paris Saint-Germain FC","Olympique Lyonnais","10/07/2018 19:29:00","SAFE2",199,24
1027406,"Paris Saint-Germain FC","Olympique Lyonnais","10/07/2018 19:29:03","GK2",200,24
1027406,"Paris Saint-Germain FC","Olympique Lyonnais","10/07/2018 19:29:13","Restart",201,25
1027406,"Paris Saint-Germain FC","Olympique Lyonnais","10/07/2018 19:29:16","AT1",202,25
1027406,"Paris Saint-Germain FC","Olympique Lyonnais","10/07/2018 19:29:34","SAFE2",203,25
1027406,"Paris Saint-Germain FC","Olympique Lyonnais","10/07/2018 19:29:40","AT2",204,25
1027406,"Paris Saint-Germain FC","Olympique Lyonnais","10/07/2018 19:29:44","POSSIBLE_TI",205,25
1027406,"Paris Saint-Germain FC","Olympique Lyonnais","10/07/2018 19:29:45","TI2",206,25
1027406,"Paris Saint-Germain FC","Olympique Lyonnais","10/07/2018 19:29:52","Restart",207,25
1027406,"Paris Saint-Germain FC","Olympique Lyonnais","10/07/2018 19:30:06","DANGER2",208,26
1027406,"Paris Saint-Germain FC","Olympique Lyonnais","10/07/2018 19:30:06","DAT2",209,26
1027406,"Paris Saint-Germain FC","Olympique Lyonnais","10/07/2018 19:30:17","SAFE1",210,26
1027406,"Paris Saint-Germain FC","Olympique Lyonnais","10/07/2018 19:30:24","AT1",211,26
1027406,"Paris Saint-Germain FC","Olympique Lyonnais","10/07/2018 19:30:27","DANGER1",212,26
1027406,"Paris Saint-Germain FC","Olympique Lyonnais","10/07/2018 19:30:27","DAT1",213,26
1027406,"Paris Saint-Germain FC","Olympique Lyonnais","10/07/2018 19:30:32","SAFE2",214,26
1027406,"Paris Saint-Germain FC","Olympique Lyonnais","10/07/2018 19:30:37","AT2",215,26
1027406,"Paris Saint-Germain FC","Olympique Lyonnais","10/07/2018 19:30:43","DANGER2",216,26
1027406,"Paris Saint-Germain FC","Olympique Lyonnais","10/07/2018 19:30:43","DAT2",217,26
1027406,"Paris Saint-Germain FC","Olympique Lyonnais","10/07/2018 19:30:49","POSSIBLE_CARDS",218,26
1027406,"Paris Saint-Germain FC","Olympique Lyonnais","10/07/2018 19:30:49","PRC",219,26
1027406,"Paris Saint-Germain FC","Olympique Lyonnais","10/07/2018 19:30:54","Possible Free Kick",220,26
1027406,"Paris Saint-Germain FC","Olympique Lyonnais","10/07/2018 19:31:08","YC2",222,27
1027406,"Paris Saint-Germain FC","Olympique Lyonnais","10/07/2018 19:31:17","CONF_YC2",223,27
1027406,"Paris Saint-Germain FC","Olympique Lyonnais","10/07/2018 19:31:21","Scorer",224,27
1027406,"Paris Saint-Germain FC","Olympique Lyonnais","10/07/2018 19:31:24","No RC",225,27
1027406,"Paris Saint-Germain FC","Olympique Lyonnais","10/07/2018 19:31:27","SAFE1",226,27
1027406,"Paris Saint-Germain FC","Olympique Lyonnais","10/07/2018 19:31:27","F2",227,27
1027406,"Paris Saint-Germain FC","Olympique Lyonnais","10/07/2018 19:31:27","FK1",228,27
1027406,"Paris Saint-Germain FC","Olympique Lyonnais","10/07/2018 19:31:27","Ball Position",229,27
1027406,"Paris Saint-Germain FC","Olympique Lyonnais","10/07/2018 19:31:27","Restart",230,27
1027406,"Paris Saint-Germain FC","Olympique Lyonnais","10/07/2018 19:31:30","SAFE2",231,27
1027406,"Paris Saint-Germain FC","Olympique Lyonnais","10/07/2018 19:31:39","AT1",232,27
1027406,"Paris Saint-Germain FC","Olympique Lyonnais","10/07/2018 19:31:42","Scorer",233,27
1027406,"Paris Saint-Germain FC","Olympique Lyonnais","10/07/2018 19:31:43","Player_DATA_CONFIRMED",234,27
1027406,"Paris Saint-Germain FC","Olympique Lyonnais","10/07/2018 19:31:45","DANGER1",235,27
1027406,"Paris Saint-Germain FC","Olympique Lyonnais","10/07/2018 19:31:45","DAT1",236,27
1027406,"Paris Saint-Germain FC","Olympique Lyonnais","10/07/2018 19:31:50","BLOCKED1",237,27
1027406,"Paris Saint-Germain FC","Olympique Lyonnais","10/07/2018 19:31:51","SAFE2",238,27
1027406,"Paris Saint-Germain FC","Olympique Lyonnais","10/07/2018 19:31:59","AT2",239,27
1027406,"Paris Saint-Germain FC","Olympique Lyonnais","10/07/2018 19:32:01","DANGER2",240,27
1027406,"Paris Saint-Germain FC","Olympique Lyonnais","10/07/2018 19:32:01","DAT2",241,27
1027406,"Paris Saint-Germain FC","Olympique Lyonnais","10/07/2018 19:32:08","BLOCKED2",242,28
1027406,"Paris Saint-Germain FC","Olympique Lyonnais","10/07/2018 19:32:11","SAFE1",243,28
1027406,"Paris Saint-Germain FC","Olympique Lyonnais","10/07/2018 19:32:18","AT1",244,28
1027406,"Paris Saint-Germain FC","Olympique Lyonnais","10/07/2018 19:32:20","DANGER1",245,28
1027406,"Paris Saint-Germain FC","Olympique Lyonnais","10/07/2018 19:32:20","DAT1",246,28
1027406,"Paris Saint-Germain FC","Olympique Lyonnais","10/07/2018 19:32:37","SAFE2",247,28
1027406,"Paris Saint-Germain FC","Olympique Lyonnais","10/07/2018 19:32:37","GK2",248,28
1027406,"Paris Saint-Germain FC","Olympique Lyonnais","10/07/2018 19:32:51","Restart",249,28
1027406,"Paris Saint-Germain FC","Olympique Lyonnais","10/07/2018 19:33:06","SAFE1",250,29
1027406,"Paris Saint-Germain FC","Olympique Lyonnais","10/07/2018 19:33:34","POSSIBLE_CARDS",251,29
1027406,"Paris Saint-Germain FC","Olympique Lyonnais","10/07/2018 19:33:34","PRC",252,29
1027406,"Paris Saint-Germain FC","Olympique Lyonnais","10/07/2018 19:33:34","Danger",253,29
1027406,"Paris Saint-Germain FC","Olympique Lyonnais","10/07/2018 19:33:34","Possible Free Kick",254,29
1027406,"Paris Saint-Germain FC","Olympique Lyonnais","10/07/2018 19:33:43","F1",256,29
1027406,"Paris Saint-Germain FC","Olympique Lyonnais","10/07/2018 19:33:43","FK2",257,29
1027406,"Paris Saint-Germain FC","Olympique Lyonnais","10/07/2018 19:33:43","DFK2",258,29
1027406,"Paris Saint-Germain FC","Olympique Lyonnais","10/07/2018 19:33:43","Ball Position",259,29
1027406,"Paris Saint-Germain FC","Olympique Lyonnais","10/07/2018 19:33:44","Restart",260,29
1027406,"Paris Saint-Germain FC","Olympique Lyonnais","10/07/2018 19:33:46","No RC",261,29
1027406,"Paris Saint-Germain FC","Olympique Lyonnais","10/07/2018 19:33:47","NO_Cards",262,29
1027406,"Paris Saint-Germain FC","Olympique Lyonnais","10/07/2018 19:33:48","SAFE2",263,29
1027406,"Paris Saint-Germain FC","Olympique Lyonnais","10/07/2018 19:33:52","AT2",264,29
1027406,"Paris Saint-Germain FC","Olympique Lyonnais","10/07/2018 19:33:57","SAFE1",265,29
1027406,"Paris Saint-Germain FC","Olympique Lyonnais","10/07/2018 19:34:17","SAFE2",266,30
1027406,"Paris Saint-Germain FC","Olympique Lyonnais","10/07/2018 19:34:19","AT2",267,30
1027406,"Paris Saint-Germain FC","Olympique Lyonnais","10/07/2018 19:34:27","DANGER2",268,30
1027406,"Paris Saint-Germain FC","Olympique Lyonnais","10/07/2018 19:34:27","DAT2",269,30
1027406,"Paris Saint-Germain FC","Olympique Lyonnais","10/07/2018 19:34:32","SAFE1",270,30
1027406,"Paris Saint-Germain FC","Olympique Lyonnais","10/07/2018 19:34:36","AT1",271,30
1027406,"Paris Saint-Germain FC","Olympique Lyonnais","10/07/2018 19:34:45","DANGER1",272,30
1027406,"Paris Saint-Germain FC","Olympique Lyonnais","10/07/2018 19:34:45","DAT1",273,30
1027406,"Paris Saint-Germain FC","Olympique Lyonnais","10/07/2018 19:34:52","Possible Free Kick",274,30
1027406,"Paris Saint-Germain FC","Olympique Lyonnais","10/07/2018 19:35:01","SAFE2",276,30
1027406,"Paris Saint-Germain FC","Olympique Lyonnais","10/07/2018 19:35:01","F1",277,30
1027406,"Paris Saint-Germain FC","Olympique Lyonnais","10/07/2018 19:35:01","FK2",278,30
1027406,"Paris Saint-Germain FC","Olympique Lyonnais","10/07/2018 19:35:01","Ball Position",279,30
1027406,"Paris Saint-Germain FC","Olympique Lyonnais","10/07/2018 19:35:02","Restart",280,30
1027406,"Paris Saint-Germain FC","Olympique Lyonnais","10/07/2018 19:35:17","SAFE1",281,31
1027406,"Paris Saint-Germain FC","Olympique Lyonnais","10/07/2018 19:35:42","AT2",282,31
1027406,"Paris Saint-Germain FC","Olympique Lyonnais","10/07/2018 19:35:49","SAFE1",283,31
1027406,"Paris Saint-Germain FC","Olympique Lyonnais","10/07/2018 19:36:00","SAFE2",284,31
1027406,"Paris Saint-Germain FC","Olympique Lyonnais","10/07/2018 19:36:08","AT1",285,32
1027406,"Paris Saint-Germain FC","Olympique Lyonnais","10/07/2018 19:36:10","DANGER1",286,32
1027406,"Paris Saint-Germain FC","Olympique Lyonnais","10/07/2018 19:36:10","DAT1",287,32
1027406,"Paris Saint-Germain FC","Olympique Lyonnais","10/07/2018 19:36:27","POSSIBLE_CARDS",288,32
1027406,"Paris Saint-Germain FC","Olympique Lyonnais","10/07/2018 19:36:27","PRC",289,32
1027406,"Paris Saint-Germain FC","Olympique Lyonnais","10/07/2018 19:36:28","Possible Free Kick",290,32
1027406,"Paris Saint-Germain FC","Olympique Lyonnais","10/07/2018 19:36:36","YC1",292,32
1027406,"Paris Saint-Germain FC","Olympique Lyonnais","10/07/2018 19:36:56","CONF_YC1",293,32
1027406,"Paris Saint-Germain FC","Olympique Lyonnais","10/07/2018 19:37:04","Scorer",294,32
1027406,"Paris Saint-Germain FC","Olympique Lyonnais","10/07/2018 19:37:06","Injury Break",295,33
1027406,"Paris Saint-Germain FC","Olympique Lyonnais","10/07/2018 19:37:15","Player_DATA_CONFIRMED",296,33
1027406,"Paris Saint-Germain FC","Olympique Lyonnais","10/07/2018 19:37:20","SAFE2",297,33
1027406,"Paris Saint-Germain FC","Olympique Lyonnais","10/07/2018 19:37:20","Restart",298,33
1027406,"Paris Saint-Germain FC","Olympique Lyonnais","10/07/2018 19:37:20","F1",299,33
1027406,"Paris Saint-Germain FC","Olympique Lyonnais","10/07/2018 19:37:20","FK2",300,33
1027406,"Paris Saint-Germain FC","Olympique Lyonnais","10/07/2018 19:37:20","Ball Position",301,33
1027406,"Paris Saint-Germain FC","Olympique Lyonnais","10/07/2018 19:39:12","POSSIBLE_CARDS",302,35
1027406,"Paris Saint-Germain FC","Olympique Lyonnais","10/07/2018 19:39:16","RC1",303,35
1027406,"Paris Saint-Germain FC","Olympique Lyonnais","10/07/2018 19:39:34","CONF_RC1",304,35
1027406,"Paris Saint-Germain FC","Olympique Lyonnais","10/07/2018 19:39:42","Scorer",305,35
1027406,"Paris Saint-Germain FC","Olympique Lyonnais","10/07/2018 19:39:55","CYC1",306,35
1027406,"Paris Saint-Germain FC","Olympique Lyonnais","10/07/2018 19:40:21","Restart",307,36
1027406,"Paris Saint-Germain FC","Olympique Lyonnais","10/07/2018 19:40:27","AT1",308,36
1027406,"Paris Saint-Germain FC","Olympique Lyonnais","10/07/2018 19:40:28","POSSIBLE_TI",309,36
1027406,"Paris Saint-Germain FC","Olympique Lyonnais","10/07/2018 19:40:33","TI1",310,36
1027406,"Paris Saint-Germain FC","Olympique Lyonnais","10/07/2018 19:40:35","Restart",311,36
1027406,"Paris Saint-Germain FC","Olympique Lyonnais","10/07/2018 19:40:36","SAFE1",312,36
1027406,"Paris Saint-Germain FC","Olympique Lyonnais","10/07/2018 19:40:43","POSSIBLE_TI",313,36
1027406,"Paris Saint-Germain FC","Olympique Lyonnais","10/07/2018 19:40:50","TI1",314,36
1027406,"Paris Saint-Germain FC","Olympique Lyonnais","10/07/2018 19:40:52","Restart",315,36
1027406,"Paris Saint-Germain FC","Olympique Lyonnais","10/07/2018 19:40:59","SAFE2",316,36
1027406,"Paris Saint-Germain FC","Olympique Lyonnais","10/07/2018 19:40:59","GK2",317,36
1027406,"Paris Saint-Germain FC","Olympique Lyonnais","10/07/2018 19:41:01","Restart",318,36
1027406,"Paris Saint-Germain FC","Olympique Lyonnais","10/07/2018 19:41:14","AT2",319,37
1027406,"Paris Saint-Germain FC","Olympique Lyonnais","10/07/2018 19:41:22","DANGER2",320,37
1027406,"Paris Saint-Germain FC","Olympique Lyonnais","10/07/2018 19:41:22","DAT2",321,37
1027406,"Paris Saint-Germain FC","Olympique Lyonnais","10/07/2018 19:41:38","SAFE1",322,37
1027406,"Paris Saint-Germain FC","Olympique Lyonnais","10/07/2018 19:41:39","POSSIBLE_TI",323,37
1027406,"Paris Saint-Germain FC","Olympique Lyonnais","10/07/2018 19:41:42","TI1",324,37
1027406,"Paris Saint-Germain FC","Olympique Lyonnais","10/07/2018 19:41:47","Restart",325,37
1027406,"Paris Saint-Germain FC","Olympique Lyonnais","10/07/2018 19:41:50","SAFE2",326,37
1027406,"Paris Saint-Germain FC","Olympique Lyonnais","10/07/2018 19:41:56","AT2",327,37
1027406,"Paris Saint-Germain FC","Olympique Lyonnais","10/07/2018 19:42:01","SAFE1",328,37
1027406,"Paris Saint-Germain FC","Olympique Lyonnais","10/07/2018 19:42:07","Scorer",329,38
1027406,"Paris Saint-Germain FC","Olympique Lyonnais","10/07/2018 19:42:08","Player_DATA_CONFIRMED",330,38
1027406,"Paris Saint-Germain FC","Olympique Lyonnais","10/07/2018 19:42:10","AT2",331,38
1027406,"Paris Saint-Germain FC","Olympique Lyonnais","10/07/2018 19:42:11","DANGER2",332,38
1027406,"Paris Saint-Germain FC","Olympique Lyonnais","10/07/2018 19:42:11","DAT2",333,38
1027406,"Paris Saint-Germain FC","Olympique Lyonnais","10/07/2018 19:42:17","PCR2",334,38
1027406,"Paris Saint-Germain FC","Olympique Lyonnais","10/07/2018 19:42:28","NCR2",335,38
1027406,"Paris Saint-Germain FC","Olympique Lyonnais","10/07/2018 19:42:29","BLOCKED2",336,38
1027406,"Paris Saint-Germain FC","Olympique Lyonnais","10/07/2018 19:42:30","SAFE1",337,38
1027406,"Paris Saint-Germain FC","Olympique Lyonnais","10/07/2018 19:42:36","AT1",338,38
1027406,"Paris Saint-Germain FC","Olympique Lyonnais","10/07/2018 19:42:44","POSSIBLE_CARDS",339,38
1027406,"Paris Saint-Germain FC","Olympique Lyonnais","10/07/2018 19:42:44","PRC",340,38
1027406,"Paris Saint-Germain FC","Olympique Lyonnais","10/07/2018 19:42:44","Danger",341,38
1027406,"Paris Saint-Germain FC","Olympique Lyonnais","10/07/2018 19:42:46","Possible Free Kick",342,38
1027406,"Paris Saint-Germain FC","Olympique Lyonnais","10/07/2018 19:43:02","YC1",344,38
1027406,"Paris Saint-Germain FC","Olympique Lyonnais","10/07/2018 19:43:12","CONF_YC1",345,39
1027406,"Paris Saint-Germain FC","Olympique Lyonnais","10/07/2018 19:43:24","Scorer",346,39
1027406,"Paris Saint-Germain FC","Olympique Lyonnais","10/07/2018 19:43:29","Injury Break",347,39
1027406,"Paris Saint-Germain FC","Olympique Lyonnais","10/07/2018 19:43:49","Player_DATA_CONFIRMED",348,39
1027406,"Paris Saint-Germain FC","Olympique Lyonnais","10/07/2018 19:44:10","SUB1",349,40
1027406,"Paris Saint-Germain FC","Olympique Lyonnais","10/07/2018 19:44:25","Player_DATA_CONFIRMED",350,40
1027406,"Paris Saint-Germain FC","Olympique Lyonnais","10/07/2018 19:44:38","SAFE2",351,40
1027406,"Paris Saint-Germain FC","Olympique Lyonnais","10/07/2018 19:44:38","Restart",352,40
1027406,"Paris Saint-Germain FC","Olympique Lyonnais","10/07/2018 19:44:38","F1",353,40
1027406,"Paris Saint-Germain FC","Olympique Lyonnais","10/07/2018 19:44:38","FK2",354,40
1027406,"Paris Saint-Germain FC","Olympique Lyonnais","10/07/2018 19:44:39","Ball Position",355,40
1027406,"Paris Saint-Germain FC","Olympique Lyonnais","10/07/2018 19:44:54","No RC",356,40
1027406,"Paris Saint-Germain FC","Olympique Lyonnais","10/07/2018 19:44:54","Restart",357,40
1027406,"Paris Saint-Germain FC","Olympique Lyonnais","10/07/2018 19:45:01","AT2",358,40
1027406,"Paris Saint-Germain FC","Olympique Lyonnais","10/07/2018 19:45:05","SAFE2",359,40
1027406,"Paris Saint-Germain FC","Olympique Lyonnais","10/07/2018 19:45:21","AT2",360,41
1027406,"Paris Saint-Germain FC","Olympique Lyonnais","10/07/2018 19:45:23","DANGER2",361,41
1027406,"Paris Saint-Germain FC","Olympique Lyonnais","10/07/2018 19:45:23","DAT2",362,41
1027406,"Paris Saint-Germain FC","Olympique Lyonnais","10/07/2018 19:45:33","Possible Free Kick",363,41
1027406,"Paris Saint-Germain FC","Olympique Lyonnais","10/07/2018 19:45:39","POSSIBLE_CARDS",365,41
1027406,"Paris Saint-Germain FC","Olympique Lyonnais","10/07/2018 19:46:02","F1",366,41
1027406,"Paris Saint-Germain FC","Olympique Lyonnais","10/07/2018 19:46:02","FK2",367,41
1027406,"Paris Saint-Germain FC","Olympique Lyonnais","10/07/2018 19:46:02","DFK2",368,41
1027406,"Paris Saint-Germain FC","Olympique Lyonnais","10/07/2018 19:46:02","Ball Position",369,41
1027406,"Paris Saint-Germain FC","Olympique Lyonnais","10/07/2018 19:46:12","SUB2",370,42
1027406,"Paris Saint-Germain FC","Olympique Lyonnais","10/07/2018 19:46:15","NO_Cards",371,42
1027406,"Paris Saint-Germain FC","Olympique Lyonnais","10/07/2018 19:46:35","Restart",372,42
1027406,"Paris Saint-Germain FC","Olympique Lyonnais","10/07/2018 19:46:44","SHB2",373,42
1027406,"Paris Saint-Germain FC","Olympique Lyonnais","10/07/2018 19:46:52","SAFE1",374,42
1027406,"Paris Saint-Germain FC","Olympique Lyonnais","10/07/2018 19:46:53","GK1",375,42
1027406,"Paris Saint-Germain FC","Olympique Lyonnais","10/07/2018 19:47:06","Restart",376,43
1027406,"Paris Saint-Germain FC","Olympique Lyonnais","10/07/2018 19:47:16","SAFE2",377,43
1027406,"Paris Saint-Germain FC","Olympique Lyonnais","10/07/2018 19:47:20","Player_DATA_CONFIRMED",378,43
1027406,"Paris Saint-Germain FC","Olympique Lyonnais","10/07/2018 19:47:31","AT2",379,43
1027406,"Paris Saint-Germain FC","Olympique Lyonnais","10/07/2018 19:47:32","DANGER2",380,43
1027406,"Paris Saint-Germain FC","Olympique Lyonnais","10/07/2018 19:47:32","DAT2",381,43
1027406,"Paris Saint-Germain FC","Olympique Lyonnais","10/07/2018 19:47:36","PCR2",382,43
1027406,"Paris Saint-Germain FC","Olympique Lyonnais","10/07/2018 19:47:41","CR2",383,43
1027406,"Paris Saint-Germain FC","Olympique Lyonnais","10/07/2018 19:47:49","Ball Position",384,43
1027406,"Paris Saint-Germain FC","Olympique Lyonnais","10/07/2018 19:47:58","Restart",385,43
1027406,"Paris Saint-Germain FC","Olympique Lyonnais","10/07/2018 19:48:09","SAFE1",386,44
1027406,"Paris Saint-Germain FC","Olympique Lyonnais","10/07/2018 19:48:10","GK1",387,44
1027406,"Paris Saint-Germain FC","Olympique Lyonnais","10/07/2018 19:48:27","Restart",388,44
1027406,"Paris Saint-Germain FC","Olympique Lyonnais","10/07/2018 19:48:37","Possible Free Kick",389,44
1027406,"Paris Saint-Germain FC","Olympique Lyonnais","10/07/2018 19:48:38","POSSIBLE_CARDS",391,44
1027406,"Paris Saint-Germain FC","Olympique Lyonnais","10/07/2018 19:48:42","YC1",392,44
1027406,"Paris Saint-Germain FC","Olympique Lyonnais","10/07/2018 19:48:56","CONF_YC1",393,44
1027406,"Paris Saint-Germain FC","Olympique Lyonnais","10/07/2018 19:48:57","Scorer",394,44
1027406,"Paris Saint-Germain FC","Olympique Lyonnais","10/07/2018 19:49:01","SAFE2",395,44
1027406,"Paris Saint-Germain FC","Olympique Lyonnais","10/07/2018 19:49:01","F1",396,44
1027406,"Paris Saint-Germain FC","Olympique Lyonnais","10/07/2018 19:49:01","FK2",397,44
1027406,"Paris Saint-Germain FC","Olympique Lyonnais","10/07/2018 19:49:01","Ball Position",398,44
1027406,"Paris Saint-Germain FC","Olympique Lyonnais","10/07/2018 19:49:02","Restart",399,44
1027406,"Paris Saint-Germain FC","Olympique Lyonnais","10/07/2018 19:49:03","AT2",400,44
1027406,"Paris Saint-Germain FC","Olympique Lyonnais","10/07/2018 19:49:07","DANGER2",401,45
1027406,"Paris Saint-Germain FC","Olympique Lyonnais","10/07/2018 19:49:07","DAT2",402,45
1027406,"Paris Saint-Germain FC","Olympique Lyonnais","10/07/2018 19:49:16","Scorer",403,45
1027406,"Paris Saint-Germain FC","Olympique Lyonnais","10/07/2018 19:49:16","Player_DATA_CONFIRMED",404,45
1027406,"Paris Saint-Germain FC","Olympique Lyonnais","10/07/2018 19:49:21","SHG2",405,45
1027406,"Paris Saint-Germain FC","Olympique Lyonnais","10/07/2018 19:49:23","SAFE1",406,45
1027406,"Paris Saint-Germain FC","Olympique Lyonnais","10/07/2018 19:49:47","Possible Free Kick",407,45
1027406,"Paris Saint-Germain FC","Olympique Lyonnais","10/07/2018 19:49:51","SAFE2",409,45
1027406,"Paris Saint-Germain FC","Olympique Lyonnais","10/07/2018 19:49:51","O1",410,45
1027406,"Paris Saint-Germain FC","Olympique Lyonnais","10/07/2018 19:49:51","FK2",411,45
1027406,"Paris Saint-Germain FC","Olympique Lyonnais","10/07/2018 19:49:51","Ball Position",412,45
1027406,"Paris Saint-Germain FC","Olympique Lyonnais","10/07/2018 19:49:52","Restart",413,45
1027406,"Paris Saint-Germain FC","Olympique Lyonnais","10/07/2018 19:49:53","AT2",414,45
1027406,"Paris Saint-Germain FC","Olympique Lyonnais","10/07/2018 19:50:08","Extra Time",415,46
1027406,"Paris Saint-Germain FC","Olympique Lyonnais","10/07/2018 19:50:11","DANGER2",416,46
1027406,"Paris Saint-Germain FC","Olympique Lyonnais","10/07/2018 19:50:11","DAT2",417,46
1027406,"Paris Saint-Germain FC","Olympique Lyonnais","10/07/2018 19:50:21","POSSIBLE_TI",418,46
1027406,"Paris Saint-Germain FC","Olympique Lyonnais","10/07/2018 19:50:23","TI2",419,46
1027406,"Paris Saint-Germain FC","Olympique Lyonnais","10/07/2018 19:50:24","Restart",420,46
1027406,"Paris Saint-Germain FC","Olympique Lyonnais","10/07/2018 19:50:33","SAFE2",421,46
1027406,"Paris Saint-Germain FC","Olympique Lyonnais","10/07/2018 19:50:37","AT2",422,46
1027406,"Paris Saint-Germain FC","Olympique Lyonnais","10/07/2018 19:50:44","DANGER2",423,46
1027406,"Paris Saint-Germain FC","Olympique Lyonnais","10/07/2018 19:50:44","DAT2",424,46
1027406,"Paris Saint-Germain FC","Olympique Lyonnais","10/07/2018 19:50:51","BLOCKED2",425,46
1027406,"Paris Saint-Germain FC","Olympique Lyonnais","10/07/2018 19:50:55","Possible Free Kick",426,46
1027406,"Paris Saint-Germain FC","Olympique Lyonnais","10/07/2018 19:50:56","POSSIBLE_CARDS",428,46
1027406,"Paris Saint-Germain FC","Olympique Lyonnais","10/07/2018 19:51:01","PRC",429,46
1027406,"Paris Saint-Germain FC","Olympique Lyonnais","10/07/2018 19:51:16","YRC1",430,47
1027406,"Paris Saint-Germain FC","Olympique Lyonnais","10/07/2018 19:51:24","System Message",431,47
1027406,"Paris Saint-Germain FC","Olympique Lyonnais","10/07/2018 19:51:34","CYC_RC1",432,47
1027406,"Paris Saint-Germain FC","Olympique Lyonnais","10/07/2018 19:51:43","YRC2",433,47
1027406,"Paris Saint-Germain FC","Olympique Lyonnais","10/07/2018 19:51:52","CONF_YC_RC2",434,47
1027406,"Paris Saint-Germain FC","Olympique Lyonnais","10/07/2018 19:51:55","Scorer",435,47
1027406,"Paris Saint-Germain FC","Olympique Lyonnais","10/07/2018 19:52:02","SAFE1",436,47
1027406,"Paris Saint-Germain FC","Olympique Lyonnais","10/07/2018 19:52:02","F2",437,47
1027406,"Paris Saint-Germain FC","Olympique Lyonnais","10/07/2018 19:52:02","FK1",438,47
1027406,"Paris Saint-Germain FC","Olympique Lyonnais","10/07/2018 19:52:02","Ball Position",439,47
1027406,"Paris Saint-Germain FC","Olympique Lyonnais","10/07/2018 19:52:04","Restart",440,47
1027406,"Paris Saint-Germain FC","Olympique Lyonnais","10/07/2018 19:52:06","SAFE2",441,48
1027406,"Paris Saint-Germain FC","Olympique Lyonnais","10/07/2018 19:52:14","System Message",442,48
1027406,"Paris Saint-Germain FC","Olympique Lyonnais","10/07/2018 19:52:20","Player_DATA_CONFIRMED",443,48
1027406,"Paris Saint-Germain FC","Olympique Lyonnais","10/07/2018 19:52:27","AT2",444,48
1027406,"Paris Saint-Germain FC","Olympique Lyonnais","10/07/2018 19:52:31","DANGER2",445,48
1027406,"Paris Saint-Germain FC","Olympique Lyonnais","10/07/2018 19:52:31","DAT2",446,48
1027406,"Paris Saint-Germain FC","Olympique Lyonnais","10/07/2018 19:52:58","SAFE2",447,48
1027406,"Paris Saint-Germain FC","Olympique Lyonnais","10/07/2018 19:53:06","AT2",448,49
1027406,"Paris Saint-Germain FC","Olympique Lyonnais","10/07/2018 19:53:20","SAFE1",449,49
1027406,"Paris Saint-Germain FC","Olympique Lyonnais","10/07/2018 19:53:24","AT1",450,49
1027406,"Paris Saint-Germain FC","Olympique Lyonnais","10/07/2018 19:53:27","DANGER1",451,49
1027406,"Paris Saint-Germain FC","Olympique Lyonnais","10/07/2018 19:53:27","DAT1",452,49
1027406,"Paris Saint-Germain FC","Olympique Lyonnais","10/07/2018 19:53:33","PPEN",453,49
1027406,"Paris Saint-Germain FC","Olympique Lyonnais","10/07/2018 19:53:33","PPEN1",454,49
1027406,"Paris Saint-Germain FC","Olympique Lyonnais","10/07/2018 19:53:35","POSSIBLE_CARDS",455,49
1027406,"Paris Saint-Germain FC","Olympique Lyonnais","10/07/2018 19:53:35","PRC",456,49
1027406,"Paris Saint-Germain FC","Olympique Lyonnais","10/07/2018 19:54:01","No PEN",457,49
1027406,"Paris Saint-Germain FC","Olympique Lyonnais","10/07/2018 19:54:02","SAFE2",458,49
1027406,"Paris Saint-Germain FC","Olympique Lyonnais","10/07/2018 19:54:03","GK2",459,49
1027406,"Paris Saint-Germain FC","Olympique Lyonnais","10/07/2018 19:54:03","Restart",460,49
1027406,"Paris Saint-Germain FC","Olympique Lyonnais","10/07/2018 19:54:04","No RC",461,49
1027406,"Paris Saint-Germain FC","Olympique Lyonnais","10/07/2018 19:54:05","NO_Cards",462,49
1027406,"Paris Saint-Germain FC","Olympique Lyonnais","10/07/2018 19:54:09","Stop RT1",463,49
1027406,"Paris Saint-Germain FC","Olympique Lyonnais","10/07/2018 19:54:45","CONF_PERIOD_SCORE",464,45
1027406,"Paris Saint-Germain FC","Olympique Lyonnais","10/07/2018 20:08:20","Players are coming out",465,45
1027406,"Paris Saint-Germain FC","Olympique Lyonnais","10/07/2018 20:10:46","Game about to start",466,45
1027406,"Paris Saint-Germain FC","Olympique Lyonnais","10/07/2018 20:11:26","Start RT2 Team 1",467,46
1027406,"Paris Saint-Germain FC","Olympique Lyonnais","10/07/2018 20:11:41","AT1",468,46
1027406,"Paris Saint-Germain FC","Olympique Lyonnais","10/07/2018 20:11:50","SAFE2",469,46
1027406,"Paris Saint-Germain FC","Olympique Lyonnais","10/07/2018 20:12:02","SAFE1",470,46
1027406,"Paris Saint-Germain FC","Olympique Lyonnais","10/07/2018 20:12:10","AT1",471,46
1027406,"Paris Saint-Germain FC","Olympique Lyonnais","10/07/2018 20:12:14","SAFE2",472,46
1027406,"Paris Saint-Germain FC","Olympique Lyonnais","10/07/2018 20:12:14","POSSIBLE_TI",473,46
1027406,"Paris Saint-Germain FC","Olympique Lyonnais","10/07/2018 20:12:17","TI2",474,46
1027406,"Paris Saint-Germain FC","Olympique Lyonnais","10/07/2018 20:12:18","Restart",475,46
1027406,"Paris Saint-Germain FC","Olympique Lyonnais","10/07/2018 20:12:39","AT1",476,47
1027406,"Paris Saint-Germain FC","Olympique Lyonnais","10/07/2018 20:12:40","DANGER1",477,47
1027406,"Paris Saint-Germain FC","Olympique Lyonnais","10/07/2018 20:12:40","DAT1",478,47
1027406,"Paris Saint-Germain FC","Olympique Lyonnais","10/07/2018 20:12:46","SHG1",479,47
1027406,"Paris Saint-Germain FC","Olympique Lyonnais","10/07/2018 20:12:47","SAFE2",480,47
1027406,"Paris Saint-Germain FC","Olympique Lyonnais","10/07/2018 20:12:54","AT1",481,47
1027406,"Paris Saint-Germain FC","Olympique Lyonnais","10/07/2018 20:12:55","POSSIBLE_TI",482,47
1027406,"Paris Saint-Germain FC","Olympique Lyonnais","10/07/2018 20:12:58","TI1",483,47
1027406,"Paris Saint-Germain FC","Olympique Lyonnais","10/07/2018 20:12:59","Restart",484,47
1027406,"Paris Saint-Germain FC","Olympique Lyonnais","10/07/2018 20:13:01","SAFE1",485,47
1027406,"Paris Saint-Germain FC","Olympique Lyonnais","10/07/2018 20:13:30","AT2",486,48
1027406,"Paris Saint-Germain FC","Olympique Lyonnais","10/07/2018 20:13:32","DANGER2",487,48
1027406,"Paris Saint-Germain FC","Olympique Lyonnais","10/07/2018 20:13:32","DAT2",488,48
1027406,"Paris Saint-Germain FC","Olympique Lyonnais","10/07/2018 20:14:02","SAFE2",489,48
1027406,"Paris Saint-Germain FC","Olympique Lyonnais","10/07/2018 20:14:03","AT2",490,48
1027406,"Paris Saint-Germain FC","Olympique Lyonnais","10/07/2018 20:14:07","DANGER2",491,48
1027406,"Paris Saint-Germain FC","Olympique Lyonnais","10/07/2018 20:14:07","DAT2",492,48
1027406,"Paris Saint-Germain FC","Olympique Lyonnais","10/07/2018 20:14:22","BLOCKED2",493,48
1027406,"Paris Saint-Germain FC","Olympique Lyonnais","10/07/2018 20:14:23","SHG2",494,48
1027406,"Paris Saint-Germain FC","Olympique Lyonnais","10/07/2018 20:14:24","SAFE1",495,48
1027406,"Paris Saint-Germain FC","Olympique Lyonnais","10/07/2018 20:14:32","AT2",496,49
1027406,"Paris Saint-Germain FC","Olympique Lyonnais","10/07/2018 20:14:37","DANGER2",497,49
1027406,"Paris Saint-Germain FC","Olympique Lyonnais","10/07/2018 20:14:37","DAT2",498,49
1027406,"Paris Saint-Germain FC","Olympique Lyonnais","10/07/2018 20:15:07","SAFE2",499,49
1027406,"Paris Saint-Germain FC","Olympique Lyonnais","10/07/2018 20:15:18","AT2",500,49
1027406,"Paris Saint-Germain FC","Olympique Lyonnais","10/07/2018 20:15:29","SAFE1",501,50
1027406,"Paris Saint-Germain FC","Olympique Lyonnais","10/07/2018 20:15:33","Possible Free Kick",502,50
1027406,"Paris Saint-Germain FC","Olympique Lyonnais","10/07/2018 20:15:49","F2",504,50
1027406,"Paris Saint-Germain FC","Olympique Lyonnais","10/07/2018 20:15:49","FK1",505,50
1027406,"Paris Saint-Germain FC","Olympique Lyonnais","10/07/2018 20:15:50","Ball Position",506,50
1027406,"Paris Saint-Germain FC","Olympique Lyonnais","10/07/2018 20:15:50","Restart",507,50
1027406,"Paris Saint-Germain FC","Olympique Lyonnais","10/07/2018 20:16:18","AT1",508,50
1027406,"Paris Saint-Germain FC","Olympique Lyonnais","10/07/2018 20:16:21","SAFE2",509,50
1027406,"Paris Saint-Germain FC","Olympique Lyonnais","10/07/2018 20:16:42","SAFE1",510,51
1027406,"Paris Saint-Germain FC","Olympique Lyonnais","10/07/2018 20:17:04","AT1",511,51
1027406,"Paris Saint-Germain FC","Olympique Lyonnais","10/07/2018 20:17:14","DANGER1",512,51
1027406,"Paris Saint-Germain FC","Olympique Lyonnais","10/07/2018 20:17:14","DAT1",513,51
1027406,"Paris Saint-Germain FC","Olympique Lyonnais","10/07/2018 20:17:36","SAFE1",514,52
1027406,"Paris Saint-Germain FC","Olympique Lyonnais","10/07/2018 20:17:53","AT2",515,52
1027406,"Paris Saint-Germain FC","Olympique Lyonnais","10/07/2018 20:17:53","DANGER2",516,52
1027406,"Paris Saint-Germain FC","Olympique Lyonnais","10/07/2018 20:17:53","DAT2",517,52
1027406,"Paris Saint-Germain FC","Olympique Lyonnais","10/07/2018 20:17:58","SHW2",518,52
1027406,"Paris Saint-Germain FC","Olympique Lyonnais","10/07/2018 20:18:03","SAFE1",519,52
1027406,"Paris Saint-Germain FC","Olympique Lyonnais","10/07/2018 20:18:03","AT1",520,52
1027406,"Paris Saint-Germain FC","Olympique Lyonnais","10/07/2018 20:18:04","DANGER1",521,52
1027406,"Paris Saint-Germain FC","Olympique Lyonnais","10/07/2018 20:18:04","DAT1",522,52
1027406,"Paris Saint-Germain FC","Olympique Lyonnais","10/07/2018 20:18:05","BREAKAWAY1",523,52
1027406,"Paris Saint-Germain FC","Olympique Lyonnais","10/07/2018 20:18:13","PCR1",524,52
1027406,"Paris Saint-Germain FC","Olympique Lyonnais","10/07/2018 20:18:16","SHW1",525,52
1027406,"Paris Saint-Germain FC","Olympique Lyonnais","10/07/2018 20:18:18","NCR1",526,52
1027406,"Paris Saint-Germain FC","Olympique Lyonnais","10/07/2018 20:18:19","SAFE2",527,52
1027406,"Paris Saint-Germain FC","Olympique Lyonnais","10/07/2018 20:18:20","GK2",528,52
1027406,"Paris Saint-Germain FC","Olympique Lyonnais","10/07/2018 20:18:24","Restart",529,52
1027406,"Paris Saint-Germain FC","Olympique Lyonnais","10/07/2018 20:18:45","SAFE1",530,53
1027406,"Paris Saint-Germain FC","Olympique Lyonnais","10/07/2018 20:18:45","AT1",531,53
1027406,"Paris Saint-Germain FC","Olympique Lyonnais","10/07/2018 20:18:46","POSSIBLE_TI",532,53
1027406,"Paris Saint-Germain FC","Olympique Lyonnais","10/07/2018 20:18:48","TI1",533,53
1027406,"Paris Saint-Germain FC","Olympique Lyonnais","10/07/2018 20:18:50","Restart",534,53
1027406,"Paris Saint-Germain FC","Olympique Lyonnais","10/07/2018 20:19:09","SAFE1",535,53
1027406,"Paris Saint-Germain FC","Olympique Lyonnais","10/07/2018 20:19:21","AT1",536,53
1027406,"Paris Saint-Germain FC","Olympique Lyonnais","10/07/2018 20:19:28","DANGER1",537,54
1027406,"Paris Saint-Germain FC","Olympique Lyonnais","10/07/2018 20:19:28","DAT1",538,54
1027406,"Paris Saint-Germain FC","Olympique Lyonnais","10/07/2018 20:19:33","PCR1",539,54
1027406,"Paris Saint-Germain FC","Olympique Lyonnais","10/07/2018 20:19:41","CR1",540,54
1027406,"Paris Saint-Germain FC","Olympique Lyonnais","10/07/2018 20:19:56","Ball Position",541,54
1027406,"Paris Saint-Germain FC","Olympique Lyonnais","10/07/2018 20:19:58","Restart",542,54
1027406,"Paris Saint-Germain FC","Olympique Lyonnais","10/07/2018 20:20:25","SAFE2",543,54
1027406,"Paris Saint-Germain FC","Olympique Lyonnais","10/07/2018 20:20:30","SAFE1",544,55
1027406,"Paris Saint-Germain FC","Olympique Lyonnais","10/07/2018 20:20:32","AT1",545,55
1027406,"Paris Saint-Germain FC","Olympique Lyonnais","10/07/2018 20:20:46","SAFE1",546,55
1027406,"Paris Saint-Germain FC","Olympique Lyonnais","10/07/2018 20:21:00","SAFE2",547,55
1027406,"Paris Saint-Germain FC","Olympique Lyonnais","10/07/2018 20:21:07","AT2",548,55
1027406,"Paris Saint-Germain FC","Olympique Lyonnais","10/07/2018 20:21:13","SAFE2",549,55
1027406,"Paris Saint-Germain FC","Olympique Lyonnais","10/07/2018 20:21:19","AT2",550,55
1027406,"Paris Saint-Germain FC","Olympique Lyonnais","10/07/2018 20:21:33","DANGER2",551,56
1027406,"Paris Saint-Germain FC","Olympique Lyonnais","10/07/2018 20:21:33","DAT2",552,56
1027406,"Paris Saint-Germain FC","Olympique Lyonnais","10/07/2018 20:21:38","Possible Free Kick",553,56
1027406,"Paris Saint-Germain FC","Olympique Lyonnais","10/07/2018 20:22:08","SAFE1",555,56
1027406,"Paris Saint-Germain FC","Olympique Lyonnais","10/07/2018 20:22:08","O2",556,56
1027406,"Paris Saint-Germain FC","Olympique Lyonnais","10/07/2018 20:22:08","FK1",557,56
1027406,"Paris Saint-Germain FC","Olympique Lyonnais","10/07/2018 20:22:08","Ball Position",558,56
1027406,"Paris Saint-Germain FC","Olympique Lyonnais","10/07/2018 20:22:09","Restart",559,56
1027406,"Paris Saint-Germain FC","Olympique Lyonnais","10/07/2018 20:22:18","AT1",560,56
1027406,"Paris Saint-Germain FC","Olympique Lyonnais","10/07/2018 20:22:19","DANGER1",561,56
1027406,"Paris Saint-Germain FC","Olympique Lyonnais","10/07/2018 20:22:19","DAT1",562,56
1027406,"Paris Saint-Germain FC","Olympique Lyonnais","10/07/2018 20:22:24","SAFE2",563,56
1027406,"Paris Saint-Germain FC","Olympique Lyonnais","10/07/2018 20:22:35","POSSIBLE_TI",564,57
1027406,"Paris Saint-Germain FC","Olympique Lyonnais","10/07/2018 20:22:40","TI2",565,57
1027406,"Paris Saint-Germain FC","Olympique Lyonnais","10/07/2018 20:22:43","Restart",566,57
1027406,"Paris Saint-Germain FC","Olympique Lyonnais","10/07/2018 20:22:58","Possible Free Kick",567,57
1027406,"Paris Saint-Germain FC","Olympique Lyonnais","10/07/2018 20:23:12","F1",569,57
1027406,"Paris Saint-Germain FC","Olympique Lyonnais","10/07/2018 20:23:12","FK2",570,57
1027406,"Paris Saint-Germain FC","Olympique Lyonnais","10/07/2018 20:23:12","DANGER2",571,57
1027406,"Paris Saint-Germain FC","Olympique Lyonnais","10/07/2018 20:23:12","DFK2",572,57
1027406,"Paris Saint-Germain FC","Olympique Lyonnais","10/07/2018 20:23:12","Ball Position",573,57
1027406,"Paris Saint-Germain FC","Olympique Lyonnais","10/07/2018 20:23:12","Restart",574,57
1027406,"Paris Saint-Germain FC","Olympique Lyonnais","10/07/2018 20:23:19","SAFE1",575,57
1027406,"Paris Saint-Germain FC","Olympique Lyonnais","10/07/2018 20:23:31","POSSIBLE_TI",576,58
1027406,"Paris Saint-Germain FC","Olympique Lyonnais","10/07/2018 20:23:38","TI1",577,58
1027406,"Paris Saint-Germain FC","Olympique Lyonnais","10/07/2018 20:23:39","Restart",578,58
1027406,"Paris Saint-Germain FC","Olympique Lyonnais","10/07/2018 20:23:46","Possible Free Kick",579,58
1027406,"Paris Saint-Germain FC","Olympique Lyonnais","10/07/2018 20:23:58","F2",581,58
1027406,"Paris Saint-Germain FC","Olympique Lyonnais","10/07/2018 20:23:58","FK1",582,58
1027406,"Paris Saint-Germain FC","Olympique Lyonnais","10/07/2018 20:23:58","Ball Position",583,58
1027406,"Paris Saint-Germain FC","Olympique Lyonnais","10/07/2018 20:23:59","Restart",584,58
1027406,"Paris Saint-Germain FC","Olympique Lyonnais","10/07/2018 20:24:21","SAFE1",585,58
1027406,"Paris Saint-Germain FC","Olympique Lyonnais","10/07/2018 20:24:27","AT1",586,59
1027406,"Paris Saint-Germain FC","Olympique Lyonnais","10/07/2018 20:24:34","Possible Free Kick",587,59
1027406,"Paris Saint-Germain FC","Olympique Lyonnais","10/07/2018 20:24:36","POSSIBLE_CARDS",589,59
1027406,"Paris Saint-Germain FC","Olympique Lyonnais","10/07/2018 20:24:45","YC2",590,59
1027406,"Paris Saint-Germain FC","Olympique Lyonnais","10/07/2018 20:24:59","CONF_YC2",591,59
1027406,"Paris Saint-Germain FC","Olympique Lyonnais","10/07/2018 20:25:04","Scorer",592,59
1027406,"Paris Saint-Germain FC","Olympique Lyonnais","10/07/2018 20:25:09","F2",593,59
1027406,"Paris Saint-Germain FC","Olympique Lyonnais","10/07/2018 20:25:09","FK1",594,59
1027406,"Paris Saint-Germain FC","Olympique Lyonnais","10/07/2018 20:25:09","DANGER1",595,59
1027406,"Paris Saint-Germain FC","Olympique Lyonnais","10/07/2018 20:25:09","DFK1",596,59
1027406,"Paris Saint-Germain FC","Olympique Lyonnais","10/07/2018 20:25:09","Ball Position",597,59
1027406,"Paris Saint-Germain FC","Olympique Lyonnais","10/07/2018 20:25:11","Scorer",598,59
1027406,"Paris Saint-Germain FC","Olympique Lyonnais","10/07/2018 20:25:11","Player_DATA_CONFIRMED",599,59
1027406,"Paris Saint-Germain FC","Olympique Lyonnais","10/07/2018 20:25:12","Restart",600,59
1027406,"Paris Saint-Germain FC","Olympique Lyonnais","10/07/2018 20:25:28","Possible Free Kick",601,60
1027406,"Paris Saint-Germain FC","Olympique Lyonnais","10/07/2018 20:25:33","SAFE2",603,60
1027406,"Paris Saint-Germain FC","Olympique Lyonnais","10/07/2018 20:25:33","O1",604,60
1027406,"Paris Saint-Germain FC","Olympique Lyonnais","10/07/2018 20:25:33","FK2",605,60
1027406,"Paris Saint-Germain FC","Olympique Lyonnais","10/07/2018 20:25:33","Ball Position",606,60
1027406,"Paris Saint-Germain FC","Olympique Lyonnais","10/07/2018 20:25:33","Restart",607,60
1027406,"Paris Saint-Germain FC","Olympique Lyonnais","10/07/2018 20:25:37","Possible Free Kick",608,60
1027406,"Paris Saint-Germain FC","Olympique Lyonnais","10/07/2018 20:25:42","POSSIBLE_CARDS",610,60
1027406,"Paris Saint-Germain FC","Olympique Lyonnais","10/07/2018 20:25:59","NO_Cards",611,60
1027406,"Paris Saint-Germain FC","Olympique Lyonnais","10/07/2018 20:26:00","SAFE1",612,60
1027406,"Paris Saint-Germain FC","Olympique Lyonnais","10/07/2018 20:26:00","F2",613,60
1027406,"Paris Saint-Germain FC","Olympique Lyonnais","10/07/2018 20:26:00","FK1",614,60
1027406,"Paris Saint-Germain FC","Olympique Lyonnais","10/07/2018 20:26:00","Ball Position",615,60
1027406,"Paris Saint-Germain FC","Olympique Lyonnais","10/07/2018 20:26:01","Restart",616,60
1027406,"Paris Saint-Germain FC","Olympique Lyonnais","10/07/2018 20:26:02","AT1",617,60
1027406,"Paris Saint-Germain FC","Olympique Lyonnais","10/07/2018 20:26:05","DANGER1",618,60
1027406,"Paris Saint-Germain FC","Olympique Lyonnais","10/07/2018 20:26:05","DAT1",619,60
1027406,"Paris Saint-Germain FC","Olympique Lyonnais","10/07/2018 20:26:11","SHG1",620,60
1027406,"Paris Saint-Germain FC","Olympique Lyonnais","10/07/2018 20:26:15","SAFE2",621,60
1027406,"Paris Saint-Germain FC","Olympique Lyonnais","10/07/2018 20:26:16","AT2",622,60
1027406,"Paris Saint-Germain FC","Olympique Lyonnais","10/07/2018 20:26:34","DANGER2",623,61
1027406,"Paris Saint-Germain FC","Olympique Lyonnais","10/07/2018 20:26:34","DAT2",624,61
1027406,"Paris Saint-Germain FC","Olympique Lyonnais","10/07/2018 20:26:38","SHG2",625,61
1027406,"Paris Saint-Germain FC","Olympique Lyonnais","10/07/2018 20:26:39","SAFE1",626,61
1027406,"Paris Saint-Germain FC","Olympique Lyonnais","10/07/2018 20:26:47","AT1",627,61
1027406,"Paris Saint-Germain FC","Olympique Lyonnais","10/07/2018 20:26:53","DANGER1",628,61
1027406,"Paris Saint-Germain FC","Olympique Lyonnais","10/07/2018 20:26:53","DAT1",629,61
1027406,"Paris Saint-Germain FC","Olympique Lyonnais","10/07/2018 20:27:00","GOAL1",630,61
1027406,"Paris Saint-Germain FC","Olympique Lyonnais","10/07/2018 20:27:24","Scorer",631,61
1027406,"Paris Saint-Germain FC","Olympique Lyonnais","10/07/2018 20:28:05","CONF_GOAL1",632,62
1027406,"Paris Saint-Germain FC","Olympique Lyonnais","10/07/2018 20:28:05","KO2",633,62
1027406,"Paris Saint-Germain FC","Olympique Lyonnais","10/07/2018 20:28:05","SAFE2",634,62
1027406,"Paris Saint-Germain FC","Olympique Lyonnais","10/07/2018 20:28:14","AT2",635,62
1027406,"Paris Saint-Germain FC","Olympique Lyonnais","10/07/2018 20:28:19","DANGER2",636,62
1027406,"Paris Saint-Germain FC","Olympique Lyonnais","10/07/2018 20:28:19","DAT2",637,62
1027406,"Paris Saint-Germain FC","Olympique Lyonnais","10/07/2018 20:28:19","Player_DATA_CONFIRMED",638,62
1027406,"Paris Saint-Germain FC","Olympique Lyonnais","10/07/2018 20:28:35","SAFE1",639,63
1027406,"Paris Saint-Germain FC","Olympique Lyonnais","10/07/2018 20:28:44","Possible Free Kick",640,63
1027406,"Paris Saint-Germain FC","Olympique Lyonnais","10/07/2018 20:28:45","POSSIBLE_CARDS",642,63
1027406,"Paris Saint-Germain FC","Olympique Lyonnais","10/07/2018 20:28:58","NO_Cards",643,63
1027406,"Paris Saint-Germain FC","Olympique Lyonnais","10/07/2018 20:28:59","F2",644,63
1027406,"Paris Saint-Germain FC","Olympique Lyonnais","10/07/2018 20:28:59","FK1",645,63
1027406,"Paris Saint-Germain FC","Olympique Lyonnais","10/07/2018 20:28:59","Ball Position",646,63
1027406,"Paris Saint-Germain FC","Olympique Lyonnais","10/07/2018 20:29:00","Restart",647,63
1027406,"Paris Saint-Germain FC","Olympique Lyonnais","10/07/2018 20:29:01","SAFE2",648,63
1027406,"Paris Saint-Germain FC","Olympique Lyonnais","10/07/2018 20:29:09","AT2",649,63
1027406,"Paris Saint-Germain FC","Olympique Lyonnais","10/07/2018 20:29:18","Possible Free Kick",650,63
1027406,"Paris Saint-Germain FC","Olympique Lyonnais","10/07/2018 20:29:34","SAFE1",652,64
1027406,"Paris Saint-Germain FC","Olympique Lyonnais","10/07/2018 20:29:34","F2",653,64
1027406,"Paris Saint-Germain FC","Olympique Lyonnais","10/07/2018 20:29:34","FK1",654,64
1027406,"Paris Saint-Germain FC","Olympique Lyonnais","10/07/2018 20:29:34","Ball Position",655,64
1027406,"Paris Saint-Germain FC","Olympique Lyonnais","10/07/2018 20:29:34","Restart",656,64
1027406,"Paris Saint-Germain FC","Olympique Lyonnais","10/07/2018 20:29:49","Possible Free Kick",657,64
1027406,"Paris Saint-Germain FC","Olympique Lyonnais","10/07/2018 20:29:51","POSSIBLE_CARDS",659,64
1027406,"Paris Saint-Germain FC","Olympique Lyonnais","10/07/2018 20:29:57","YC2",660,64
1027406,"Paris Saint-Germain FC","Olympique Lyonnais","10/07/2018 20:30:09","CONF_YC2",661,64
1027406,"Paris Saint-Germain FC","Olympique Lyonnais","10/07/2018 20:30:16","Scorer",662,64
1027406,"Paris Saint-Germain FC","Olympique Lyonnais","10/07/2018 20:30:20","Scorer",663,64
1027406,"Paris Saint-Germain FC","Olympique Lyonnais","10/07/2018 20:30:20","Player_DATA_CONFIRMED",664,64
1027406,"Paris Saint-Germain FC","Olympique Lyonnais","10/07/2018 20:30:20","F2",665,64
1027406,"Paris Saint-Germain FC","Olympique Lyonnais","10/07/2018 20:30:20","FK1",666,64
1027406,"Paris Saint-Germain FC","Olympique Lyonnais","10/07/2018 20:30:20","DANGER1",667,64
1027406,"Paris Saint-Germain FC","Olympique Lyonnais","10/07/2018 20:30:20","DFK1",668,64
1027406,"Paris Saint-Germain FC","Olympique Lyonnais","10/07/2018 20:30:20","Ball Position",669,64
1027406,"Paris Saint-Germain FC","Olympique Lyonnais","10/07/2018 20:30:29","Restart",670,65
1027406,"Paris Saint-Germain FC","Olympique Lyonnais","10/07/2018 20:30:38","Possible Free Kick",671,65
1027406,"Paris Saint-Germain FC","Olympique Lyonnais","10/07/2018 20:30:53","F2",673,65
1027406,"Paris Saint-Germain FC","Olympique Lyonnais","10/07/2018 20:30:53","FK1",674,65
1027406,"Paris Saint-Germain FC","Olympique Lyonnais","10/07/2018 20:30:53","DFK1",675,65
1027406,"Paris Saint-Germain FC","Olympique Lyonnais","10/07/2018 20:30:53","Ball Position",676,65
1027406,"Paris Saint-Germain FC","Olympique Lyonnais","10/07/2018 20:30:54","Restart",677,65
1027406,"Paris Saint-Germain FC","Olympique Lyonnais","10/07/2018 20:31:07","POSSIBLE_TI",678,65
1027406,"Paris Saint-Germain FC","Olympique Lyonnais","10/07/2018 20:31:19","TI1",679,65
1027406,"Paris Saint-Germain FC","Olympique Lyonnais","10/07/2018 20:31:21","Restart",680,65
1027406,"Paris Saint-Germain FC","Olympique Lyonnais","10/07/2018 20:31:35","GOAL1",681,66
1027406,"Paris Saint-Germain FC","Olympique Lyonnais","10/07/2018 20:32:03","Scorer",682,66
1027406,"Paris Saint-Germain FC","Olympique Lyonnais","10/07/2018 20:32:39","CONF_GOAL1",683,67
1027406,"Paris Saint-Germain FC","Olympique Lyonnais","10/07/2018 20:32:39","KO2",684,67
1027406,"Paris Saint-Germain FC","Olympique Lyonnais","10/07/2018 20:32:39","SAFE2",685,67
1027406,"Paris Saint-Germain FC","Olympique Lyonnais","10/07/2018 20:32:54","AT2",686,67
1027406,"Paris Saint-Germain FC","Olympique Lyonnais","10/07/2018 20:32:57","DANGER2",687,67
1027406,"Paris Saint-Germain FC","Olympique Lyonnais","10/07/2018 20:32:57","DAT2",688,67
1027406,"Paris Saint-Germain FC","Olympique Lyonnais","10/07/2018 20:33:09","PCR2",689,67
1027406,"Paris Saint-Germain FC","Olympique Lyonnais","10/07/2018 20:33:14","CR2",690,67
1027406,"Paris Saint-Germain FC","Olympique Lyonnais","10/07/2018 20:33:26","Ball Position",691,67
1027406,"Paris Saint-Germain FC","Olympique Lyonnais","10/07/2018 20:33:37","Restart",692,68
1027406,"Paris Saint-Germain FC","Olympique Lyonnais","10/07/2018 20:33:45","PCR2",693,68
1027406,"Paris Saint-Germain FC","Olympique Lyonnais","10/07/2018 20:33:51","CR2",694,68
1027406,"Paris Saint-Germain FC","Olympique Lyonnais","10/07/2018 20:33:52","SHB2",695,68
1027406,"Paris Saint-Germain FC","Olympique Lyonnais","10/07/2018 20:33:58","Ball Position",696,68
1027406,"Paris Saint-Germain FC","Olympique Lyonnais","10/07/2018 20:34:07","Restart",697,68
1027406,"Paris Saint-Germain FC","Olympique Lyonnais","10/07/2018 20:34:09","PCR2",698,68
1027406,"Paris Saint-Germain FC","Olympique Lyonnais","10/07/2018 20:34:13","CR2",699,68
1027406,"Paris Saint-Germain FC","Olympique Lyonnais","10/07/2018 20:34:16","Ball Position",700,68
1027406,"Paris Saint-Germain FC","Olympique Lyonnais","10/07/2018 20:34:19","Player_DATA_CONFIRMED",701,68
1027406,"Paris Saint-Germain FC","Olympique Lyonnais","10/07/2018 20:34:19","Assist",702,68
1027406,"Paris Saint-Germain FC","Olympique Lyonnais","10/07/2018 20:34:19","Restart",703,68
1027406,"Paris Saint-Germain FC","Olympique Lyonnais","10/07/2018 20:34:26","SAFE1",704,68
1027406,"Paris Saint-Germain FC","Olympique Lyonnais","10/07/2018 20:34:30","AT2",705,69
1027406,"Paris Saint-Germain FC","Olympique Lyonnais","10/07/2018 20:34:34","DANGER2",706,69
1027406,"Paris Saint-Germain FC","Olympique Lyonnais","10/07/2018 20:34:34","DAT2",707,69
1027406,"Paris Saint-Germain FC","Olympique Lyonnais","10/07/2018 20:34:47","SAFE1",708,69
1027406,"Paris Saint-Germain FC","Olympique Lyonnais","10/07/2018 20:34:53","AT1",709,69
1027406,"Paris Saint-Germain FC","Olympique Lyonnais","10/07/2018 20:34:55","DANGER1",710,69
1027406,"Paris Saint-Germain FC","Olympique Lyonnais","10/07/2018 20:34:55","DAT1",711,69
1027406,"Paris Saint-Germain FC","Olympique Lyonnais","10/07/2018 20:34:57","BREAKAWAY1",712,69
1027406,"Paris Saint-Germain FC","Olympique Lyonnais","10/07/2018 20:35:01","GOAL1",713,69
1027406,"Paris Saint-Germain FC","Olympique Lyonnais","10/07/2018 20:35:06","Scorer",714,69
1027406,"Paris Saint-Germain FC","Olympique Lyonnais","10/07/2018 20:36:11","CONF_GOAL1",715,70
1027406,"Paris Saint-Germain FC","Olympique Lyonnais","10/07/2018 20:36:11","KO2",716,70
1027406,"Paris Saint-Germain FC","Olympique Lyonnais","10/07/2018 20:36:11","SAFE2",717,70
1027406,"Paris Saint-Germain FC","Olympique Lyonnais","10/07/2018 20:36:19","Player_DATA_CONFIRMED",718,70
1027406,"Paris Saint-Germain FC","Olympique Lyonnais","10/07/2018 20:36:19","Assist",719,70
1027406,"Paris Saint-Germain FC","Olympique Lyonnais","10/07/2018 20:36:24","SAFE1",720,70
1027406,"Paris Saint-Germain FC","Olympique Lyonnais","10/07/2018 20:36:29","AT1",721,71
1027406,"Paris Saint-Germain FC","Olympique Lyonnais","10/07/2018 20:36:29","DANGER1",722,71
1027406,"Paris Saint-Germain FC","Olympique Lyonnais","10/07/2018 20:36:29","DAT1",723,71
1027406,"Paris Saint-Germain FC","Olympique Lyonnais","10/07/2018 20:36:33","Possible Free Kick",724,71
1027406,"Paris Saint-Germain FC","Olympique Lyonnais","10/07/2018 20:36:47","SAFE2",726,71
1027406,"Paris Saint-Germain FC","Olympique Lyonnais","10/07/2018 20:36:47","O1",727,71
1027406,"Paris Saint-Germain FC","Olympique Lyonnais","10/07/2018 20:36:47","FK2",728,71
1027406,"Paris Saint-Germain FC","Olympique Lyonnais","10/07/2018 20:36:47","Ball Position",729,71
1027406,"Paris Saint-Germain FC","Olympique Lyonnais","10/07/2018 20:36:48","Restart",730,71
1027406,"Paris Saint-Germain FC","Olympique Lyonnais","10/07/2018 20:36:55","SAFE1",731,71
1027406,"Paris Saint-Germain FC","Olympique Lyonnais","10/07/2018 20:37:16","AT1",732,71
1027406,"Paris Saint-Germain FC","Olympique Lyonnais","10/07/2018 20:37:19","DANGER1",733,71
1027406,"Paris Saint-Germain FC","Olympique Lyonnais","10/07/2018 20:37:19","DAT1",734,71
1027406,"Paris Saint-Germain FC","Olympique Lyonnais","10/07/2018 20:37:41","SAFE2",735,72
1027406,"Paris Saint-Germain FC","Olympique Lyonnais","10/07/2018 20:37:42","GK2",736,72
1027406,"Paris Saint-Germain FC","Olympique Lyonnais","10/07/2018 20:37:42","Restart",737,72
1027406,"Paris Saint-Germain FC","Olympique Lyonnais","10/07/2018 20:38:07","Possible Free Kick",738,72
1027406,"Paris Saint-Germain FC","Olympique Lyonnais","10/07/2018 20:38:09","SAFE1",740,72
1027406,"Paris Saint-Germain FC","Olympique Lyonnais","10/07/2018 20:38:09","F2",741,72
1027406,"Paris Saint-Germain FC","Olympique Lyonnais","10/07/2018 20:38:09","FK1",742,72
1027406,"Paris Saint-Germain FC","Olympique Lyonnais","10/07/2018 20:38:10","Ball Position",743,72
1027406,"Paris Saint-Germain FC","Olympique Lyonnais","10/07/2018 20:38:10","Restart",744,72
1027406,"Paris Saint-Germain FC","Olympique Lyonnais","10/07/2018 20:38:15","SAFE2",745,72
1027406,"Paris Saint-Germain FC","Olympique Lyonnais","10/07/2018 20:38:21","AT2",746,72
1027406,"Paris Saint-Germain FC","Olympique Lyonnais","10/07/2018 20:38:24","DANGER2",747,72
1027406,"Paris Saint-Germain FC","Olympique Lyonnais","10/07/2018 20:38:24","DAT2",748,72
1027406,"Paris Saint-Germain FC","Olympique Lyonnais","10/07/2018 20:38:31","PCR2",749,73
1027406,"Paris Saint-Germain FC","Olympique Lyonnais","10/07/2018 20:38:35","CR2",750,73
1027406,"Paris Saint-Germain FC","Olympique Lyonnais","10/07/2018 20:38:40","Ball Position",751,73
1027406,"Paris Saint-Germain FC","Olympique Lyonnais","10/07/2018 20:38:47","Restart",752,73
1027406,"Paris Saint-Germain FC","Olympique Lyonnais","10/07/2018 20:38:51","SAFE1",753,73
1027406,"Paris Saint-Germain FC","Olympique Lyonnais","10/07/2018 20:38:52","AT1",754,73
1027406,"Paris Saint-Germain FC","Olympique Lyonnais","10/07/2018 20:38:59","SAFE2",755,73
1027406,"Paris Saint-Germain FC","Olympique Lyonnais","10/07/2018 20:39:20","AT2",756,73
1027406,"Paris Saint-Germain FC","Olympique Lyonnais","10/07/2018 20:39:25","SAFE1",757,73
1027406,"Paris Saint-Germain FC","Olympique Lyonnais","10/07/2018 20:39:45","AT1",758,74
1027406,"Paris Saint-Germain FC","Olympique Lyonnais","10/07/2018 20:39:49","DANGER1",759,74
1027406,"Paris Saint-Germain FC","Olympique Lyonnais","10/07/2018 20:39:49","DAT1",760,74
1027406,"Paris Saint-Germain FC","Olympique Lyonnais","10/07/2018 20:39:59","GOAL1",761,74
1027406,"Paris Saint-Germain FC","Olympique Lyonnais","10/07/2018 20:40:07","Scorer",762,74
1027406,"Paris Saint-Germain FC","Olympique Lyonnais","10/07/2018 20:41:01","SUB1",763,75
1027406,"Paris Saint-Germain FC","Olympique Lyonnais","10/07/2018 20:41:17","CONF_GOAL1",764,75
1027406,"Paris Saint-Germain FC","Olympique Lyonnais","10/07/2018 20:41:17","KO2",765,75
1027406,"Paris Saint-Germain FC","Olympique Lyonnais","10/07/2018 20:41:17","SAFE2",766,75
1027406,"Paris Saint-Germain FC","Olympique Lyonnais","10/07/2018 20:41:36","AT2",767,76
1027406,"Paris Saint-Germain FC","Olympique Lyonnais","10/07/2018 20:41:39","Player_DATA_CONFIRMED",768,76
1027406,"Paris Saint-Germain FC","Olympique Lyonnais","10/07/2018 20:41:42","DANGER2",769,76
1027406,"Paris Saint-Germain FC","Olympique Lyonnais","10/07/2018 20:41:42","DAT2",770,76
1027406,"Paris Saint-Germain FC","Olympique Lyonnais","10/07/2018 20:41:52","BLOCKED2",771,76
1027406,"Paris Saint-Germain FC","Olympique Lyonnais","10/07/2018 20:42:05","SAFE1",772,76
1027406,"Paris Saint-Germain FC","Olympique Lyonnais","10/07/2018 20:42:13","AT1",773,76
1027406,"Paris Saint-Germain FC","Olympique Lyonnais","10/07/2018 20:42:23","DANGER1",774,76
1027406,"Paris Saint-Germain FC","Olympique Lyonnais","10/07/2018 20:42:23","DAT1",775,76
1027406,"Paris Saint-Germain FC","Olympique Lyonnais","10/07/2018 20:42:36","PCR1",776,77
1027406,"Paris Saint-Germain FC","Olympique Lyonnais","10/07/2018 20:42:41","CR1",777,77
1027406,"Paris Saint-Germain FC","Olympique Lyonnais","10/07/2018 20:42:42","SHB1",778,77
1027406,"Paris Saint-Germain FC","Olympique Lyonnais","10/07/2018 20:42:49","Player_DATA_CONFIRMED",779,77
1027406,"Paris Saint-Germain FC","Olympique Lyonnais","10/07/2018 20:42:59","Ball Position",780,77
1027406,"Paris Saint-Germain FC","Olympique Lyonnais","10/07/2018 20:43:01","Restart",781,77
1027406,"Paris Saint-Germain FC","Olympique Lyonnais","10/07/2018 20:43:08","SAFE2",782,77
1027406,"Paris Saint-Germain FC","Olympique Lyonnais","10/07/2018 20:43:16","AT2",783,77
1027406,"Paris Saint-Germain FC","Olympique Lyonnais","10/07/2018 20:43:23","DANGER2",784,77
1027406,"Paris Saint-Germain FC","Olympique Lyonnais","10/07/2018 20:43:23","DAT2",785,77
1027406,"Paris Saint-Germain FC","Olympique Lyonnais","10/07/2018 20:43:30","PCR2",786,78
1027406,"Paris Saint-Germain FC","Olympique Lyonnais","10/07/2018 20:43:37","CR2",787,78
1027406,"Paris Saint-Germain FC","Olympique Lyonnais","10/07/2018 20:44:00","SUB2",788,78
1027406,"Paris Saint-Germain FC","Olympique Lyonnais","10/07/2018 20:44:11","Ball Position",789,78
1027406,"Paris Saint-Germain FC","Olympique Lyonnais","10/07/2018 20:44:17","Restart",790,78
1027406,"Paris Saint-Germain FC","Olympique Lyonnais","10/07/2018 20:44:41","SAFE2",791,79
1027406,"Paris Saint-Germain FC","Olympique Lyonnais","10/07/2018 20:44:58","AT2",792,79
1027406,"Paris Saint-Germain FC","Olympique Lyonnais","10/07/2018 20:45:03","DANGER2",793,79
1027406,"Paris Saint-Germain FC","Olympique Lyonnais","10/07/2018 20:45:03","DAT2",794,79
1027406,"Paris Saint-Germain FC","Olympique Lyonnais","10/07/2018 20:45:19","SHB2",795,79
1027406,"Paris Saint-Germain FC","Olympique Lyonnais","10/07/2018 20:45:29","SUB_UPDATE",796,80
1027406,"Paris Saint-Germain FC","Olympique Lyonnais","10/07/2018 20:45:29","Player_DATA_CONFIRMED",797,80
1027406,"Paris Saint-Germain FC","Olympique Lyonnais","10/07/2018 20:45:32","SAFE1",798,80
1027406,"Paris Saint-Germain FC","Olympique Lyonnais","10/07/2018 20:45:32","GK1",799,80
1027406,"Paris Saint-Germain FC","Olympique Lyonnais","10/07/2018 20:45:36","Restart",800,80
1027406,"Paris Saint-Germain FC","Olympique Lyonnais","10/07/2018 20:46:00","AT1",801,80
1027406,"Paris Saint-Germain FC","Olympique Lyonnais","10/07/2018 20:46:08","DANGER1",802,80
1027406,"Paris Saint-Germain FC","Olympique Lyonnais","10/07/2018 20:46:08","DAT1",803,80
1027406,"Paris Saint-Germain FC","Olympique Lyonnais","10/07/2018 20:46:21","SAFE2",804,80
1027406,"Paris Saint-Germain FC","Olympique Lyonnais","10/07/2018 20:46:21","GK2",805,80
1027406,"Paris Saint-Germain FC","Olympique Lyonnais","10/07/2018 20:46:22","Restart",806,80
1027406,"Paris Saint-Germain FC","Olympique Lyonnais","10/07/2018 20:46:40","AT2",807,81
1027406,"Paris Saint-Germain FC","Olympique Lyonnais","10/07/2018 20:46:54","DANGER2",808,81
1027406,"Paris Saint-Germain FC","Olympique Lyonnais","10/07/2018 20:46:54","DAT2",809,81
1027406,"Paris Saint-Germain FC","Olympique Lyonnais","10/07/2018 20:47:02","SHW2",810,81
1027406,"Paris Saint-Germain FC","Olympique Lyonnais","10/07/2018 20:47:06","SAFE1",811,81
1027406,"Paris Saint-Germain FC","Olympique Lyonnais","10/07/2018 20:47:15","Possible Free Kick",812,81
1027406,"Paris Saint-Germain FC","Olympique Lyonnais","10/07/2018 20:47:19","F2",814,81
1027406,"Paris Saint-Germain FC","Olympique Lyonnais","10/07/2018 20:47:19","FK1",815,81
1027406,"Paris Saint-Germain FC","Olympique Lyonnais","10/07/2018 20:47:19","Ball Position",816,81
1027406,"Paris Saint-Germain FC","Olympique Lyonnais","10/07/2018 20:47:20","Restart",817,81
1027406,"Paris Saint-Germain FC","Olympique Lyonnais","10/07/2018 20:47:28","SAFE1",818,82
1027406,"Paris Saint-Germain FC","Olympique Lyonnais","10/07/2018 20:47:44","AT1",819,82
1027406,"Paris Saint-Germain FC","Olympique Lyonnais","10/07/2018 20:47:47","SAFE2",820,82
1027406,"Paris Saint-Germain FC","Olympique Lyonnais","10/07/2018 20:47:50","POSSIBLE_TI",821,82
1027406,"Paris Saint-Germain FC","Olympique Lyonnais","10/07/2018 20:48:00","TI2",822,82
1027406,"Paris Saint-Germain FC","Olympique Lyonnais","10/07/2018 20:48:02","Restart",823,82
1027406,"Paris Saint-Germain FC","Olympique Lyonnais","10/07/2018 20:48:10","SAFE2",824,82
1027406,"Paris Saint-Germain FC","Olympique Lyonnais","10/07/2018 20:48:23","Possible Free Kick",825,82
1027406,"Paris Saint-Germain FC","Olympique Lyonnais","10/07/2018 20:48:26","F1",827,83
1027406,"Paris Saint-Germain FC","Olympique Lyonnais","10/07/2018 20:48:26","FK2",828,83
1027406,"Paris Saint-Germain FC","Olympique Lyonnais","10/07/2018 20:48:26","DANGER2",829,83
1027406,"Paris Saint-Germain FC","Olympique Lyonnais","10/07/2018 20:48:26","DFK2",830,83
1027406,"Paris Saint-Germain FC","Olympique Lyonnais","10/07/2018 20:48:26","Ball Position",831,83
1027406,"Paris Saint-Germain FC","Olympique Lyonnais","10/07/2018 20:48:27","Restart",832,83
1027406,"Paris Saint-Germain FC","Olympique Lyonnais","10/07/2018 20:48:49","PCR2",833,83
1027406,"Paris Saint-Germain FC","Olympique Lyonnais","10/07/2018 20:49:19","SUB1",834,83
1027406,"Paris Saint-Germain FC","Olympique Lyonnais","10/07/2018 20:49:37","NCR2",835,84
1027406,"Paris Saint-Germain FC","Olympique Lyonnais","10/07/2018 20:49:37","SAFE1",836,84
1027406,"Paris Saint-Germain FC","Olympique Lyonnais","10/07/2018 20:49:38","GK1",837,84
1027406,"Paris Saint-Germain FC","Olympique Lyonnais","10/07/2018 20:49:38","Restart",838,84
1027406,"Paris Saint-Germain FC","Olympique Lyonnais","10/07/2018 20:49:50","AT1",839,84
1027406,"Paris Saint-Germain FC","Olympique Lyonnais","10/07/2018 20:50:08","SAFE2",840,84
1027406,"Paris Saint-Germain FC","Olympique Lyonnais","10/07/2018 20:50:32","SAFE1",841,85
1027406,"Paris Saint-Germain FC","Olympique Lyonnais","10/07/2018 20:51:14","AT1",842,85
1027406,"Paris Saint-Germain FC","Olympique Lyonnais","10/07/2018 20:51:23","SAFE1",843,85
1027406,"Paris Saint-Germain FC","Olympique Lyonnais","10/07/2018 20:51:45","AT1",844,86
1027406,"Paris Saint-Germain FC","Olympique Lyonnais","10/07/2018 20:51:50","Player_DATA_CONFIRMED",845,86
1027406,"Paris Saint-Germain FC","Olympique Lyonnais","10/07/2018 20:51:54","SAFE2",846,86
1027406,"Paris Saint-Germain FC","Olympique Lyonnais","10/07/2018 20:51:55","POSSIBLE_TI",847,86
1027406,"Paris Saint-Germain FC","Olympique Lyonnais","10/07/2018 20:51:59","TI2",848,86
1027406,"Paris Saint-Germain FC","Olympique Lyonnais","10/07/2018 20:52:00","Restart",849,86
1027406,"Paris Saint-Germain FC","Olympique Lyonnais","10/07/2018 20:52:07","AT1",850,86
1027406,"Paris Saint-Germain FC","Olympique Lyonnais","10/07/2018 20:52:09","DANGER1",851,86
1027406,"Paris Saint-Germain FC","Olympique Lyonnais","10/07/2018 20:52:09","DAT1",852,86
1027406,"Paris Saint-Germain FC","Olympique Lyonnais","10/07/2018 20:52:14","SAFE2",853,86
1027406,"Paris Saint-Germain FC","Olympique Lyonnais","10/07/2018 20:52:24","AT2",854,86
1027406,"Paris Saint-Germain FC","Olympique Lyonnais","10/07/2018 20:52:29","SAFE1",855,87
1027406,"Paris Saint-Germain FC","Olympique Lyonnais","10/07/2018 20:52:55","SAFE2",856,87
1027406,"Paris Saint-Germain FC","Olympique Lyonnais","10/07/2018 20:53:04","AT2",857,87
1027406,"Paris Saint-Germain FC","Olympique Lyonnais","10/07/2018 20:53:07","DANGER2",858,87
1027406,"Paris Saint-Germain FC","Olympique Lyonnais","10/07/2018 20:53:07","DAT2",859,87
1027406,"Paris Saint-Germain FC","Olympique Lyonnais","10/07/2018 20:53:17","SAFE1",860,87
1027406,"Paris Saint-Germain FC","Olympique Lyonnais","10/07/2018 20:53:31","AT1",861,88
1027406,"Paris Saint-Germain FC","Olympique Lyonnais","10/07/2018 20:53:33","DANGER1",862,88
1027406,"Paris Saint-Germain FC","Olympique Lyonnais","10/07/2018 20:53:33","DAT1",863,88
1027406,"Paris Saint-Germain FC","Olympique Lyonnais","10/07/2018 20:54:05","SHG1",864,88
1027406,"Paris Saint-Germain FC","Olympique Lyonnais","10/07/2018 20:54:09","SAFE2",865,88
1027406,"Paris Saint-Germain FC","Olympique Lyonnais","10/07/2018 20:54:10","GK2",866,88
1027406,"Paris Saint-Germain FC","Olympique Lyonnais","10/07/2018 20:54:11","Restart",867,88
1027406,"Paris Saint-Germain FC","Olympique Lyonnais","10/07/2018 20:54:18","AT2",868,88
1027406,"Paris Saint-Germain FC","Olympique Lyonnais","10/07/2018 20:54:25","SAFE1",869,88
1027406,"Paris Saint-Germain FC","Olympique Lyonnais","10/07/2018 20:54:35","AT1",870,89
1027406,"Paris Saint-Germain FC","Olympique Lyonnais","10/07/2018 20:54:42","SAFE2",871,89
1027406,"Paris Saint-Germain FC","Olympique Lyonnais","10/07/2018 20:54:56","AT1",872,89
1027406,"Paris Saint-Germain FC","Olympique Lyonnais","10/07/2018 20:55:02","DANGER1",873,89
1027406,"Paris Saint-Germain FC","Olympique Lyonnais","10/07/2018 20:55:02","DAT1",874,89
1027406,"Paris Saint-Germain FC","Olympique Lyonnais","10/07/2018 20:55:11","BLOCKED1",875,89
1027406,"Paris Saint-Germain FC","Olympique Lyonnais","10/07/2018 20:55:17","SAFE2",876,89
1027406,"Paris Saint-Germain FC","Olympique Lyonnais","10/07/2018 20:55:21","AT2",877,89
1027406,"Paris Saint-Germain FC","Olympique Lyonnais","10/07/2018 20:55:24","DANGER2",878,89
1027406,"Paris Saint-Germain FC","Olympique Lyonnais","10/07/2018 20:55:24","DAT2",879,89
1027406,"Paris Saint-Germain FC","Olympique Lyonnais","10/07/2018 20:55:31","SAFE1",880,90
1027406,"Paris Saint-Germain FC","Olympique Lyonnais","10/07/2018 20:55:35","AT1",881,90
1027406,"Paris Saint-Germain FC","Olympique Lyonnais","10/07/2018 20:55:38","DANGER1",882,90
1027406,"Paris Saint-Germain FC","Olympique Lyonnais","10/07/2018 20:55:38","DAT1",883,90
1027406,"Paris Saint-Germain FC","Olympique Lyonnais","10/07/2018 20:55:49","SAFE2",884,90
1027406,"Paris Saint-Germain FC","Olympique Lyonnais","10/07/2018 20:55:50","GK2",885,90
1027406,"Paris Saint-Germain FC","Olympique Lyonnais","10/07/2018 20:55:51","Restart",886,90
1027406,"Paris Saint-Germain FC","Olympique Lyonnais","10/07/2018 20:56:19","AT2",887,90
1027406,"Paris Saint-Germain FC","Olympique Lyonnais","10/07/2018 20:56:24","DANGER2",888,90
1027406,"Paris Saint-Germain FC","Olympique Lyonnais","10/07/2018 20:56:24","DAT2",889,90
1027406,"Paris Saint-Germain FC","Olympique Lyonnais","10/07/2018 20:56:40","SAFE1",890,91
1027406,"Paris Saint-Germain FC","Olympique Lyonnais","10/07/2018 20:56:46","Stop RT2",891,91
1027406,"Paris Saint-Germain FC","Olympique Lyonnais","10/07/2018 20:56:46","Stop Game",892,91
1027406,"Paris Saint-Germain FC","Olympique Lyonnais","10/07/2018 20:57:43","CONF_PERIOD_SCORE",893,90
