"RBallID","HomeTeam","AwayTeam","Timestamp","Incident","IncidentNumber","Minute"
939219,"Angers SCO","EA Guingamp","03/03/2018 18:01:22","Lineup changed",0,0
939219,"Angers SCO","EA Guingamp","03/03/2018 18:01:47","Transmission Online",1,0
939219,"Angers SCO","EA Guingamp","03/03/2018 18:01:47","Scout in Stadion",2,0
939219,"Angers SCO","EA Guingamp","03/03/2018 18:37:34","GCC",3,0
939219,"Angers SCO","EA Guingamp","03/03/2018 18:53:58","GCC",4,0
939219,"Angers SCO","EA Guingamp","03/03/2018 18:56:43","Players are coming out",5,0
939219,"Angers SCO","EA Guingamp","03/03/2018 18:57:17","Jersey Changed",6,0
939219,"Angers SCO","EA Guingamp","03/03/2018 18:57:17","Jersey Changed",7,0
939219,"Angers SCO","EA Guingamp","03/03/2018 18:57:19","Players lined up",8,0
939219,"Angers SCO","EA Guingamp","03/03/2018 18:57:24","Shake hands",9,0
939219,"Angers SCO","EA Guingamp","03/03/2018 18:57:48","Flip coin",10,0
939219,"Angers SCO","EA Guingamp","03/03/2018 18:59:29","Game about to start",11,0
939219,"Angers SCO","EA Guingamp","03/03/2018 18:59:54","Start RT1 Team 1",12,1
939219,"Angers SCO","EA Guingamp","03/03/2018 18:59:56","SAFE1",13,1
939219,"Angers SCO","EA Guingamp","03/03/2018 19:00:01","AT2",14,1
939219,"Angers SCO","EA Guingamp","03/03/2018 19:00:02","POSSIBLE_TI",15,1
939219,"Angers SCO","EA Guingamp","03/03/2018 19:00:03","TI2",16,1
939219,"Angers SCO","EA Guingamp","03/03/2018 19:00:06","Restart",17,1
939219,"Angers SCO","EA Guingamp","03/03/2018 19:00:25","AT1",18,1
939219,"Angers SCO","EA Guingamp","03/03/2018 19:00:25","DANGER1",19,1
939219,"Angers SCO","EA Guingamp","03/03/2018 19:00:25","DAT1",20,1
939219,"Angers SCO","EA Guingamp","03/03/2018 19:00:32","GOAL1",21,1
939219,"Angers SCO","EA Guingamp","03/03/2018 19:01:18","Scorer",22,2
939219,"Angers SCO","EA Guingamp","03/03/2018 19:01:20","CONF_GOAL1",23,2
939219,"Angers SCO","EA Guingamp","03/03/2018 19:01:21","KO2",24,2
939219,"Angers SCO","EA Guingamp","03/03/2018 19:01:21","SAFE2",25,2
939219,"Angers SCO","EA Guingamp","03/03/2018 19:01:34","Possible Free Kick",26,2
939219,"Angers SCO","EA Guingamp","03/03/2018 19:01:44","F1",28,2
939219,"Angers SCO","EA Guingamp","03/03/2018 19:01:44","FK2",29,2
939219,"Angers SCO","EA Guingamp","03/03/2018 19:01:44","DANGER2",30,2
939219,"Angers SCO","EA Guingamp","03/03/2018 19:01:44","DFK2",31,2
939219,"Angers SCO","EA Guingamp","03/03/2018 19:01:44","Ball Position",32,2
939219,"Angers SCO","EA Guingamp","03/03/2018 19:01:58","Player_DATA_CONFIRMED",33,3
939219,"Angers SCO","EA Guingamp","03/03/2018 19:01:58","Assist",34,3
939219,"Angers SCO","EA Guingamp","03/03/2018 19:02:07","Restart",35,3
939219,"Angers SCO","EA Guingamp","03/03/2018 19:02:16","SAFE1",36,3
939219,"Angers SCO","EA Guingamp","03/03/2018 19:02:18","AT1",37,3
939219,"Angers SCO","EA Guingamp","03/03/2018 19:02:22","POSSIBLE_TI",38,3
939219,"Angers SCO","EA Guingamp","03/03/2018 19:02:24","TI1",39,3
939219,"Angers SCO","EA Guingamp","03/03/2018 19:02:31","Restart",40,3
939219,"Angers SCO","EA Guingamp","03/03/2018 19:02:39","SAFE2",41,3
939219,"Angers SCO","EA Guingamp","03/03/2018 19:02:41","AT2",42,3
939219,"Angers SCO","EA Guingamp","03/03/2018 19:02:50","SAFE1",43,3
939219,"Angers SCO","EA Guingamp","03/03/2018 19:03:01","AT1",44,4
939219,"Angers SCO","EA Guingamp","03/03/2018 19:03:07","DANGER1",45,4
939219,"Angers SCO","EA Guingamp","03/03/2018 19:03:07","DAT1",46,4
939219,"Angers SCO","EA Guingamp","03/03/2018 19:03:11","SAFE2",47,4
939219,"Angers SCO","EA Guingamp","03/03/2018 19:03:17","AT2",48,4
939219,"Angers SCO","EA Guingamp","03/03/2018 19:03:19","DANGER2",49,4
939219,"Angers SCO","EA Guingamp","03/03/2018 19:03:19","DAT2",50,4
939219,"Angers SCO","EA Guingamp","03/03/2018 19:03:31","SAFE1",51,4
939219,"Angers SCO","EA Guingamp","03/03/2018 19:03:34","AT1",52,4
939219,"Angers SCO","EA Guingamp","03/03/2018 19:03:44","SAFE2",53,4
939219,"Angers SCO","EA Guingamp","03/03/2018 19:03:48","AT2",54,4
939219,"Angers SCO","EA Guingamp","03/03/2018 19:03:55","SAFE1",55,5
939219,"Angers SCO","EA Guingamp","03/03/2018 19:03:59","AT1",56,5
939219,"Angers SCO","EA Guingamp","03/03/2018 19:04:04","DANGER1",57,5
939219,"Angers SCO","EA Guingamp","03/03/2018 19:04:04","DAT1",58,5
939219,"Angers SCO","EA Guingamp","03/03/2018 19:04:26","SAFE2",59,5
939219,"Angers SCO","EA Guingamp","03/03/2018 19:04:59","AT2",60,6
939219,"Angers SCO","EA Guingamp","03/03/2018 19:05:09","DANGER2",61,6
939219,"Angers SCO","EA Guingamp","03/03/2018 19:05:09","DAT2",62,6
939219,"Angers SCO","EA Guingamp","03/03/2018 19:05:20","SAFE1",63,6
939219,"Angers SCO","EA Guingamp","03/03/2018 19:05:23","Possible Free Kick",64,6
939219,"Angers SCO","EA Guingamp","03/03/2018 19:05:27","POSSIBLE_CARDS",66,6
939219,"Angers SCO","EA Guingamp","03/03/2018 19:05:33","YC2",67,6
939219,"Angers SCO","EA Guingamp","03/03/2018 19:05:36","CONF_YC2",68,6
939219,"Angers SCO","EA Guingamp","03/03/2018 19:05:45","Scorer",69,6
939219,"Angers SCO","EA Guingamp","03/03/2018 19:05:55","Player_DATA_CONFIRMED",70,7
939219,"Angers SCO","EA Guingamp","03/03/2018 19:05:58","F2",71,7
939219,"Angers SCO","EA Guingamp","03/03/2018 19:05:58","FK1",72,7
939219,"Angers SCO","EA Guingamp","03/03/2018 19:05:58","Ball Position",73,7
939219,"Angers SCO","EA Guingamp","03/03/2018 19:06:19","Restart",74,7
939219,"Angers SCO","EA Guingamp","03/03/2018 19:06:21","AT1",75,7
939219,"Angers SCO","EA Guingamp","03/03/2018 19:06:21","DANGER1",76,7
939219,"Angers SCO","EA Guingamp","03/03/2018 19:06:21","DAT1",77,7
939219,"Angers SCO","EA Guingamp","03/03/2018 19:06:24","SAFE2",78,7
939219,"Angers SCO","EA Guingamp","03/03/2018 19:06:25","GK2",79,7
939219,"Angers SCO","EA Guingamp","03/03/2018 19:06:31","Restart",80,7
939219,"Angers SCO","EA Guingamp","03/03/2018 19:06:44","AT2",81,7
939219,"Angers SCO","EA Guingamp","03/03/2018 19:06:47","DANGER2",82,7
939219,"Angers SCO","EA Guingamp","03/03/2018 19:06:47","DAT2",83,7
939219,"Angers SCO","EA Guingamp","03/03/2018 19:06:55","PCR2",84,8
939219,"Angers SCO","EA Guingamp","03/03/2018 19:06:59","CR2",85,8
939219,"Angers SCO","EA Guingamp","03/03/2018 19:07:06","Ball Position",86,8
939219,"Angers SCO","EA Guingamp","03/03/2018 19:07:16","Restart",87,8
939219,"Angers SCO","EA Guingamp","03/03/2018 19:07:21","SHB2",88,8
939219,"Angers SCO","EA Guingamp","03/03/2018 19:07:24","SAFE1",89,8
939219,"Angers SCO","EA Guingamp","03/03/2018 19:07:25","GK1",90,8
939219,"Angers SCO","EA Guingamp","03/03/2018 19:07:37","Restart",91,8
939219,"Angers SCO","EA Guingamp","03/03/2018 19:07:44","AT1",92,8
939219,"Angers SCO","EA Guingamp","03/03/2018 19:07:51","SAFE2",93,8
939219,"Angers SCO","EA Guingamp","03/03/2018 19:08:13","AT2",94,9
939219,"Angers SCO","EA Guingamp","03/03/2018 19:08:22","DANGER2",95,9
939219,"Angers SCO","EA Guingamp","03/03/2018 19:08:22","DAT2",96,9
939219,"Angers SCO","EA Guingamp","03/03/2018 19:08:27","POSSIBLE_TI",97,9
939219,"Angers SCO","EA Guingamp","03/03/2018 19:08:29","TI1",98,9
939219,"Angers SCO","EA Guingamp","03/03/2018 19:08:37","Restart",99,9
939219,"Angers SCO","EA Guingamp","03/03/2018 19:08:44","SAFE1",100,9
939219,"Angers SCO","EA Guingamp","03/03/2018 19:08:48","POSSIBLE_TI",101,9
939219,"Angers SCO","EA Guingamp","03/03/2018 19:08:49","TI1",102,9
939219,"Angers SCO","EA Guingamp","03/03/2018 19:09:03","Restart",103,10
939219,"Angers SCO","EA Guingamp","03/03/2018 19:09:24","AT2",104,10
939219,"Angers SCO","EA Guingamp","03/03/2018 19:09:26","DANGER2",105,10
939219,"Angers SCO","EA Guingamp","03/03/2018 19:09:26","DAT2",106,10
939219,"Angers SCO","EA Guingamp","03/03/2018 19:09:33","SAFE1",107,10
939219,"Angers SCO","EA Guingamp","03/03/2018 19:09:35","SAFE2",108,10
939219,"Angers SCO","EA Guingamp","03/03/2018 19:09:54","AT2",109,11
939219,"Angers SCO","EA Guingamp","03/03/2018 19:09:54","DANGER2",110,11
939219,"Angers SCO","EA Guingamp","03/03/2018 19:09:54","DAT2",111,11
939219,"Angers SCO","EA Guingamp","03/03/2018 19:09:58","Possible Free Kick",112,11
939219,"Angers SCO","EA Guingamp","03/03/2018 19:10:01","SAFE1",114,11
939219,"Angers SCO","EA Guingamp","03/03/2018 19:10:01","O2",115,11
939219,"Angers SCO","EA Guingamp","03/03/2018 19:10:01","FK1",116,11
939219,"Angers SCO","EA Guingamp","03/03/2018 19:10:01","Ball Position",117,11
939219,"Angers SCO","EA Guingamp","03/03/2018 19:10:27","Restart",118,11
939219,"Angers SCO","EA Guingamp","03/03/2018 19:10:36","AT1",119,11
939219,"Angers SCO","EA Guingamp","03/03/2018 19:10:41","SAFE2",120,11
939219,"Angers SCO","EA Guingamp","03/03/2018 19:10:44","POSSIBLE_TI",121,11
939219,"Angers SCO","EA Guingamp","03/03/2018 19:10:50","TI2",122,11
939219,"Angers SCO","EA Guingamp","03/03/2018 19:10:52","Restart",123,11
939219,"Angers SCO","EA Guingamp","03/03/2018 19:11:04","AT1",124,12
939219,"Angers SCO","EA Guingamp","03/03/2018 19:11:06","DANGER1",125,12
939219,"Angers SCO","EA Guingamp","03/03/2018 19:11:06","DAT1",126,12
939219,"Angers SCO","EA Guingamp","03/03/2018 19:11:10","SAFE2",127,12
939219,"Angers SCO","EA Guingamp","03/03/2018 19:11:27","AT2",128,12
939219,"Angers SCO","EA Guingamp","03/03/2018 19:11:32","SAFE1",129,12
939219,"Angers SCO","EA Guingamp","03/03/2018 19:11:35","AT1",130,12
939219,"Angers SCO","EA Guingamp","03/03/2018 19:11:35","DANGER1",131,12
939219,"Angers SCO","EA Guingamp","03/03/2018 19:11:35","DAT1",132,12
939219,"Angers SCO","EA Guingamp","03/03/2018 19:11:48","BLOCKED1",133,12
939219,"Angers SCO","EA Guingamp","03/03/2018 19:12:02","SAFE2",134,13
939219,"Angers SCO","EA Guingamp","03/03/2018 19:12:04","SAFE1",135,13
939219,"Angers SCO","EA Guingamp","03/03/2018 19:12:09","AT1",136,13
939219,"Angers SCO","EA Guingamp","03/03/2018 19:12:11","DANGER1",137,13
939219,"Angers SCO","EA Guingamp","03/03/2018 19:12:11","DAT1",138,13
939219,"Angers SCO","EA Guingamp","03/03/2018 19:12:17","SAFE2",139,13
939219,"Angers SCO","EA Guingamp","03/03/2018 19:12:34","SAFE1",140,13
939219,"Angers SCO","EA Guingamp","03/03/2018 19:12:36","AT1",141,13
939219,"Angers SCO","EA Guingamp","03/03/2018 19:12:38","DANGER1",142,13
939219,"Angers SCO","EA Guingamp","03/03/2018 19:12:38","DAT1",143,13
939219,"Angers SCO","EA Guingamp","03/03/2018 19:12:42","SAFE2",144,13
939219,"Angers SCO","EA Guingamp","03/03/2018 19:13:12","AT2",145,14
939219,"Angers SCO","EA Guingamp","03/03/2018 19:13:25","DANGER2",146,14
939219,"Angers SCO","EA Guingamp","03/03/2018 19:13:25","DAT2",147,14
939219,"Angers SCO","EA Guingamp","03/03/2018 19:13:30","PCR2",148,14
939219,"Angers SCO","EA Guingamp","03/03/2018 19:13:33","NCR2",149,14
939219,"Angers SCO","EA Guingamp","03/03/2018 19:13:35","SAFE1",150,14
939219,"Angers SCO","EA Guingamp","03/03/2018 19:13:36","GK1",151,14
939219,"Angers SCO","EA Guingamp","03/03/2018 19:13:53","Restart",152,14
939219,"Angers SCO","EA Guingamp","03/03/2018 19:14:03","POSSIBLE_TI",153,15
939219,"Angers SCO","EA Guingamp","03/03/2018 19:14:06","TI1",154,15
939219,"Angers SCO","EA Guingamp","03/03/2018 19:14:10","Restart",155,15
939219,"Angers SCO","EA Guingamp","03/03/2018 19:14:14","AT1",156,15
939219,"Angers SCO","EA Guingamp","03/03/2018 19:14:16","POSSIBLE_TI",157,15
939219,"Angers SCO","EA Guingamp","03/03/2018 19:14:17","TI1",158,15
939219,"Angers SCO","EA Guingamp","03/03/2018 19:14:22","Restart",159,15
939219,"Angers SCO","EA Guingamp","03/03/2018 19:14:24","DANGER1",160,15
939219,"Angers SCO","EA Guingamp","03/03/2018 19:14:24","DAT1",161,15
939219,"Angers SCO","EA Guingamp","03/03/2018 19:14:31","POSSIBLE_TI",162,15
939219,"Angers SCO","EA Guingamp","03/03/2018 19:14:36","TI2",163,15
939219,"Angers SCO","EA Guingamp","03/03/2018 19:14:51","Restart",164,15
939219,"Angers SCO","EA Guingamp","03/03/2018 19:15:08","SAFE2",165,16
939219,"Angers SCO","EA Guingamp","03/03/2018 19:15:09","POSSIBLE_TI",166,16
939219,"Angers SCO","EA Guingamp","03/03/2018 19:15:10","TI2",167,16
939219,"Angers SCO","EA Guingamp","03/03/2018 19:15:19","Restart",168,16
939219,"Angers SCO","EA Guingamp","03/03/2018 19:15:29","SAFE1",169,16
939219,"Angers SCO","EA Guingamp","03/03/2018 19:15:30","POSSIBLE_TI",170,16
939219,"Angers SCO","EA Guingamp","03/03/2018 19:15:32","TI1",171,16
939219,"Angers SCO","EA Guingamp","03/03/2018 19:15:43","Restart",172,16
939219,"Angers SCO","EA Guingamp","03/03/2018 19:15:59","AT1",173,17
939219,"Angers SCO","EA Guingamp","03/03/2018 19:16:03","DANGER1",174,17
939219,"Angers SCO","EA Guingamp","03/03/2018 19:16:03","DAT1",175,17
939219,"Angers SCO","EA Guingamp","03/03/2018 19:16:09","POSSIBLE_TI",176,17
939219,"Angers SCO","EA Guingamp","03/03/2018 19:16:11","TI1",177,17
939219,"Angers SCO","EA Guingamp","03/03/2018 19:16:17","Restart",178,17
939219,"Angers SCO","EA Guingamp","03/03/2018 19:16:23","SAFE2",179,17
939219,"Angers SCO","EA Guingamp","03/03/2018 19:16:23","POSSIBLE_TI",180,17
939219,"Angers SCO","EA Guingamp","03/03/2018 19:16:25","TI2",181,17
939219,"Angers SCO","EA Guingamp","03/03/2018 19:16:27","Restart",182,17
939219,"Angers SCO","EA Guingamp","03/03/2018 19:16:37","AT2",183,17
939219,"Angers SCO","EA Guingamp","03/03/2018 19:16:41","SAFE1",184,17
939219,"Angers SCO","EA Guingamp","03/03/2018 19:16:43","AT1",185,17
939219,"Angers SCO","EA Guingamp","03/03/2018 19:16:44","DANGER1",186,17
939219,"Angers SCO","EA Guingamp","03/03/2018 19:16:44","DAT1",187,17
939219,"Angers SCO","EA Guingamp","03/03/2018 19:16:51","SAFE2",188,17
939219,"Angers SCO","EA Guingamp","03/03/2018 19:16:54","AT2",189,18
939219,"Angers SCO","EA Guingamp","03/03/2018 19:16:57","SAFE1",190,18
939219,"Angers SCO","EA Guingamp","03/03/2018 19:17:00","AT1",191,18
939219,"Angers SCO","EA Guingamp","03/03/2018 19:17:01","DANGER1",192,18
939219,"Angers SCO","EA Guingamp","03/03/2018 19:17:01","DAT1",193,18
939219,"Angers SCO","EA Guingamp","03/03/2018 19:17:17","SAFE2",194,18
939219,"Angers SCO","EA Guingamp","03/03/2018 19:17:18","POSSIBLE_TI",195,18
939219,"Angers SCO","EA Guingamp","03/03/2018 19:17:19","TI2",196,18
939219,"Angers SCO","EA Guingamp","03/03/2018 19:17:29","Restart",197,18
939219,"Angers SCO","EA Guingamp","03/03/2018 19:17:49","AT2",198,18
939219,"Angers SCO","EA Guingamp","03/03/2018 19:17:55","SAFE1",199,19
939219,"Angers SCO","EA Guingamp","03/03/2018 19:17:59","POSSIBLE_TI",200,19
939219,"Angers SCO","EA Guingamp","03/03/2018 19:18:01","TI1",201,19
939219,"Angers SCO","EA Guingamp","03/03/2018 19:18:11","Restart",202,19
939219,"Angers SCO","EA Guingamp","03/03/2018 19:18:14","SAFE2",203,19
939219,"Angers SCO","EA Guingamp","03/03/2018 19:18:21","SAFE1",204,19
939219,"Angers SCO","EA Guingamp","03/03/2018 19:18:31","AT1",205,19
939219,"Angers SCO","EA Guingamp","03/03/2018 19:18:37","DANGER1",206,19
939219,"Angers SCO","EA Guingamp","03/03/2018 19:18:37","DAT1",207,19
939219,"Angers SCO","EA Guingamp","03/03/2018 19:18:48","SAFE2",208,19
939219,"Angers SCO","EA Guingamp","03/03/2018 19:19:02","AT2",209,20
939219,"Angers SCO","EA Guingamp","03/03/2018 19:19:13","DANGER2",210,20
939219,"Angers SCO","EA Guingamp","03/03/2018 19:19:13","DAT2",211,20
939219,"Angers SCO","EA Guingamp","03/03/2018 19:19:27","SAFE1",212,20
939219,"Angers SCO","EA Guingamp","03/03/2018 19:19:31","SAFE2",213,20
939219,"Angers SCO","EA Guingamp","03/03/2018 19:19:50","AT2",214,20
939219,"Angers SCO","EA Guingamp","03/03/2018 19:20:03","SAFE1",215,21
939219,"Angers SCO","EA Guingamp","03/03/2018 19:20:14","AT1",216,21
939219,"Angers SCO","EA Guingamp","03/03/2018 19:20:17","SAFE2",217,21
939219,"Angers SCO","EA Guingamp","03/03/2018 19:20:43","AT2",218,21
939219,"Angers SCO","EA Guingamp","03/03/2018 19:20:47","DANGER2",219,21
939219,"Angers SCO","EA Guingamp","03/03/2018 19:20:47","DAT2",220,21
939219,"Angers SCO","EA Guingamp","03/03/2018 19:21:15","SHG2",221,22
939219,"Angers SCO","EA Guingamp","03/03/2018 19:21:22","SAFE1",222,22
939219,"Angers SCO","EA Guingamp","03/03/2018 19:21:30","AT1",223,22
939219,"Angers SCO","EA Guingamp","03/03/2018 19:21:33","DANGER1",224,22
939219,"Angers SCO","EA Guingamp","03/03/2018 19:21:33","DAT1",225,22
939219,"Angers SCO","EA Guingamp","03/03/2018 19:21:36","Possible Free Kick",226,22
939219,"Angers SCO","EA Guingamp","03/03/2018 19:21:39","SAFE2",228,22
939219,"Angers SCO","EA Guingamp","03/03/2018 19:21:39","O1",229,22
939219,"Angers SCO","EA Guingamp","03/03/2018 19:21:39","FK2",230,22
939219,"Angers SCO","EA Guingamp","03/03/2018 19:21:39","Ball Position",231,22
939219,"Angers SCO","EA Guingamp","03/03/2018 19:21:41","Restart",232,22
939219,"Angers SCO","EA Guingamp","03/03/2018 19:21:52","AT2",233,22
939219,"Angers SCO","EA Guingamp","03/03/2018 19:21:56","DANGER2",234,23
939219,"Angers SCO","EA Guingamp","03/03/2018 19:21:56","DAT2",235,23
939219,"Angers SCO","EA Guingamp","03/03/2018 19:22:33","SAFE1",236,23
939219,"Angers SCO","EA Guingamp","03/03/2018 19:22:40","AT1",237,23
939219,"Angers SCO","EA Guingamp","03/03/2018 19:22:45","DANGER1",238,23
939219,"Angers SCO","EA Guingamp","03/03/2018 19:22:45","DAT1",239,23
939219,"Angers SCO","EA Guingamp","03/03/2018 19:22:55","BLOCKED1",240,24
939219,"Angers SCO","EA Guingamp","03/03/2018 19:22:58","POSSIBLE_TI",241,24
939219,"Angers SCO","EA Guingamp","03/03/2018 19:22:59","TI1",242,24
939219,"Angers SCO","EA Guingamp","03/03/2018 19:23:11","Restart",243,24
939219,"Angers SCO","EA Guingamp","03/03/2018 19:23:20","SAFE1",244,24
939219,"Angers SCO","EA Guingamp","03/03/2018 19:23:28","AT1",245,24
939219,"Angers SCO","EA Guingamp","03/03/2018 19:23:47","SAFE2",246,24
939219,"Angers SCO","EA Guingamp","03/03/2018 19:23:47","POSSIBLE_TI",247,24
939219,"Angers SCO","EA Guingamp","03/03/2018 19:23:52","TI2",248,24
939219,"Angers SCO","EA Guingamp","03/03/2018 19:23:55","Restart",249,25
939219,"Angers SCO","EA Guingamp","03/03/2018 19:24:27","AT2",250,25
939219,"Angers SCO","EA Guingamp","03/03/2018 19:24:30","DANGER2",251,25
939219,"Angers SCO","EA Guingamp","03/03/2018 19:24:30","DAT2",252,25
939219,"Angers SCO","EA Guingamp","03/03/2018 19:24:37","PCR2",253,25
939219,"Angers SCO","EA Guingamp","03/03/2018 19:24:42","NCR2",254,25
939219,"Angers SCO","EA Guingamp","03/03/2018 19:24:46","SHB2",255,25
939219,"Angers SCO","EA Guingamp","03/03/2018 19:24:47","SAFE1",256,25
939219,"Angers SCO","EA Guingamp","03/03/2018 19:24:48","GK1",257,25
939219,"Angers SCO","EA Guingamp","03/03/2018 19:25:08","Restart",258,26
939219,"Angers SCO","EA Guingamp","03/03/2018 19:25:18","AT2",259,26
939219,"Angers SCO","EA Guingamp","03/03/2018 19:25:21","Possible Free Kick",260,26
939219,"Angers SCO","EA Guingamp","03/03/2018 19:25:23","F1",262,26
939219,"Angers SCO","EA Guingamp","03/03/2018 19:25:23","FK2",263,26
939219,"Angers SCO","EA Guingamp","03/03/2018 19:25:23","DANGER2",264,26
939219,"Angers SCO","EA Guingamp","03/03/2018 19:25:23","DFK2",265,26
939219,"Angers SCO","EA Guingamp","03/03/2018 19:25:23","Ball Position",266,26
939219,"Angers SCO","EA Guingamp","03/03/2018 19:25:24","Restart",267,26
939219,"Angers SCO","EA Guingamp","03/03/2018 19:25:26","SAFE2",268,26
939219,"Angers SCO","EA Guingamp","03/03/2018 19:25:44","AT2",269,26
939219,"Angers SCO","EA Guingamp","03/03/2018 19:25:44","DANGER2",270,26
939219,"Angers SCO","EA Guingamp","03/03/2018 19:25:44","DAT2",271,26
939219,"Angers SCO","EA Guingamp","03/03/2018 19:25:47","SAFE1",272,26
939219,"Angers SCO","EA Guingamp","03/03/2018 19:25:52","AT1",273,26
939219,"Angers SCO","EA Guingamp","03/03/2018 19:25:57","SAFE2",274,27
939219,"Angers SCO","EA Guingamp","03/03/2018 19:25:58","POSSIBLE_TI",275,27
939219,"Angers SCO","EA Guingamp","03/03/2018 19:26:00","TI2",276,27
939219,"Angers SCO","EA Guingamp","03/03/2018 19:26:01","Restart",277,27
939219,"Angers SCO","EA Guingamp","03/03/2018 19:26:16","AT2",278,27
939219,"Angers SCO","EA Guingamp","03/03/2018 19:26:19","SAFE1",279,27
939219,"Angers SCO","EA Guingamp","03/03/2018 19:26:21","POSSIBLE_TI",280,27
939219,"Angers SCO","EA Guingamp","03/03/2018 19:26:23","TI1",281,27
939219,"Angers SCO","EA Guingamp","03/03/2018 19:26:36","Restart",282,27
939219,"Angers SCO","EA Guingamp","03/03/2018 19:26:42","AT2",283,27
939219,"Angers SCO","EA Guingamp","03/03/2018 19:26:52","Possible Free Kick",284,27
939219,"Angers SCO","EA Guingamp","03/03/2018 19:26:57","FK2",286,28
939219,"Angers SCO","EA Guingamp","03/03/2018 19:26:57","DANGER2",287,28
939219,"Angers SCO","EA Guingamp","03/03/2018 19:26:57","DFK2",288,28
939219,"Angers SCO","EA Guingamp","03/03/2018 19:26:57","Ball Position",289,28
939219,"Angers SCO","EA Guingamp","03/03/2018 19:26:59","Restart",290,28
939219,"Angers SCO","EA Guingamp","03/03/2018 19:27:18","Possible Free Kick",291,28
939219,"Angers SCO","EA Guingamp","03/03/2018 19:27:25","SAFE1",293,28
939219,"Angers SCO","EA Guingamp","03/03/2018 19:27:25","F2",294,28
939219,"Angers SCO","EA Guingamp","03/03/2018 19:27:25","FK1",295,28
939219,"Angers SCO","EA Guingamp","03/03/2018 19:27:25","Ball Position",296,28
939219,"Angers SCO","EA Guingamp","03/03/2018 19:27:41","Restart",297,28
939219,"Angers SCO","EA Guingamp","03/03/2018 19:27:53","POSSIBLE_TI",298,28
939219,"Angers SCO","EA Guingamp","03/03/2018 19:27:55","TI2",299,29
939219,"Angers SCO","EA Guingamp","03/03/2018 19:27:57","Restart",300,29
939219,"Angers SCO","EA Guingamp","03/03/2018 19:28:00","SAFE2",301,29
939219,"Angers SCO","EA Guingamp","03/03/2018 19:28:07","AT1",302,29
939219,"Angers SCO","EA Guingamp","03/03/2018 19:28:10","SAFE2",303,29
939219,"Angers SCO","EA Guingamp","03/03/2018 19:28:12","POSSIBLE_TI",304,29
939219,"Angers SCO","EA Guingamp","03/03/2018 19:28:14","TI2",305,29
939219,"Angers SCO","EA Guingamp","03/03/2018 19:28:15","Restart",306,29
939219,"Angers SCO","EA Guingamp","03/03/2018 19:28:34","AT2",307,29
939219,"Angers SCO","EA Guingamp","03/03/2018 19:29:07","SAFE1",308,30
939219,"Angers SCO","EA Guingamp","03/03/2018 19:29:09","GK1",309,30
939219,"Angers SCO","EA Guingamp","03/03/2018 19:29:23","Restart",310,30
939219,"Angers SCO","EA Guingamp","03/03/2018 19:29:29","SAFE2",311,30
939219,"Angers SCO","EA Guingamp","03/03/2018 19:29:37","AT1",312,30
939219,"Angers SCO","EA Guingamp","03/03/2018 19:29:39","DANGER1",313,30
939219,"Angers SCO","EA Guingamp","03/03/2018 19:29:39","DAT1",314,30
939219,"Angers SCO","EA Guingamp","03/03/2018 19:29:45","PCR1",315,30
939219,"Angers SCO","EA Guingamp","03/03/2018 19:29:49","CR1",316,30
939219,"Angers SCO","EA Guingamp","03/03/2018 19:29:56","Ball Position",317,31
939219,"Angers SCO","EA Guingamp","03/03/2018 19:30:09","Restart",318,31
939219,"Angers SCO","EA Guingamp","03/03/2018 19:30:20","SHG1",319,31
939219,"Angers SCO","EA Guingamp","03/03/2018 19:30:22","SAFE2",320,31
939219,"Angers SCO","EA Guingamp","03/03/2018 19:30:31","Possible Free Kick",321,31
939219,"Angers SCO","EA Guingamp","03/03/2018 19:30:34","F1",323,31
939219,"Angers SCO","EA Guingamp","03/03/2018 19:30:34","FK2",324,31
939219,"Angers SCO","EA Guingamp","03/03/2018 19:30:34","DANGER2",325,31
939219,"Angers SCO","EA Guingamp","03/03/2018 19:30:34","DFK2",326,31
939219,"Angers SCO","EA Guingamp","03/03/2018 19:30:34","Ball Position",327,31
939219,"Angers SCO","EA Guingamp","03/03/2018 19:31:03","Restart",328,32
939219,"Angers SCO","EA Guingamp","03/03/2018 19:31:15","PCR2",329,32
939219,"Angers SCO","EA Guingamp","03/03/2018 19:31:24","CR2",330,32
939219,"Angers SCO","EA Guingamp","03/03/2018 19:31:27","Ball Position",331,32
939219,"Angers SCO","EA Guingamp","03/03/2018 19:31:34","Restart",332,32
939219,"Angers SCO","EA Guingamp","03/03/2018 19:31:40","SAFE1",333,32
939219,"Angers SCO","EA Guingamp","03/03/2018 19:31:43","AT1",334,32
939219,"Angers SCO","EA Guingamp","03/03/2018 19:31:50","DANGER1",335,32
939219,"Angers SCO","EA Guingamp","03/03/2018 19:31:50","DAT1",336,32
939219,"Angers SCO","EA Guingamp","03/03/2018 19:32:03","SHB1",337,33
939219,"Angers SCO","EA Guingamp","03/03/2018 19:32:06","SAFE2",338,33
939219,"Angers SCO","EA Guingamp","03/03/2018 19:32:07","GK2",339,33
939219,"Angers SCO","EA Guingamp","03/03/2018 19:32:11","Restart",340,33
939219,"Angers SCO","EA Guingamp","03/03/2018 19:32:36","AT2",341,33
939219,"Angers SCO","EA Guingamp","03/03/2018 19:32:36","DANGER2",342,33
939219,"Angers SCO","EA Guingamp","03/03/2018 19:32:36","DAT2",343,33
939219,"Angers SCO","EA Guingamp","03/03/2018 19:32:42","Possible Free Kick",344,33
939219,"Angers SCO","EA Guingamp","03/03/2018 19:32:48","SAFE1",346,33
939219,"Angers SCO","EA Guingamp","03/03/2018 19:32:48","O2",347,33
939219,"Angers SCO","EA Guingamp","03/03/2018 19:32:48","FK1",348,33
939219,"Angers SCO","EA Guingamp","03/03/2018 19:32:48","Ball Position",349,33
939219,"Angers SCO","EA Guingamp","03/03/2018 19:33:00","Restart",350,34
939219,"Angers SCO","EA Guingamp","03/03/2018 19:33:14","POSSIBLE_TI",351,34
939219,"Angers SCO","EA Guingamp","03/03/2018 19:33:16","NO_TI",352,34
939219,"Angers SCO","EA Guingamp","03/03/2018 19:33:17","Possible Free Kick",353,34
939219,"Angers SCO","EA Guingamp","03/03/2018 19:33:21","SAFE2",355,34
939219,"Angers SCO","EA Guingamp","03/03/2018 19:33:21","F1",356,34
939219,"Angers SCO","EA Guingamp","03/03/2018 19:33:21","FK2",357,34
939219,"Angers SCO","EA Guingamp","03/03/2018 19:33:21","Ball Position",358,34
939219,"Angers SCO","EA Guingamp","03/03/2018 19:33:24","Restart",359,34
939219,"Angers SCO","EA Guingamp","03/03/2018 19:33:35","AT2",360,34
939219,"Angers SCO","EA Guingamp","03/03/2018 19:33:57","SAFE1",361,35
939219,"Angers SCO","EA Guingamp","03/03/2018 19:33:59","AT1",362,35
939219,"Angers SCO","EA Guingamp","03/03/2018 19:33:59","DANGER1",363,35
939219,"Angers SCO","EA Guingamp","03/03/2018 19:33:59","DAT1",364,35
939219,"Angers SCO","EA Guingamp","03/03/2018 19:34:12","SHG1",365,35
939219,"Angers SCO","EA Guingamp","03/03/2018 19:34:16","SAFE2",366,35
939219,"Angers SCO","EA Guingamp","03/03/2018 19:34:22","AT2",367,35
939219,"Angers SCO","EA Guingamp","03/03/2018 19:34:25","Possible Free Kick",368,35
939219,"Angers SCO","EA Guingamp","03/03/2018 19:34:44","F1",370,35
939219,"Angers SCO","EA Guingamp","03/03/2018 19:34:44","FK2",371,35
939219,"Angers SCO","EA Guingamp","03/03/2018 19:34:44","DANGER2",372,35
939219,"Angers SCO","EA Guingamp","03/03/2018 19:34:44","DFK2",373,35
939219,"Angers SCO","EA Guingamp","03/03/2018 19:34:44","Ball Position",374,35
939219,"Angers SCO","EA Guingamp","03/03/2018 19:35:06","Restart",375,36
939219,"Angers SCO","EA Guingamp","03/03/2018 19:35:15","SHB2",376,36
939219,"Angers SCO","EA Guingamp","03/03/2018 19:35:17","SAFE1",377,36
939219,"Angers SCO","EA Guingamp","03/03/2018 19:35:18","GK1",378,36
939219,"Angers SCO","EA Guingamp","03/03/2018 19:35:32","Restart",379,36
939219,"Angers SCO","EA Guingamp","03/03/2018 19:35:46","POSSIBLE_TI",380,36
939219,"Angers SCO","EA Guingamp","03/03/2018 19:35:56","TI1",381,37
939219,"Angers SCO","EA Guingamp","03/03/2018 19:36:04","Restart",382,37
939219,"Angers SCO","EA Guingamp","03/03/2018 19:36:10","AT2",383,37
939219,"Angers SCO","EA Guingamp","03/03/2018 19:36:14","DANGER2",384,37
939219,"Angers SCO","EA Guingamp","03/03/2018 19:36:14","DAT2",385,37
939219,"Angers SCO","EA Guingamp","03/03/2018 19:36:23","BLOCKED2",386,37
939219,"Angers SCO","EA Guingamp","03/03/2018 19:36:30","SAFE1",387,37
939219,"Angers SCO","EA Guingamp","03/03/2018 19:36:32","AT1",388,37
939219,"Angers SCO","EA Guingamp","03/03/2018 19:36:36","DANGER1",389,37
939219,"Angers SCO","EA Guingamp","03/03/2018 19:36:36","DAT1",390,37
939219,"Angers SCO","EA Guingamp","03/03/2018 19:36:44","SAFE2",391,37
939219,"Angers SCO","EA Guingamp","03/03/2018 19:36:49","AT2",392,37
939219,"Angers SCO","EA Guingamp","03/03/2018 19:36:52","DANGER2",393,37
939219,"Angers SCO","EA Guingamp","03/03/2018 19:36:52","DAT2",394,37
939219,"Angers SCO","EA Guingamp","03/03/2018 19:36:58","POSSIBLE_TI",395,38
939219,"Angers SCO","EA Guingamp","03/03/2018 19:37:00","TI2",396,38
939219,"Angers SCO","EA Guingamp","03/03/2018 19:37:13","Restart",397,38
939219,"Angers SCO","EA Guingamp","03/03/2018 19:37:28","SHB2",398,38
939219,"Angers SCO","EA Guingamp","03/03/2018 19:37:30","SAFE1",399,38
939219,"Angers SCO","EA Guingamp","03/03/2018 19:37:31","GK1",400,38
939219,"Angers SCO","EA Guingamp","03/03/2018 19:37:44","Restart",401,38
939219,"Angers SCO","EA Guingamp","03/03/2018 19:37:54","AT2",402,39
939219,"Angers SCO","EA Guingamp","03/03/2018 19:38:24","Possible Free Kick",403,39
939219,"Angers SCO","EA Guingamp","03/03/2018 19:38:25","POSSIBLE_CARDS",405,39
939219,"Angers SCO","EA Guingamp","03/03/2018 19:38:43","NO_Cards",406,39
939219,"Angers SCO","EA Guingamp","03/03/2018 19:38:46","SAFE1",407,39
939219,"Angers SCO","EA Guingamp","03/03/2018 19:38:47","F2",408,39
939219,"Angers SCO","EA Guingamp","03/03/2018 19:38:47","FK1",409,39
939219,"Angers SCO","EA Guingamp","03/03/2018 19:38:47","Ball Position",410,39
939219,"Angers SCO","EA Guingamp","03/03/2018 19:39:11","Restart",411,40
939219,"Angers SCO","EA Guingamp","03/03/2018 19:39:19","SAFE2",412,40
939219,"Angers SCO","EA Guingamp","03/03/2018 19:39:25","AT2",413,40
939219,"Angers SCO","EA Guingamp","03/03/2018 19:39:25","DANGER2",414,40
939219,"Angers SCO","EA Guingamp","03/03/2018 19:39:25","DAT2",415,40
939219,"Angers SCO","EA Guingamp","03/03/2018 19:39:33","SAFE1",416,40
939219,"Angers SCO","EA Guingamp","03/03/2018 19:39:35","AT1",417,40
939219,"Angers SCO","EA Guingamp","03/03/2018 19:39:35","DANGER1",418,40
939219,"Angers SCO","EA Guingamp","03/03/2018 19:39:35","DAT1",419,40
939219,"Angers SCO","EA Guingamp","03/03/2018 19:39:51","SHB1",420,40
939219,"Angers SCO","EA Guingamp","03/03/2018 19:39:55","SAFE2",421,41
939219,"Angers SCO","EA Guingamp","03/03/2018 19:39:56","GK2",422,41
939219,"Angers SCO","EA Guingamp","03/03/2018 19:40:14","Restart",423,41
939219,"Angers SCO","EA Guingamp","03/03/2018 19:40:41","AT2",424,41
939219,"Angers SCO","EA Guingamp","03/03/2018 19:40:48","POSSIBLE_TI",425,41
939219,"Angers SCO","EA Guingamp","03/03/2018 19:40:51","TI2",426,41
939219,"Angers SCO","EA Guingamp","03/03/2018 19:40:53","Restart",427,41
939219,"Angers SCO","EA Guingamp","03/03/2018 19:41:00","DANGER2",428,42
939219,"Angers SCO","EA Guingamp","03/03/2018 19:41:00","DAT2",429,42
939219,"Angers SCO","EA Guingamp","03/03/2018 19:41:08","SAFE1",430,42
939219,"Angers SCO","EA Guingamp","03/03/2018 19:41:20","SAFE2",431,42
939219,"Angers SCO","EA Guingamp","03/03/2018 19:41:22","AT2",432,42
939219,"Angers SCO","EA Guingamp","03/03/2018 19:41:25","SAFE1",433,42
939219,"Angers SCO","EA Guingamp","03/03/2018 19:41:27","AT1",434,42
939219,"Angers SCO","EA Guingamp","03/03/2018 19:41:31","POSSIBLE_TI",435,42
939219,"Angers SCO","EA Guingamp","03/03/2018 19:41:32","TI1",436,42
939219,"Angers SCO","EA Guingamp","03/03/2018 19:41:34","Restart",437,42
939219,"Angers SCO","EA Guingamp","03/03/2018 19:41:37","DANGER1",438,42
939219,"Angers SCO","EA Guingamp","03/03/2018 19:41:37","DAT1",439,42
939219,"Angers SCO","EA Guingamp","03/03/2018 19:41:58","SAFE2",440,43
939219,"Angers SCO","EA Guingamp","03/03/2018 19:41:59","GK2",441,43
939219,"Angers SCO","EA Guingamp","03/03/2018 19:42:09","Restart",442,43
939219,"Angers SCO","EA Guingamp","03/03/2018 19:42:33","AT1",443,43
939219,"Angers SCO","EA Guingamp","03/03/2018 19:42:35","DANGER1",444,43
939219,"Angers SCO","EA Guingamp","03/03/2018 19:42:35","DAT1",445,43
939219,"Angers SCO","EA Guingamp","03/03/2018 19:42:41","SAFE2",446,43
939219,"Angers SCO","EA Guingamp","03/03/2018 19:42:54","AT2",447,44
939219,"Angers SCO","EA Guingamp","03/03/2018 19:43:06","DANGER2",448,44
939219,"Angers SCO","EA Guingamp","03/03/2018 19:43:06","DAT2",449,44
939219,"Angers SCO","EA Guingamp","03/03/2018 19:43:29","SHG2",450,44
939219,"Angers SCO","EA Guingamp","03/03/2018 19:43:40","SAFE1",451,44
939219,"Angers SCO","EA Guingamp","03/03/2018 19:43:46","SAFE2",452,44
939219,"Angers SCO","EA Guingamp","03/03/2018 19:43:53","AT2",453,44
939219,"Angers SCO","EA Guingamp","03/03/2018 19:44:24","SAFE1",454,45
939219,"Angers SCO","EA Guingamp","03/03/2018 19:44:26","SAFE2",455,45
939219,"Angers SCO","EA Guingamp","03/03/2018 19:44:44","AT2",456,45
939219,"Angers SCO","EA Guingamp","03/03/2018 19:44:45","DANGER2",457,45
939219,"Angers SCO","EA Guingamp","03/03/2018 19:44:45","DAT2",458,45
939219,"Angers SCO","EA Guingamp","03/03/2018 19:44:57","SAFE1",459,46
939219,"Angers SCO","EA Guingamp","03/03/2018 19:45:02","Stop RT1",460,46
939219,"Angers SCO","EA Guingamp","03/03/2018 19:45:13","CONF_PERIOD_SCORE",461,45
939219,"Angers SCO","EA Guingamp","03/03/2018 19:58:56","Players are coming out",462,45
939219,"Angers SCO","EA Guingamp","03/03/2018 19:59:47","SUB2",463,45
939219,"Angers SCO","EA Guingamp","03/03/2018 19:59:52","Game about to start",464,45
939219,"Angers SCO","EA Guingamp","03/03/2018 19:59:57","Player_DATA_CONFIRMED",465,45
939219,"Angers SCO","EA Guingamp","03/03/2018 20:00:30","Start RT2 Team 2",466,46
939219,"Angers SCO","EA Guingamp","03/03/2018 20:01:04","POSSIBLE_TI",467,46
939219,"Angers SCO","EA Guingamp","03/03/2018 20:01:05","TI2",468,46
939219,"Angers SCO","EA Guingamp","03/03/2018 20:01:06","Restart",469,46
939219,"Angers SCO","EA Guingamp","03/03/2018 20:01:41","AT2",470,47
939219,"Angers SCO","EA Guingamp","03/03/2018 20:01:56","DANGER2",471,47
939219,"Angers SCO","EA Guingamp","03/03/2018 20:01:56","DAT2",472,47
939219,"Angers SCO","EA Guingamp","03/03/2018 20:02:08","SAFE1",473,47
939219,"Angers SCO","EA Guingamp","03/03/2018 20:02:53","AT1",474,48
939219,"Angers SCO","EA Guingamp","03/03/2018 20:02:57","DANGER1",475,48
939219,"Angers SCO","EA Guingamp","03/03/2018 20:02:57","DAT1",476,48
939219,"Angers SCO","EA Guingamp","03/03/2018 20:03:08","SHB1",477,48
939219,"Angers SCO","EA Guingamp","03/03/2018 20:03:10","SAFE2",478,48
939219,"Angers SCO","EA Guingamp","03/03/2018 20:03:11","GK2",479,48
939219,"Angers SCO","EA Guingamp","03/03/2018 20:03:28","Restart",480,48
939219,"Angers SCO","EA Guingamp","03/03/2018 20:03:36","AT2",481,49
939219,"Angers SCO","EA Guingamp","03/03/2018 20:03:51","DANGER2",482,49
939219,"Angers SCO","EA Guingamp","03/03/2018 20:03:51","DAT2",483,49
939219,"Angers SCO","EA Guingamp","03/03/2018 20:03:55","SAFE1",484,49
939219,"Angers SCO","EA Guingamp","03/03/2018 20:03:58","AT2",485,49
939219,"Angers SCO","EA Guingamp","03/03/2018 20:04:00","POSSIBLE_TI",486,49
939219,"Angers SCO","EA Guingamp","03/03/2018 20:04:01","TI2",487,49
939219,"Angers SCO","EA Guingamp","03/03/2018 20:04:04","Restart",488,49
939219,"Angers SCO","EA Guingamp","03/03/2018 20:04:25","DANGER2",489,49
939219,"Angers SCO","EA Guingamp","03/03/2018 20:04:25","DAT2",490,49
939219,"Angers SCO","EA Guingamp","03/03/2018 20:04:32","Possible Free Kick",491,50
939219,"Angers SCO","EA Guingamp","03/03/2018 20:04:38","SAFE1",493,50
939219,"Angers SCO","EA Guingamp","03/03/2018 20:04:38","F2",494,50
939219,"Angers SCO","EA Guingamp","03/03/2018 20:04:38","FK1",495,50
939219,"Angers SCO","EA Guingamp","03/03/2018 20:04:38","Ball Position",496,50
939219,"Angers SCO","EA Guingamp","03/03/2018 20:04:52","Restart",497,50
939219,"Angers SCO","EA Guingamp","03/03/2018 20:04:57","AT1",498,50
939219,"Angers SCO","EA Guingamp","03/03/2018 20:04:59","DANGER1",499,50
939219,"Angers SCO","EA Guingamp","03/03/2018 20:04:59","DAT1",500,50
939219,"Angers SCO","EA Guingamp","03/03/2018 20:05:00","POSSIBLE_TI",501,50
939219,"Angers SCO","EA Guingamp","03/03/2018 20:05:01","TI1",502,50
939219,"Angers SCO","EA Guingamp","03/03/2018 20:05:10","Restart",503,50
939219,"Angers SCO","EA Guingamp","03/03/2018 20:05:17","SAFE2",504,50
939219,"Angers SCO","EA Guingamp","03/03/2018 20:05:24","SAFE1",505,50
939219,"Angers SCO","EA Guingamp","03/03/2018 20:05:50","SAFE2",506,51
939219,"Angers SCO","EA Guingamp","03/03/2018 20:05:52","POSSIBLE_TI",507,51
939219,"Angers SCO","EA Guingamp","03/03/2018 20:05:54","TI2",508,51
939219,"Angers SCO","EA Guingamp","03/03/2018 20:05:54","Restart",509,51
939219,"Angers SCO","EA Guingamp","03/03/2018 20:06:01","AT2",510,51
939219,"Angers SCO","EA Guingamp","03/03/2018 20:06:01","DANGER2",511,51
939219,"Angers SCO","EA Guingamp","03/03/2018 20:06:01","DAT2",512,51
939219,"Angers SCO","EA Guingamp","03/03/2018 20:06:11","SHB2",513,51
939219,"Angers SCO","EA Guingamp","03/03/2018 20:06:14","SAFE1",514,51
939219,"Angers SCO","EA Guingamp","03/03/2018 20:06:15","GK1",515,51
939219,"Angers SCO","EA Guingamp","03/03/2018 20:06:33","Restart",516,52
939219,"Angers SCO","EA Guingamp","03/03/2018 20:06:44","AT2",517,52
939219,"Angers SCO","EA Guingamp","03/03/2018 20:06:57","Possible Free Kick",518,52
939219,"Angers SCO","EA Guingamp","03/03/2018 20:07:00","F1",520,52
939219,"Angers SCO","EA Guingamp","03/03/2018 20:07:00","FK2",521,52
939219,"Angers SCO","EA Guingamp","03/03/2018 20:07:00","DANGER2",522,52
939219,"Angers SCO","EA Guingamp","03/03/2018 20:07:00","DFK2",523,52
939219,"Angers SCO","EA Guingamp","03/03/2018 20:07:00","Ball Position",524,52
939219,"Angers SCO","EA Guingamp","03/03/2018 20:07:08","Restart",525,52
939219,"Angers SCO","EA Guingamp","03/03/2018 20:07:16","PCR2",526,52
939219,"Angers SCO","EA Guingamp","03/03/2018 20:07:19","CR2",527,52
939219,"Angers SCO","EA Guingamp","03/03/2018 20:07:21","Ball Position",528,52
939219,"Angers SCO","EA Guingamp","03/03/2018 20:07:35","Restart",529,53
939219,"Angers SCO","EA Guingamp","03/03/2018 20:07:42","BLOCKED2",530,53
939219,"Angers SCO","EA Guingamp","03/03/2018 20:07:45","SAFE1",531,53
939219,"Angers SCO","EA Guingamp","03/03/2018 20:07:47","SAFE2",532,53
939219,"Angers SCO","EA Guingamp","03/03/2018 20:07:50","AT2",533,53
939219,"Angers SCO","EA Guingamp","03/03/2018 20:08:15","DANGER2",534,53
939219,"Angers SCO","EA Guingamp","03/03/2018 20:08:15","DAT2",535,53
939219,"Angers SCO","EA Guingamp","03/03/2018 20:08:33","SAFE1",536,54
939219,"Angers SCO","EA Guingamp","03/03/2018 20:08:34","POSSIBLE_TI",537,54
939219,"Angers SCO","EA Guingamp","03/03/2018 20:08:35","TI1",538,54
939219,"Angers SCO","EA Guingamp","03/03/2018 20:08:48","Restart",539,54
939219,"Angers SCO","EA Guingamp","03/03/2018 20:08:56","AT2",540,54
939219,"Angers SCO","EA Guingamp","03/03/2018 20:08:58","DANGER2",541,54
939219,"Angers SCO","EA Guingamp","03/03/2018 20:08:58","DAT2",542,54
939219,"Angers SCO","EA Guingamp","03/03/2018 20:09:08","SAFE1",543,54
939219,"Angers SCO","EA Guingamp","03/03/2018 20:09:16","AT1",544,54
939219,"Angers SCO","EA Guingamp","03/03/2018 20:09:34","DANGER1",545,55
939219,"Angers SCO","EA Guingamp","03/03/2018 20:09:34","DAT1",546,55
939219,"Angers SCO","EA Guingamp","03/03/2018 20:09:43","PCR1",547,55
939219,"Angers SCO","EA Guingamp","03/03/2018 20:09:46","CR1",548,55
939219,"Angers SCO","EA Guingamp","03/03/2018 20:09:50","Ball Position",549,55
939219,"Angers SCO","EA Guingamp","03/03/2018 20:10:10","Restart",550,55
939219,"Angers SCO","EA Guingamp","03/03/2018 20:10:24","POSSIBLE_TI",551,55
939219,"Angers SCO","EA Guingamp","03/03/2018 20:10:26","TI2",552,55
939219,"Angers SCO","EA Guingamp","03/03/2018 20:10:30","Injury Break",553,56
939219,"Angers SCO","EA Guingamp","03/03/2018 20:11:50","Restart",554,57
939219,"Angers SCO","EA Guingamp","03/03/2018 20:11:58","SAFE2",555,57
939219,"Angers SCO","EA Guingamp","03/03/2018 20:12:02","AT2",556,57
939219,"Angers SCO","EA Guingamp","03/03/2018 20:12:04","DANGER2",557,57
939219,"Angers SCO","EA Guingamp","03/03/2018 20:12:04","DAT2",558,57
939219,"Angers SCO","EA Guingamp","03/03/2018 20:12:21","SAFE1",559,57
939219,"Angers SCO","EA Guingamp","03/03/2018 20:12:23","SAFE2",560,57
939219,"Angers SCO","EA Guingamp","03/03/2018 20:12:26","AT2",561,57
939219,"Angers SCO","EA Guingamp","03/03/2018 20:12:34","DANGER2",562,58
939219,"Angers SCO","EA Guingamp","03/03/2018 20:12:34","DAT2",563,58
939219,"Angers SCO","EA Guingamp","03/03/2018 20:12:48","SAFE1",564,58
939219,"Angers SCO","EA Guingamp","03/03/2018 20:12:49","SAFE2",565,58
939219,"Angers SCO","EA Guingamp","03/03/2018 20:12:51","SAFE2",566,58
939219,"Angers SCO","EA Guingamp","03/03/2018 20:12:52","AT2",567,58
939219,"Angers SCO","EA Guingamp","03/03/2018 20:13:06","DANGER2",568,58
939219,"Angers SCO","EA Guingamp","03/03/2018 20:13:06","DAT2",569,58
939219,"Angers SCO","EA Guingamp","03/03/2018 20:13:13","SAFE1",570,58
939219,"Angers SCO","EA Guingamp","03/03/2018 20:13:17","Possible Free Kick",571,58
939219,"Angers SCO","EA Guingamp","03/03/2018 20:13:26","F2",573,58
939219,"Angers SCO","EA Guingamp","03/03/2018 20:13:26","FK1",574,58
939219,"Angers SCO","EA Guingamp","03/03/2018 20:13:26","DANGER1",575,58
939219,"Angers SCO","EA Guingamp","03/03/2018 20:13:26","DFK1",576,58
939219,"Angers SCO","EA Guingamp","03/03/2018 20:13:26","Ball Position",577,58
939219,"Angers SCO","EA Guingamp","03/03/2018 20:13:45","Restart",578,59
939219,"Angers SCO","EA Guingamp","03/03/2018 20:13:51","SAFE2",579,59
939219,"Angers SCO","EA Guingamp","03/03/2018 20:14:09","AT2",580,59
939219,"Angers SCO","EA Guingamp","03/03/2018 20:14:09","DANGER2",581,59
939219,"Angers SCO","EA Guingamp","03/03/2018 20:14:09","DAT2",582,59
939219,"Angers SCO","EA Guingamp","03/03/2018 20:14:19","PCR2",583,59
939219,"Angers SCO","EA Guingamp","03/03/2018 20:14:23","NCR2",584,59
939219,"Angers SCO","EA Guingamp","03/03/2018 20:14:24","SAFE1",585,59
939219,"Angers SCO","EA Guingamp","03/03/2018 20:14:25","GK1",586,59
939219,"Angers SCO","EA Guingamp","03/03/2018 20:14:43","GCC",587,60
939219,"Angers SCO","EA Guingamp","03/03/2018 20:14:46","Restart",588,60
939219,"Angers SCO","EA Guingamp","03/03/2018 20:15:13","AT2",589,60
939219,"Angers SCO","EA Guingamp","03/03/2018 20:15:20","SAFE1",590,60
939219,"Angers SCO","EA Guingamp","03/03/2018 20:15:20","POSSIBLE_TI",591,60
939219,"Angers SCO","EA Guingamp","03/03/2018 20:15:22","TI1",592,60
939219,"Angers SCO","EA Guingamp","03/03/2018 20:15:24","Restart",593,60
939219,"Angers SCO","EA Guingamp","03/03/2018 20:15:27","AT2",594,60
939219,"Angers SCO","EA Guingamp","03/03/2018 20:15:30","DANGER2",595,61
939219,"Angers SCO","EA Guingamp","03/03/2018 20:15:30","DAT2",596,61
939219,"Angers SCO","EA Guingamp","03/03/2018 20:15:35","POSSIBLE_TI",597,61
939219,"Angers SCO","EA Guingamp","03/03/2018 20:15:37","TI1",598,61
939219,"Angers SCO","EA Guingamp","03/03/2018 20:15:47","Restart",599,61
939219,"Angers SCO","EA Guingamp","03/03/2018 20:15:54","Possible Free Kick",600,61
939219,"Angers SCO","EA Guingamp","03/03/2018 20:16:08","F1",602,61
939219,"Angers SCO","EA Guingamp","03/03/2018 20:16:08","FK2",603,61
939219,"Angers SCO","EA Guingamp","03/03/2018 20:16:08","DFK2",604,61
939219,"Angers SCO","EA Guingamp","03/03/2018 20:16:08","Ball Position",605,61
939219,"Angers SCO","EA Guingamp","03/03/2018 20:16:31","Restart",606,62
939219,"Angers SCO","EA Guingamp","03/03/2018 20:16:37","SAFE1",607,62
939219,"Angers SCO","EA Guingamp","03/03/2018 20:16:40","SAFE2",608,62
939219,"Angers SCO","EA Guingamp","03/03/2018 20:16:42","POSSIBLE_TI",609,62
939219,"Angers SCO","EA Guingamp","03/03/2018 20:16:44","TI2",610,62
939219,"Angers SCO","EA Guingamp","03/03/2018 20:16:55","SUB1",611,62
939219,"Angers SCO","EA Guingamp","03/03/2018 20:17:12","Restart",612,62
939219,"Angers SCO","EA Guingamp","03/03/2018 20:17:18","Player_DATA_CONFIRMED",613,62
939219,"Angers SCO","EA Guingamp","03/03/2018 20:17:31","AT2",614,63
939219,"Angers SCO","EA Guingamp","03/03/2018 20:17:32","DANGER2",615,63
939219,"Angers SCO","EA Guingamp","03/03/2018 20:17:32","DAT2",616,63
939219,"Angers SCO","EA Guingamp","03/03/2018 20:17:36","SAFE1",617,63
939219,"Angers SCO","EA Guingamp","03/03/2018 20:17:47","SAFE2",618,63
939219,"Angers SCO","EA Guingamp","03/03/2018 20:18:05","AT2",619,63
939219,"Angers SCO","EA Guingamp","03/03/2018 20:18:30","DANGER2",620,64
939219,"Angers SCO","EA Guingamp","03/03/2018 20:18:30","DAT2",621,64
939219,"Angers SCO","EA Guingamp","03/03/2018 20:18:40","Possible Free Kick",622,64
939219,"Angers SCO","EA Guingamp","03/03/2018 20:18:42","SAFE1",624,64
939219,"Angers SCO","EA Guingamp","03/03/2018 20:18:42","F2",625,64
939219,"Angers SCO","EA Guingamp","03/03/2018 20:18:42","FK1",626,64
939219,"Angers SCO","EA Guingamp","03/03/2018 20:18:42","Ball Position",627,64
939219,"Angers SCO","EA Guingamp","03/03/2018 20:18:59","Restart",628,64
939219,"Angers SCO","EA Guingamp","03/03/2018 20:19:09","AT2",629,64
939219,"Angers SCO","EA Guingamp","03/03/2018 20:19:17","AT1",630,64
939219,"Angers SCO","EA Guingamp","03/03/2018 20:19:17","DANGER1",631,64
939219,"Angers SCO","EA Guingamp","03/03/2018 20:19:17","DAT1",632,64
939219,"Angers SCO","EA Guingamp","03/03/2018 20:19:21","PCR1",633,64
939219,"Angers SCO","EA Guingamp","03/03/2018 20:19:23","CR1",634,64
939219,"Angers SCO","EA Guingamp","03/03/2018 20:19:29","Ball Position",635,64
939219,"Angers SCO","EA Guingamp","03/03/2018 20:19:49","Restart",636,65
939219,"Angers SCO","EA Guingamp","03/03/2018 20:19:58","SHB1",637,65
939219,"Angers SCO","EA Guingamp","03/03/2018 20:20:00","SAFE2",638,65
939219,"Angers SCO","EA Guingamp","03/03/2018 20:20:01","GK2",639,65
939219,"Angers SCO","EA Guingamp","03/03/2018 20:20:14","Restart",640,65
939219,"Angers SCO","EA Guingamp","03/03/2018 20:20:35","AT2",641,66
939219,"Angers SCO","EA Guingamp","03/03/2018 20:20:47","Possible Free Kick",642,66
939219,"Angers SCO","EA Guingamp","03/03/2018 20:20:48","SAFE1",644,66
939219,"Angers SCO","EA Guingamp","03/03/2018 20:20:48","F2",645,66
939219,"Angers SCO","EA Guingamp","03/03/2018 20:20:48","FK1",646,66
939219,"Angers SCO","EA Guingamp","03/03/2018 20:20:48","Ball Position",647,66
939219,"Angers SCO","EA Guingamp","03/03/2018 20:21:10","Restart",648,66
939219,"Angers SCO","EA Guingamp","03/03/2018 20:21:14","AT1",649,66
939219,"Angers SCO","EA Guingamp","03/03/2018 20:21:17","SAFE2",650,66
939219,"Angers SCO","EA Guingamp","03/03/2018 20:21:19","AT2",651,66
939219,"Angers SCO","EA Guingamp","03/03/2018 20:21:23","Possible Free Kick",652,66
939219,"Angers SCO","EA Guingamp","03/03/2018 20:21:46","SUB2",654,67
939219,"Angers SCO","EA Guingamp","03/03/2018 20:21:59","F1",655,67
939219,"Angers SCO","EA Guingamp","03/03/2018 20:21:59","FK2",656,67
939219,"Angers SCO","EA Guingamp","03/03/2018 20:21:59","DANGER2",657,67
939219,"Angers SCO","EA Guingamp","03/03/2018 20:21:59","DFK2",658,67
939219,"Angers SCO","EA Guingamp","03/03/2018 20:21:59","Ball Position",659,67
939219,"Angers SCO","EA Guingamp","03/03/2018 20:22:00","Player_DATA_CONFIRMED",660,67
939219,"Angers SCO","EA Guingamp","03/03/2018 20:22:00","Restart",661,67
939219,"Angers SCO","EA Guingamp","03/03/2018 20:22:13","SAFE1",662,67
939219,"Angers SCO","EA Guingamp","03/03/2018 20:22:34","AT1",663,68
939219,"Angers SCO","EA Guingamp","03/03/2018 20:22:34","DANGER1",664,68
939219,"Angers SCO","EA Guingamp","03/03/2018 20:22:34","DAT1",665,68
939219,"Angers SCO","EA Guingamp","03/03/2018 20:22:35","POSSIBLE_TI",666,68
939219,"Angers SCO","EA Guingamp","03/03/2018 20:22:37","TI1",667,68
939219,"Angers SCO","EA Guingamp","03/03/2018 20:22:49","Restart",668,68
939219,"Angers SCO","EA Guingamp","03/03/2018 20:22:59","SAFE2",669,68
939219,"Angers SCO","EA Guingamp","03/03/2018 20:23:01","AT2",670,68
939219,"Angers SCO","EA Guingamp","03/03/2018 20:23:04","DANGER2",671,68
939219,"Angers SCO","EA Guingamp","03/03/2018 20:23:04","DAT2",672,68
939219,"Angers SCO","EA Guingamp","03/03/2018 20:23:08","SAFE1",673,68
939219,"Angers SCO","EA Guingamp","03/03/2018 20:23:33","Possible Free Kick",674,69
939219,"Angers SCO","EA Guingamp","03/03/2018 20:23:35","SAFE2",676,69
939219,"Angers SCO","EA Guingamp","03/03/2018 20:23:36","F1",677,69
939219,"Angers SCO","EA Guingamp","03/03/2018 20:23:36","FK2",678,69
939219,"Angers SCO","EA Guingamp","03/03/2018 20:23:36","Ball Position",679,69
939219,"Angers SCO","EA Guingamp","03/03/2018 20:23:40","POSSIBLE_CARDS",680,69
939219,"Angers SCO","EA Guingamp","03/03/2018 20:23:52","NO_Cards",681,69
939219,"Angers SCO","EA Guingamp","03/03/2018 20:23:53","Restart",682,69
939219,"Angers SCO","EA Guingamp","03/03/2018 20:24:01","AT2",683,69
939219,"Angers SCO","EA Guingamp","03/03/2018 20:24:17","SAFE1",684,69
939219,"Angers SCO","EA Guingamp","03/03/2018 20:24:35","AT1",685,70
939219,"Angers SCO","EA Guingamp","03/03/2018 20:24:38","DANGER1",686,70
939219,"Angers SCO","EA Guingamp","03/03/2018 20:24:38","DAT1",687,70
939219,"Angers SCO","EA Guingamp","03/03/2018 20:24:46","SAFE2",688,70
939219,"Angers SCO","EA Guingamp","03/03/2018 20:24:48","AT2",689,70
939219,"Angers SCO","EA Guingamp","03/03/2018 20:24:56","SAFE1",690,70
939219,"Angers SCO","EA Guingamp","03/03/2018 20:24:58","AT1",691,70
939219,"Angers SCO","EA Guingamp","03/03/2018 20:25:01","DANGER1",692,70
939219,"Angers SCO","EA Guingamp","03/03/2018 20:25:01","DAT1",693,70
939219,"Angers SCO","EA Guingamp","03/03/2018 20:25:06","SAFE2",694,70
939219,"Angers SCO","EA Guingamp","03/03/2018 20:25:22","AT2",695,70
939219,"Angers SCO","EA Guingamp","03/03/2018 20:25:28","DANGER2",696,70
939219,"Angers SCO","EA Guingamp","03/03/2018 20:25:28","DAT2",697,70
939219,"Angers SCO","EA Guingamp","03/03/2018 20:25:32","SAFE1",698,71
939219,"Angers SCO","EA Guingamp","03/03/2018 20:25:35","SAFE2",699,71
939219,"Angers SCO","EA Guingamp","03/03/2018 20:26:00","AT2",700,71
939219,"Angers SCO","EA Guingamp","03/03/2018 20:26:02","DANGER2",701,71
939219,"Angers SCO","EA Guingamp","03/03/2018 20:26:02","DAT2",702,71
939219,"Angers SCO","EA Guingamp","03/03/2018 20:26:07","SAFE1",703,71
939219,"Angers SCO","EA Guingamp","03/03/2018 20:26:10","SAFE2",704,71
939219,"Angers SCO","EA Guingamp","03/03/2018 20:26:13","AT2",705,71
939219,"Angers SCO","EA Guingamp","03/03/2018 20:26:17","DANGER2",706,71
939219,"Angers SCO","EA Guingamp","03/03/2018 20:26:17","DAT2",707,71
939219,"Angers SCO","EA Guingamp","03/03/2018 20:26:27","SAFE1",708,71
939219,"Angers SCO","EA Guingamp","03/03/2018 20:26:30","SAFE2",709,72
939219,"Angers SCO","EA Guingamp","03/03/2018 20:26:41","AT2",710,72
939219,"Angers SCO","EA Guingamp","03/03/2018 20:26:47","SAFE1",711,72
939219,"Angers SCO","EA Guingamp","03/03/2018 20:26:57","SAFE2",712,72
939219,"Angers SCO","EA Guingamp","03/03/2018 20:26:59","SAFE1",713,72
939219,"Angers SCO","EA Guingamp","03/03/2018 20:27:01","AT1",714,72
939219,"Angers SCO","EA Guingamp","03/03/2018 20:27:03","DANGER1",715,72
939219,"Angers SCO","EA Guingamp","03/03/2018 20:27:03","DAT1",716,72
939219,"Angers SCO","EA Guingamp","03/03/2018 20:27:12","Possible Free Kick",717,72
939219,"Angers SCO","EA Guingamp","03/03/2018 20:27:15","SAFE2",719,72
939219,"Angers SCO","EA Guingamp","03/03/2018 20:27:15","O1",720,72
939219,"Angers SCO","EA Guingamp","03/03/2018 20:27:15","FK2",721,72
939219,"Angers SCO","EA Guingamp","03/03/2018 20:27:15","Ball Position",722,72
939219,"Angers SCO","EA Guingamp","03/03/2018 20:27:17","Restart",723,72
939219,"Angers SCO","EA Guingamp","03/03/2018 20:27:33","AT2",724,73
939219,"Angers SCO","EA Guingamp","03/03/2018 20:27:33","DANGER2",725,73
939219,"Angers SCO","EA Guingamp","03/03/2018 20:27:33","DAT2",726,73
939219,"Angers SCO","EA Guingamp","03/03/2018 20:27:44","SAFE1",727,73
939219,"Angers SCO","EA Guingamp","03/03/2018 20:27:48","SAFE2",728,73
939219,"Angers SCO","EA Guingamp","03/03/2018 20:27:59","AT2",729,73
939219,"Angers SCO","EA Guingamp","03/03/2018 20:28:10","Possible Free Kick",730,73
939219,"Angers SCO","EA Guingamp","03/03/2018 20:28:12","No Free Kick",732,73
939219,"Angers SCO","EA Guingamp","03/03/2018 20:28:12","POSSIBLE_TI",733,73
939219,"Angers SCO","EA Guingamp","03/03/2018 20:28:14","TI1",734,73
939219,"Angers SCO","EA Guingamp","03/03/2018 20:28:16","Restart",735,73
939219,"Angers SCO","EA Guingamp","03/03/2018 20:28:24","SAFE1",736,73
939219,"Angers SCO","EA Guingamp","03/03/2018 20:28:41","AT1",737,74
939219,"Angers SCO","EA Guingamp","03/03/2018 20:28:46","DANGER1",738,74
939219,"Angers SCO","EA Guingamp","03/03/2018 20:28:46","DAT1",739,74
939219,"Angers SCO","EA Guingamp","03/03/2018 20:28:50","POSSIBLE_TI",740,74
939219,"Angers SCO","EA Guingamp","03/03/2018 20:28:51","TI1",741,74
939219,"Angers SCO","EA Guingamp","03/03/2018 20:29:08","Restart",742,74
939219,"Angers SCO","EA Guingamp","03/03/2018 20:29:13","PCR1",743,74
939219,"Angers SCO","EA Guingamp","03/03/2018 20:29:15","CR1",744,74
939219,"Angers SCO","EA Guingamp","03/03/2018 20:29:18","Ball Position",745,74
939219,"Angers SCO","EA Guingamp","03/03/2018 20:29:39","Restart",746,75
939219,"Angers SCO","EA Guingamp","03/03/2018 20:29:47","SHG1",747,75
939219,"Angers SCO","EA Guingamp","03/03/2018 20:29:52","Possible Free Kick",748,75
939219,"Angers SCO","EA Guingamp","03/03/2018 20:29:56","SAFE2",750,75
939219,"Angers SCO","EA Guingamp","03/03/2018 20:29:56","F1",751,75
939219,"Angers SCO","EA Guingamp","03/03/2018 20:29:56","FK2",752,75
939219,"Angers SCO","EA Guingamp","03/03/2018 20:29:56","Ball Position",753,75
939219,"Angers SCO","EA Guingamp","03/03/2018 20:30:00","Restart",754,75
939219,"Angers SCO","EA Guingamp","03/03/2018 20:30:12","AT2",755,75
939219,"Angers SCO","EA Guingamp","03/03/2018 20:30:25","SAFE1",756,75
939219,"Angers SCO","EA Guingamp","03/03/2018 20:30:27","AT2",757,75
939219,"Angers SCO","EA Guingamp","03/03/2018 20:30:44","DANGER2",758,76
939219,"Angers SCO","EA Guingamp","03/03/2018 20:30:44","DAT2",759,76
939219,"Angers SCO","EA Guingamp","03/03/2018 20:30:57","SAFE1",760,76
939219,"Angers SCO","EA Guingamp","03/03/2018 20:31:02","AT1",761,76
939219,"Angers SCO","EA Guingamp","03/03/2018 20:31:09","SAFE2",762,76
939219,"Angers SCO","EA Guingamp","03/03/2018 20:31:22","Possible Free Kick",763,76
939219,"Angers SCO","EA Guingamp","03/03/2018 20:31:34","F1",765,77
939219,"Angers SCO","EA Guingamp","03/03/2018 20:31:34","FK2",766,77
939219,"Angers SCO","EA Guingamp","03/03/2018 20:31:35","DANGER2",767,77
939219,"Angers SCO","EA Guingamp","03/03/2018 20:31:35","DFK2",768,77
939219,"Angers SCO","EA Guingamp","03/03/2018 20:31:35","Ball Position",769,77
939219,"Angers SCO","EA Guingamp","03/03/2018 20:31:42","Restart",770,77
939219,"Angers SCO","EA Guingamp","03/03/2018 20:31:54","SAFE2",771,77
939219,"Angers SCO","EA Guingamp","03/03/2018 20:32:04","AT2",772,77
939219,"Angers SCO","EA Guingamp","03/03/2018 20:32:06","DANGER2",773,77
939219,"Angers SCO","EA Guingamp","03/03/2018 20:32:06","DAT2",774,77
939219,"Angers SCO","EA Guingamp","03/03/2018 20:32:09","SAFE1",775,77
939219,"Angers SCO","EA Guingamp","03/03/2018 20:32:11","AT1",776,77
939219,"Angers SCO","EA Guingamp","03/03/2018 20:32:11","DANGER1",777,77
939219,"Angers SCO","EA Guingamp","03/03/2018 20:32:11","DAT1",778,77
939219,"Angers SCO","EA Guingamp","03/03/2018 20:32:15","POSSIBLE_TI",779,77
939219,"Angers SCO","EA Guingamp","03/03/2018 20:32:16","TI1",780,77
939219,"Angers SCO","EA Guingamp","03/03/2018 20:32:44","Restart",781,78
939219,"Angers SCO","EA Guingamp","03/03/2018 20:32:46","SAFE2",782,78
939219,"Angers SCO","EA Guingamp","03/03/2018 20:32:47","POSSIBLE_TI",783,78
939219,"Angers SCO","EA Guingamp","03/03/2018 20:32:49","TI2",784,78
939219,"Angers SCO","EA Guingamp","03/03/2018 20:32:56","Restart",785,78
939219,"Angers SCO","EA Guingamp","03/03/2018 20:33:18","AT2",786,78
939219,"Angers SCO","EA Guingamp","03/03/2018 20:33:22","DANGER2",787,78
939219,"Angers SCO","EA Guingamp","03/03/2018 20:33:22","DAT2",788,78
939219,"Angers SCO","EA Guingamp","03/03/2018 20:33:31","SAFE1",789,79
939219,"Angers SCO","EA Guingamp","03/03/2018 20:33:32","AT2",790,79
939219,"Angers SCO","EA Guingamp","03/03/2018 20:33:33","POSSIBLE_TI",791,79
939219,"Angers SCO","EA Guingamp","03/03/2018 20:33:34","TI2",792,79
939219,"Angers SCO","EA Guingamp","03/03/2018 20:33:37","Restart",793,79
939219,"Angers SCO","EA Guingamp","03/03/2018 20:33:47","DANGER2",794,79
939219,"Angers SCO","EA Guingamp","03/03/2018 20:33:47","DAT2",795,79
939219,"Angers SCO","EA Guingamp","03/03/2018 20:34:05","SAFE1",796,79
939219,"Angers SCO","EA Guingamp","03/03/2018 20:34:13","AT1",797,79
939219,"Angers SCO","EA Guingamp","03/03/2018 20:34:19","SAFE2",798,79
939219,"Angers SCO","EA Guingamp","03/03/2018 20:34:24","AT2",799,79
939219,"Angers SCO","EA Guingamp","03/03/2018 20:34:26","DANGER2",800,79
939219,"Angers SCO","EA Guingamp","03/03/2018 20:34:26","DAT2",801,79
939219,"Angers SCO","EA Guingamp","03/03/2018 20:34:36","SHB2",802,80
939219,"Angers SCO","EA Guingamp","03/03/2018 20:34:37","SAFE1",803,80
939219,"Angers SCO","EA Guingamp","03/03/2018 20:34:38","GK1",804,80
939219,"Angers SCO","EA Guingamp","03/03/2018 20:34:47","SUB2",805,80
939219,"Angers SCO","EA Guingamp","03/03/2018 20:35:11","Restart",806,80
939219,"Angers SCO","EA Guingamp","03/03/2018 20:35:11","Player_DATA_CONFIRMED",807,80
939219,"Angers SCO","EA Guingamp","03/03/2018 20:35:24","AT1",808,80
939219,"Angers SCO","EA Guingamp","03/03/2018 20:35:40","AT2",809,81
939219,"Angers SCO","EA Guingamp","03/03/2018 20:35:40","DANGER2",810,81
939219,"Angers SCO","EA Guingamp","03/03/2018 20:35:40","DAT2",811,81
939219,"Angers SCO","EA Guingamp","03/03/2018 20:35:47","SAFE1",812,81
939219,"Angers SCO","EA Guingamp","03/03/2018 20:35:49","AT1",813,81
939219,"Angers SCO","EA Guingamp","03/03/2018 20:35:53","DANGER1",814,81
939219,"Angers SCO","EA Guingamp","03/03/2018 20:35:53","DAT1",815,81
939219,"Angers SCO","EA Guingamp","03/03/2018 20:36:05","SAFE2",816,81
939219,"Angers SCO","EA Guingamp","03/03/2018 20:36:10","SAFE1",817,81
939219,"Angers SCO","EA Guingamp","03/03/2018 20:36:24","AT2",818,81
939219,"Angers SCO","EA Guingamp","03/03/2018 20:36:28","DANGER2",819,81
939219,"Angers SCO","EA Guingamp","03/03/2018 20:36:28","DAT2",820,81
939219,"Angers SCO","EA Guingamp","03/03/2018 20:36:40","POSSIBLE_TI",821,82
939219,"Angers SCO","EA Guingamp","03/03/2018 20:36:42","TI2",822,82
939219,"Angers SCO","EA Guingamp","03/03/2018 20:36:59","Injury Break",823,82
939219,"Angers SCO","EA Guingamp","03/03/2018 20:37:38","Restart",824,83
939219,"Angers SCO","EA Guingamp","03/03/2018 20:37:49","Possible Free Kick",825,83
939219,"Angers SCO","EA Guingamp","03/03/2018 20:37:51","POSSIBLE_CARDS",827,83
939219,"Angers SCO","EA Guingamp","03/03/2018 20:37:58","YC1",828,83
939219,"Angers SCO","EA Guingamp","03/03/2018 20:38:00","CONF_YC1",829,83
939219,"Angers SCO","EA Guingamp","03/03/2018 20:38:33","Scorer",830,84
939219,"Angers SCO","EA Guingamp","03/03/2018 20:38:38","F1",831,84
939219,"Angers SCO","EA Guingamp","03/03/2018 20:38:38","FK2",832,84
939219,"Angers SCO","EA Guingamp","03/03/2018 20:38:38","DFK2",833,84
939219,"Angers SCO","EA Guingamp","03/03/2018 20:38:38","Ball Position",834,84
939219,"Angers SCO","EA Guingamp","03/03/2018 20:38:49","Player_DATA_CONFIRMED",835,84
939219,"Angers SCO","EA Guingamp","03/03/2018 20:39:11","Restart",836,84
939219,"Angers SCO","EA Guingamp","03/03/2018 20:39:21","SHB2",837,84
939219,"Angers SCO","EA Guingamp","03/03/2018 20:39:25","SAFE1",838,84
939219,"Angers SCO","EA Guingamp","03/03/2018 20:39:26","GK1",839,84
939219,"Angers SCO","EA Guingamp","03/03/2018 20:39:56","SUB1",840,85
939219,"Angers SCO","EA Guingamp","03/03/2018 20:40:05","Restart",841,85
939219,"Angers SCO","EA Guingamp","03/03/2018 20:40:09","Player_DATA_CONFIRMED",842,85
939219,"Angers SCO","EA Guingamp","03/03/2018 20:40:10","SAFE2",843,85
939219,"Angers SCO","EA Guingamp","03/03/2018 20:40:19","AT2",844,85
939219,"Angers SCO","EA Guingamp","03/03/2018 20:40:25","Possible Free Kick",845,85
939219,"Angers SCO","EA Guingamp","03/03/2018 20:40:29","POSSIBLE_CARDS",847,85
939219,"Angers SCO","EA Guingamp","03/03/2018 20:40:44","NO_Cards",848,86
939219,"Angers SCO","EA Guingamp","03/03/2018 20:40:46","F1",849,86
939219,"Angers SCO","EA Guingamp","03/03/2018 20:40:46","FK2",850,86
939219,"Angers SCO","EA Guingamp","03/03/2018 20:40:46","DANGER2",851,86
939219,"Angers SCO","EA Guingamp","03/03/2018 20:40:46","DFK2",852,86
939219,"Angers SCO","EA Guingamp","03/03/2018 20:40:46","Ball Position",853,86
939219,"Angers SCO","EA Guingamp","03/03/2018 20:41:02","Restart",854,86
939219,"Angers SCO","EA Guingamp","03/03/2018 20:41:14","SHG2",855,86
939219,"Angers SCO","EA Guingamp","03/03/2018 20:41:16","SHB2",856,86
939219,"Angers SCO","EA Guingamp","03/03/2018 20:41:18","SAFE1",857,86
939219,"Angers SCO","EA Guingamp","03/03/2018 20:41:19","GK1",858,86
939219,"Angers SCO","EA Guingamp","03/03/2018 20:41:40","Restart",859,87
939219,"Angers SCO","EA Guingamp","03/03/2018 20:41:46","AT1",860,87
939219,"Angers SCO","EA Guingamp","03/03/2018 20:41:58","SAFE2",861,87
939219,"Angers SCO","EA Guingamp","03/03/2018 20:42:05","AT1",862,87
939219,"Angers SCO","EA Guingamp","03/03/2018 20:42:10","SAFE2",863,87
939219,"Angers SCO","EA Guingamp","03/03/2018 20:42:12","POSSIBLE_TI",864,87
939219,"Angers SCO","EA Guingamp","03/03/2018 20:42:12","TI2",865,87
939219,"Angers SCO","EA Guingamp","03/03/2018 20:42:15","Restart",866,87
939219,"Angers SCO","EA Guingamp","03/03/2018 20:42:25","AT2",867,87
939219,"Angers SCO","EA Guingamp","03/03/2018 20:42:25","DANGER2",868,87
939219,"Angers SCO","EA Guingamp","03/03/2018 20:42:25","DAT2",869,87
939219,"Angers SCO","EA Guingamp","03/03/2018 20:42:31","SAFE1",870,88
939219,"Angers SCO","EA Guingamp","03/03/2018 20:42:43","SAFE2",871,88
939219,"Angers SCO","EA Guingamp","03/03/2018 20:42:44","AT2",872,88
939219,"Angers SCO","EA Guingamp","03/03/2018 20:42:54","SAFE1",873,88
939219,"Angers SCO","EA Guingamp","03/03/2018 20:42:54","POSSIBLE_TI",874,88
939219,"Angers SCO","EA Guingamp","03/03/2018 20:42:56","TI1",875,88
939219,"Angers SCO","EA Guingamp","03/03/2018 20:43:07","SUB1",876,88
939219,"Angers SCO","EA Guingamp","03/03/2018 20:43:35","Restart",877,89
939219,"Angers SCO","EA Guingamp","03/03/2018 20:43:37","AT1",878,89
939219,"Angers SCO","EA Guingamp","03/03/2018 20:43:47","DANGER1",879,89
939219,"Angers SCO","EA Guingamp","03/03/2018 20:43:47","DAT1",880,89
939219,"Angers SCO","EA Guingamp","03/03/2018 20:43:57","GOAL1",881,89
939219,"Angers SCO","EA Guingamp","03/03/2018 20:44:10","Scorer",882,89
939219,"Angers SCO","EA Guingamp","03/03/2018 20:44:45","CONF_GOAL1",883,90
939219,"Angers SCO","EA Guingamp","03/03/2018 20:44:47","KO2",884,90
939219,"Angers SCO","EA Guingamp","03/03/2018 20:44:47","SAFE2",885,90
939219,"Angers SCO","EA Guingamp","03/03/2018 20:44:50","Player_DATA_CONFIRMED",886,90
939219,"Angers SCO","EA Guingamp","03/03/2018 20:44:50","Player_DATA_CONFIRMED",887,90
939219,"Angers SCO","EA Guingamp","03/03/2018 20:44:52","AT2",888,90
939219,"Angers SCO","EA Guingamp","03/03/2018 20:44:52","DANGER2",889,90
939219,"Angers SCO","EA Guingamp","03/03/2018 20:44:52","DAT2",890,90
939219,"Angers SCO","EA Guingamp","03/03/2018 20:45:00","POSSIBLE_TI",891,90
939219,"Angers SCO","EA Guingamp","03/03/2018 20:45:01","TI2",892,90
939219,"Angers SCO","EA Guingamp","03/03/2018 20:45:02","Restart",893,90
939219,"Angers SCO","EA Guingamp","03/03/2018 20:45:08","SAFE1",894,90
939219,"Angers SCO","EA Guingamp","03/03/2018 20:45:16","POSSIBLE_TI",895,90
939219,"Angers SCO","EA Guingamp","03/03/2018 20:45:18","TI1",896,90
939219,"Angers SCO","EA Guingamp","03/03/2018 20:45:30","Assist",897,91
939219,"Angers SCO","EA Guingamp","03/03/2018 20:45:32","Restart",898,91
939219,"Angers SCO","EA Guingamp","03/03/2018 20:45:40","Extra Time",899,91
939219,"Angers SCO","EA Guingamp","03/03/2018 20:45:43","AT1",900,91
939219,"Angers SCO","EA Guingamp","03/03/2018 20:45:43","DANGER1",901,91
939219,"Angers SCO","EA Guingamp","03/03/2018 20:45:43","DAT1",902,91
939219,"Angers SCO","EA Guingamp","03/03/2018 20:45:45","POSSIBLE_TI",903,91
939219,"Angers SCO","EA Guingamp","03/03/2018 20:46:00","TI1",904,91
939219,"Angers SCO","EA Guingamp","03/03/2018 20:46:05","Restart",905,91
939219,"Angers SCO","EA Guingamp","03/03/2018 20:46:25","PCR1",906,91
939219,"Angers SCO","EA Guingamp","03/03/2018 20:46:27","CR1",907,91
939219,"Angers SCO","EA Guingamp","03/03/2018 20:46:29","Ball Position",908,91
939219,"Angers SCO","EA Guingamp","03/03/2018 20:46:52","Restart",909,92
939219,"Angers SCO","EA Guingamp","03/03/2018 20:47:17","PPEN",910,92
939219,"Angers SCO","EA Guingamp","03/03/2018 20:47:17","PPEN1",911,92
939219,"Angers SCO","EA Guingamp","03/03/2018 20:47:37","No PEN",912,93
939219,"Angers SCO","EA Guingamp","03/03/2018 20:47:39","Possible Free Kick",913,93
939219,"Angers SCO","EA Guingamp","03/03/2018 20:47:42","F2",915,93
939219,"Angers SCO","EA Guingamp","03/03/2018 20:47:42","FK1",916,93
939219,"Angers SCO","EA Guingamp","03/03/2018 20:47:42","DFK1",917,93
939219,"Angers SCO","EA Guingamp","03/03/2018 20:47:42","Ball Position",918,93
939219,"Angers SCO","EA Guingamp","03/03/2018 20:48:22","Restart",919,93
939219,"Angers SCO","EA Guingamp","03/03/2018 20:48:28","PCR1",920,93
939219,"Angers SCO","EA Guingamp","03/03/2018 20:48:32","CR1",921,94
939219,"Angers SCO","EA Guingamp","03/03/2018 20:48:34","SHG1",922,94
939219,"Angers SCO","EA Guingamp","03/03/2018 20:48:36","Ball Position",923,94
939219,"Angers SCO","EA Guingamp","03/03/2018 20:48:44","Restart",924,94
939219,"Angers SCO","EA Guingamp","03/03/2018 20:48:49","GOAL1",925,94
939219,"Angers SCO","EA Guingamp","03/03/2018 20:49:20","Scorer",926,94
939219,"Angers SCO","EA Guingamp","03/03/2018 20:49:25","CONF_GOAL1",927,94
939219,"Angers SCO","EA Guingamp","03/03/2018 20:50:07","KO2",928,95
939219,"Angers SCO","EA Guingamp","03/03/2018 20:50:07","SAFE2",929,95
939219,"Angers SCO","EA Guingamp","03/03/2018 20:50:10","Stop RT2",930,95
939219,"Angers SCO","EA Guingamp","03/03/2018 20:50:10","Stop Game",931,95
939219,"Angers SCO","EA Guingamp","03/03/2018 20:50:23","CONF_PERIOD_SCORE",932,94
939219,"Angers SCO","EA Guingamp","03/03/2018 20:51:01","Player_DATA_CONFIRMED",933,94
939219,"Angers SCO","EA Guingamp","03/03/2018 20:51:01","Assist",934,94
