"RBallID","HomeTeam","AwayTeam","Timestamp","Incident","IncidentNumber","Minute"
859011,"ES Troyes AC","Toulouse FC","09/09/2017 17:07:29","Lineup changed",0,0
859011,"ES Troyes AC","Toulouse FC","09/09/2017 17:18:36","Scout in Stadion",1,0
859011,"ES Troyes AC","Toulouse FC","09/09/2017 17:18:43","Transmission Online",2,0
859011,"ES Troyes AC","Toulouse FC","09/09/2017 17:46:57","GCC",3,0
859011,"ES Troyes AC","Toulouse FC","09/09/2017 17:55:58","Players are coming out",4,0
859011,"ES Troyes AC","Toulouse FC","09/09/2017 17:56:31","Jersey Changed",5,0
859011,"ES Troyes AC","Toulouse FC","09/09/2017 17:56:32","Jersey Changed",6,0
859011,"ES Troyes AC","Toulouse FC","09/09/2017 17:59:25","Game about to start",7,0
859011,"ES Troyes AC","Toulouse FC","09/09/2017 17:59:53","Start RT1 Team 1",8,1
859011,"ES Troyes AC","Toulouse FC","09/09/2017 18:00:11","AT1",9,1
859011,"ES Troyes AC","Toulouse FC","09/09/2017 18:00:14","DANGER1",10,1
859011,"ES Troyes AC","Toulouse FC","09/09/2017 18:00:14","DAT1",11,1
859011,"ES Troyes AC","Toulouse FC","09/09/2017 18:00:23","POSSIBLE_TI",12,1
859011,"ES Troyes AC","Toulouse FC","09/09/2017 18:00:28","TI2",13,1
859011,"ES Troyes AC","Toulouse FC","09/09/2017 18:00:33","Restart",14,1
859011,"ES Troyes AC","Toulouse FC","09/09/2017 18:00:39","SAFE2",15,1
859011,"ES Troyes AC","Toulouse FC","09/09/2017 18:00:40","AT2",16,1
859011,"ES Troyes AC","Toulouse FC","09/09/2017 18:00:50","POSSIBLE_TI",17,1
859011,"ES Troyes AC","Toulouse FC","09/09/2017 18:00:56","TI2",18,2
859011,"ES Troyes AC","Toulouse FC","09/09/2017 18:01:03","Restart",19,2
859011,"ES Troyes AC","Toulouse FC","09/09/2017 18:01:08","POSSIBLE_TI",20,2
859011,"ES Troyes AC","Toulouse FC","09/09/2017 18:01:14","TI2",21,2
859011,"ES Troyes AC","Toulouse FC","09/09/2017 18:01:18","Restart",22,2
859011,"ES Troyes AC","Toulouse FC","09/09/2017 18:01:24","SAFE1",23,2
859011,"ES Troyes AC","Toulouse FC","09/09/2017 18:01:46","AT1",24,2
859011,"ES Troyes AC","Toulouse FC","09/09/2017 18:01:48","DANGER1",25,2
859011,"ES Troyes AC","Toulouse FC","09/09/2017 18:01:48","DAT1",26,2
859011,"ES Troyes AC","Toulouse FC","09/09/2017 18:01:50","POSSIBLE_TI",27,2
859011,"ES Troyes AC","Toulouse FC","09/09/2017 18:01:55","TI2",28,3
859011,"ES Troyes AC","Toulouse FC","09/09/2017 18:01:57","Restart",29,3
859011,"ES Troyes AC","Toulouse FC","09/09/2017 18:01:58","POSSIBLE_TI",30,3
859011,"ES Troyes AC","Toulouse FC","09/09/2017 18:02:03","TI1",31,3
859011,"ES Troyes AC","Toulouse FC","09/09/2017 18:02:10","Restart",32,3
859011,"ES Troyes AC","Toulouse FC","09/09/2017 18:02:42","SAFE2",33,3
859011,"ES Troyes AC","Toulouse FC","09/09/2017 18:02:50","Possible Free Kick",34,3
859011,"ES Troyes AC","Toulouse FC","09/09/2017 18:02:55","F1",36,4
859011,"ES Troyes AC","Toulouse FC","09/09/2017 18:02:55","FK2",37,4
859011,"ES Troyes AC","Toulouse FC","09/09/2017 18:02:55","Ball Position",38,4
859011,"ES Troyes AC","Toulouse FC","09/09/2017 18:02:56","Restart",39,4
859011,"ES Troyes AC","Toulouse FC","09/09/2017 18:03:01","AT2",40,4
859011,"ES Troyes AC","Toulouse FC","09/09/2017 18:03:02","DANGER2",41,4
859011,"ES Troyes AC","Toulouse FC","09/09/2017 18:03:02","DAT2",42,4
859011,"ES Troyes AC","Toulouse FC","09/09/2017 18:03:20","POSSIBLE_TI",43,4
859011,"ES Troyes AC","Toulouse FC","09/09/2017 18:03:24","TI2",44,4
859011,"ES Troyes AC","Toulouse FC","09/09/2017 18:03:25","Restart",45,4
859011,"ES Troyes AC","Toulouse FC","09/09/2017 18:03:38","POSSIBLE_TI",46,4
859011,"ES Troyes AC","Toulouse FC","09/09/2017 18:03:39","TI1",47,4
859011,"ES Troyes AC","Toulouse FC","09/09/2017 18:03:41","Restart",48,4
859011,"ES Troyes AC","Toulouse FC","09/09/2017 18:03:47","SAFE1",49,4
859011,"ES Troyes AC","Toulouse FC","09/09/2017 18:03:57","AT1",50,5
859011,"ES Troyes AC","Toulouse FC","09/09/2017 18:03:57","DANGER1",51,5
859011,"ES Troyes AC","Toulouse FC","09/09/2017 18:03:57","DAT1",52,5
859011,"ES Troyes AC","Toulouse FC","09/09/2017 18:04:02","PCR1",53,5
859011,"ES Troyes AC","Toulouse FC","09/09/2017 18:04:09","NCR1",54,5
859011,"ES Troyes AC","Toulouse FC","09/09/2017 18:04:10","SAFE2",55,5
859011,"ES Troyes AC","Toulouse FC","09/09/2017 18:04:10","GK2",56,5
859011,"ES Troyes AC","Toulouse FC","09/09/2017 18:04:12","Restart",57,5
859011,"ES Troyes AC","Toulouse FC","09/09/2017 18:04:25","AT2",58,5
859011,"ES Troyes AC","Toulouse FC","09/09/2017 18:04:25","Possible Free Kick",59,5
859011,"ES Troyes AC","Toulouse FC","09/09/2017 18:04:27","SAFE2",61,5
859011,"ES Troyes AC","Toulouse FC","09/09/2017 18:04:27","F1",62,5
859011,"ES Troyes AC","Toulouse FC","09/09/2017 18:04:27","FK2",63,5
859011,"ES Troyes AC","Toulouse FC","09/09/2017 18:04:28","Ball Position",64,5
859011,"ES Troyes AC","Toulouse FC","09/09/2017 18:04:28","Restart",65,5
859011,"ES Troyes AC","Toulouse FC","09/09/2017 18:04:44","AT2",66,5
859011,"ES Troyes AC","Toulouse FC","09/09/2017 18:04:53","Possible Free Kick",67,5
859011,"ES Troyes AC","Toulouse FC","09/09/2017 18:05:07","SAFE1",69,6
859011,"ES Troyes AC","Toulouse FC","09/09/2017 18:05:08","F2",70,6
859011,"ES Troyes AC","Toulouse FC","09/09/2017 18:05:08","FK1",71,6
859011,"ES Troyes AC","Toulouse FC","09/09/2017 18:05:08","Ball Position",72,6
859011,"ES Troyes AC","Toulouse FC","09/09/2017 18:05:08","Restart",73,6
859011,"ES Troyes AC","Toulouse FC","09/09/2017 18:05:19","SAFE2",74,6
859011,"ES Troyes AC","Toulouse FC","09/09/2017 18:05:20","SAFE1",75,6
859011,"ES Troyes AC","Toulouse FC","09/09/2017 18:05:24","AT1",76,6
859011,"ES Troyes AC","Toulouse FC","09/09/2017 18:05:37","Possible Free Kick",77,6
859011,"ES Troyes AC","Toulouse FC","09/09/2017 18:06:03","POSSIBLE_CARDS",79,7
859011,"ES Troyes AC","Toulouse FC","09/09/2017 18:06:14","YC2",80,7
859011,"ES Troyes AC","Toulouse FC","09/09/2017 18:06:19","CONF_YC2",81,7
859011,"ES Troyes AC","Toulouse FC","09/09/2017 18:06:24","Scorer",82,7
859011,"ES Troyes AC","Toulouse FC","09/09/2017 18:06:26","SAFE1",83,7
859011,"ES Troyes AC","Toulouse FC","09/09/2017 18:06:26","F2",84,7
859011,"ES Troyes AC","Toulouse FC","09/09/2017 18:06:26","FK1",85,7
859011,"ES Troyes AC","Toulouse FC","09/09/2017 18:06:26","Ball Position",86,7
859011,"ES Troyes AC","Toulouse FC","09/09/2017 18:06:26","Restart",87,7
859011,"ES Troyes AC","Toulouse FC","09/09/2017 18:06:37","AT1",88,7
859011,"ES Troyes AC","Toulouse FC","09/09/2017 18:06:40","DANGER1",89,7
859011,"ES Troyes AC","Toulouse FC","09/09/2017 18:06:40","DAT1",90,7
859011,"ES Troyes AC","Toulouse FC","09/09/2017 18:06:44","Possible Free Kick",91,7
859011,"ES Troyes AC","Toulouse FC","09/09/2017 18:06:54","SAFE2",93,8
859011,"ES Troyes AC","Toulouse FC","09/09/2017 18:06:54","O1",94,8
859011,"ES Troyes AC","Toulouse FC","09/09/2017 18:06:54","FK2",95,8
859011,"ES Troyes AC","Toulouse FC","09/09/2017 18:06:54","Ball Position",96,8
859011,"ES Troyes AC","Toulouse FC","09/09/2017 18:06:55","Restart",97,8
859011,"ES Troyes AC","Toulouse FC","09/09/2017 18:07:05","AT1",98,8
859011,"ES Troyes AC","Toulouse FC","09/09/2017 18:07:06","DANGER1",99,8
859011,"ES Troyes AC","Toulouse FC","09/09/2017 18:07:06","DAT1",100,8
859011,"ES Troyes AC","Toulouse FC","09/09/2017 18:07:11","Player_DATA_CONFIRMED",101,8
859011,"ES Troyes AC","Toulouse FC","09/09/2017 18:07:13","POSSIBLE_TI",102,8
859011,"ES Troyes AC","Toulouse FC","09/09/2017 18:07:21","TI1",103,8
859011,"ES Troyes AC","Toulouse FC","09/09/2017 18:07:25","Restart",104,8
859011,"ES Troyes AC","Toulouse FC","09/09/2017 18:07:29","POSSIBLE_TI",105,8
859011,"ES Troyes AC","Toulouse FC","09/09/2017 18:07:32","TI1",106,8
859011,"ES Troyes AC","Toulouse FC","09/09/2017 18:07:39","Restart",107,8
859011,"ES Troyes AC","Toulouse FC","09/09/2017 18:07:44","Possible Free Kick",108,8
859011,"ES Troyes AC","Toulouse FC","09/09/2017 18:07:50","SAFE2",110,8
859011,"ES Troyes AC","Toulouse FC","09/09/2017 18:07:50","O1",111,8
859011,"ES Troyes AC","Toulouse FC","09/09/2017 18:07:50","FK2",112,8
859011,"ES Troyes AC","Toulouse FC","09/09/2017 18:07:50","Ball Position",113,8
859011,"ES Troyes AC","Toulouse FC","09/09/2017 18:07:54","Restart",114,9
859011,"ES Troyes AC","Toulouse FC","09/09/2017 18:07:56","CLS",115,9
859011,"ES Troyes AC","Toulouse FC","09/09/2017 18:08:04","Restart",116,9
859011,"ES Troyes AC","Toulouse FC","09/09/2017 18:08:21","AT2",117,9
859011,"ES Troyes AC","Toulouse FC","09/09/2017 18:08:29","DANGER2",118,9
859011,"ES Troyes AC","Toulouse FC","09/09/2017 18:08:29","DAT2",119,9
859011,"ES Troyes AC","Toulouse FC","09/09/2017 18:08:43","SAFE1",120,9
859011,"ES Troyes AC","Toulouse FC","09/09/2017 18:08:44","AT1",121,9
859011,"ES Troyes AC","Toulouse FC","09/09/2017 18:08:46","DANGER1",122,9
859011,"ES Troyes AC","Toulouse FC","09/09/2017 18:08:46","DAT1",123,9
859011,"ES Troyes AC","Toulouse FC","09/09/2017 18:08:50","POSSIBLE_TI",124,9
859011,"ES Troyes AC","Toulouse FC","09/09/2017 18:08:53","TI1",125,9
859011,"ES Troyes AC","Toulouse FC","09/09/2017 18:08:54","Restart",126,10
859011,"ES Troyes AC","Toulouse FC","09/09/2017 18:09:16","Possible Free Kick",127,10
859011,"ES Troyes AC","Toulouse FC","09/09/2017 18:09:25","F2",129,10
859011,"ES Troyes AC","Toulouse FC","09/09/2017 18:09:25","FK1",130,10
859011,"ES Troyes AC","Toulouse FC","09/09/2017 18:09:25","DFK1",131,10
859011,"ES Troyes AC","Toulouse FC","09/09/2017 18:09:25","Ball Position",132,10
859011,"ES Troyes AC","Toulouse FC","09/09/2017 18:09:53","Restart",133,10
859011,"ES Troyes AC","Toulouse FC","09/09/2017 18:10:10","SAFE2",134,11
859011,"ES Troyes AC","Toulouse FC","09/09/2017 18:10:10","AT2",135,11
859011,"ES Troyes AC","Toulouse FC","09/09/2017 18:10:12","DANGER2",136,11
859011,"ES Troyes AC","Toulouse FC","09/09/2017 18:10:12","DAT2",137,11
859011,"ES Troyes AC","Toulouse FC","09/09/2017 18:10:23","SAFE1",138,11
859011,"ES Troyes AC","Toulouse FC","09/09/2017 18:10:28","AT1",139,11
859011,"ES Troyes AC","Toulouse FC","09/09/2017 18:10:29","DANGER1",140,11
859011,"ES Troyes AC","Toulouse FC","09/09/2017 18:10:29","DAT1",141,11
859011,"ES Troyes AC","Toulouse FC","09/09/2017 18:10:33","POSSIBLE_TI",142,11
859011,"ES Troyes AC","Toulouse FC","09/09/2017 18:10:39","TI2",143,11
859011,"ES Troyes AC","Toulouse FC","09/09/2017 18:10:39","Restart",144,11
859011,"ES Troyes AC","Toulouse FC","09/09/2017 18:10:53","POSSIBLE_TI",145,11
859011,"ES Troyes AC","Toulouse FC","09/09/2017 18:10:58","TI1",146,12
859011,"ES Troyes AC","Toulouse FC","09/09/2017 18:11:03","Restart",147,12
859011,"ES Troyes AC","Toulouse FC","09/09/2017 18:11:55","SAFE2",148,13
859011,"ES Troyes AC","Toulouse FC","09/09/2017 18:12:31","AT2",149,13
859011,"ES Troyes AC","Toulouse FC","09/09/2017 18:12:32","DANGER2",150,13
859011,"ES Troyes AC","Toulouse FC","09/09/2017 18:12:32","DAT2",151,13
859011,"ES Troyes AC","Toulouse FC","09/09/2017 18:13:07","SAFE1",152,14
859011,"ES Troyes AC","Toulouse FC","09/09/2017 18:13:09","AT1",153,14
859011,"ES Troyes AC","Toulouse FC","09/09/2017 18:13:14","DANGER1",154,14
859011,"ES Troyes AC","Toulouse FC","09/09/2017 18:13:14","DAT1",155,14
859011,"ES Troyes AC","Toulouse FC","09/09/2017 18:13:23","PCR1",156,14
859011,"ES Troyes AC","Toulouse FC","09/09/2017 18:13:41","CR1",157,14
859011,"ES Troyes AC","Toulouse FC","09/09/2017 18:13:44","Ball Position",158,14
859011,"ES Troyes AC","Toulouse FC","09/09/2017 18:13:57","Restart",159,15
859011,"ES Troyes AC","Toulouse FC","09/09/2017 18:14:24","PCR1",160,15
859011,"ES Troyes AC","Toulouse FC","09/09/2017 18:14:32","NCR1",161,15
859011,"ES Troyes AC","Toulouse FC","09/09/2017 18:14:33","SAFE2",162,15
859011,"ES Troyes AC","Toulouse FC","09/09/2017 18:14:33","GK2",163,15
859011,"ES Troyes AC","Toulouse FC","09/09/2017 18:14:38","Restart",164,15
859011,"ES Troyes AC","Toulouse FC","09/09/2017 18:14:53","AT2",165,15
859011,"ES Troyes AC","Toulouse FC","09/09/2017 18:14:55","DANGER2",166,16
859011,"ES Troyes AC","Toulouse FC","09/09/2017 18:14:55","DAT2",167,16
859011,"ES Troyes AC","Toulouse FC","09/09/2017 18:15:17","SAFE1",168,16
859011,"ES Troyes AC","Toulouse FC","09/09/2017 18:15:18","AT1",169,16
859011,"ES Troyes AC","Toulouse FC","09/09/2017 18:15:20","DANGER1",170,16
859011,"ES Troyes AC","Toulouse FC","09/09/2017 18:15:20","DAT1",171,16
859011,"ES Troyes AC","Toulouse FC","09/09/2017 18:15:25","SAFE2",172,16
859011,"ES Troyes AC","Toulouse FC","09/09/2017 18:15:26","AT2",173,16
859011,"ES Troyes AC","Toulouse FC","09/09/2017 18:15:28","DANGER2",174,16
859011,"ES Troyes AC","Toulouse FC","09/09/2017 18:15:28","DAT2",175,16
859011,"ES Troyes AC","Toulouse FC","09/09/2017 18:15:34","POSSIBLE_TI",176,16
859011,"ES Troyes AC","Toulouse FC","09/09/2017 18:15:38","TI2",177,16
859011,"ES Troyes AC","Toulouse FC","09/09/2017 18:15:46","Restart",178,16
859011,"ES Troyes AC","Toulouse FC","09/09/2017 18:15:56","Possible Free Kick",179,17
859011,"ES Troyes AC","Toulouse FC","09/09/2017 18:15:57","POSSIBLE_CARDS",181,17
859011,"ES Troyes AC","Toulouse FC","09/09/2017 18:16:06","YC2",182,17
859011,"ES Troyes AC","Toulouse FC","09/09/2017 18:16:19","CONF_YC2",183,17
859011,"ES Troyes AC","Toulouse FC","09/09/2017 18:16:22","Scorer",184,17
859011,"ES Troyes AC","Toulouse FC","09/09/2017 18:16:26","SAFE1",185,17
859011,"ES Troyes AC","Toulouse FC","09/09/2017 18:16:26","F2",186,17
859011,"ES Troyes AC","Toulouse FC","09/09/2017 18:16:26","FK1",187,17
859011,"ES Troyes AC","Toulouse FC","09/09/2017 18:16:26","Ball Position",188,17
859011,"ES Troyes AC","Toulouse FC","09/09/2017 18:16:32","Restart",189,17
859011,"ES Troyes AC","Toulouse FC","09/09/2017 18:16:43","AT2",190,17
859011,"ES Troyes AC","Toulouse FC","09/09/2017 18:16:44","DANGER2",191,17
859011,"ES Troyes AC","Toulouse FC","09/09/2017 18:16:44","DAT2",192,17
859011,"ES Troyes AC","Toulouse FC","09/09/2017 18:17:07","Possible Free Kick",193,18
859011,"ES Troyes AC","Toulouse FC","09/09/2017 18:17:12","POSSIBLE_CARDS",195,18
859011,"ES Troyes AC","Toulouse FC","09/09/2017 18:17:37","YC2",196,18
859011,"ES Troyes AC","Toulouse FC","09/09/2017 18:17:45","CONF_YC2",197,18
859011,"ES Troyes AC","Toulouse FC","09/09/2017 18:17:52","Scorer",198,18
859011,"ES Troyes AC","Toulouse FC","09/09/2017 18:17:55","SAFE1",199,19
859011,"ES Troyes AC","Toulouse FC","09/09/2017 18:17:55","F2",200,19
859011,"ES Troyes AC","Toulouse FC","09/09/2017 18:17:55","FK1",201,19
859011,"ES Troyes AC","Toulouse FC","09/09/2017 18:17:55","Ball Position",202,19
859011,"ES Troyes AC","Toulouse FC","09/09/2017 18:17:56","Restart",203,19
859011,"ES Troyes AC","Toulouse FC","09/09/2017 18:17:57","Player_DATA_CONFIRMED",204,19
859011,"ES Troyes AC","Toulouse FC","09/09/2017 18:18:01","Possible Free Kick",205,19
859011,"ES Troyes AC","Toulouse FC","09/09/2017 18:18:01","POSSIBLE_CARDS",207,19
859011,"ES Troyes AC","Toulouse FC","09/09/2017 18:18:09","YC1",208,19
859011,"ES Troyes AC","Toulouse FC","09/09/2017 18:18:11","CONF_YC1",209,19
859011,"ES Troyes AC","Toulouse FC","09/09/2017 18:18:17","Scorer",210,19
859011,"ES Troyes AC","Toulouse FC","09/09/2017 18:18:22","SAFE2",211,19
859011,"ES Troyes AC","Toulouse FC","09/09/2017 18:18:22","F1",212,19
859011,"ES Troyes AC","Toulouse FC","09/09/2017 18:18:22","FK2",213,19
859011,"ES Troyes AC","Toulouse FC","09/09/2017 18:18:22","Ball Position",214,19
859011,"ES Troyes AC","Toulouse FC","09/09/2017 18:18:22","Restart",215,19
859011,"ES Troyes AC","Toulouse FC","09/09/2017 18:18:24","Scorer",216,19
859011,"ES Troyes AC","Toulouse FC","09/09/2017 18:18:24","Player_DATA_CONFIRMED",217,19
859011,"ES Troyes AC","Toulouse FC","09/09/2017 18:18:28","AT2",218,19
859011,"ES Troyes AC","Toulouse FC","09/09/2017 18:18:28","DANGER2",219,19
859011,"ES Troyes AC","Toulouse FC","09/09/2017 18:18:28","DAT2",220,19
859011,"ES Troyes AC","Toulouse FC","09/09/2017 18:18:30","Player_DATA_CONFIRMED",221,19
859011,"ES Troyes AC","Toulouse FC","09/09/2017 18:18:34","POSSIBLE_TI",222,19
859011,"ES Troyes AC","Toulouse FC","09/09/2017 18:18:36","TI2",223,19
859011,"ES Troyes AC","Toulouse FC","09/09/2017 18:18:37","Restart",224,19
859011,"ES Troyes AC","Toulouse FC","09/09/2017 18:19:08","Possible Free Kick",225,20
859011,"ES Troyes AC","Toulouse FC","09/09/2017 18:19:09","POSSIBLE_CARDS",227,20
859011,"ES Troyes AC","Toulouse FC","09/09/2017 18:19:25","NO_Cards",228,20
859011,"ES Troyes AC","Toulouse FC","09/09/2017 18:19:26","SAFE1",229,20
859011,"ES Troyes AC","Toulouse FC","09/09/2017 18:19:26","F2",230,20
859011,"ES Troyes AC","Toulouse FC","09/09/2017 18:19:26","FK1",231,20
859011,"ES Troyes AC","Toulouse FC","09/09/2017 18:19:26","Ball Position",232,20
859011,"ES Troyes AC","Toulouse FC","09/09/2017 18:19:26","Restart",233,20
859011,"ES Troyes AC","Toulouse FC","09/09/2017 18:19:34","AT1",234,20
859011,"ES Troyes AC","Toulouse FC","09/09/2017 18:19:36","DANGER1",235,20
859011,"ES Troyes AC","Toulouse FC","09/09/2017 18:19:36","DAT1",236,20
859011,"ES Troyes AC","Toulouse FC","09/09/2017 18:19:45","SHG1",237,20
859011,"ES Troyes AC","Toulouse FC","09/09/2017 18:19:58","SAFE2",238,21
859011,"ES Troyes AC","Toulouse FC","09/09/2017 18:19:59","AT2",239,21
859011,"ES Troyes AC","Toulouse FC","09/09/2017 18:20:09","DANGER2",240,21
859011,"ES Troyes AC","Toulouse FC","09/09/2017 18:20:09","DAT2",241,21
859011,"ES Troyes AC","Toulouse FC","09/09/2017 18:20:31","SAFE1",242,21
859011,"ES Troyes AC","Toulouse FC","09/09/2017 18:20:32","AT1",243,21
859011,"ES Troyes AC","Toulouse FC","09/09/2017 18:20:33","DANGER1",244,21
859011,"ES Troyes AC","Toulouse FC","09/09/2017 18:20:33","DAT1",245,21
859011,"ES Troyes AC","Toulouse FC","09/09/2017 18:20:42","SAFE2",246,21
859011,"ES Troyes AC","Toulouse FC","09/09/2017 18:20:53","AT2",247,21
859011,"ES Troyes AC","Toulouse FC","09/09/2017 18:21:03","DANGER2",248,22
859011,"ES Troyes AC","Toulouse FC","09/09/2017 18:21:03","DAT2",249,22
859011,"ES Troyes AC","Toulouse FC","09/09/2017 18:21:12","PCR2",250,22
859011,"ES Troyes AC","Toulouse FC","09/09/2017 18:21:20","NCR2",251,22
859011,"ES Troyes AC","Toulouse FC","09/09/2017 18:21:21","SAFE1",252,22
859011,"ES Troyes AC","Toulouse FC","09/09/2017 18:21:21","GK1",253,22
859011,"ES Troyes AC","Toulouse FC","09/09/2017 18:21:36","Restart",254,22
859011,"ES Troyes AC","Toulouse FC","09/09/2017 18:21:39","AT1",255,22
859011,"ES Troyes AC","Toulouse FC","09/09/2017 18:21:43","DANGER1",256,22
859011,"ES Troyes AC","Toulouse FC","09/09/2017 18:21:43","DAT1",257,22
859011,"ES Troyes AC","Toulouse FC","09/09/2017 18:21:49","PCR1",258,22
859011,"ES Troyes AC","Toulouse FC","09/09/2017 18:21:52","SHB1",259,22
859011,"ES Troyes AC","Toulouse FC","09/09/2017 18:21:59","CR1",260,23
859011,"ES Troyes AC","Toulouse FC","09/09/2017 18:22:01","Ball Position",261,23
859011,"ES Troyes AC","Toulouse FC","09/09/2017 18:22:11","Restart",262,23
859011,"ES Troyes AC","Toulouse FC","09/09/2017 18:22:33","SAFE2",263,23
859011,"ES Troyes AC","Toulouse FC","09/09/2017 18:22:34","AT2",264,23
859011,"ES Troyes AC","Toulouse FC","09/09/2017 18:22:36","SAFE1",265,23
859011,"ES Troyes AC","Toulouse FC","09/09/2017 18:22:39","AT1",266,23
859011,"ES Troyes AC","Toulouse FC","09/09/2017 18:22:53","DANGER1",267,23
859011,"ES Troyes AC","Toulouse FC","09/09/2017 18:22:53","DAT1",268,23
859011,"ES Troyes AC","Toulouse FC","09/09/2017 18:23:27","SHG1",269,24
859011,"ES Troyes AC","Toulouse FC","09/09/2017 18:23:32","SAFE2",270,24
859011,"ES Troyes AC","Toulouse FC","09/09/2017 18:23:43","AT2",271,24
859011,"ES Troyes AC","Toulouse FC","09/09/2017 18:24:15","SAFE1",272,25
859011,"ES Troyes AC","Toulouse FC","09/09/2017 18:24:21","AT1",273,25
859011,"ES Troyes AC","Toulouse FC","09/09/2017 18:24:23","DANGER1",274,25
859011,"ES Troyes AC","Toulouse FC","09/09/2017 18:24:23","DAT1",275,25
859011,"ES Troyes AC","Toulouse FC","09/09/2017 18:24:32","PCR1",276,25
859011,"ES Troyes AC","Toulouse FC","09/09/2017 18:24:36","SHB1",277,25
859011,"ES Troyes AC","Toulouse FC","09/09/2017 18:24:45","NCR1",278,25
859011,"ES Troyes AC","Toulouse FC","09/09/2017 18:24:45","SAFE2",279,25
859011,"ES Troyes AC","Toulouse FC","09/09/2017 18:24:46","GK2",280,25
859011,"ES Troyes AC","Toulouse FC","09/09/2017 18:25:00","Restart",281,26
859011,"ES Troyes AC","Toulouse FC","09/09/2017 18:25:01","AT2",282,26
859011,"ES Troyes AC","Toulouse FC","09/09/2017 18:25:09","POSSIBLE_TI",283,26
859011,"ES Troyes AC","Toulouse FC","09/09/2017 18:25:11","TI2",284,26
859011,"ES Troyes AC","Toulouse FC","09/09/2017 18:25:17","Restart",285,26
859011,"ES Troyes AC","Toulouse FC","09/09/2017 18:25:22","POSSIBLE_TI",286,26
859011,"ES Troyes AC","Toulouse FC","09/09/2017 18:25:23","TI2",287,26
859011,"ES Troyes AC","Toulouse FC","09/09/2017 18:25:25","Restart",288,26
859011,"ES Troyes AC","Toulouse FC","09/09/2017 18:25:29","POSSIBLE_TI",289,26
859011,"ES Troyes AC","Toulouse FC","09/09/2017 18:25:35","TI2",290,26
859011,"ES Troyes AC","Toulouse FC","09/09/2017 18:25:37","Restart",291,26
859011,"ES Troyes AC","Toulouse FC","09/09/2017 18:25:55","DANGER2",292,27
859011,"ES Troyes AC","Toulouse FC","09/09/2017 18:25:55","DAT2",293,27
859011,"ES Troyes AC","Toulouse FC","09/09/2017 18:25:59","PCR2",294,27
859011,"ES Troyes AC","Toulouse FC","09/09/2017 18:26:06","NCR2",295,27
859011,"ES Troyes AC","Toulouse FC","09/09/2017 18:26:06","SAFE1",296,27
859011,"ES Troyes AC","Toulouse FC","09/09/2017 18:26:07","GK1",297,27
859011,"ES Troyes AC","Toulouse FC","09/09/2017 18:26:09","Restart",298,27
859011,"ES Troyes AC","Toulouse FC","09/09/2017 18:26:20","AT1",299,27
859011,"ES Troyes AC","Toulouse FC","09/09/2017 18:26:22","DANGER1",300,27
859011,"ES Troyes AC","Toulouse FC","09/09/2017 18:26:22","DAT1",301,27
859011,"ES Troyes AC","Toulouse FC","09/09/2017 18:26:34","SAFE2",302,27
859011,"ES Troyes AC","Toulouse FC","09/09/2017 18:26:38","AT2",303,27
859011,"ES Troyes AC","Toulouse FC","09/09/2017 18:26:42","POSSIBLE_TI",304,27
859011,"ES Troyes AC","Toulouse FC","09/09/2017 18:26:48","TI1",305,27
859011,"ES Troyes AC","Toulouse FC","09/09/2017 18:26:50","Restart",306,27
859011,"ES Troyes AC","Toulouse FC","09/09/2017 18:26:59","SAFE1",307,28
859011,"ES Troyes AC","Toulouse FC","09/09/2017 18:27:01","AT1",308,28
859011,"ES Troyes AC","Toulouse FC","09/09/2017 18:27:02","DANGER1",309,28
859011,"ES Troyes AC","Toulouse FC","09/09/2017 18:27:02","DAT1",310,28
859011,"ES Troyes AC","Toulouse FC","09/09/2017 18:27:06","POSSIBLE_TI",311,28
859011,"ES Troyes AC","Toulouse FC","09/09/2017 18:27:09","TI1",312,28
859011,"ES Troyes AC","Toulouse FC","09/09/2017 18:27:11","Restart",313,28
859011,"ES Troyes AC","Toulouse FC","09/09/2017 18:27:20","POSSIBLE_TI",314,28
859011,"ES Troyes AC","Toulouse FC","09/09/2017 18:27:24","TI1",315,28
859011,"ES Troyes AC","Toulouse FC","09/09/2017 18:27:26","Restart",316,28
859011,"ES Troyes AC","Toulouse FC","09/09/2017 18:27:33","POSSIBLE_TI",317,28
859011,"ES Troyes AC","Toulouse FC","09/09/2017 18:27:37","TI1",318,28
859011,"ES Troyes AC","Toulouse FC","09/09/2017 18:27:48","Restart",319,28
859011,"ES Troyes AC","Toulouse FC","09/09/2017 18:28:03","POSSIBLE_TI",320,29
859011,"ES Troyes AC","Toulouse FC","09/09/2017 18:28:05","TI1",321,29
859011,"ES Troyes AC","Toulouse FC","09/09/2017 18:28:16","Restart",322,29
859011,"ES Troyes AC","Toulouse FC","09/09/2017 18:28:32","PCR1",323,29
859011,"ES Troyes AC","Toulouse FC","09/09/2017 18:28:44","NCR1",324,29
859011,"ES Troyes AC","Toulouse FC","09/09/2017 18:28:45","SAFE2",325,29
859011,"ES Troyes AC","Toulouse FC","09/09/2017 18:28:46","GK2",326,29
859011,"ES Troyes AC","Toulouse FC","09/09/2017 18:28:54","Restart",327,30
859011,"ES Troyes AC","Toulouse FC","09/09/2017 18:28:55","AT2",328,30
859011,"ES Troyes AC","Toulouse FC","09/09/2017 18:29:01","Possible Free Kick",329,30
859011,"ES Troyes AC","Toulouse FC","09/09/2017 18:29:12","POSSIBLE_CARDS",331,30
859011,"ES Troyes AC","Toulouse FC","09/09/2017 18:29:41","NO_Cards",332,30
859011,"ES Troyes AC","Toulouse FC","09/09/2017 18:29:50","F1",333,30
859011,"ES Troyes AC","Toulouse FC","09/09/2017 18:29:50","FK2",334,30
859011,"ES Troyes AC","Toulouse FC","09/09/2017 18:29:50","DANGER2",335,30
859011,"ES Troyes AC","Toulouse FC","09/09/2017 18:29:50","DFK2",336,30
859011,"ES Troyes AC","Toulouse FC","09/09/2017 18:29:50","Ball Position",337,30
859011,"ES Troyes AC","Toulouse FC","09/09/2017 18:30:06","Restart",338,31
859011,"ES Troyes AC","Toulouse FC","09/09/2017 18:30:10","Possible Free Kick",339,31
859011,"ES Troyes AC","Toulouse FC","09/09/2017 18:30:19","SAFE1",341,31
859011,"ES Troyes AC","Toulouse FC","09/09/2017 18:30:19","F2",342,31
859011,"ES Troyes AC","Toulouse FC","09/09/2017 18:30:19","FK1",343,31
859011,"ES Troyes AC","Toulouse FC","09/09/2017 18:30:19","Ball Position",344,31
859011,"ES Troyes AC","Toulouse FC","09/09/2017 18:30:20","Restart",345,31
859011,"ES Troyes AC","Toulouse FC","09/09/2017 18:30:33","AT1",346,31
859011,"ES Troyes AC","Toulouse FC","09/09/2017 18:30:37","DANGER1",347,31
859011,"ES Troyes AC","Toulouse FC","09/09/2017 18:30:37","DAT1",348,31
859011,"ES Troyes AC","Toulouse FC","09/09/2017 18:31:15","Possible Free Kick",349,32
859011,"ES Troyes AC","Toulouse FC","09/09/2017 18:31:26","SAFE2",351,32
859011,"ES Troyes AC","Toulouse FC","09/09/2017 18:31:26","F1",352,32
859011,"ES Troyes AC","Toulouse FC","09/09/2017 18:31:26","FK2",353,32
859011,"ES Troyes AC","Toulouse FC","09/09/2017 18:31:26","Ball Position",354,32
859011,"ES Troyes AC","Toulouse FC","09/09/2017 18:31:28","Restart",355,32
859011,"ES Troyes AC","Toulouse FC","09/09/2017 18:31:35","AT2",356,32
859011,"ES Troyes AC","Toulouse FC","09/09/2017 18:31:37","DANGER2",357,32
859011,"ES Troyes AC","Toulouse FC","09/09/2017 18:31:37","DAT2",358,32
859011,"ES Troyes AC","Toulouse FC","09/09/2017 18:31:49","SAFE1",359,32
859011,"ES Troyes AC","Toulouse FC","09/09/2017 18:32:04","AT1",360,33
859011,"ES Troyes AC","Toulouse FC","09/09/2017 18:32:11","DANGER1",361,33
859011,"ES Troyes AC","Toulouse FC","09/09/2017 18:32:11","DAT1",362,33
859011,"ES Troyes AC","Toulouse FC","09/09/2017 18:32:20","POSSIBLE_TI",363,33
859011,"ES Troyes AC","Toulouse FC","09/09/2017 18:32:27","TI2",364,33
859011,"ES Troyes AC","Toulouse FC","09/09/2017 18:32:28","Restart",365,33
859011,"ES Troyes AC","Toulouse FC","09/09/2017 18:32:36","POSSIBLE_TI",366,33
859011,"ES Troyes AC","Toulouse FC","09/09/2017 18:32:38","TI1",367,33
859011,"ES Troyes AC","Toulouse FC","09/09/2017 18:32:42","Restart",368,33
859011,"ES Troyes AC","Toulouse FC","09/09/2017 18:32:49","SAFE2",369,33
859011,"ES Troyes AC","Toulouse FC","09/09/2017 18:32:55","AT2",370,34
859011,"ES Troyes AC","Toulouse FC","09/09/2017 18:33:09","SAFE1",371,34
859011,"ES Troyes AC","Toulouse FC","09/09/2017 18:33:10","Possible Free Kick",372,34
859011,"ES Troyes AC","Toulouse FC","09/09/2017 18:33:25","F2",374,34
859011,"ES Troyes AC","Toulouse FC","09/09/2017 18:33:25","FK1",375,34
859011,"ES Troyes AC","Toulouse FC","09/09/2017 18:33:25","Ball Position",376,34
859011,"ES Troyes AC","Toulouse FC","09/09/2017 18:33:27","Restart",377,34
859011,"ES Troyes AC","Toulouse FC","09/09/2017 18:33:36","AT1",378,34
859011,"ES Troyes AC","Toulouse FC","09/09/2017 18:34:04","DANGER1",379,35
859011,"ES Troyes AC","Toulouse FC","09/09/2017 18:34:04","DAT1",380,35
859011,"ES Troyes AC","Toulouse FC","09/09/2017 18:34:11","SHW1",381,35
859011,"ES Troyes AC","Toulouse FC","09/09/2017 18:34:17","BLOCKED1",382,35
859011,"ES Troyes AC","Toulouse FC","09/09/2017 18:34:49","SAFE1",383,35
859011,"ES Troyes AC","Toulouse FC","09/09/2017 18:35:00","AT1",384,36
859011,"ES Troyes AC","Toulouse FC","09/09/2017 18:35:08","SAFE2",385,36
859011,"ES Troyes AC","Toulouse FC","09/09/2017 18:35:08","AT2",386,36
859011,"ES Troyes AC","Toulouse FC","09/09/2017 18:35:09","DANGER2",387,36
859011,"ES Troyes AC","Toulouse FC","09/09/2017 18:35:09","DAT2",388,36
859011,"ES Troyes AC","Toulouse FC","09/09/2017 18:35:15","PCR2",389,36
859011,"ES Troyes AC","Toulouse FC","09/09/2017 18:35:19","SHB2",390,36
859011,"ES Troyes AC","Toulouse FC","09/09/2017 18:35:21","NCR2",391,36
859011,"ES Troyes AC","Toulouse FC","09/09/2017 18:35:21","SAFE1",392,36
859011,"ES Troyes AC","Toulouse FC","09/09/2017 18:35:22","GK1",393,36
859011,"ES Troyes AC","Toulouse FC","09/09/2017 18:35:43","Restart",394,36
859011,"ES Troyes AC","Toulouse FC","09/09/2017 18:35:45","AT1",395,36
859011,"ES Troyes AC","Toulouse FC","09/09/2017 18:35:53","POSSIBLE_TI",396,36
859011,"ES Troyes AC","Toulouse FC","09/09/2017 18:35:55","TI2",397,37
859011,"ES Troyes AC","Toulouse FC","09/09/2017 18:36:00","Restart",398,37
859011,"ES Troyes AC","Toulouse FC","09/09/2017 18:36:08","SAFE2",399,37
859011,"ES Troyes AC","Toulouse FC","09/09/2017 18:36:09","AT2",400,37
859011,"ES Troyes AC","Toulouse FC","09/09/2017 18:36:10","DANGER2",401,37
859011,"ES Troyes AC","Toulouse FC","09/09/2017 18:36:10","DAT2",402,37
859011,"ES Troyes AC","Toulouse FC","09/09/2017 18:36:14","SAFE1",403,37
859011,"ES Troyes AC","Toulouse FC","09/09/2017 18:36:15","AT1",404,37
859011,"ES Troyes AC","Toulouse FC","09/09/2017 18:36:20","DANGER1",405,37
859011,"ES Troyes AC","Toulouse FC","09/09/2017 18:36:20","DAT1",406,37
859011,"ES Troyes AC","Toulouse FC","09/09/2017 18:36:24","POSSIBLE_TI",407,37
859011,"ES Troyes AC","Toulouse FC","09/09/2017 18:36:33","TI1",408,37
859011,"ES Troyes AC","Toulouse FC","09/09/2017 18:36:33","Restart",409,37
859011,"ES Troyes AC","Toulouse FC","09/09/2017 18:36:39","SAFE2",410,37
859011,"ES Troyes AC","Toulouse FC","09/09/2017 18:36:40","AT2",411,37
859011,"ES Troyes AC","Toulouse FC","09/09/2017 18:36:41","DANGER2",412,37
859011,"ES Troyes AC","Toulouse FC","09/09/2017 18:36:41","DAT2",413,37
859011,"ES Troyes AC","Toulouse FC","09/09/2017 18:36:56","SAFE1",414,38
859011,"ES Troyes AC","Toulouse FC","09/09/2017 18:36:58","AT1",415,38
859011,"ES Troyes AC","Toulouse FC","09/09/2017 18:37:17","DANGER1",416,38
859011,"ES Troyes AC","Toulouse FC","09/09/2017 18:37:17","DAT1",417,38
859011,"ES Troyes AC","Toulouse FC","09/09/2017 18:37:27","SAFE2",418,38
859011,"ES Troyes AC","Toulouse FC","09/09/2017 18:37:37","AT2",419,38
859011,"ES Troyes AC","Toulouse FC","09/09/2017 18:37:42","DANGER2",420,38
859011,"ES Troyes AC","Toulouse FC","09/09/2017 18:37:42","DAT2",421,38
859011,"ES Troyes AC","Toulouse FC","09/09/2017 18:38:04","SAFE1",422,39
859011,"ES Troyes AC","Toulouse FC","09/09/2017 18:38:04","AT1",423,39
859011,"ES Troyes AC","Toulouse FC","09/09/2017 18:38:09","SAFE2",424,39
859011,"ES Troyes AC","Toulouse FC","09/09/2017 18:38:10","AT2",425,39
859011,"ES Troyes AC","Toulouse FC","09/09/2017 18:38:26","POSSIBLE_TI",426,39
859011,"ES Troyes AC","Toulouse FC","09/09/2017 18:38:27","TI2",427,39
859011,"ES Troyes AC","Toulouse FC","09/09/2017 18:38:32","Injury Break",428,39
859011,"ES Troyes AC","Toulouse FC","09/09/2017 18:39:32","Restart",429,40
859011,"ES Troyes AC","Toulouse FC","09/09/2017 18:39:34","SAFE1",430,40
859011,"ES Troyes AC","Toulouse FC","09/09/2017 18:39:42","AT1",431,40
859011,"ES Troyes AC","Toulouse FC","09/09/2017 18:39:53","DANGER1",432,40
859011,"ES Troyes AC","Toulouse FC","09/09/2017 18:39:53","DAT1",433,40
859011,"ES Troyes AC","Toulouse FC","09/09/2017 18:40:11","SAFE2",434,41
859011,"ES Troyes AC","Toulouse FC","09/09/2017 18:40:20","AT2",435,41
859011,"ES Troyes AC","Toulouse FC","09/09/2017 18:40:22","DANGER2",436,41
859011,"ES Troyes AC","Toulouse FC","09/09/2017 18:40:22","DAT2",437,41
859011,"ES Troyes AC","Toulouse FC","09/09/2017 18:41:09","POSSIBLE_TI",438,42
859011,"ES Troyes AC","Toulouse FC","09/09/2017 18:41:11","TI2",439,42
859011,"ES Troyes AC","Toulouse FC","09/09/2017 18:41:17","Restart",440,42
859011,"ES Troyes AC","Toulouse FC","09/09/2017 18:41:36","BLOCKED2",441,42
859011,"ES Troyes AC","Toulouse FC","09/09/2017 18:41:45","POSSIBLE_TI",442,42
859011,"ES Troyes AC","Toulouse FC","09/09/2017 18:41:55","TI2",443,43
859011,"ES Troyes AC","Toulouse FC","09/09/2017 18:42:18","Restart",444,43
859011,"ES Troyes AC","Toulouse FC","09/09/2017 18:42:19","SAFE1",445,43
859011,"ES Troyes AC","Toulouse FC","09/09/2017 18:42:28","AT1",446,43
859011,"ES Troyes AC","Toulouse FC","09/09/2017 18:42:47","Possible Free Kick",447,43
859011,"ES Troyes AC","Toulouse FC","09/09/2017 18:42:52","SAFE2",449,43
859011,"ES Troyes AC","Toulouse FC","09/09/2017 18:42:52","O1",450,43
859011,"ES Troyes AC","Toulouse FC","09/09/2017 18:42:52","FK2",451,43
859011,"ES Troyes AC","Toulouse FC","09/09/2017 18:42:52","Ball Position",452,43
859011,"ES Troyes AC","Toulouse FC","09/09/2017 18:42:53","Restart",453,43
859011,"ES Troyes AC","Toulouse FC","09/09/2017 18:42:59","AT2",454,44
859011,"ES Troyes AC","Toulouse FC","09/09/2017 18:43:01","DANGER2",455,44
859011,"ES Troyes AC","Toulouse FC","09/09/2017 18:43:01","DAT2",456,44
859011,"ES Troyes AC","Toulouse FC","09/09/2017 18:43:09","SAFE1",457,44
859011,"ES Troyes AC","Toulouse FC","09/09/2017 18:43:11","AT1",458,44
859011,"ES Troyes AC","Toulouse FC","09/09/2017 18:43:12","Possible Free Kick",459,44
859011,"ES Troyes AC","Toulouse FC","09/09/2017 18:43:17","SAFE1",461,44
859011,"ES Troyes AC","Toulouse FC","09/09/2017 18:43:17","F2",462,44
859011,"ES Troyes AC","Toulouse FC","09/09/2017 18:43:17","FK1",463,44
859011,"ES Troyes AC","Toulouse FC","09/09/2017 18:43:17","Ball Position",464,44
859011,"ES Troyes AC","Toulouse FC","09/09/2017 18:43:17","Restart",465,44
859011,"ES Troyes AC","Toulouse FC","09/09/2017 18:43:24","AT1",466,44
859011,"ES Troyes AC","Toulouse FC","09/09/2017 18:43:30","DANGER1",467,44
859011,"ES Troyes AC","Toulouse FC","09/09/2017 18:43:30","DAT1",468,44
859011,"ES Troyes AC","Toulouse FC","09/09/2017 18:43:53","PCR1",469,45
859011,"ES Troyes AC","Toulouse FC","09/09/2017 18:43:55","SHB1",470,45
859011,"ES Troyes AC","Toulouse FC","09/09/2017 18:44:00","NCR1",471,45
859011,"ES Troyes AC","Toulouse FC","09/09/2017 18:44:01","SAFE2",472,45
859011,"ES Troyes AC","Toulouse FC","09/09/2017 18:44:02","GK2",473,45
859011,"ES Troyes AC","Toulouse FC","09/09/2017 18:44:19","Restart",474,45
859011,"ES Troyes AC","Toulouse FC","09/09/2017 18:44:21","AT2",475,45
859011,"ES Troyes AC","Toulouse FC","09/09/2017 18:44:25","Possible Free Kick",476,45
859011,"ES Troyes AC","Toulouse FC","09/09/2017 18:44:40","SAFE1",478,45
859011,"ES Troyes AC","Toulouse FC","09/09/2017 18:44:40","F2",479,45
859011,"ES Troyes AC","Toulouse FC","09/09/2017 18:44:40","FK1",480,45
859011,"ES Troyes AC","Toulouse FC","09/09/2017 18:44:40","Ball Position",481,45
859011,"ES Troyes AC","Toulouse FC","09/09/2017 18:44:41","Restart",482,45
859011,"ES Troyes AC","Toulouse FC","09/09/2017 18:44:53","Extra Time",483,45
859011,"ES Troyes AC","Toulouse FC","09/09/2017 18:44:58","AT1",484,46
859011,"ES Troyes AC","Toulouse FC","09/09/2017 18:45:03","DANGER1",485,46
859011,"ES Troyes AC","Toulouse FC","09/09/2017 18:45:03","DAT1",486,46
859011,"ES Troyes AC","Toulouse FC","09/09/2017 18:45:21","SAFE1",487,46
859011,"ES Troyes AC","Toulouse FC","09/09/2017 18:45:22","SAFE2",488,46
859011,"ES Troyes AC","Toulouse FC","09/09/2017 18:45:23","AT2",489,46
859011,"ES Troyes AC","Toulouse FC","09/09/2017 18:45:25","DANGER2",490,46
859011,"ES Troyes AC","Toulouse FC","09/09/2017 18:45:25","DAT2",491,46
859011,"ES Troyes AC","Toulouse FC","09/09/2017 18:45:44","Possible Free Kick",492,46
859011,"ES Troyes AC","Toulouse FC","09/09/2017 18:46:04","SAFE1",494,47
859011,"ES Troyes AC","Toulouse FC","09/09/2017 18:46:04","F2",495,47
859011,"ES Troyes AC","Toulouse FC","09/09/2017 18:46:04","FK1",496,47
859011,"ES Troyes AC","Toulouse FC","09/09/2017 18:46:04","Ball Position",497,47
859011,"ES Troyes AC","Toulouse FC","09/09/2017 18:46:13","Restart",498,47
859011,"ES Troyes AC","Toulouse FC","09/09/2017 18:46:18","AT1",499,47
859011,"ES Troyes AC","Toulouse FC","09/09/2017 18:46:18","DANGER1",500,47
859011,"ES Troyes AC","Toulouse FC","09/09/2017 18:46:18","DAT1",501,47
859011,"ES Troyes AC","Toulouse FC","09/09/2017 18:46:22","POSSIBLE_TI",502,47
859011,"ES Troyes AC","Toulouse FC","09/09/2017 18:46:24","TI2",503,47
859011,"ES Troyes AC","Toulouse FC","09/09/2017 18:46:32","Restart",504,47
859011,"ES Troyes AC","Toulouse FC","09/09/2017 18:46:38","POSSIBLE_TI",505,47
859011,"ES Troyes AC","Toulouse FC","09/09/2017 18:46:39","TI2",506,47
859011,"ES Troyes AC","Toulouse FC","09/09/2017 18:46:48","Restart",507,47
859011,"ES Troyes AC","Toulouse FC","09/09/2017 18:46:53","Stop RT1",508,47
859011,"ES Troyes AC","Toulouse FC","09/09/2017 18:47:29","CONF_PERIOD_SCORE",509,45
859011,"ES Troyes AC","Toulouse FC","09/09/2017 18:59:55","Players are coming out",510,45
859011,"ES Troyes AC","Toulouse FC","09/09/2017 19:01:30","Game about to start",511,45
859011,"ES Troyes AC","Toulouse FC","09/09/2017 19:01:36","Start RT2 Team 2",512,46
859011,"ES Troyes AC","Toulouse FC","09/09/2017 19:01:46","POSSIBLE_TI",513,46
859011,"ES Troyes AC","Toulouse FC","09/09/2017 19:01:52","TI2",514,46
859011,"ES Troyes AC","Toulouse FC","09/09/2017 19:01:53","Restart",515,46
859011,"ES Troyes AC","Toulouse FC","09/09/2017 19:02:09","POSSIBLE_TI",516,46
859011,"ES Troyes AC","Toulouse FC","09/09/2017 19:02:15","TI1",517,46
859011,"ES Troyes AC","Toulouse FC","09/09/2017 19:02:18","Restart",518,46
859011,"ES Troyes AC","Toulouse FC","09/09/2017 19:02:41","SAFE2",519,47
859011,"ES Troyes AC","Toulouse FC","09/09/2017 19:02:49","AT2",520,47
859011,"ES Troyes AC","Toulouse FC","09/09/2017 19:02:55","DANGER2",521,47
859011,"ES Troyes AC","Toulouse FC","09/09/2017 19:02:55","DAT2",522,47
859011,"ES Troyes AC","Toulouse FC","09/09/2017 19:03:03","PCR2",523,47
859011,"ES Troyes AC","Toulouse FC","09/09/2017 19:03:08","NCR2",524,47
859011,"ES Troyes AC","Toulouse FC","09/09/2017 19:03:08","SAFE1",525,47
859011,"ES Troyes AC","Toulouse FC","09/09/2017 19:03:09","GK1",526,47
859011,"ES Troyes AC","Toulouse FC","09/09/2017 19:03:22","Restart",527,47
859011,"ES Troyes AC","Toulouse FC","09/09/2017 19:03:25","AT1",528,47
859011,"ES Troyes AC","Toulouse FC","09/09/2017 19:03:31","SAFE2",529,47
859011,"ES Troyes AC","Toulouse FC","09/09/2017 19:03:31","AT2",530,47
859011,"ES Troyes AC","Toulouse FC","09/09/2017 19:03:39","SAFE1",531,48
859011,"ES Troyes AC","Toulouse FC","09/09/2017 19:03:40","AT1",532,48
859011,"ES Troyes AC","Toulouse FC","09/09/2017 19:03:42","DANGER1",533,48
859011,"ES Troyes AC","Toulouse FC","09/09/2017 19:03:42","DAT1",534,48
859011,"ES Troyes AC","Toulouse FC","09/09/2017 19:03:51","Possible Free Kick",535,48
859011,"ES Troyes AC","Toulouse FC","09/09/2017 19:03:56","POSSIBLE_CARDS",537,48
859011,"ES Troyes AC","Toulouse FC","09/09/2017 19:04:25","YC1",538,48
859011,"ES Troyes AC","Toulouse FC","09/09/2017 19:04:27","CONF_YC1",539,48
859011,"ES Troyes AC","Toulouse FC","09/09/2017 19:04:34","Scorer",540,48
859011,"ES Troyes AC","Toulouse FC","09/09/2017 19:04:38","SAFE2",541,49
859011,"ES Troyes AC","Toulouse FC","09/09/2017 19:04:38","F1",542,49
859011,"ES Troyes AC","Toulouse FC","09/09/2017 19:04:38","FK2",543,49
859011,"ES Troyes AC","Toulouse FC","09/09/2017 19:04:38","Ball Position",544,49
859011,"ES Troyes AC","Toulouse FC","09/09/2017 19:04:51","Restart",545,49
859011,"ES Troyes AC","Toulouse FC","09/09/2017 19:04:55","AT2",546,49
859011,"ES Troyes AC","Toulouse FC","09/09/2017 19:05:00","POSSIBLE_TI",547,49
859011,"ES Troyes AC","Toulouse FC","09/09/2017 19:05:05","TI2",548,49
859011,"ES Troyes AC","Toulouse FC","09/09/2017 19:05:10","Restart",549,49
859011,"ES Troyes AC","Toulouse FC","09/09/2017 19:05:14","SAFE2",550,49
859011,"ES Troyes AC","Toulouse FC","09/09/2017 19:05:19","AT2",551,49
859011,"ES Troyes AC","Toulouse FC","09/09/2017 19:05:20","DANGER2",552,49
859011,"ES Troyes AC","Toulouse FC","09/09/2017 19:05:20","DAT2",553,49
859011,"ES Troyes AC","Toulouse FC","09/09/2017 19:05:38","SAFE1",554,50
859011,"ES Troyes AC","Toulouse FC","09/09/2017 19:05:38","AT1",555,50
859011,"ES Troyes AC","Toulouse FC","09/09/2017 19:05:42","Player_DATA_CONFIRMED",556,50
859011,"ES Troyes AC","Toulouse FC","09/09/2017 19:05:45","SAFE2",557,50
859011,"ES Troyes AC","Toulouse FC","09/09/2017 19:06:00","AT2",558,50
859011,"ES Troyes AC","Toulouse FC","09/09/2017 19:06:02","DANGER2",559,50
859011,"ES Troyes AC","Toulouse FC","09/09/2017 19:06:02","DAT2",560,50
859011,"ES Troyes AC","Toulouse FC","09/09/2017 19:06:04","POSSIBLE_TI",561,50
859011,"ES Troyes AC","Toulouse FC","09/09/2017 19:06:09","TI2",562,50
859011,"ES Troyes AC","Toulouse FC","09/09/2017 19:06:19","Restart",563,50
859011,"ES Troyes AC","Toulouse FC","09/09/2017 19:06:25","POSSIBLE_TI",564,50
859011,"ES Troyes AC","Toulouse FC","09/09/2017 19:06:30","TI2",565,50
859011,"ES Troyes AC","Toulouse FC","09/09/2017 19:06:32","Restart",566,50
859011,"ES Troyes AC","Toulouse FC","09/09/2017 19:06:42","SAFE2",567,51
859011,"ES Troyes AC","Toulouse FC","09/09/2017 19:07:07","AT2",568,51
859011,"ES Troyes AC","Toulouse FC","09/09/2017 19:07:08","DANGER2",569,51
859011,"ES Troyes AC","Toulouse FC","09/09/2017 19:07:08","DAT2",570,51
859011,"ES Troyes AC","Toulouse FC","09/09/2017 19:07:19","GOAL2",571,51
859011,"ES Troyes AC","Toulouse FC","09/09/2017 19:07:33","CGOAL2",572,51
859011,"ES Troyes AC","Toulouse FC","09/09/2017 19:07:34","Possible Free Kick",573,51
859011,"ES Troyes AC","Toulouse FC","09/09/2017 19:07:39","SAFE1",575,52
859011,"ES Troyes AC","Toulouse FC","09/09/2017 19:07:39","O2",576,52
859011,"ES Troyes AC","Toulouse FC","09/09/2017 19:07:39","FK1",577,52
859011,"ES Troyes AC","Toulouse FC","09/09/2017 19:07:39","Ball Position",578,52
859011,"ES Troyes AC","Toulouse FC","09/09/2017 19:08:11","SUB1",579,52
859011,"ES Troyes AC","Toulouse FC","09/09/2017 19:08:17","Restart",580,52
859011,"ES Troyes AC","Toulouse FC","09/09/2017 19:08:20","Player_DATA_CONFIRMED",581,52
859011,"ES Troyes AC","Toulouse FC","09/09/2017 19:08:30","SAFE2",582,52
859011,"ES Troyes AC","Toulouse FC","09/09/2017 19:08:31","AT2",583,52
859011,"ES Troyes AC","Toulouse FC","09/09/2017 19:08:31","DANGER2",584,52
859011,"ES Troyes AC","Toulouse FC","09/09/2017 19:08:31","DAT2",585,52
859011,"ES Troyes AC","Toulouse FC","09/09/2017 19:09:25","POSSIBLE_TI",586,53
859011,"ES Troyes AC","Toulouse FC","09/09/2017 19:09:34","TI1",587,53
859011,"ES Troyes AC","Toulouse FC","09/09/2017 19:09:35","Restart",588,53
859011,"ES Troyes AC","Toulouse FC","09/09/2017 19:09:42","SAFE1",589,54
859011,"ES Troyes AC","Toulouse FC","09/09/2017 19:09:46","AT1",590,54
859011,"ES Troyes AC","Toulouse FC","09/09/2017 19:10:03","SAFE2",591,54
859011,"ES Troyes AC","Toulouse FC","09/09/2017 19:10:13","AT2",592,54
859011,"ES Troyes AC","Toulouse FC","09/09/2017 19:10:18","DANGER2",593,54
859011,"ES Troyes AC","Toulouse FC","09/09/2017 19:10:18","DAT2",594,54
859011,"ES Troyes AC","Toulouse FC","09/09/2017 19:10:25","POSSIBLE_TI",595,54
859011,"ES Troyes AC","Toulouse FC","09/09/2017 19:10:36","TI2",596,54
859011,"ES Troyes AC","Toulouse FC","09/09/2017 19:10:43","Injury Break",597,55
859011,"ES Troyes AC","Toulouse FC","09/09/2017 19:11:17","SUB1",598,55
859011,"ES Troyes AC","Toulouse FC","09/09/2017 19:11:28","Restart",599,55
859011,"ES Troyes AC","Toulouse FC","09/09/2017 19:12:05","POSSIBLE_TI",600,56
859011,"ES Troyes AC","Toulouse FC","09/09/2017 19:12:06","TI2",601,56
859011,"ES Troyes AC","Toulouse FC","09/09/2017 19:12:08","Restart",602,56
859011,"ES Troyes AC","Toulouse FC","09/09/2017 19:12:28","SAFE1",603,56
859011,"ES Troyes AC","Toulouse FC","09/09/2017 19:12:30","AT1",604,56
859011,"ES Troyes AC","Toulouse FC","09/09/2017 19:12:34","DANGER1",605,56
859011,"ES Troyes AC","Toulouse FC","09/09/2017 19:12:34","DAT1",606,56
859011,"ES Troyes AC","Toulouse FC","09/09/2017 19:12:41","SAFE2",607,57
859011,"ES Troyes AC","Toulouse FC","09/09/2017 19:12:48","AT2",608,57
859011,"ES Troyes AC","Toulouse FC","09/09/2017 19:12:53","DANGER2",609,57
859011,"ES Troyes AC","Toulouse FC","09/09/2017 19:12:53","DAT2",610,57
859011,"ES Troyes AC","Toulouse FC","09/09/2017 19:12:57","PCR2",611,57
859011,"ES Troyes AC","Toulouse FC","09/09/2017 19:13:00","NCR2",612,57
859011,"ES Troyes AC","Toulouse FC","09/09/2017 19:13:01","SAFE1",613,57
859011,"ES Troyes AC","Toulouse FC","09/09/2017 19:13:02","GK1",614,57
859011,"ES Troyes AC","Toulouse FC","09/09/2017 19:13:20","Restart",615,57
859011,"ES Troyes AC","Toulouse FC","09/09/2017 19:13:33","AT1",616,57
859011,"ES Troyes AC","Toulouse FC","09/09/2017 19:13:37","POSSIBLE_TI",617,58
859011,"ES Troyes AC","Toulouse FC","09/09/2017 19:13:42","TI1",618,58
859011,"ES Troyes AC","Toulouse FC","09/09/2017 19:13:44","Player_DATA_CONFIRMED",619,58
859011,"ES Troyes AC","Toulouse FC","09/09/2017 19:13:55","Restart",620,58
859011,"ES Troyes AC","Toulouse FC","09/09/2017 19:14:01","DANGER1",621,58
859011,"ES Troyes AC","Toulouse FC","09/09/2017 19:14:01","DAT1",622,58
859011,"ES Troyes AC","Toulouse FC","09/09/2017 19:14:09","SAFE2",623,58
859011,"ES Troyes AC","Toulouse FC","09/09/2017 19:14:17","AT2",624,58
859011,"ES Troyes AC","Toulouse FC","09/09/2017 19:14:35","DANGER2",625,58
859011,"ES Troyes AC","Toulouse FC","09/09/2017 19:14:35","DAT2",626,58
859011,"ES Troyes AC","Toulouse FC","09/09/2017 19:14:40","PCR2",627,59
859011,"ES Troyes AC","Toulouse FC","09/09/2017 19:14:58","CR2",628,59
859011,"ES Troyes AC","Toulouse FC","09/09/2017 19:15:02","Ball Position",629,59
859011,"ES Troyes AC","Toulouse FC","09/09/2017 19:15:18","Restart",630,59
859011,"ES Troyes AC","Toulouse FC","09/09/2017 19:15:23","PCR2",631,59
859011,"ES Troyes AC","Toulouse FC","09/09/2017 19:15:27","NCR2",632,59
859011,"ES Troyes AC","Toulouse FC","09/09/2017 19:15:28","Possible Free Kick",633,59
859011,"ES Troyes AC","Toulouse FC","09/09/2017 19:15:33","SAFE1",635,59
859011,"ES Troyes AC","Toulouse FC","09/09/2017 19:15:33","F2",636,59
859011,"ES Troyes AC","Toulouse FC","09/09/2017 19:15:33","FK1",637,59
859011,"ES Troyes AC","Toulouse FC","09/09/2017 19:15:33","Ball Position",638,59
859011,"ES Troyes AC","Toulouse FC","09/09/2017 19:15:38","Restart",639,60
859011,"ES Troyes AC","Toulouse FC","09/09/2017 19:15:43","AT1",640,60
859011,"ES Troyes AC","Toulouse FC","09/09/2017 19:16:04","Possible Free Kick",641,60
859011,"ES Troyes AC","Toulouse FC","09/09/2017 19:16:13","SAFE2",643,60
859011,"ES Troyes AC","Toulouse FC","09/09/2017 19:16:13","O1",644,60
859011,"ES Troyes AC","Toulouse FC","09/09/2017 19:16:13","FK2",645,60
859011,"ES Troyes AC","Toulouse FC","09/09/2017 19:16:13","Ball Position",646,60
859011,"ES Troyes AC","Toulouse FC","09/09/2017 19:16:13","Restart",647,60
859011,"ES Troyes AC","Toulouse FC","09/09/2017 19:16:25","AT2",648,60
859011,"ES Troyes AC","Toulouse FC","09/09/2017 19:16:39","DANGER2",649,61
859011,"ES Troyes AC","Toulouse FC","09/09/2017 19:16:39","DAT2",650,61
859011,"ES Troyes AC","Toulouse FC","09/09/2017 19:16:53","SAFE1",651,61
859011,"ES Troyes AC","Toulouse FC","09/09/2017 19:16:54","AT1",652,61
859011,"ES Troyes AC","Toulouse FC","09/09/2017 19:16:54","DANGER1",653,61
859011,"ES Troyes AC","Toulouse FC","09/09/2017 19:16:54","DAT1",654,61
859011,"ES Troyes AC","Toulouse FC","09/09/2017 19:17:16","SAFE2",655,61
859011,"ES Troyes AC","Toulouse FC","09/09/2017 19:17:17","AT2",656,61
859011,"ES Troyes AC","Toulouse FC","09/09/2017 19:17:17","DANGER2",657,61
859011,"ES Troyes AC","Toulouse FC","09/09/2017 19:17:17","DAT2",658,61
859011,"ES Troyes AC","Toulouse FC","09/09/2017 19:17:34","SAFE1",659,61
859011,"ES Troyes AC","Toulouse FC","09/09/2017 19:17:35","AT1",660,61
859011,"ES Troyes AC","Toulouse FC","09/09/2017 19:17:44","DANGER1",661,62
859011,"ES Troyes AC","Toulouse FC","09/09/2017 19:17:44","DAT1",662,62
859011,"ES Troyes AC","Toulouse FC","09/09/2017 19:17:58","PCR1",663,62
859011,"ES Troyes AC","Toulouse FC","09/09/2017 19:18:02","SHB1",664,62
859011,"ES Troyes AC","Toulouse FC","09/09/2017 19:18:06","NCR1",665,62
859011,"ES Troyes AC","Toulouse FC","09/09/2017 19:18:07","SAFE2",666,62
859011,"ES Troyes AC","Toulouse FC","09/09/2017 19:18:07","GK2",667,62
859011,"ES Troyes AC","Toulouse FC","09/09/2017 19:18:09","Restart",668,62
859011,"ES Troyes AC","Toulouse FC","09/09/2017 19:18:28","AT2",669,62
859011,"ES Troyes AC","Toulouse FC","09/09/2017 19:18:34","DANGER2",670,62
859011,"ES Troyes AC","Toulouse FC","09/09/2017 19:18:34","DAT2",671,62
859011,"ES Troyes AC","Toulouse FC","09/09/2017 19:18:41","SAFE1",672,63
859011,"ES Troyes AC","Toulouse FC","09/09/2017 19:18:49","AT1",673,63
859011,"ES Troyes AC","Toulouse FC","09/09/2017 19:18:49","DANGER1",674,63
859011,"ES Troyes AC","Toulouse FC","09/09/2017 19:18:49","DAT1",675,63
859011,"ES Troyes AC","Toulouse FC","09/09/2017 19:18:51","Possible Free Kick",676,63
859011,"ES Troyes AC","Toulouse FC","09/09/2017 19:19:00","SAFE2",678,63
859011,"ES Troyes AC","Toulouse FC","09/09/2017 19:19:00","O1",679,63
859011,"ES Troyes AC","Toulouse FC","09/09/2017 19:19:00","FK2",680,63
859011,"ES Troyes AC","Toulouse FC","09/09/2017 19:19:00","Ball Position",681,63
859011,"ES Troyes AC","Toulouse FC","09/09/2017 19:19:00","Restart",682,63
859011,"ES Troyes AC","Toulouse FC","09/09/2017 19:19:10","AT2",683,63
859011,"ES Troyes AC","Toulouse FC","09/09/2017 19:19:14","DANGER2",684,63
859011,"ES Troyes AC","Toulouse FC","09/09/2017 19:19:14","DAT2",685,63
859011,"ES Troyes AC","Toulouse FC","09/09/2017 19:19:30","SAFE1",686,63
859011,"ES Troyes AC","Toulouse FC","09/09/2017 19:19:34","AT1",687,63
859011,"ES Troyes AC","Toulouse FC","09/09/2017 19:19:39","DANGER1",688,64
859011,"ES Troyes AC","Toulouse FC","09/09/2017 19:19:39","DAT1",689,64
859011,"ES Troyes AC","Toulouse FC","09/09/2017 19:19:53","PCR1",690,64
859011,"ES Troyes AC","Toulouse FC","09/09/2017 19:20:08","CR1",691,64
859011,"ES Troyes AC","Toulouse FC","09/09/2017 19:20:10","Ball Position",692,64
859011,"ES Troyes AC","Toulouse FC","09/09/2017 19:20:46","Restart",693,65
859011,"ES Troyes AC","Toulouse FC","09/09/2017 19:20:56","SAFE2",694,65
859011,"ES Troyes AC","Toulouse FC","09/09/2017 19:21:05","AT2",695,65
859011,"ES Troyes AC","Toulouse FC","09/09/2017 19:21:05","DANGER2",696,65
859011,"ES Troyes AC","Toulouse FC","09/09/2017 19:21:05","DAT2",697,65
859011,"ES Troyes AC","Toulouse FC","09/09/2017 19:21:08","SAFE1",698,65
859011,"ES Troyes AC","Toulouse FC","09/09/2017 19:21:21","AT1",699,65
859011,"ES Troyes AC","Toulouse FC","09/09/2017 19:21:30","DANGER1",700,65
859011,"ES Troyes AC","Toulouse FC","09/09/2017 19:21:30","DAT1",701,65
859011,"ES Troyes AC","Toulouse FC","09/09/2017 19:21:56","POSSIBLE_TI",702,66
859011,"ES Troyes AC","Toulouse FC","09/09/2017 19:22:11","TI1",703,66
859011,"ES Troyes AC","Toulouse FC","09/09/2017 19:22:12","Restart",704,66
859011,"ES Troyes AC","Toulouse FC","09/09/2017 19:22:45","Possible Free Kick",705,67
859011,"ES Troyes AC","Toulouse FC","09/09/2017 19:23:02","SAFE2",707,67
859011,"ES Troyes AC","Toulouse FC","09/09/2017 19:23:02","F1",708,67
859011,"ES Troyes AC","Toulouse FC","09/09/2017 19:23:02","FK2",709,67
859011,"ES Troyes AC","Toulouse FC","09/09/2017 19:23:02","Ball Position",710,67
859011,"ES Troyes AC","Toulouse FC","09/09/2017 19:23:25","SUB2",711,67
859011,"ES Troyes AC","Toulouse FC","09/09/2017 19:23:44","Restart",712,68
859011,"ES Troyes AC","Toulouse FC","09/09/2017 19:23:50","Player_DATA_CONFIRMED",713,68
859011,"ES Troyes AC","Toulouse FC","09/09/2017 19:24:05","Possible Free Kick",714,68
859011,"ES Troyes AC","Toulouse FC","09/09/2017 19:24:10","O1",716,68
859011,"ES Troyes AC","Toulouse FC","09/09/2017 19:24:10","FK2",717,68
859011,"ES Troyes AC","Toulouse FC","09/09/2017 19:24:10","Ball Position",718,68
859011,"ES Troyes AC","Toulouse FC","09/09/2017 19:24:19","Restart",719,68
859011,"ES Troyes AC","Toulouse FC","09/09/2017 19:24:23","SAFE1",720,68
859011,"ES Troyes AC","Toulouse FC","09/09/2017 19:24:25","Possible Free Kick",721,68
859011,"ES Troyes AC","Toulouse FC","09/09/2017 19:24:27","POSSIBLE_CARDS",723,68
859011,"ES Troyes AC","Toulouse FC","09/09/2017 19:24:42","NO_Cards",724,69
859011,"ES Troyes AC","Toulouse FC","09/09/2017 19:24:44","F2",725,69
859011,"ES Troyes AC","Toulouse FC","09/09/2017 19:24:44","FK1",726,69
859011,"ES Troyes AC","Toulouse FC","09/09/2017 19:24:44","DANGER1",727,69
859011,"ES Troyes AC","Toulouse FC","09/09/2017 19:24:44","DFK1",728,69
859011,"ES Troyes AC","Toulouse FC","09/09/2017 19:24:44","Ball Position",729,69
859011,"ES Troyes AC","Toulouse FC","09/09/2017 19:24:49","Restart",730,69
859011,"ES Troyes AC","Toulouse FC","09/09/2017 19:24:56","PCR1",731,69
859011,"ES Troyes AC","Toulouse FC","09/09/2017 19:25:02","SHB1",732,69
859011,"ES Troyes AC","Toulouse FC","09/09/2017 19:25:03","CR1",733,69
859011,"ES Troyes AC","Toulouse FC","09/09/2017 19:25:08","Ball Position",734,69
859011,"ES Troyes AC","Toulouse FC","09/09/2017 19:25:18","Restart",735,69
859011,"ES Troyes AC","Toulouse FC","09/09/2017 19:25:38","POSSIBLE_TI",736,70
859011,"ES Troyes AC","Toulouse FC","09/09/2017 19:25:40","TI1",737,70
859011,"ES Troyes AC","Toulouse FC","09/09/2017 19:25:42","Restart",738,70
859011,"ES Troyes AC","Toulouse FC","09/09/2017 19:26:13","SAFE1",739,70
859011,"ES Troyes AC","Toulouse FC","09/09/2017 19:26:22","AT1",740,70
859011,"ES Troyes AC","Toulouse FC","09/09/2017 19:26:24","SAFE2",741,70
859011,"ES Troyes AC","Toulouse FC","09/09/2017 19:26:26","AT2",742,70
859011,"ES Troyes AC","Toulouse FC","09/09/2017 19:26:28","DANGER2",743,70
859011,"ES Troyes AC","Toulouse FC","09/09/2017 19:26:28","DAT2",744,70
859011,"ES Troyes AC","Toulouse FC","09/09/2017 19:26:32","POSSIBLE_TI",745,70
859011,"ES Troyes AC","Toulouse FC","09/09/2017 19:26:32","TI1",746,70
859011,"ES Troyes AC","Toulouse FC","09/09/2017 19:26:54","Restart",747,71
859011,"ES Troyes AC","Toulouse FC","09/09/2017 19:26:58","Possible Free Kick",748,71
859011,"ES Troyes AC","Toulouse FC","09/09/2017 19:27:15","F1",750,71
859011,"ES Troyes AC","Toulouse FC","09/09/2017 19:27:15","FK2",751,71
859011,"ES Troyes AC","Toulouse FC","09/09/2017 19:27:15","DFK2",752,71
859011,"ES Troyes AC","Toulouse FC","09/09/2017 19:27:15","Ball Position",753,71
859011,"ES Troyes AC","Toulouse FC","09/09/2017 19:27:20","Restart",754,71
859011,"ES Troyes AC","Toulouse FC","09/09/2017 19:27:32","SHG2",755,71
859011,"ES Troyes AC","Toulouse FC","09/09/2017 19:27:34","SAFE1",756,71
859011,"ES Troyes AC","Toulouse FC","09/09/2017 19:27:34","AT1",757,71
859011,"ES Troyes AC","Toulouse FC","09/09/2017 19:27:35","DANGER1",758,71
859011,"ES Troyes AC","Toulouse FC","09/09/2017 19:27:35","DAT1",759,71
859011,"ES Troyes AC","Toulouse FC","09/09/2017 19:27:42","PCR1",760,72
859011,"ES Troyes AC","Toulouse FC","09/09/2017 19:27:44","SHB1",761,72
859011,"ES Troyes AC","Toulouse FC","09/09/2017 19:27:50","NCR1",762,72
859011,"ES Troyes AC","Toulouse FC","09/09/2017 19:27:51","SAFE2",763,72
859011,"ES Troyes AC","Toulouse FC","09/09/2017 19:27:52","GK2",764,72
859011,"ES Troyes AC","Toulouse FC","09/09/2017 19:28:09","Restart",765,72
859011,"ES Troyes AC","Toulouse FC","09/09/2017 19:28:11","AT2",766,72
859011,"ES Troyes AC","Toulouse FC","09/09/2017 19:28:44","DANGER2",767,73
859011,"ES Troyes AC","Toulouse FC","09/09/2017 19:28:44","DAT2",768,73
859011,"ES Troyes AC","Toulouse FC","09/09/2017 19:28:52","SAFE1",769,73
859011,"ES Troyes AC","Toulouse FC","09/09/2017 19:28:53","AT1",770,73
859011,"ES Troyes AC","Toulouse FC","09/09/2017 19:28:57","Possible Free Kick",771,73
859011,"ES Troyes AC","Toulouse FC","09/09/2017 19:29:00","POSSIBLE_CARDS",773,73
859011,"ES Troyes AC","Toulouse FC","09/09/2017 19:29:09","NO_Cards",774,73
859011,"ES Troyes AC","Toulouse FC","09/09/2017 19:29:10","SAFE2",775,73
859011,"ES Troyes AC","Toulouse FC","09/09/2017 19:29:10","F1",776,73
859011,"ES Troyes AC","Toulouse FC","09/09/2017 19:29:10","FK2",777,73
859011,"ES Troyes AC","Toulouse FC","09/09/2017 19:29:10","Ball Position",778,73
859011,"ES Troyes AC","Toulouse FC","09/09/2017 19:29:11","Restart",779,73
859011,"ES Troyes AC","Toulouse FC","09/09/2017 19:29:15","AT2",780,73
859011,"ES Troyes AC","Toulouse FC","09/09/2017 19:29:19","POSSIBLE_TI",781,73
859011,"ES Troyes AC","Toulouse FC","09/09/2017 19:29:20","TI1",782,73
859011,"ES Troyes AC","Toulouse FC","09/09/2017 19:29:44","Restart",783,74
859011,"ES Troyes AC","Toulouse FC","09/09/2017 19:29:47","POSSIBLE_TI",784,74
859011,"ES Troyes AC","Toulouse FC","09/09/2017 19:29:49","TI2",785,74
859011,"ES Troyes AC","Toulouse FC","09/09/2017 19:29:52","Restart",786,74
859011,"ES Troyes AC","Toulouse FC","09/09/2017 19:29:57","SAFE2",787,74
859011,"ES Troyes AC","Toulouse FC","09/09/2017 19:29:58","AT2",788,74
859011,"ES Troyes AC","Toulouse FC","09/09/2017 19:30:15","DANGER2",789,74
859011,"ES Troyes AC","Toulouse FC","09/09/2017 19:30:15","DAT2",790,74
859011,"ES Troyes AC","Toulouse FC","09/09/2017 19:30:29","SAFE1",791,74
859011,"ES Troyes AC","Toulouse FC","09/09/2017 19:30:36","AT1",792,74
859011,"ES Troyes AC","Toulouse FC","09/09/2017 19:30:38","SAFE2",793,75
859011,"ES Troyes AC","Toulouse FC","09/09/2017 19:30:48","AT2",794,75
859011,"ES Troyes AC","Toulouse FC","09/09/2017 19:31:07","DANGER2",795,75
859011,"ES Troyes AC","Toulouse FC","09/09/2017 19:31:07","DAT2",796,75
859011,"ES Troyes AC","Toulouse FC","09/09/2017 19:31:20","PCR2",797,75
859011,"ES Troyes AC","Toulouse FC","09/09/2017 19:31:26","SHB2",798,75
859011,"ES Troyes AC","Toulouse FC","09/09/2017 19:31:27","NCR2",799,75
859011,"ES Troyes AC","Toulouse FC","09/09/2017 19:31:28","SAFE1",800,75
859011,"ES Troyes AC","Toulouse FC","09/09/2017 19:31:29","GK1",801,75
859011,"ES Troyes AC","Toulouse FC","09/09/2017 19:31:43","SUB2",802,76
859011,"ES Troyes AC","Toulouse FC","09/09/2017 19:31:56","Restart",803,76
859011,"ES Troyes AC","Toulouse FC","09/09/2017 19:32:01","AT1",804,76
859011,"ES Troyes AC","Toulouse FC","09/09/2017 19:32:06","DANGER1",805,76
859011,"ES Troyes AC","Toulouse FC","09/09/2017 19:32:06","DAT1",806,76
859011,"ES Troyes AC","Toulouse FC","09/09/2017 19:32:09","PCR1",807,76
859011,"ES Troyes AC","Toulouse FC","09/09/2017 19:32:15","SHB1",808,76
859011,"ES Troyes AC","Toulouse FC","09/09/2017 19:32:16","NCR1",809,76
859011,"ES Troyes AC","Toulouse FC","09/09/2017 19:32:17","SAFE2",810,76
859011,"ES Troyes AC","Toulouse FC","09/09/2017 19:32:18","GK2",811,76
859011,"ES Troyes AC","Toulouse FC","09/09/2017 19:32:18","Restart",812,76
859011,"ES Troyes AC","Toulouse FC","09/09/2017 19:32:34","AT2",813,76
859011,"ES Troyes AC","Toulouse FC","09/09/2017 19:32:35","DANGER2",814,76
859011,"ES Troyes AC","Toulouse FC","09/09/2017 19:32:35","DAT2",815,76
859011,"ES Troyes AC","Toulouse FC","09/09/2017 19:32:42","SAFE1",816,77
859011,"ES Troyes AC","Toulouse FC","09/09/2017 19:32:53","AT1",817,77
859011,"ES Troyes AC","Toulouse FC","09/09/2017 19:33:10","DANGER1",818,77
859011,"ES Troyes AC","Toulouse FC","09/09/2017 19:33:10","DAT1",819,77
859011,"ES Troyes AC","Toulouse FC","09/09/2017 19:33:20","SAFE2",820,77
859011,"ES Troyes AC","Toulouse FC","09/09/2017 19:33:21","Player_DATA_CONFIRMED",821,77
859011,"ES Troyes AC","Toulouse FC","09/09/2017 19:33:21","AT2",822,77
859011,"ES Troyes AC","Toulouse FC","09/09/2017 19:33:38","DANGER2",823,78
859011,"ES Troyes AC","Toulouse FC","09/09/2017 19:33:38","DAT2",824,78
859011,"ES Troyes AC","Toulouse FC","09/09/2017 19:34:32","SAFE1",825,78
859011,"ES Troyes AC","Toulouse FC","09/09/2017 19:34:32","AT1",826,78
859011,"ES Troyes AC","Toulouse FC","09/09/2017 19:34:37","SAFE2",827,79
859011,"ES Troyes AC","Toulouse FC","09/09/2017 19:34:40","AT2",828,79
859011,"ES Troyes AC","Toulouse FC","09/09/2017 19:34:45","DANGER2",829,79
859011,"ES Troyes AC","Toulouse FC","09/09/2017 19:34:45","DAT2",830,79
859011,"ES Troyes AC","Toulouse FC","09/09/2017 19:34:59","SAFE1",831,79
859011,"ES Troyes AC","Toulouse FC","09/09/2017 19:35:00","AT1",832,79
859011,"ES Troyes AC","Toulouse FC","09/09/2017 19:35:08","DANGER1",833,79
859011,"ES Troyes AC","Toulouse FC","09/09/2017 19:35:08","DAT1",834,79
859011,"ES Troyes AC","Toulouse FC","09/09/2017 19:35:19","SAFE2",835,79
859011,"ES Troyes AC","Toulouse FC","09/09/2017 19:35:20","AT2",836,79
859011,"ES Troyes AC","Toulouse FC","09/09/2017 19:35:20","DANGER2",837,79
859011,"ES Troyes AC","Toulouse FC","09/09/2017 19:35:20","DAT2",838,79
859011,"ES Troyes AC","Toulouse FC","09/09/2017 19:35:25","PCR2",839,79
859011,"ES Troyes AC","Toulouse FC","09/09/2017 19:35:27","SHB2",840,79
859011,"ES Troyes AC","Toulouse FC","09/09/2017 19:35:36","NCR2",841,79
859011,"ES Troyes AC","Toulouse FC","09/09/2017 19:35:36","SAFE1",842,80
859011,"ES Troyes AC","Toulouse FC","09/09/2017 19:35:37","GK1",843,80
859011,"ES Troyes AC","Toulouse FC","09/09/2017 19:35:53","Restart",844,80
859011,"ES Troyes AC","Toulouse FC","09/09/2017 19:35:58","AT1",845,80
859011,"ES Troyes AC","Toulouse FC","09/09/2017 19:36:03","SAFE2",846,80
859011,"ES Troyes AC","Toulouse FC","09/09/2017 19:36:05","AT2",847,80
859011,"ES Troyes AC","Toulouse FC","09/09/2017 19:36:06","SAFE1",848,80
859011,"ES Troyes AC","Toulouse FC","09/09/2017 19:36:35","AT1",849,80
859011,"ES Troyes AC","Toulouse FC","09/09/2017 19:36:41","SAFE2",850,81
859011,"ES Troyes AC","Toulouse FC","09/09/2017 19:36:45","AT2",851,81
859011,"ES Troyes AC","Toulouse FC","09/09/2017 19:37:03","DANGER2",852,81
859011,"ES Troyes AC","Toulouse FC","09/09/2017 19:37:03","DAT2",853,81
859011,"ES Troyes AC","Toulouse FC","09/09/2017 19:37:15","Possible Free Kick",854,81
859011,"ES Troyes AC","Toulouse FC","09/09/2017 19:37:16","POSSIBLE_CARDS",856,81
859011,"ES Troyes AC","Toulouse FC","09/09/2017 19:37:39","NO_Cards",857,82
859011,"ES Troyes AC","Toulouse FC","09/09/2017 19:37:42","SAFE1",858,82
859011,"ES Troyes AC","Toulouse FC","09/09/2017 19:37:42","F2",859,82
859011,"ES Troyes AC","Toulouse FC","09/09/2017 19:37:42","FK1",860,82
859011,"ES Troyes AC","Toulouse FC","09/09/2017 19:37:42","Ball Position",861,82
859011,"ES Troyes AC","Toulouse FC","09/09/2017 19:37:48","Restart",862,82
859011,"ES Troyes AC","Toulouse FC","09/09/2017 19:37:49","AT1",863,82
859011,"ES Troyes AC","Toulouse FC","09/09/2017 19:37:55","POSSIBLE_TI",864,82
859011,"ES Troyes AC","Toulouse FC","09/09/2017 19:38:03","TI1",865,82
859011,"ES Troyes AC","Toulouse FC","09/09/2017 19:38:34","SUB1",866,82
859011,"ES Troyes AC","Toulouse FC","09/09/2017 19:38:52","Restart",867,83
859011,"ES Troyes AC","Toulouse FC","09/09/2017 19:38:55","DANGER1",868,83
859011,"ES Troyes AC","Toulouse FC","09/09/2017 19:38:55","DAT1",869,83
859011,"ES Troyes AC","Toulouse FC","09/09/2017 19:39:20","Player_DATA_CONFIRMED",870,83
859011,"ES Troyes AC","Toulouse FC","09/09/2017 19:39:37","SAFE2",871,84
859011,"ES Troyes AC","Toulouse FC","09/09/2017 19:39:39","Possible Free Kick",872,84
859011,"ES Troyes AC","Toulouse FC","09/09/2017 19:39:46","F1",874,84
859011,"ES Troyes AC","Toulouse FC","09/09/2017 19:39:46","FK2",875,84
859011,"ES Troyes AC","Toulouse FC","09/09/2017 19:39:46","Ball Position",876,84
859011,"ES Troyes AC","Toulouse FC","09/09/2017 19:40:00","SUB2",877,84
859011,"ES Troyes AC","Toulouse FC","09/09/2017 19:40:07","Restart",878,84
859011,"ES Troyes AC","Toulouse FC","09/09/2017 19:40:18","AT2",879,84
859011,"ES Troyes AC","Toulouse FC","09/09/2017 19:40:20","DANGER2",880,84
859011,"ES Troyes AC","Toulouse FC","09/09/2017 19:40:20","DAT2",881,84
859011,"ES Troyes AC","Toulouse FC","09/09/2017 19:40:30","SHG2",882,84
859011,"ES Troyes AC","Toulouse FC","09/09/2017 19:40:36","SAFE1",883,84
859011,"ES Troyes AC","Toulouse FC","09/09/2017 19:40:37","AT1",884,85
859011,"ES Troyes AC","Toulouse FC","09/09/2017 19:40:45","Player_DATA_CONFIRMED",885,85
859011,"ES Troyes AC","Toulouse FC","09/09/2017 19:40:47","DANGER1",886,85
859011,"ES Troyes AC","Toulouse FC","09/09/2017 19:40:47","DAT1",887,85
859011,"ES Troyes AC","Toulouse FC","09/09/2017 19:40:52","Possible Free Kick",888,85
859011,"ES Troyes AC","Toulouse FC","09/09/2017 19:41:15","SAFE2",890,85
859011,"ES Troyes AC","Toulouse FC","09/09/2017 19:41:15","F1",891,85
859011,"ES Troyes AC","Toulouse FC","09/09/2017 19:41:15","FK2",892,85
859011,"ES Troyes AC","Toulouse FC","09/09/2017 19:41:15","Ball Position",893,85
859011,"ES Troyes AC","Toulouse FC","09/09/2017 19:41:18","Restart",894,85
859011,"ES Troyes AC","Toulouse FC","09/09/2017 19:41:20","AT2",895,85
859011,"ES Troyes AC","Toulouse FC","09/09/2017 19:41:34","POSSIBLE_TI",896,85
859011,"ES Troyes AC","Toulouse FC","09/09/2017 19:41:40","TI1",897,86
859011,"ES Troyes AC","Toulouse FC","09/09/2017 19:41:43","Restart",898,86
859011,"ES Troyes AC","Toulouse FC","09/09/2017 19:41:50","POSSIBLE_TI",899,86
859011,"ES Troyes AC","Toulouse FC","09/09/2017 19:41:51","TI2",900,86
859011,"ES Troyes AC","Toulouse FC","09/09/2017 19:41:57","Restart",901,86
859011,"ES Troyes AC","Toulouse FC","09/09/2017 19:42:01","SAFE2",902,86
859011,"ES Troyes AC","Toulouse FC","09/09/2017 19:42:38","AT2",903,87
859011,"ES Troyes AC","Toulouse FC","09/09/2017 19:42:48","SAFE1",904,87
859011,"ES Troyes AC","Toulouse FC","09/09/2017 19:42:50","AT1",905,87
859011,"ES Troyes AC","Toulouse FC","09/09/2017 19:42:57","Possible Free Kick",906,87
859011,"ES Troyes AC","Toulouse FC","09/09/2017 19:43:13","F2",908,87
859011,"ES Troyes AC","Toulouse FC","09/09/2017 19:43:13","FK1",909,87
859011,"ES Troyes AC","Toulouse FC","09/09/2017 19:43:14","DANGER1",910,87
859011,"ES Troyes AC","Toulouse FC","09/09/2017 19:43:14","DFK1",911,87
859011,"ES Troyes AC","Toulouse FC","09/09/2017 19:43:14","Ball Position",912,87
859011,"ES Troyes AC","Toulouse FC","09/09/2017 19:43:52","Restart",913,88
859011,"ES Troyes AC","Toulouse FC","09/09/2017 19:43:57","SHG1",914,88
859011,"ES Troyes AC","Toulouse FC","09/09/2017 19:43:59","SAFE2",915,88
859011,"ES Troyes AC","Toulouse FC","09/09/2017 19:44:03","AT2",916,88
859011,"ES Troyes AC","Toulouse FC","09/09/2017 19:44:04","DANGER2",917,88
859011,"ES Troyes AC","Toulouse FC","09/09/2017 19:44:04","DAT2",918,88
859011,"ES Troyes AC","Toulouse FC","09/09/2017 19:44:31","SAFE1",919,88
859011,"ES Troyes AC","Toulouse FC","09/09/2017 19:44:40","AT1",920,89
859011,"ES Troyes AC","Toulouse FC","09/09/2017 19:44:41","DANGER1",921,89
859011,"ES Troyes AC","Toulouse FC","09/09/2017 19:44:41","DAT1",922,89
859011,"ES Troyes AC","Toulouse FC","09/09/2017 19:45:12","SAFE2",923,89
859011,"ES Troyes AC","Toulouse FC","09/09/2017 19:45:14","AT2",924,89
859011,"ES Troyes AC","Toulouse FC","09/09/2017 19:45:16","DANGER2",925,89
859011,"ES Troyes AC","Toulouse FC","09/09/2017 19:45:16","DAT2",926,89
859011,"ES Troyes AC","Toulouse FC","09/09/2017 19:45:38","PCR2",927,90
859011,"ES Troyes AC","Toulouse FC","09/09/2017 19:45:46","SHB2",928,90
859011,"ES Troyes AC","Toulouse FC","09/09/2017 19:45:48","NCR2",929,90
859011,"ES Troyes AC","Toulouse FC","09/09/2017 19:45:48","SAFE1",930,90
859011,"ES Troyes AC","Toulouse FC","09/09/2017 19:45:51","GK1",931,90
859011,"ES Troyes AC","Toulouse FC","09/09/2017 19:45:59","Restart",932,90
859011,"ES Troyes AC","Toulouse FC","09/09/2017 19:46:01","AT1",933,90
859011,"ES Troyes AC","Toulouse FC","09/09/2017 19:46:11","DANGER1",934,90
859011,"ES Troyes AC","Toulouse FC","09/09/2017 19:46:11","DAT1",935,90
859011,"ES Troyes AC","Toulouse FC","09/09/2017 19:46:18","Possible Free Kick",936,90
859011,"ES Troyes AC","Toulouse FC","09/09/2017 19:46:23","SAFE2",938,90
859011,"ES Troyes AC","Toulouse FC","09/09/2017 19:46:23","F1",939,90
859011,"ES Troyes AC","Toulouse FC","09/09/2017 19:46:23","FK2",940,90
859011,"ES Troyes AC","Toulouse FC","09/09/2017 19:46:23","Ball Position",941,90
859011,"ES Troyes AC","Toulouse FC","09/09/2017 19:46:30","Extra Time",942,90
859011,"ES Troyes AC","Toulouse FC","09/09/2017 19:46:40","Restart",943,91
859011,"ES Troyes AC","Toulouse FC","09/09/2017 19:46:41","AT2",944,91
859011,"ES Troyes AC","Toulouse FC","09/09/2017 19:46:47","SAFE1",945,91
859011,"ES Troyes AC","Toulouse FC","09/09/2017 19:46:48","AT1",946,91
859011,"ES Troyes AC","Toulouse FC","09/09/2017 19:46:56","SAFE2",947,91
859011,"ES Troyes AC","Toulouse FC","09/09/2017 19:46:57","AT2",948,91
859011,"ES Troyes AC","Toulouse FC","09/09/2017 19:47:01","Possible Free Kick",949,91
859011,"ES Troyes AC","Toulouse FC","09/09/2017 19:47:16","F1",951,91
859011,"ES Troyes AC","Toulouse FC","09/09/2017 19:47:16","FK2",952,91
859011,"ES Troyes AC","Toulouse FC","09/09/2017 19:47:16","DANGER2",953,91
859011,"ES Troyes AC","Toulouse FC","09/09/2017 19:47:16","DFK2",954,91
859011,"ES Troyes AC","Toulouse FC","09/09/2017 19:47:16","Ball Position",955,91
859011,"ES Troyes AC","Toulouse FC","09/09/2017 19:47:32","Restart",956,91
859011,"ES Troyes AC","Toulouse FC","09/09/2017 19:47:37","POSSIBLE_TI",957,92
859011,"ES Troyes AC","Toulouse FC","09/09/2017 19:47:39","TI2",958,92
859011,"ES Troyes AC","Toulouse FC","09/09/2017 19:47:53","Restart",959,92
859011,"ES Troyes AC","Toulouse FC","09/09/2017 19:48:05","SAFE1",960,92
859011,"ES Troyes AC","Toulouse FC","09/09/2017 19:48:06","AT1",961,92
859011,"ES Troyes AC","Toulouse FC","09/09/2017 19:48:08","POSSIBLE_TI",962,92
859011,"ES Troyes AC","Toulouse FC","09/09/2017 19:48:12","TI2",963,92
859011,"ES Troyes AC","Toulouse FC","09/09/2017 19:48:14","Restart",964,92
859011,"ES Troyes AC","Toulouse FC","09/09/2017 19:48:22","SAFE2",965,92
859011,"ES Troyes AC","Toulouse FC","09/09/2017 19:48:23","AT2",966,92
859011,"ES Troyes AC","Toulouse FC","09/09/2017 19:48:27","POSSIBLE_TI",967,92
859011,"ES Troyes AC","Toulouse FC","09/09/2017 19:48:36","TI1",968,93
859011,"ES Troyes AC","Toulouse FC","09/09/2017 19:48:47","CLS",969,93
859011,"ES Troyes AC","Toulouse FC","09/09/2017 19:48:51","NO_TI",970,93
859011,"ES Troyes AC","Toulouse FC","09/09/2017 19:48:53","Referee Ball",971,93
859011,"ES Troyes AC","Toulouse FC","09/09/2017 19:48:54","Restart",972,93
859011,"ES Troyes AC","Toulouse FC","09/09/2017 19:48:57","DANGER2",973,93
859011,"ES Troyes AC","Toulouse FC","09/09/2017 19:48:57","DAT2",974,93
859011,"ES Troyes AC","Toulouse FC","09/09/2017 19:49:11","PCR2",975,93
859011,"ES Troyes AC","Toulouse FC","09/09/2017 19:49:18","NCR2",976,93
859011,"ES Troyes AC","Toulouse FC","09/09/2017 19:49:18","SAFE1",977,93
859011,"ES Troyes AC","Toulouse FC","09/09/2017 19:49:19","GK1",978,93
859011,"ES Troyes AC","Toulouse FC","09/09/2017 19:49:30","Restart",979,93
859011,"ES Troyes AC","Toulouse FC","09/09/2017 19:49:31","AT1",980,93
859011,"ES Troyes AC","Toulouse FC","09/09/2017 19:49:36","Stop RT2",981,93
859011,"ES Troyes AC","Toulouse FC","09/09/2017 19:49:36","Stop Game",982,93
859011,"ES Troyes AC","Toulouse FC","09/09/2017 19:49:43","CONF_PERIOD_SCORE",983,93
