"RBallID","HomeTeam","AwayTeam","Timestamp","Incident","IncidentNumber","Minute"
1022531,"SM Caen","Amiens SC","09/29/2018 16:58:49","Transmission Online",0,0
1022531,"SM Caen","Amiens SC","09/29/2018 16:58:59","GCC",1,0
1022531,"SM Caen","Amiens SC","09/29/2018 17:10:33","Lineup changed",2,0
1022531,"SM Caen","Amiens SC","09/29/2018 17:11:13","Scout in Stadion",3,0
1022531,"SM Caen","Amiens SC","09/29/2018 17:38:12","GCC",4,0
1022531,"SM Caen","Amiens SC","09/29/2018 17:57:08","Jersey Changed",5,0
1022531,"SM Caen","Amiens SC","09/29/2018 17:57:09","Jersey Changed",6,0
1022531,"SM Caen","Amiens SC","09/29/2018 17:57:09","Players are coming out",7,0
1022531,"SM Caen","Amiens SC","09/29/2018 17:57:17","Players lined up",8,0
1022531,"SM Caen","Amiens SC","09/29/2018 17:57:44","Shake hands",9,0
1022531,"SM Caen","Amiens SC","09/29/2018 17:58:24","Flip coin",10,0
1022531,"SM Caen","Amiens SC","09/29/2018 17:59:38","Game about to start",11,0
1022531,"SM Caen","Amiens SC","09/29/2018 18:00:08","Start RT1 Team 1",12,1
1022531,"SM Caen","Amiens SC","09/29/2018 18:00:10","SAFE1",13,1
1022531,"SM Caen","Amiens SC","09/29/2018 18:00:10","AT1",14,1
1022531,"SM Caen","Amiens SC","09/29/2018 18:00:13","DANGER1",15,1
1022531,"SM Caen","Amiens SC","09/29/2018 18:00:13","DAT1",16,1
1022531,"SM Caen","Amiens SC","09/29/2018 18:00:19","SAFE2",17,1
1022531,"SM Caen","Amiens SC","09/29/2018 18:00:32","AT2",18,1
1022531,"SM Caen","Amiens SC","09/29/2018 18:00:39","DANGER2",19,1
1022531,"SM Caen","Amiens SC","09/29/2018 18:00:39","DAT2",20,1
1022531,"SM Caen","Amiens SC","09/29/2018 18:00:41","SAFE1",21,1
1022531,"SM Caen","Amiens SC","09/29/2018 18:00:42","Possible Free Kick",22,1
1022531,"SM Caen","Amiens SC","09/29/2018 18:00:45","O2",24,1
1022531,"SM Caen","Amiens SC","09/29/2018 18:00:45","FK1",25,1
1022531,"SM Caen","Amiens SC","09/29/2018 18:00:45","Ball Position",26,1
1022531,"SM Caen","Amiens SC","09/29/2018 18:01:02","Restart",27,1
1022531,"SM Caen","Amiens SC","09/29/2018 18:01:06","SAFE2",28,1
1022531,"SM Caen","Amiens SC","09/29/2018 18:01:06","Possible Free Kick",29,1
1022531,"SM Caen","Amiens SC","09/29/2018 18:01:08","F1",31,1
1022531,"SM Caen","Amiens SC","09/29/2018 18:01:08","FK2",32,1
1022531,"SM Caen","Amiens SC","09/29/2018 18:01:08","Ball Position",33,1
1022531,"SM Caen","Amiens SC","09/29/2018 18:01:14","Restart",34,2
1022531,"SM Caen","Amiens SC","09/29/2018 18:01:20","AT2",35,2
1022531,"SM Caen","Amiens SC","09/29/2018 18:01:28","SAFE1",36,2
1022531,"SM Caen","Amiens SC","09/29/2018 18:01:28","AT1",37,2
1022531,"SM Caen","Amiens SC","09/29/2018 18:01:30","SAFE2",38,2
1022531,"SM Caen","Amiens SC","09/29/2018 18:01:45","AT2",39,2
1022531,"SM Caen","Amiens SC","09/29/2018 18:01:55","SAFE1",40,2
1022531,"SM Caen","Amiens SC","09/29/2018 18:01:57","AT1",41,2
1022531,"SM Caen","Amiens SC","09/29/2018 18:02:02","SAFE2",42,2
1022531,"SM Caen","Amiens SC","09/29/2018 18:02:04","SAFE1",43,2
1022531,"SM Caen","Amiens SC","09/29/2018 18:02:05","POSSIBLE_TI",44,2
1022531,"SM Caen","Amiens SC","09/29/2018 18:02:06","TI1",45,2
1022531,"SM Caen","Amiens SC","09/29/2018 18:02:20","Restart",46,3
1022531,"SM Caen","Amiens SC","09/29/2018 18:02:28","SAFE2",47,3
1022531,"SM Caen","Amiens SC","09/29/2018 18:02:28","POSSIBLE_TI",48,3
1022531,"SM Caen","Amiens SC","09/29/2018 18:02:29","TI2",49,3
1022531,"SM Caen","Amiens SC","09/29/2018 18:02:37","Restart",50,3
1022531,"SM Caen","Amiens SC","09/29/2018 18:02:39","AT2",51,3
1022531,"SM Caen","Amiens SC","09/29/2018 18:02:42","POSSIBLE_TI",52,3
1022531,"SM Caen","Amiens SC","09/29/2018 18:02:46","TI2",53,3
1022531,"SM Caen","Amiens SC","09/29/2018 18:02:47","Restart",54,3
1022531,"SM Caen","Amiens SC","09/29/2018 18:03:05","SAFE2",55,3
1022531,"SM Caen","Amiens SC","09/29/2018 18:03:16","AT2",56,4
1022531,"SM Caen","Amiens SC","09/29/2018 18:03:21","POSSIBLE_TI",57,4
1022531,"SM Caen","Amiens SC","09/29/2018 18:03:22","TI2",58,4
1022531,"SM Caen","Amiens SC","09/29/2018 18:03:29","Restart",59,4
1022531,"SM Caen","Amiens SC","09/29/2018 18:03:46","SAFE2",60,4
1022531,"SM Caen","Amiens SC","09/29/2018 18:04:12","AT2",61,5
1022531,"SM Caen","Amiens SC","09/29/2018 18:04:17","DANGER2",62,5
1022531,"SM Caen","Amiens SC","09/29/2018 18:04:17","DAT2",63,5
1022531,"SM Caen","Amiens SC","09/29/2018 18:04:56","SAFE1",64,5
1022531,"SM Caen","Amiens SC","09/29/2018 18:05:25","SAFE2",65,6
1022531,"SM Caen","Amiens SC","09/29/2018 18:05:25","POSSIBLE_TI",66,6
1022531,"SM Caen","Amiens SC","09/29/2018 18:05:26","TI2",67,6
1022531,"SM Caen","Amiens SC","09/29/2018 18:05:49","Restart",68,6
1022531,"SM Caen","Amiens SC","09/29/2018 18:05:56","SAFE1",69,6
1022531,"SM Caen","Amiens SC","09/29/2018 18:05:57","AT1",70,6
1022531,"SM Caen","Amiens SC","09/29/2018 18:06:04","POSSIBLE_TI",71,6
1022531,"SM Caen","Amiens SC","09/29/2018 18:06:05","TI1",72,6
1022531,"SM Caen","Amiens SC","09/29/2018 18:06:12","DANGER1",73,7
1022531,"SM Caen","Amiens SC","09/29/2018 18:06:12","DAT1",74,7
1022531,"SM Caen","Amiens SC","09/29/2018 18:06:20","Restart",75,7
1022531,"SM Caen","Amiens SC","09/29/2018 18:06:35","SAFE2",76,7
1022531,"SM Caen","Amiens SC","09/29/2018 18:06:37","AT2",77,7
1022531,"SM Caen","Amiens SC","09/29/2018 18:06:41","DANGER2",78,7
1022531,"SM Caen","Amiens SC","09/29/2018 18:06:41","DAT2",79,7
1022531,"SM Caen","Amiens SC","09/29/2018 18:06:50","SAFE1",80,7
1022531,"SM Caen","Amiens SC","09/29/2018 18:06:50","AT1",81,7
1022531,"SM Caen","Amiens SC","09/29/2018 18:06:54","DANGER1",82,7
1022531,"SM Caen","Amiens SC","09/29/2018 18:06:54","DAT1",83,7
1022531,"SM Caen","Amiens SC","09/29/2018 18:07:07","SAFE2",84,7
1022531,"SM Caen","Amiens SC","09/29/2018 18:07:08","Possible Free Kick",85,7
1022531,"SM Caen","Amiens SC","09/29/2018 18:07:11","O1",87,8
1022531,"SM Caen","Amiens SC","09/29/2018 18:07:11","FK2",88,8
1022531,"SM Caen","Amiens SC","09/29/2018 18:07:11","Ball Position",89,8
1022531,"SM Caen","Amiens SC","09/29/2018 18:07:36","Restart",90,8
1022531,"SM Caen","Amiens SC","09/29/2018 18:07:47","SAFE1",91,8
1022531,"SM Caen","Amiens SC","09/29/2018 18:07:51","AT1",92,8
1022531,"SM Caen","Amiens SC","09/29/2018 18:08:00","SAFE1",93,8
1022531,"SM Caen","Amiens SC","09/29/2018 18:08:09","AT1",94,9
1022531,"SM Caen","Amiens SC","09/29/2018 18:08:25","SAFE2",95,9
1022531,"SM Caen","Amiens SC","09/29/2018 18:08:28","AT2",96,9
1022531,"SM Caen","Amiens SC","09/29/2018 18:08:34","DANGER2",97,9
1022531,"SM Caen","Amiens SC","09/29/2018 18:08:34","DAT2",98,9
1022531,"SM Caen","Amiens SC","09/29/2018 18:08:55","SAFE1",99,9
1022531,"SM Caen","Amiens SC","09/29/2018 18:09:12","AT1",100,10
1022531,"SM Caen","Amiens SC","09/29/2018 18:09:18","DANGER1",101,10
1022531,"SM Caen","Amiens SC","09/29/2018 18:09:18","DAT1",102,10
1022531,"SM Caen","Amiens SC","09/29/2018 18:09:18","POSSIBLE_TI",103,10
1022531,"SM Caen","Amiens SC","09/29/2018 18:09:19","TI1",104,10
1022531,"SM Caen","Amiens SC","09/29/2018 18:09:43","Restart",105,10
1022531,"SM Caen","Amiens SC","09/29/2018 18:09:51","SAFE2",106,10
1022531,"SM Caen","Amiens SC","09/29/2018 18:09:57","AT2",107,10
1022531,"SM Caen","Amiens SC","09/29/2018 18:10:05","DANGER2",108,10
1022531,"SM Caen","Amiens SC","09/29/2018 18:10:05","DAT2",109,10
1022531,"SM Caen","Amiens SC","09/29/2018 18:10:15","POSSIBLE_TI",110,11
1022531,"SM Caen","Amiens SC","09/29/2018 18:10:20","TI2",111,11
1022531,"SM Caen","Amiens SC","09/29/2018 18:10:30","Restart",112,11
1022531,"SM Caen","Amiens SC","09/29/2018 18:10:34","SAFE1",113,11
1022531,"SM Caen","Amiens SC","09/29/2018 18:11:12","AT1",114,12
1022531,"SM Caen","Amiens SC","09/29/2018 18:11:15","DANGER1",115,12
1022531,"SM Caen","Amiens SC","09/29/2018 18:11:15","DAT1",116,12
1022531,"SM Caen","Amiens SC","09/29/2018 18:11:17","POSSIBLE_TI",117,12
1022531,"SM Caen","Amiens SC","09/29/2018 18:11:19","TI2",118,12
1022531,"SM Caen","Amiens SC","09/29/2018 18:11:36","Restart",119,12
1022531,"SM Caen","Amiens SC","09/29/2018 18:11:51","SAFE2",120,12
1022531,"SM Caen","Amiens SC","09/29/2018 18:11:51","GK2",121,12
1022531,"SM Caen","Amiens SC","09/29/2018 18:12:23","Restart",122,13
1022531,"SM Caen","Amiens SC","09/29/2018 18:12:29","AT2",123,13
1022531,"SM Caen","Amiens SC","09/29/2018 18:12:47","SAFE1",124,13
1022531,"SM Caen","Amiens SC","09/29/2018 18:12:50","AT1",125,13
1022531,"SM Caen","Amiens SC","09/29/2018 18:13:03","DANGER1",126,13
1022531,"SM Caen","Amiens SC","09/29/2018 18:13:03","DAT1",127,13
1022531,"SM Caen","Amiens SC","09/29/2018 18:13:10","SHG1",128,14
1022531,"SM Caen","Amiens SC","09/29/2018 18:13:11","SAFE2",129,14
1022531,"SM Caen","Amiens SC","09/29/2018 18:13:31","AT2",130,14
1022531,"SM Caen","Amiens SC","09/29/2018 18:13:32","POSSIBLE_TI",131,14
1022531,"SM Caen","Amiens SC","09/29/2018 18:13:34","TI2",132,14
1022531,"SM Caen","Amiens SC","09/29/2018 18:13:55","Restart",133,14
1022531,"SM Caen","Amiens SC","09/29/2018 18:13:55","DANGER2",134,14
1022531,"SM Caen","Amiens SC","09/29/2018 18:13:55","DAT2",135,14
1022531,"SM Caen","Amiens SC","09/29/2018 18:14:19","PCR2",136,15
1022531,"SM Caen","Amiens SC","09/29/2018 18:14:28","CR2",137,15
1022531,"SM Caen","Amiens SC","09/29/2018 18:14:40","Ball Position",138,15
1022531,"SM Caen","Amiens SC","09/29/2018 18:14:58","Restart",139,15
1022531,"SM Caen","Amiens SC","09/29/2018 18:15:09","POSSIBLE_TI",140,16
1022531,"SM Caen","Amiens SC","09/29/2018 18:15:11","TI1",141,16
1022531,"SM Caen","Amiens SC","09/29/2018 18:15:27","Restart",142,16
1022531,"SM Caen","Amiens SC","09/29/2018 18:15:32","SAFE1",143,16
1022531,"SM Caen","Amiens SC","09/29/2018 18:15:33","AT1",144,16
1022531,"SM Caen","Amiens SC","09/29/2018 18:15:34","SAFE2",145,16
1022531,"SM Caen","Amiens SC","09/29/2018 18:15:35","AT2",146,16
1022531,"SM Caen","Amiens SC","09/29/2018 18:15:42","DANGER2",147,16
1022531,"SM Caen","Amiens SC","09/29/2018 18:15:42","DAT2",148,16
1022531,"SM Caen","Amiens SC","09/29/2018 18:15:45","SAFE1",149,16
1022531,"SM Caen","Amiens SC","09/29/2018 18:15:46","Possible Free Kick",150,16
1022531,"SM Caen","Amiens SC","09/29/2018 18:15:49","FK1",152,16
1022531,"SM Caen","Amiens SC","09/29/2018 18:15:49","Ball Position",153,16
1022531,"SM Caen","Amiens SC","09/29/2018 18:15:56","Restart",154,16
1022531,"SM Caen","Amiens SC","09/29/2018 18:16:08","AT1",155,17
1022531,"SM Caen","Amiens SC","09/29/2018 18:16:17","SAFE1",156,17
1022531,"SM Caen","Amiens SC","09/29/2018 18:16:35","POSSIBLE_TI",157,17
1022531,"SM Caen","Amiens SC","09/29/2018 18:16:36","TI1",158,17
1022531,"SM Caen","Amiens SC","09/29/2018 18:16:44","Restart",159,17
1022531,"SM Caen","Amiens SC","09/29/2018 18:16:48","SAFE2",160,17
1022531,"SM Caen","Amiens SC","09/29/2018 18:16:49","POSSIBLE_TI",161,17
1022531,"SM Caen","Amiens SC","09/29/2018 18:16:50","TI2",162,17
1022531,"SM Caen","Amiens SC","09/29/2018 18:17:04","Restart",163,17
1022531,"SM Caen","Amiens SC","09/29/2018 18:17:10","SAFE1",164,18
1022531,"SM Caen","Amiens SC","09/29/2018 18:17:12","AT1",165,18
1022531,"SM Caen","Amiens SC","09/29/2018 18:17:31","DANGER1",166,18
1022531,"SM Caen","Amiens SC","09/29/2018 18:17:31","DAT1",167,18
1022531,"SM Caen","Amiens SC","09/29/2018 18:17:40","SAFE2",168,18
1022531,"SM Caen","Amiens SC","09/29/2018 18:17:45","AT2",169,18
1022531,"SM Caen","Amiens SC","09/29/2018 18:17:49","SAFE1",170,18
1022531,"SM Caen","Amiens SC","09/29/2018 18:17:50","Possible Free Kick",171,18
1022531,"SM Caen","Amiens SC","09/29/2018 18:17:54","F2",173,18
1022531,"SM Caen","Amiens SC","09/29/2018 18:17:54","FK1",174,18
1022531,"SM Caen","Amiens SC","09/29/2018 18:17:54","DANGER1",175,18
1022531,"SM Caen","Amiens SC","09/29/2018 18:17:54","DFK1",176,18
1022531,"SM Caen","Amiens SC","09/29/2018 18:17:54","Ball Position",177,18
1022531,"SM Caen","Amiens SC","09/29/2018 18:18:32","Restart",178,19
1022531,"SM Caen","Amiens SC","09/29/2018 18:18:36","SAFE2",179,19
1022531,"SM Caen","Amiens SC","09/29/2018 18:18:37","GK2",180,19
1022531,"SM Caen","Amiens SC","09/29/2018 18:19:08","Restart",181,19
1022531,"SM Caen","Amiens SC","09/29/2018 18:19:13","SAFE1",182,20
1022531,"SM Caen","Amiens SC","09/29/2018 18:19:13","Possible Free Kick",183,20
1022531,"SM Caen","Amiens SC","09/29/2018 18:19:18","F2",185,20
1022531,"SM Caen","Amiens SC","09/29/2018 18:19:18","FK1",186,20
1022531,"SM Caen","Amiens SC","09/29/2018 18:19:18","Ball Position",187,20
1022531,"SM Caen","Amiens SC","09/29/2018 18:19:47","AT1",188,20
1022531,"SM Caen","Amiens SC","09/29/2018 18:19:47","DANGER1",189,20
1022531,"SM Caen","Amiens SC","09/29/2018 18:19:47","DAT1",190,20
1022531,"SM Caen","Amiens SC","09/29/2018 18:19:48","Restart",191,20
1022531,"SM Caen","Amiens SC","09/29/2018 18:20:00","POSSIBLE_TI",192,20
1022531,"SM Caen","Amiens SC","09/29/2018 18:20:02","TI1",193,20
1022531,"SM Caen","Amiens SC","09/29/2018 18:20:14","Restart",194,21
1022531,"SM Caen","Amiens SC","09/29/2018 18:20:22","BLOCKED1",195,21
1022531,"SM Caen","Amiens SC","09/29/2018 18:20:28","SAFE2",196,21
1022531,"SM Caen","Amiens SC","09/29/2018 18:20:30","AT2",197,21
1022531,"SM Caen","Amiens SC","09/29/2018 18:20:33","DANGER2",198,21
1022531,"SM Caen","Amiens SC","09/29/2018 18:20:33","DAT2",199,21
1022531,"SM Caen","Amiens SC","09/29/2018 18:20:37","SHB2",200,21
1022531,"SM Caen","Amiens SC","09/29/2018 18:20:39","SAFE1",201,21
1022531,"SM Caen","Amiens SC","09/29/2018 18:20:39","GK1",202,21
1022531,"SM Caen","Amiens SC","09/29/2018 18:21:01","Restart",203,21
1022531,"SM Caen","Amiens SC","09/29/2018 18:21:06","SAFE2",204,21
1022531,"SM Caen","Amiens SC","09/29/2018 18:21:07","AT2",205,21
1022531,"SM Caen","Amiens SC","09/29/2018 18:21:15","SAFE1",206,22
1022531,"SM Caen","Amiens SC","09/29/2018 18:21:15","AT1",207,22
1022531,"SM Caen","Amiens SC","09/29/2018 18:21:19","DANGER1",208,22
1022531,"SM Caen","Amiens SC","09/29/2018 18:21:19","DAT1",209,22
1022531,"SM Caen","Amiens SC","09/29/2018 18:21:36","SHB1",210,22
1022531,"SM Caen","Amiens SC","09/29/2018 18:21:39","POSSIBLE_TI",211,22
1022531,"SM Caen","Amiens SC","09/29/2018 18:21:41","TI1",212,22
1022531,"SM Caen","Amiens SC","09/29/2018 18:21:50","Restart",213,22
1022531,"SM Caen","Amiens SC","09/29/2018 18:21:56","SAFE2",214,22
1022531,"SM Caen","Amiens SC","09/29/2018 18:21:57","GK2",215,22
1022531,"SM Caen","Amiens SC","09/29/2018 18:22:42","Restart",216,23
1022531,"SM Caen","Amiens SC","09/29/2018 18:22:54","AT2",217,23
1022531,"SM Caen","Amiens SC","09/29/2018 18:22:56","Possible Free Kick",218,23
1022531,"SM Caen","Amiens SC","09/29/2018 18:23:06","F1",220,23
1022531,"SM Caen","Amiens SC","09/29/2018 18:23:06","FK2",221,23
1022531,"SM Caen","Amiens SC","09/29/2018 18:23:06","DANGER2",222,23
1022531,"SM Caen","Amiens SC","09/29/2018 18:23:06","DFK2",223,23
1022531,"SM Caen","Amiens SC","09/29/2018 18:23:06","Ball Position",224,23
1022531,"SM Caen","Amiens SC","09/29/2018 18:23:46","Restart",225,24
1022531,"SM Caen","Amiens SC","09/29/2018 18:24:00","SAFE1",226,24
1022531,"SM Caen","Amiens SC","09/29/2018 18:24:07","AT1",227,24
1022531,"SM Caen","Amiens SC","09/29/2018 18:24:17","DANGER1",228,25
1022531,"SM Caen","Amiens SC","09/29/2018 18:24:17","DAT1",229,25
1022531,"SM Caen","Amiens SC","09/29/2018 18:24:35","SAFE2",230,25
1022531,"SM Caen","Amiens SC","09/29/2018 18:24:48","SAFE1",231,25
1022531,"SM Caen","Amiens SC","09/29/2018 18:24:48","AT1",232,25
1022531,"SM Caen","Amiens SC","09/29/2018 18:24:52","Possible Free Kick",233,25
1022531,"SM Caen","Amiens SC","09/29/2018 18:24:53","POSSIBLE_CARDS",235,25
1022531,"SM Caen","Amiens SC","09/29/2018 18:24:56","YC2",236,25
1022531,"SM Caen","Amiens SC","09/29/2018 18:24:58","CONF_YC2",237,25
1022531,"SM Caen","Amiens SC","09/29/2018 18:25:03","Scorer",238,25
1022531,"SM Caen","Amiens SC","09/29/2018 18:25:14","F2",239,26
1022531,"SM Caen","Amiens SC","09/29/2018 18:25:14","FK1",240,26
1022531,"SM Caen","Amiens SC","09/29/2018 18:25:14","DANGER1",241,26
1022531,"SM Caen","Amiens SC","09/29/2018 18:25:14","DFK1",242,26
1022531,"SM Caen","Amiens SC","09/29/2018 18:25:14","Ball Position",243,26
1022531,"SM Caen","Amiens SC","09/29/2018 18:25:47","Restart",244,26
1022531,"SM Caen","Amiens SC","09/29/2018 18:25:59","PCR1",245,26
1022531,"SM Caen","Amiens SC","09/29/2018 18:26:08","CR1",246,26
1022531,"SM Caen","Amiens SC","09/29/2018 18:26:09","Ball Position",247,27
1022531,"SM Caen","Amiens SC","09/29/2018 18:26:19","Player_DATA_CONFIRMED",248,27
1022531,"SM Caen","Amiens SC","09/29/2018 18:26:21","Restart",249,27
1022531,"SM Caen","Amiens SC","09/29/2018 18:26:33","SAFE2",250,27
1022531,"SM Caen","Amiens SC","09/29/2018 18:26:45","POSSIBLE_TI",251,27
1022531,"SM Caen","Amiens SC","09/29/2018 18:26:47","TI1",252,27
1022531,"SM Caen","Amiens SC","09/29/2018 18:26:58","Restart",253,27
1022531,"SM Caen","Amiens SC","09/29/2018 18:27:17","AT2",254,28
1022531,"SM Caen","Amiens SC","09/29/2018 18:27:22","SAFE2",255,28
1022531,"SM Caen","Amiens SC","09/29/2018 18:27:33","SAFE1",256,28
1022531,"SM Caen","Amiens SC","09/29/2018 18:27:50","AT1",257,28
1022531,"SM Caen","Amiens SC","09/29/2018 18:27:53","DANGER1",258,28
1022531,"SM Caen","Amiens SC","09/29/2018 18:27:53","DAT1",259,28
1022531,"SM Caen","Amiens SC","09/29/2018 18:28:06","SAFE2",260,28
1022531,"SM Caen","Amiens SC","09/29/2018 18:28:06","Possible Free Kick",261,28
1022531,"SM Caen","Amiens SC","09/29/2018 18:28:07","F1",263,28
1022531,"SM Caen","Amiens SC","09/29/2018 18:28:07","FK2",264,28
1022531,"SM Caen","Amiens SC","09/29/2018 18:28:07","Ball Position",265,28
1022531,"SM Caen","Amiens SC","09/29/2018 18:28:34","Restart",266,29
1022531,"SM Caen","Amiens SC","09/29/2018 18:28:34","AT2",267,29
1022531,"SM Caen","Amiens SC","09/29/2018 18:28:40","Possible Free Kick",268,29
1022531,"SM Caen","Amiens SC","09/29/2018 18:28:43","F1",270,29
1022531,"SM Caen","Amiens SC","09/29/2018 18:28:43","FK2",271,29
1022531,"SM Caen","Amiens SC","09/29/2018 18:28:43","DANGER2",272,29
1022531,"SM Caen","Amiens SC","09/29/2018 18:28:43","DFK2",273,29
1022531,"SM Caen","Amiens SC","09/29/2018 18:28:43","Ball Position",274,29
1022531,"SM Caen","Amiens SC","09/29/2018 18:28:47","Restart",275,29
1022531,"SM Caen","Amiens SC","09/29/2018 18:28:55","SAFE1",276,29
1022531,"SM Caen","Amiens SC","09/29/2018 18:29:01","SAFE2",277,29
1022531,"SM Caen","Amiens SC","09/29/2018 18:29:02","POSSIBLE_TI",278,29
1022531,"SM Caen","Amiens SC","09/29/2018 18:29:03","TI2",279,29
1022531,"SM Caen","Amiens SC","09/29/2018 18:29:19","Restart",280,30
1022531,"SM Caen","Amiens SC","09/29/2018 18:29:23","SAFE1",281,30
1022531,"SM Caen","Amiens SC","09/29/2018 18:29:24","POSSIBLE_TI",282,30
1022531,"SM Caen","Amiens SC","09/29/2018 18:29:24","TI1",283,30
1022531,"SM Caen","Amiens SC","09/29/2018 18:29:32","Restart",284,30
1022531,"SM Caen","Amiens SC","09/29/2018 18:29:37","AT1",285,30
1022531,"SM Caen","Amiens SC","09/29/2018 18:29:40","SAFE2",286,30
1022531,"SM Caen","Amiens SC","09/29/2018 18:29:40","Possible Free Kick",287,30
1022531,"SM Caen","Amiens SC","09/29/2018 18:29:43","O1",289,30
1022531,"SM Caen","Amiens SC","09/29/2018 18:29:43","FK2",290,30
1022531,"SM Caen","Amiens SC","09/29/2018 18:29:43","Ball Position",291,30
1022531,"SM Caen","Amiens SC","09/29/2018 18:30:00","Restart",292,30
1022531,"SM Caen","Amiens SC","09/29/2018 18:30:15","SAFE1",293,31
1022531,"SM Caen","Amiens SC","09/29/2018 18:30:17","AT1",294,31
1022531,"SM Caen","Amiens SC","09/29/2018 18:30:19","DANGER1",295,31
1022531,"SM Caen","Amiens SC","09/29/2018 18:30:19","DAT1",296,31
1022531,"SM Caen","Amiens SC","09/29/2018 18:30:24","POSSIBLE_TI",297,31
1022531,"SM Caen","Amiens SC","09/29/2018 18:30:26","TI1",298,31
1022531,"SM Caen","Amiens SC","09/29/2018 18:30:30","Restart",299,31
1022531,"SM Caen","Amiens SC","09/29/2018 18:31:12","POSSIBLE_TI",300,32
1022531,"SM Caen","Amiens SC","09/29/2018 18:31:14","TI1",301,32
1022531,"SM Caen","Amiens SC","09/29/2018 18:31:15","Restart",302,32
1022531,"SM Caen","Amiens SC","09/29/2018 18:31:20","SAFE2",303,32
1022531,"SM Caen","Amiens SC","09/29/2018 18:31:23","AT2",304,32
1022531,"SM Caen","Amiens SC","09/29/2018 18:31:25","DANGER2",305,32
1022531,"SM Caen","Amiens SC","09/29/2018 18:31:25","DAT2",306,32
1022531,"SM Caen","Amiens SC","09/29/2018 18:31:30","SAFE1",307,32
1022531,"SM Caen","Amiens SC","09/29/2018 18:31:30","AT1",308,32
1022531,"SM Caen","Amiens SC","09/29/2018 18:31:42","DANGER1",309,32
1022531,"SM Caen","Amiens SC","09/29/2018 18:31:42","DAT1",310,32
1022531,"SM Caen","Amiens SC","09/29/2018 18:31:52","POSSIBLE_TI",311,32
1022531,"SM Caen","Amiens SC","09/29/2018 18:31:54","TI1",312,32
1022531,"SM Caen","Amiens SC","09/29/2018 18:32:08","Restart",313,32
1022531,"SM Caen","Amiens SC","09/29/2018 18:32:11","SAFE2",314,33
1022531,"SM Caen","Amiens SC","09/29/2018 18:32:32","AT2",315,33
1022531,"SM Caen","Amiens SC","09/29/2018 18:32:37","POSSIBLE_TI",316,33
1022531,"SM Caen","Amiens SC","09/29/2018 18:32:37","TI2",317,33
1022531,"SM Caen","Amiens SC","09/29/2018 18:33:02","Restart",318,33
1022531,"SM Caen","Amiens SC","09/29/2018 18:33:02","DANGER2",319,33
1022531,"SM Caen","Amiens SC","09/29/2018 18:33:02","DAT2",320,33
1022531,"SM Caen","Amiens SC","09/29/2018 18:33:42","SAFE1",321,34
1022531,"SM Caen","Amiens SC","09/29/2018 18:33:43","AT1",322,34
1022531,"SM Caen","Amiens SC","09/29/2018 18:33:46","DANGER1",323,34
1022531,"SM Caen","Amiens SC","09/29/2018 18:33:46","DAT1",324,34
1022531,"SM Caen","Amiens SC","09/29/2018 18:33:53","POSSIBLE_TI",325,34
1022531,"SM Caen","Amiens SC","09/29/2018 18:33:54","TI1",326,34
1022531,"SM Caen","Amiens SC","09/29/2018 18:33:57","Restart",327,34
1022531,"SM Caen","Amiens SC","09/29/2018 18:34:08","PCR1",328,34
1022531,"SM Caen","Amiens SC","09/29/2018 18:34:34","CR1",329,35
1022531,"SM Caen","Amiens SC","09/29/2018 18:34:36","Ball Position",330,35
1022531,"SM Caen","Amiens SC","09/29/2018 18:34:37","Restart",331,35
1022531,"SM Caen","Amiens SC","09/29/2018 18:34:47","SAFE1",332,35
1022531,"SM Caen","Amiens SC","09/29/2018 18:34:54","POSSIBLE_TI",333,35
1022531,"SM Caen","Amiens SC","09/29/2018 18:34:54","TI2",334,35
1022531,"SM Caen","Amiens SC","09/29/2018 18:35:59","Restart",335,36
1022531,"SM Caen","Amiens SC","09/29/2018 18:36:18","AT1",336,37
1022531,"SM Caen","Amiens SC","09/29/2018 18:36:22","Possible Free Kick",337,37
1022531,"SM Caen","Amiens SC","09/29/2018 18:36:27","F2",339,37
1022531,"SM Caen","Amiens SC","09/29/2018 18:36:27","FK1",340,37
1022531,"SM Caen","Amiens SC","09/29/2018 18:36:27","DANGER1",341,37
1022531,"SM Caen","Amiens SC","09/29/2018 18:36:27","DFK1",342,37
1022531,"SM Caen","Amiens SC","09/29/2018 18:36:27","Ball Position",343,37
1022531,"SM Caen","Amiens SC","09/29/2018 18:36:29","Restart",344,37
1022531,"SM Caen","Amiens SC","09/29/2018 18:36:40","PCR1",345,37
1022531,"SM Caen","Amiens SC","09/29/2018 18:36:41","CR1",346,37
1022531,"SM Caen","Amiens SC","09/29/2018 18:36:43","Ball Position",347,37
1022531,"SM Caen","Amiens SC","09/29/2018 18:37:07","Restart",348,37
1022531,"SM Caen","Amiens SC","09/29/2018 18:37:15","BLOCKED1",349,38
1022531,"SM Caen","Amiens SC","09/29/2018 18:37:19","PCR1",350,38
1022531,"SM Caen","Amiens SC","09/29/2018 18:37:20","CR1",351,38
1022531,"SM Caen","Amiens SC","09/29/2018 18:37:22","Ball Position",352,38
1022531,"SM Caen","Amiens SC","09/29/2018 18:37:37","Restart",353,38
1022531,"SM Caen","Amiens SC","09/29/2018 18:37:41","PPEN",354,38
1022531,"SM Caen","Amiens SC","09/29/2018 18:37:41","PPEN1",355,38
1022531,"SM Caen","Amiens SC","09/29/2018 18:38:43","PEN1",356,39
1022531,"SM Caen","Amiens SC","09/29/2018 18:38:48","Scorer",357,39
1022531,"SM Caen","Amiens SC","09/29/2018 18:39:12","GOAL1",358,40
1022531,"SM Caen","Amiens SC","09/29/2018 18:39:13","Scorer",359,40
1022531,"SM Caen","Amiens SC","09/29/2018 18:40:08","CONF_GOAL1",360,40
1022531,"SM Caen","Amiens SC","09/29/2018 18:40:08","KO2",361,41
1022531,"SM Caen","Amiens SC","09/29/2018 18:40:08","SAFE2",362,41
1022531,"SM Caen","Amiens SC","09/29/2018 18:40:22","Player_DATA_CONFIRMED",363,41
1022531,"SM Caen","Amiens SC","09/29/2018 18:40:22","SAFE1",364,41
1022531,"SM Caen","Amiens SC","09/29/2018 18:40:23","AT1",365,41
1022531,"SM Caen","Amiens SC","09/29/2018 18:40:26","DANGER1",366,41
1022531,"SM Caen","Amiens SC","09/29/2018 18:40:26","DAT1",367,41
1022531,"SM Caen","Amiens SC","09/29/2018 18:41:06","POSSIBLE_TI",368,41
1022531,"SM Caen","Amiens SC","09/29/2018 18:41:07","TI2",369,41
1022531,"SM Caen","Amiens SC","09/29/2018 18:41:10","Restart",370,42
1022531,"SM Caen","Amiens SC","09/29/2018 18:41:15","SAFE2",371,42
1022531,"SM Caen","Amiens SC","09/29/2018 18:41:19","AT2",372,42
1022531,"SM Caen","Amiens SC","09/29/2018 18:41:21","SAFE1",373,42
1022531,"SM Caen","Amiens SC","09/29/2018 18:41:22","AT1",374,42
1022531,"SM Caen","Amiens SC","09/29/2018 18:41:24","DANGER1",375,42
1022531,"SM Caen","Amiens SC","09/29/2018 18:41:24","DAT1",376,42
1022531,"SM Caen","Amiens SC","09/29/2018 18:41:44","SAFE2",377,42
1022531,"SM Caen","Amiens SC","09/29/2018 18:41:51","AT2",378,42
1022531,"SM Caen","Amiens SC","09/29/2018 18:42:09","SAFE2",379,43
1022531,"SM Caen","Amiens SC","09/29/2018 18:42:28","AT2",380,43
1022531,"SM Caen","Amiens SC","09/29/2018 18:42:32","SAFE1",381,43
1022531,"SM Caen","Amiens SC","09/29/2018 18:42:33","POSSIBLE_TI",382,43
1022531,"SM Caen","Amiens SC","09/29/2018 18:42:33","TI1",383,43
1022531,"SM Caen","Amiens SC","09/29/2018 18:42:41","Restart",384,43
1022531,"SM Caen","Amiens SC","09/29/2018 18:42:44","SAFE2",385,43
1022531,"SM Caen","Amiens SC","09/29/2018 18:42:45","AT2",386,43
1022531,"SM Caen","Amiens SC","09/29/2018 18:42:49","DANGER2",387,43
1022531,"SM Caen","Amiens SC","09/29/2018 18:42:49","DAT2",388,43
1022531,"SM Caen","Amiens SC","09/29/2018 18:43:20","SAFE1",389,44
1022531,"SM Caen","Amiens SC","09/29/2018 18:43:22","POSSIBLE_TI",390,44
1022531,"SM Caen","Amiens SC","09/29/2018 18:43:23","TI1",391,44
1022531,"SM Caen","Amiens SC","09/29/2018 18:43:39","Restart",392,44
1022531,"SM Caen","Amiens SC","09/29/2018 18:43:46","POSSIBLE_TI",393,44
1022531,"SM Caen","Amiens SC","09/29/2018 18:43:46","TI1",394,44
1022531,"SM Caen","Amiens SC","09/29/2018 18:43:48","Restart",395,44
1022531,"SM Caen","Amiens SC","09/29/2018 18:43:58","Possible Free Kick",396,44
1022531,"SM Caen","Amiens SC","09/29/2018 18:43:59","F2",398,44
1022531,"SM Caen","Amiens SC","09/29/2018 18:43:59","FK1",399,44
1022531,"SM Caen","Amiens SC","09/29/2018 18:43:59","Ball Position",400,44
1022531,"SM Caen","Amiens SC","09/29/2018 18:44:20","Restart",401,45
1022531,"SM Caen","Amiens SC","09/29/2018 18:44:21","AT1",402,45
1022531,"SM Caen","Amiens SC","09/29/2018 18:44:22","DANGER1",403,45
1022531,"SM Caen","Amiens SC","09/29/2018 18:44:22","DAT1",404,45
1022531,"SM Caen","Amiens SC","09/29/2018 18:44:27","BLOCKED1",405,45
1022531,"SM Caen","Amiens SC","09/29/2018 18:44:28","POSSIBLE_TI",406,45
1022531,"SM Caen","Amiens SC","09/29/2018 18:44:29","TI1",407,45
1022531,"SM Caen","Amiens SC","09/29/2018 18:44:47","Restart",408,45
1022531,"SM Caen","Amiens SC","09/29/2018 18:44:51","SAFE1",409,45
1022531,"SM Caen","Amiens SC","09/29/2018 18:45:02","AT1",410,45
1022531,"SM Caen","Amiens SC","09/29/2018 18:45:04","SAFE2",411,45
1022531,"SM Caen","Amiens SC","09/29/2018 18:45:07","AT2",412,45
1022531,"SM Caen","Amiens SC","09/29/2018 18:45:09","DANGER2",413,46
1022531,"SM Caen","Amiens SC","09/29/2018 18:45:09","DAT2",414,46
1022531,"SM Caen","Amiens SC","09/29/2018 18:45:19","Extra Time",415,46
1022531,"SM Caen","Amiens SC","09/29/2018 18:45:27","POSSIBLE_TI",416,46
1022531,"SM Caen","Amiens SC","09/29/2018 18:45:29","TI2",417,46
1022531,"SM Caen","Amiens SC","09/29/2018 18:45:31","Restart",418,46
1022531,"SM Caen","Amiens SC","09/29/2018 18:45:40","POSSIBLE_TI",419,46
1022531,"SM Caen","Amiens SC","09/29/2018 18:45:46","TI2",420,46
1022531,"SM Caen","Amiens SC","09/29/2018 18:45:49","Restart",421,46
1022531,"SM Caen","Amiens SC","09/29/2018 18:45:58","PCR2",422,46
1022531,"SM Caen","Amiens SC","09/29/2018 18:45:59","CR2",423,46
1022531,"SM Caen","Amiens SC","09/29/2018 18:46:01","Ball Position",424,46
1022531,"SM Caen","Amiens SC","09/29/2018 18:46:16","Restart",425,47
1022531,"SM Caen","Amiens SC","09/29/2018 18:46:23","Stop RT1",426,47
1022531,"SM Caen","Amiens SC","09/29/2018 18:46:28","CONF_PERIOD_SCORE",427,45
1022531,"SM Caen","Amiens SC","09/29/2018 18:58:44","Players are coming out",428,45
1022531,"SM Caen","Amiens SC","09/29/2018 18:59:34","Game about to start",429,45
1022531,"SM Caen","Amiens SC","09/29/2018 19:00:08","SUB2",430,45
1022531,"SM Caen","Amiens SC","09/29/2018 19:00:42","Start RT2 Team 2",431,46
1022531,"SM Caen","Amiens SC","09/29/2018 19:00:43","SAFE2",432,46
1022531,"SM Caen","Amiens SC","09/29/2018 19:00:58","AT2",433,46
1022531,"SM Caen","Amiens SC","09/29/2018 19:01:01","DANGER2",434,46
1022531,"SM Caen","Amiens SC","09/29/2018 19:01:01","DAT2",435,46
1022531,"SM Caen","Amiens SC","09/29/2018 19:01:11","SAFE1",436,46
1022531,"SM Caen","Amiens SC","09/29/2018 19:01:18","AT1",437,46
1022531,"SM Caen","Amiens SC","09/29/2018 19:01:33","SAFE2",438,46
1022531,"SM Caen","Amiens SC","09/29/2018 19:01:34","Possible Free Kick",439,46
1022531,"SM Caen","Amiens SC","09/29/2018 19:01:36","F1",441,46
1022531,"SM Caen","Amiens SC","09/29/2018 19:01:36","FK2",442,46
1022531,"SM Caen","Amiens SC","09/29/2018 19:01:36","Ball Position",443,46
1022531,"SM Caen","Amiens SC","09/29/2018 19:01:46","Restart",444,47
1022531,"SM Caen","Amiens SC","09/29/2018 19:01:50","Player_DATA_CONFIRMED",445,47
1022531,"SM Caen","Amiens SC","09/29/2018 19:01:59","Possible Free Kick",446,47
1022531,"SM Caen","Amiens SC","09/29/2018 19:02:11","F1",448,47
1022531,"SM Caen","Amiens SC","09/29/2018 19:02:11","FK2",449,47
1022531,"SM Caen","Amiens SC","09/29/2018 19:02:11","Ball Position",450,47
1022531,"SM Caen","Amiens SC","09/29/2018 19:02:36","AT2",451,47
1022531,"SM Caen","Amiens SC","09/29/2018 19:02:36","DANGER2",452,47
1022531,"SM Caen","Amiens SC","09/29/2018 19:02:36","DAT2",453,47
1022531,"SM Caen","Amiens SC","09/29/2018 19:02:37","Restart",454,47
1022531,"SM Caen","Amiens SC","09/29/2018 19:02:44","Possible Free Kick",455,48
1022531,"SM Caen","Amiens SC","09/29/2018 19:02:46","F1",457,48
1022531,"SM Caen","Amiens SC","09/29/2018 19:02:46","FK2",458,48
1022531,"SM Caen","Amiens SC","09/29/2018 19:02:46","DFK2",459,48
1022531,"SM Caen","Amiens SC","09/29/2018 19:02:46","Ball Position",460,48
1022531,"SM Caen","Amiens SC","09/29/2018 19:02:47","Restart",461,48
1022531,"SM Caen","Amiens SC","09/29/2018 19:03:12","Possible Free Kick",462,48
1022531,"SM Caen","Amiens SC","09/29/2018 19:03:14","POSSIBLE_CARDS",464,48
1022531,"SM Caen","Amiens SC","09/29/2018 19:03:17","YC1",465,48
1022531,"SM Caen","Amiens SC","09/29/2018 19:03:22","CONF_YC1",466,48
1022531,"SM Caen","Amiens SC","09/29/2018 19:03:36","Scorer",467,48
1022531,"SM Caen","Amiens SC","09/29/2018 19:03:59","F1",468,49
1022531,"SM Caen","Amiens SC","09/29/2018 19:03:59","FK2",469,49
1022531,"SM Caen","Amiens SC","09/29/2018 19:03:59","DFK2",470,49
1022531,"SM Caen","Amiens SC","09/29/2018 19:04:00","Ball Position",471,49
1022531,"SM Caen","Amiens SC","09/29/2018 19:04:00","Restart",472,49
1022531,"SM Caen","Amiens SC","09/29/2018 19:04:10","SAFE1",473,49
1022531,"SM Caen","Amiens SC","09/29/2018 19:04:11","GK1",474,49
1022531,"SM Caen","Amiens SC","09/29/2018 19:04:29","Restart",475,49
1022531,"SM Caen","Amiens SC","09/29/2018 19:04:36","SAFE2",476,49
1022531,"SM Caen","Amiens SC","09/29/2018 19:04:40","AT2",477,49
1022531,"SM Caen","Amiens SC","09/29/2018 19:04:48","DANGER2",478,50
1022531,"SM Caen","Amiens SC","09/29/2018 19:04:48","DAT2",479,50
1022531,"SM Caen","Amiens SC","09/29/2018 19:05:22","POSSIBLE_TI",480,50
1022531,"SM Caen","Amiens SC","09/29/2018 19:05:22","Player_DATA_CONFIRMED",481,50
1022531,"SM Caen","Amiens SC","09/29/2018 19:05:22","TI2",482,50
1022531,"SM Caen","Amiens SC","09/29/2018 19:05:32","Restart",483,50
1022531,"SM Caen","Amiens SC","09/29/2018 19:05:36","POSSIBLE_TI",484,50
1022531,"SM Caen","Amiens SC","09/29/2018 19:05:37","TI2",485,50
1022531,"SM Caen","Amiens SC","09/29/2018 19:05:45","Restart",486,51
1022531,"SM Caen","Amiens SC","09/29/2018 19:05:56","SAFE1",487,51
1022531,"SM Caen","Amiens SC","09/29/2018 19:06:03","SAFE2",488,51
1022531,"SM Caen","Amiens SC","09/29/2018 19:06:08","AT2",489,51
1022531,"SM Caen","Amiens SC","09/29/2018 19:06:12","DANGER2",490,51
1022531,"SM Caen","Amiens SC","09/29/2018 19:06:12","DAT2",491,51
1022531,"SM Caen","Amiens SC","09/29/2018 19:06:30","SAFE2",492,51
1022531,"SM Caen","Amiens SC","09/29/2018 19:06:43","AT2",493,52
1022531,"SM Caen","Amiens SC","09/29/2018 19:06:48","DANGER2",494,52
1022531,"SM Caen","Amiens SC","09/29/2018 19:06:48","DAT2",495,52
1022531,"SM Caen","Amiens SC","09/29/2018 19:06:54","SAFE1",496,52
1022531,"SM Caen","Amiens SC","09/29/2018 19:06:58","AT1",497,52
1022531,"SM Caen","Amiens SC","09/29/2018 19:07:26","SAFE1",498,52
1022531,"SM Caen","Amiens SC","09/29/2018 19:07:36","AT1",499,52
1022531,"SM Caen","Amiens SC","09/29/2018 19:07:37","POSSIBLE_TI",500,52
1022531,"SM Caen","Amiens SC","09/29/2018 19:07:39","TI1",501,52
1022531,"SM Caen","Amiens SC","09/29/2018 19:07:42","Restart",502,52
1022531,"SM Caen","Amiens SC","09/29/2018 19:08:12","DANGER1",503,53
1022531,"SM Caen","Amiens SC","09/29/2018 19:08:12","DAT1",504,53
1022531,"SM Caen","Amiens SC","09/29/2018 19:08:21","SAFE2",505,53
1022531,"SM Caen","Amiens SC","09/29/2018 19:08:23","AT2",506,53
1022531,"SM Caen","Amiens SC","09/29/2018 19:08:36","DANGER2",507,53
1022531,"SM Caen","Amiens SC","09/29/2018 19:08:36","DAT2",508,53
1022531,"SM Caen","Amiens SC","09/29/2018 19:08:41","SHB2",509,53
1022531,"SM Caen","Amiens SC","09/29/2018 19:08:42","SAFE1",510,54
1022531,"SM Caen","Amiens SC","09/29/2018 19:08:43","GK1",511,54
1022531,"SM Caen","Amiens SC","09/29/2018 19:09:06","Restart",512,54
1022531,"SM Caen","Amiens SC","09/29/2018 19:09:17","AT1",513,54
1022531,"SM Caen","Amiens SC","09/29/2018 19:09:37","DANGER1",514,54
1022531,"SM Caen","Amiens SC","09/29/2018 19:09:37","DAT1",515,54
1022531,"SM Caen","Amiens SC","09/29/2018 19:09:50","SAFE2",516,55
1022531,"SM Caen","Amiens SC","09/29/2018 19:09:51","GK2",517,55
1022531,"SM Caen","Amiens SC","09/29/2018 19:10:12","Restart",518,55
1022531,"SM Caen","Amiens SC","09/29/2018 19:10:18","AT2",519,55
1022531,"SM Caen","Amiens SC","09/29/2018 19:10:20","DANGER2",520,55
1022531,"SM Caen","Amiens SC","09/29/2018 19:10:20","DAT2",521,55
1022531,"SM Caen","Amiens SC","09/29/2018 19:10:22","POSSIBLE_TI",522,55
1022531,"SM Caen","Amiens SC","09/29/2018 19:10:23","TI2",523,55
1022531,"SM Caen","Amiens SC","09/29/2018 19:10:33","Restart",524,55
1022531,"SM Caen","Amiens SC","09/29/2018 19:10:42","SAFE1",525,55
1022531,"SM Caen","Amiens SC","09/29/2018 19:10:42","GK1",526,56
1022531,"SM Caen","Amiens SC","09/29/2018 19:11:08","Restart",527,56
1022531,"SM Caen","Amiens SC","09/29/2018 19:11:29","AT1",528,56
1022531,"SM Caen","Amiens SC","09/29/2018 19:11:29","POSSIBLE_TI",529,56
1022531,"SM Caen","Amiens SC","09/29/2018 19:11:31","TI1",530,56
1022531,"SM Caen","Amiens SC","09/29/2018 19:11:44","Restart",531,57
1022531,"SM Caen","Amiens SC","09/29/2018 19:12:26","DANGER1",532,57
1022531,"SM Caen","Amiens SC","09/29/2018 19:12:26","DAT1",533,57
1022531,"SM Caen","Amiens SC","09/29/2018 19:12:40","SAFE2",534,57
1022531,"SM Caen","Amiens SC","09/29/2018 19:12:45","AT2",535,58
1022531,"SM Caen","Amiens SC","09/29/2018 19:12:52","Possible Free Kick",536,58
1022531,"SM Caen","Amiens SC","09/29/2018 19:12:54","F1",538,58
1022531,"SM Caen","Amiens SC","09/29/2018 19:12:54","FK2",539,58
1022531,"SM Caen","Amiens SC","09/29/2018 19:12:54","DANGER2",540,58
1022531,"SM Caen","Amiens SC","09/29/2018 19:12:54","DFK2",541,58
1022531,"SM Caen","Amiens SC","09/29/2018 19:12:54","Ball Position",542,58
1022531,"SM Caen","Amiens SC","09/29/2018 19:13:05","Restart",543,58
1022531,"SM Caen","Amiens SC","09/29/2018 19:13:47","SAFE1",544,59
1022531,"SM Caen","Amiens SC","09/29/2018 19:13:48","Possible Free Kick",545,59
1022531,"SM Caen","Amiens SC","09/29/2018 19:13:51","O2",547,59
1022531,"SM Caen","Amiens SC","09/29/2018 19:13:51","FK1",548,59
1022531,"SM Caen","Amiens SC","09/29/2018 19:13:51","Ball Position",549,59
1022531,"SM Caen","Amiens SC","09/29/2018 19:14:06","Restart",550,59
1022531,"SM Caen","Amiens SC","09/29/2018 19:14:10","AT1",551,59
1022531,"SM Caen","Amiens SC","09/29/2018 19:14:14","DANGER1",552,59
1022531,"SM Caen","Amiens SC","09/29/2018 19:14:14","DAT1",553,59
1022531,"SM Caen","Amiens SC","09/29/2018 19:14:18","SAFE2",554,59
1022531,"SM Caen","Amiens SC","09/29/2018 19:14:19","AT2",555,59
1022531,"SM Caen","Amiens SC","09/29/2018 19:14:21","DANGER2",556,59
1022531,"SM Caen","Amiens SC","09/29/2018 19:14:21","DAT2",557,59
1022531,"SM Caen","Amiens SC","09/29/2018 19:14:27","SAFE1",558,59
1022531,"SM Caen","Amiens SC","09/29/2018 19:14:31","POSSIBLE_TI",559,59
1022531,"SM Caen","Amiens SC","09/29/2018 19:14:31","TI1",560,59
1022531,"SM Caen","Amiens SC","09/29/2018 19:14:53","Restart",561,60
1022531,"SM Caen","Amiens SC","09/29/2018 19:14:55","AT1",562,60
1022531,"SM Caen","Amiens SC","09/29/2018 19:15:00","SAFE2",563,60
1022531,"SM Caen","Amiens SC","09/29/2018 19:15:02","SAFE1",564,60
1022531,"SM Caen","Amiens SC","09/29/2018 19:15:03","AT1",565,60
1022531,"SM Caen","Amiens SC","09/29/2018 19:15:19","SAFE2",566,60
1022531,"SM Caen","Amiens SC","09/29/2018 19:15:20","AT2",567,60
1022531,"SM Caen","Amiens SC","09/29/2018 19:15:21","SAFE1",568,60
1022531,"SM Caen","Amiens SC","09/29/2018 19:15:30","AT2",569,60
1022531,"SM Caen","Amiens SC","09/29/2018 19:15:31","DANGER2",570,60
1022531,"SM Caen","Amiens SC","09/29/2018 19:15:31","DAT2",571,60
1022531,"SM Caen","Amiens SC","09/29/2018 19:15:36","POSSIBLE_TI",572,60
1022531,"SM Caen","Amiens SC","09/29/2018 19:15:36","TI2",573,60
1022531,"SM Caen","Amiens SC","09/29/2018 19:15:38","Restart",574,60
1022531,"SM Caen","Amiens SC","09/29/2018 19:15:49","SAFE1",575,61
1022531,"SM Caen","Amiens SC","09/29/2018 19:15:50","AT1",576,61
1022531,"SM Caen","Amiens SC","09/29/2018 19:15:53","DANGER1",577,61
1022531,"SM Caen","Amiens SC","09/29/2018 19:15:53","DAT1",578,61
1022531,"SM Caen","Amiens SC","09/29/2018 19:15:56","SAFE2",579,61
1022531,"SM Caen","Amiens SC","09/29/2018 19:16:06","AT2",580,61
1022531,"SM Caen","Amiens SC","09/29/2018 19:16:08","DANGER2",581,61
1022531,"SM Caen","Amiens SC","09/29/2018 19:16:08","DAT2",582,61
1022531,"SM Caen","Amiens SC","09/29/2018 19:16:20","SAFE1",583,61
1022531,"SM Caen","Amiens SC","09/29/2018 19:16:39","AT1",584,61
1022531,"SM Caen","Amiens SC","09/29/2018 19:16:41","DANGER1",585,61
1022531,"SM Caen","Amiens SC","09/29/2018 19:16:41","DAT1",586,61
1022531,"SM Caen","Amiens SC","09/29/2018 19:16:50","SHB1",587,62
1022531,"SM Caen","Amiens SC","09/29/2018 19:16:51","SAFE2",588,62
1022531,"SM Caen","Amiens SC","09/29/2018 19:16:51","GK2",589,62
1022531,"SM Caen","Amiens SC","09/29/2018 19:17:20","Restart",590,62
1022531,"SM Caen","Amiens SC","09/29/2018 19:17:30","AT2",591,62
1022531,"SM Caen","Amiens SC","09/29/2018 19:17:34","DANGER2",592,62
1022531,"SM Caen","Amiens SC","09/29/2018 19:17:34","DAT2",593,62
1022531,"SM Caen","Amiens SC","09/29/2018 19:17:42","POSSIBLE_TI",594,62
1022531,"SM Caen","Amiens SC","09/29/2018 19:17:44","TI2",595,63
1022531,"SM Caen","Amiens SC","09/29/2018 19:17:46","Restart",596,63
1022531,"SM Caen","Amiens SC","09/29/2018 19:18:12","SAFE2",597,63
1022531,"SM Caen","Amiens SC","09/29/2018 19:18:30","AT2",598,63
1022531,"SM Caen","Amiens SC","09/29/2018 19:18:32","DANGER2",599,63
1022531,"SM Caen","Amiens SC","09/29/2018 19:18:32","DAT2",600,63
1022531,"SM Caen","Amiens SC","09/29/2018 19:18:35","POSSIBLE_TI",601,63
1022531,"SM Caen","Amiens SC","09/29/2018 19:18:36","TI2",602,63
1022531,"SM Caen","Amiens SC","09/29/2018 19:18:44","Restart",603,64
1022531,"SM Caen","Amiens SC","09/29/2018 19:18:52","SHG2",604,64
1022531,"SM Caen","Amiens SC","09/29/2018 19:18:58","POSSIBLE_TI",605,64
1022531,"SM Caen","Amiens SC","09/29/2018 19:19:00","TI2",606,64
1022531,"SM Caen","Amiens SC","09/29/2018 19:19:07","Restart",607,64
1022531,"SM Caen","Amiens SC","09/29/2018 19:19:37","SAFE1",608,64
1022531,"SM Caen","Amiens SC","09/29/2018 19:19:51","AT1",609,65
1022531,"SM Caen","Amiens SC","09/29/2018 19:20:04","SAFE2",610,65
1022531,"SM Caen","Amiens SC","09/29/2018 19:20:05","POSSIBLE_TI",611,65
1022531,"SM Caen","Amiens SC","09/29/2018 19:20:05","TI2",612,65
1022531,"SM Caen","Amiens SC","09/29/2018 19:20:07","Restart",613,65
1022531,"SM Caen","Amiens SC","09/29/2018 19:20:17","SAFE1",614,65
1022531,"SM Caen","Amiens SC","09/29/2018 19:20:18","POSSIBLE_TI",615,65
1022531,"SM Caen","Amiens SC","09/29/2018 19:20:19","TI1",616,65
1022531,"SM Caen","Amiens SC","09/29/2018 19:20:27","Restart",617,65
1022531,"SM Caen","Amiens SC","09/29/2018 19:20:31","AT1",618,65
1022531,"SM Caen","Amiens SC","09/29/2018 19:20:36","SAFE2",619,65
1022531,"SM Caen","Amiens SC","09/29/2018 19:20:39","AT2",620,65
1022531,"SM Caen","Amiens SC","09/29/2018 19:20:55","SAFE1",621,66
1022531,"SM Caen","Amiens SC","09/29/2018 19:20:57","AT1",622,66
1022531,"SM Caen","Amiens SC","09/29/2018 19:21:00","DANGER1",623,66
1022531,"SM Caen","Amiens SC","09/29/2018 19:21:00","DAT1",624,66
1022531,"SM Caen","Amiens SC","09/29/2018 19:21:03","POSSIBLE_TI",625,66
1022531,"SM Caen","Amiens SC","09/29/2018 19:21:04","TI1",626,66
1022531,"SM Caen","Amiens SC","09/29/2018 19:21:43","SUB1",627,67
1022531,"SM Caen","Amiens SC","09/29/2018 19:22:06","SUB1",628,67
1022531,"SM Caen","Amiens SC","09/29/2018 19:22:53","Restart",629,68
1022531,"SM Caen","Amiens SC","09/29/2018 19:23:04","SAFE2",630,68
1022531,"SM Caen","Amiens SC","09/29/2018 19:23:07","AT2",631,68
1022531,"SM Caen","Amiens SC","09/29/2018 19:23:10","DANGER2",632,68
1022531,"SM Caen","Amiens SC","09/29/2018 19:23:10","DAT2",633,68
1022531,"SM Caen","Amiens SC","09/29/2018 19:23:18","SAFE1",634,68
1022531,"SM Caen","Amiens SC","09/29/2018 19:23:24","SAFE2",635,68
1022531,"SM Caen","Amiens SC","09/29/2018 19:23:24","Possible Free Kick",636,68
1022531,"SM Caen","Amiens SC","09/29/2018 19:23:26","F1",638,68
1022531,"SM Caen","Amiens SC","09/29/2018 19:23:26","FK2",639,68
1022531,"SM Caen","Amiens SC","09/29/2018 19:23:26","Ball Position",640,68
1022531,"SM Caen","Amiens SC","09/29/2018 19:23:51","Restart",641,69
1022531,"SM Caen","Amiens SC","09/29/2018 19:23:53","AT1",642,69
1022531,"SM Caen","Amiens SC","09/29/2018 19:23:54","DANGER1",643,69
1022531,"SM Caen","Amiens SC","09/29/2018 19:23:54","DAT1",644,69
1022531,"SM Caen","Amiens SC","09/29/2018 19:24:03","POSSIBLE_TI",645,69
1022531,"SM Caen","Amiens SC","09/29/2018 19:24:04","TI1",646,69
1022531,"SM Caen","Amiens SC","09/29/2018 19:24:17","Restart",647,69
1022531,"SM Caen","Amiens SC","09/29/2018 19:24:27","Possible Free Kick",648,69
1022531,"SM Caen","Amiens SC","09/29/2018 19:24:29","POSSIBLE_CARDS",650,69
1022531,"SM Caen","Amiens SC","09/29/2018 19:24:33","YRC2",651,69
1022531,"SM Caen","Amiens SC","09/29/2018 19:25:00","CONF_YC_RC2",652,70
1022531,"SM Caen","Amiens SC","09/29/2018 19:25:08","Scorer",653,70
1022531,"SM Caen","Amiens SC","09/29/2018 19:25:10","Injury Break",654,70
1022531,"SM Caen","Amiens SC","09/29/2018 19:25:25","Restart",655,70
1022531,"SM Caen","Amiens SC","09/29/2018 19:25:25","F2",656,70
1022531,"SM Caen","Amiens SC","09/29/2018 19:25:25","FK1",657,70
1022531,"SM Caen","Amiens SC","09/29/2018 19:25:25","DFK1",658,70
1022531,"SM Caen","Amiens SC","09/29/2018 19:25:25","Ball Position",659,70
1022531,"SM Caen","Amiens SC","09/29/2018 19:25:26","Player_DATA_CONFIRMED",660,70
1022531,"SM Caen","Amiens SC","09/29/2018 19:25:26","Player_DATA_CONFIRMED",661,70
1022531,"SM Caen","Amiens SC","09/29/2018 19:25:26","Player_DATA_CONFIRMED",662,70
1022531,"SM Caen","Amiens SC","09/29/2018 19:25:26","Player_DATA_CONFIRMED",663,70
1022531,"SM Caen","Amiens SC","09/29/2018 19:25:27","Player_DATA_CONFIRMED",664,70
1022531,"SM Caen","Amiens SC","09/29/2018 19:26:33","Restart",665,71
1022531,"SM Caen","Amiens SC","09/29/2018 19:26:46","SHB1",666,72
1022531,"SM Caen","Amiens SC","09/29/2018 19:26:46","SAFE2",667,72
1022531,"SM Caen","Amiens SC","09/29/2018 19:26:47","GK2",668,72
1022531,"SM Caen","Amiens SC","09/29/2018 19:27:21","Injury Break",669,72
1022531,"SM Caen","Amiens SC","09/29/2018 19:28:21","SUB2",670,73
1022531,"SM Caen","Amiens SC","09/29/2018 19:28:40","SUB2",671,73
1022531,"SM Caen","Amiens SC","09/29/2018 19:28:40","Restart",672,73
1022531,"SM Caen","Amiens SC","09/29/2018 19:28:47","SAFE1",673,74
1022531,"SM Caen","Amiens SC","09/29/2018 19:28:47","AT1",674,74
1022531,"SM Caen","Amiens SC","09/29/2018 19:28:49","DANGER1",675,74
1022531,"SM Caen","Amiens SC","09/29/2018 19:28:49","DAT1",676,74
1022531,"SM Caen","Amiens SC","09/29/2018 19:28:53","PCR1",677,74
1022531,"SM Caen","Amiens SC","09/29/2018 19:28:56","CR1",678,74
1022531,"SM Caen","Amiens SC","09/29/2018 19:29:10","Ball Position",679,74
1022531,"SM Caen","Amiens SC","09/29/2018 19:29:16","Player_DATA_CONFIRMED",680,74
1022531,"SM Caen","Amiens SC","09/29/2018 19:29:16","Player_DATA_CONFIRMED",681,74
1022531,"SM Caen","Amiens SC","09/29/2018 19:29:17","Player_DATA_CONFIRMED",682,74
1022531,"SM Caen","Amiens SC","09/29/2018 19:29:20","Restart",683,74
1022531,"SM Caen","Amiens SC","09/29/2018 19:29:25","SAFE2",684,74
1022531,"SM Caen","Amiens SC","09/29/2018 19:29:52","AT2",685,75
1022531,"SM Caen","Amiens SC","09/29/2018 19:29:56","POSSIBLE_TI",686,75
1022531,"SM Caen","Amiens SC","09/29/2018 19:29:57","TI2",687,75
1022531,"SM Caen","Amiens SC","09/29/2018 19:29:59","Restart",688,75
1022531,"SM Caen","Amiens SC","09/29/2018 19:30:03","DANGER2",689,75
1022531,"SM Caen","Amiens SC","09/29/2018 19:30:03","DAT2",690,75
1022531,"SM Caen","Amiens SC","09/29/2018 19:30:11","POSSIBLE_TI",691,75
1022531,"SM Caen","Amiens SC","09/29/2018 19:30:12","TI2",692,75
1022531,"SM Caen","Amiens SC","09/29/2018 19:30:13","Restart",693,75
1022531,"SM Caen","Amiens SC","09/29/2018 19:30:32","POSSIBLE_TI",694,75
1022531,"SM Caen","Amiens SC","09/29/2018 19:30:33","TI2",695,75
1022531,"SM Caen","Amiens SC","09/29/2018 19:30:36","Restart",696,75
1022531,"SM Caen","Amiens SC","09/29/2018 19:30:49","PCR2",697,76
1022531,"SM Caen","Amiens SC","09/29/2018 19:30:50","CR2",698,76
1022531,"SM Caen","Amiens SC","09/29/2018 19:30:51","Ball Position",699,76
1022531,"SM Caen","Amiens SC","09/29/2018 19:31:06","Restart",700,76
1022531,"SM Caen","Amiens SC","09/29/2018 19:31:15","BLOCKED2",701,76
1022531,"SM Caen","Amiens SC","09/29/2018 19:31:33","Possible Free Kick",702,76
1022531,"SM Caen","Amiens SC","09/29/2018 19:31:39","F1",704,76
1022531,"SM Caen","Amiens SC","09/29/2018 19:31:39","FK2",705,76
1022531,"SM Caen","Amiens SC","09/29/2018 19:31:39","DFK2",706,76
1022531,"SM Caen","Amiens SC","09/29/2018 19:31:39","Ball Position",707,76
1022531,"SM Caen","Amiens SC","09/29/2018 19:32:07","Restart",708,77
1022531,"SM Caen","Amiens SC","09/29/2018 19:32:16","SAFE1",709,77
1022531,"SM Caen","Amiens SC","09/29/2018 19:32:18","AT1",710,77
1022531,"SM Caen","Amiens SC","09/29/2018 19:32:19","DANGER1",711,77
1022531,"SM Caen","Amiens SC","09/29/2018 19:32:19","DAT1",712,77
1022531,"SM Caen","Amiens SC","09/29/2018 19:32:31","SHG1",713,77
1022531,"SM Caen","Amiens SC","09/29/2018 19:32:32","SAFE2",714,77
1022531,"SM Caen","Amiens SC","09/29/2018 19:32:38","AT2",715,77
1022531,"SM Caen","Amiens SC","09/29/2018 19:32:47","DANGER2",716,78
1022531,"SM Caen","Amiens SC","09/29/2018 19:32:47","DAT2",717,78
1022531,"SM Caen","Amiens SC","09/29/2018 19:33:16","SAFE2",718,78
1022531,"SM Caen","Amiens SC","09/29/2018 19:33:20","AT2",719,78
1022531,"SM Caen","Amiens SC","09/29/2018 19:33:35","SAFE1",720,78
1022531,"SM Caen","Amiens SC","09/29/2018 19:33:40","GK1",721,78
1022531,"SM Caen","Amiens SC","09/29/2018 19:34:03","Restart",722,79
1022531,"SM Caen","Amiens SC","09/29/2018 19:34:10","SAFE2",723,79
1022531,"SM Caen","Amiens SC","09/29/2018 19:34:10","POSSIBLE_TI",724,79
1022531,"SM Caen","Amiens SC","09/29/2018 19:34:13","TI2",725,79
1022531,"SM Caen","Amiens SC","09/29/2018 19:34:17","Restart",726,79
1022531,"SM Caen","Amiens SC","09/29/2018 19:34:27","AT2",727,79
1022531,"SM Caen","Amiens SC","09/29/2018 19:34:35","SAFE1",728,79
1022531,"SM Caen","Amiens SC","09/29/2018 19:34:55","SAFE2",729,80
1022531,"SM Caen","Amiens SC","09/29/2018 19:35:08","SAFE1",730,80
1022531,"SM Caen","Amiens SC","09/29/2018 19:35:09","POSSIBLE_TI",731,80
1022531,"SM Caen","Amiens SC","09/29/2018 19:35:19","TI1",732,80
1022531,"SM Caen","Amiens SC","09/29/2018 19:35:20","Restart",733,80
1022531,"SM Caen","Amiens SC","09/29/2018 19:35:25","SAFE2",734,80
1022531,"SM Caen","Amiens SC","09/29/2018 19:35:57","Possible Free Kick",735,81
1022531,"SM Caen","Amiens SC","09/29/2018 19:35:59","F1",737,81
1022531,"SM Caen","Amiens SC","09/29/2018 19:35:59","FK2",738,81
1022531,"SM Caen","Amiens SC","09/29/2018 19:35:59","Ball Position",739,81
1022531,"SM Caen","Amiens SC","09/29/2018 19:36:02","Restart",740,81
1022531,"SM Caen","Amiens SC","09/29/2018 19:36:09","AT2",741,81
1022531,"SM Caen","Amiens SC","09/29/2018 19:36:17","DANGER2",742,81
1022531,"SM Caen","Amiens SC","09/29/2018 19:36:17","DAT2",743,81
1022531,"SM Caen","Amiens SC","09/29/2018 19:36:25","SAFE1",744,81
1022531,"SM Caen","Amiens SC","09/29/2018 19:36:30","SAFE2",745,81
1022531,"SM Caen","Amiens SC","09/29/2018 19:36:31","AT2",746,81
1022531,"SM Caen","Amiens SC","09/29/2018 19:36:35","DANGER2",747,81
1022531,"SM Caen","Amiens SC","09/29/2018 19:36:35","DAT2",748,81
1022531,"SM Caen","Amiens SC","09/29/2018 19:36:40","SAFE1",749,81
1022531,"SM Caen","Amiens SC","09/29/2018 19:36:48","AT1",750,82
1022531,"SM Caen","Amiens SC","09/29/2018 19:36:58","DANGER1",751,82
1022531,"SM Caen","Amiens SC","09/29/2018 19:36:58","DAT1",752,82
1022531,"SM Caen","Amiens SC","09/29/2018 19:37:06","SAFE2",753,82
1022531,"SM Caen","Amiens SC","09/29/2018 19:37:06","POSSIBLE_TI",754,82
1022531,"SM Caen","Amiens SC","09/29/2018 19:37:07","TI2",755,82
1022531,"SM Caen","Amiens SC","09/29/2018 19:37:09","Restart",756,82
1022531,"SM Caen","Amiens SC","09/29/2018 19:37:20","AT2",757,82
1022531,"SM Caen","Amiens SC","09/29/2018 19:37:30","SAFE1",758,82
1022531,"SM Caen","Amiens SC","09/29/2018 19:37:32","AT1",759,82
1022531,"SM Caen","Amiens SC","09/29/2018 19:37:37","DANGER1",760,82
1022531,"SM Caen","Amiens SC","09/29/2018 19:37:37","DAT1",761,82
1022531,"SM Caen","Amiens SC","09/29/2018 19:37:42","SAFE2",762,82
1022531,"SM Caen","Amiens SC","09/29/2018 19:37:43","GK2",763,83
1022531,"SM Caen","Amiens SC","09/29/2018 19:38:06","SUB1",764,83
1022531,"SM Caen","Amiens SC","09/29/2018 19:38:40","Restart",765,83
1022531,"SM Caen","Amiens SC","09/29/2018 19:38:46","AT2",766,84
1022531,"SM Caen","Amiens SC","09/29/2018 19:38:49","SAFE1",767,84
1022531,"SM Caen","Amiens SC","09/29/2018 19:38:49","Possible Free Kick",768,84
1022531,"SM Caen","Amiens SC","09/29/2018 19:38:49","Player_DATA_CONFIRMED",770,84
1022531,"SM Caen","Amiens SC","09/29/2018 19:38:53","O2",771,84
1022531,"SM Caen","Amiens SC","09/29/2018 19:38:53","FK1",772,84
1022531,"SM Caen","Amiens SC","09/29/2018 19:38:53","Ball Position",773,84
1022531,"SM Caen","Amiens SC","09/29/2018 19:39:03","Restart",774,84
1022531,"SM Caen","Amiens SC","09/29/2018 19:39:04","AT1",775,84
1022531,"SM Caen","Amiens SC","09/29/2018 19:39:17","DANGER1",776,84
1022531,"SM Caen","Amiens SC","09/29/2018 19:39:17","DAT1",777,84
1022531,"SM Caen","Amiens SC","09/29/2018 19:39:25","SAFE2",778,84
1022531,"SM Caen","Amiens SC","09/29/2018 19:39:26","Possible Free Kick",779,84
1022531,"SM Caen","Amiens SC","09/29/2018 19:39:27","F1",781,84
1022531,"SM Caen","Amiens SC","09/29/2018 19:39:27","FK2",782,84
1022531,"SM Caen","Amiens SC","09/29/2018 19:39:27","Ball Position",783,84
1022531,"SM Caen","Amiens SC","09/29/2018 19:39:28","Restart",784,84
1022531,"SM Caen","Amiens SC","09/29/2018 19:39:31","AT2",785,84
1022531,"SM Caen","Amiens SC","09/29/2018 19:39:43","SAFE1",786,85
1022531,"SM Caen","Amiens SC","09/29/2018 19:39:44","Possible Free Kick",787,85
1022531,"SM Caen","Amiens SC","09/29/2018 19:39:46","F2",789,85
1022531,"SM Caen","Amiens SC","09/29/2018 19:39:46","FK1",790,85
1022531,"SM Caen","Amiens SC","09/29/2018 19:39:46","Ball Position",791,85
1022531,"SM Caen","Amiens SC","09/29/2018 19:40:09","Restart",792,85
1022531,"SM Caen","Amiens SC","09/29/2018 19:40:15","AT1",793,85
1022531,"SM Caen","Amiens SC","09/29/2018 19:40:23","SAFE2",794,85
1022531,"SM Caen","Amiens SC","09/29/2018 19:40:23","POSSIBLE_TI",795,85
1022531,"SM Caen","Amiens SC","09/29/2018 19:40:24","TI2",796,85
1022531,"SM Caen","Amiens SC","09/29/2018 19:40:27","Restart",797,85
1022531,"SM Caen","Amiens SC","09/29/2018 19:40:37","AT2",798,85
1022531,"SM Caen","Amiens SC","09/29/2018 19:40:39","DANGER2",799,85
1022531,"SM Caen","Amiens SC","09/29/2018 19:40:39","DAT2",800,85
1022531,"SM Caen","Amiens SC","09/29/2018 19:40:46","PCR2",801,86
1022531,"SM Caen","Amiens SC","09/29/2018 19:40:46","CR2",802,86
1022531,"SM Caen","Amiens SC","09/29/2018 19:40:48","Ball Position",803,86
1022531,"SM Caen","Amiens SC","09/29/2018 19:41:06","Restart",804,86
1022531,"SM Caen","Amiens SC","09/29/2018 19:41:10","SHG2",805,86
1022531,"SM Caen","Amiens SC","09/29/2018 19:41:14","SAFE1",806,86
1022531,"SM Caen","Amiens SC","09/29/2018 19:41:15","AT1",807,86
1022531,"SM Caen","Amiens SC","09/29/2018 19:41:24","DANGER1",808,86
1022531,"SM Caen","Amiens SC","09/29/2018 19:41:24","DAT1",809,86
1022531,"SM Caen","Amiens SC","09/29/2018 19:41:28","SAFE2",810,86
1022531,"SM Caen","Amiens SC","09/29/2018 19:41:39","AT2",811,86
1022531,"SM Caen","Amiens SC","09/29/2018 19:41:52","DANGER2",812,87
1022531,"SM Caen","Amiens SC","09/29/2018 19:41:52","DAT2",813,87
1022531,"SM Caen","Amiens SC","09/29/2018 19:42:02","SAFE1",814,87
1022531,"SM Caen","Amiens SC","09/29/2018 19:42:03","AT1",815,87
1022531,"SM Caen","Amiens SC","09/29/2018 19:42:14","DANGER1",816,87
1022531,"SM Caen","Amiens SC","09/29/2018 19:42:14","DAT1",817,87
1022531,"SM Caen","Amiens SC","09/29/2018 19:42:23","SAFE2",818,87
1022531,"SM Caen","Amiens SC","09/29/2018 19:42:32","AT2",819,87
1022531,"SM Caen","Amiens SC","09/29/2018 19:42:41","DANGER2",820,87
1022531,"SM Caen","Amiens SC","09/29/2018 19:42:41","DAT2",821,87
1022531,"SM Caen","Amiens SC","09/29/2018 19:43:20","POSSIBLE_TI",822,88
1022531,"SM Caen","Amiens SC","09/29/2018 19:43:21","TI2",823,88
1022531,"SM Caen","Amiens SC","09/29/2018 19:43:27","Restart",824,88
1022531,"SM Caen","Amiens SC","09/29/2018 19:43:36","SAFE2",825,88
1022531,"SM Caen","Amiens SC","09/29/2018 19:43:43","AT2",826,89
1022531,"SM Caen","Amiens SC","09/29/2018 19:43:50","SAFE1",827,89
1022531,"SM Caen","Amiens SC","09/29/2018 19:43:50","AT1",828,89
1022531,"SM Caen","Amiens SC","09/29/2018 19:43:52","DANGER1",829,89
1022531,"SM Caen","Amiens SC","09/29/2018 19:43:52","DAT1",830,89
1022531,"SM Caen","Amiens SC","09/29/2018 19:44:08","PCR1",831,89
1022531,"SM Caen","Amiens SC","09/29/2018 19:44:08","CR1",832,89
1022531,"SM Caen","Amiens SC","09/29/2018 19:44:11","Ball Position",833,89
1022531,"SM Caen","Amiens SC","09/29/2018 19:44:40","Restart",834,89
1022531,"SM Caen","Amiens SC","09/29/2018 19:44:46","SAFE2",835,90
1022531,"SM Caen","Amiens SC","09/29/2018 19:45:03","AT2",836,90
1022531,"SM Caen","Amiens SC","09/29/2018 19:45:04","DANGER2",837,90
1022531,"SM Caen","Amiens SC","09/29/2018 19:45:04","DAT2",838,90
1022531,"SM Caen","Amiens SC","09/29/2018 19:45:08","SAFE1",839,90
1022531,"SM Caen","Amiens SC","09/29/2018 19:45:08","Possible Free Kick",840,90
1022531,"SM Caen","Amiens SC","09/29/2018 19:45:10","F2",842,90
1022531,"SM Caen","Amiens SC","09/29/2018 19:45:10","FK1",843,90
1022531,"SM Caen","Amiens SC","09/29/2018 19:45:10","Ball Position",844,90
1022531,"SM Caen","Amiens SC","09/29/2018 19:45:43","Extra Time",845,91
1022531,"SM Caen","Amiens SC","09/29/2018 19:45:59","Restart",846,91
1022531,"SM Caen","Amiens SC","09/29/2018 19:46:03","SAFE2",847,91
1022531,"SM Caen","Amiens SC","09/29/2018 19:46:04","POSSIBLE_TI",848,91
1022531,"SM Caen","Amiens SC","09/29/2018 19:46:05","TI2",849,91
1022531,"SM Caen","Amiens SC","09/29/2018 19:46:09","Restart",850,91
1022531,"SM Caen","Amiens SC","09/29/2018 19:46:11","SAFE1",851,91
1022531,"SM Caen","Amiens SC","09/29/2018 19:46:11","AT1",852,91
1022531,"SM Caen","Amiens SC","09/29/2018 19:46:14","Possible Free Kick",853,91
1022531,"SM Caen","Amiens SC","09/29/2018 19:46:16","F2",855,91
1022531,"SM Caen","Amiens SC","09/29/2018 19:46:16","FK1",856,91
1022531,"SM Caen","Amiens SC","09/29/2018 19:46:16","DANGER1",857,91
1022531,"SM Caen","Amiens SC","09/29/2018 19:46:16","DFK1",858,91
1022531,"SM Caen","Amiens SC","09/29/2018 19:46:16","Ball Position",859,91
1022531,"SM Caen","Amiens SC","09/29/2018 19:46:53","Restart",860,92
1022531,"SM Caen","Amiens SC","09/29/2018 19:47:20","PCR1",861,92
1022531,"SM Caen","Amiens SC","09/29/2018 19:47:22","SHG1",862,92
1022531,"SM Caen","Amiens SC","09/29/2018 19:47:23","CR1",863,92
1022531,"SM Caen","Amiens SC","09/29/2018 19:47:27","Ball Position",864,92
1022531,"SM Caen","Amiens SC","09/29/2018 19:47:53","Restart",865,93
1022531,"SM Caen","Amiens SC","09/29/2018 19:47:56","SAFE2",866,93
1022531,"SM Caen","Amiens SC","09/29/2018 19:47:58","GK2",867,93
1022531,"SM Caen","Amiens SC","09/29/2018 19:48:06","Restart",868,93
1022531,"SM Caen","Amiens SC","09/29/2018 19:48:10","AT2",869,93
1022531,"SM Caen","Amiens SC","09/29/2018 19:48:22","SAFE1",870,93
1022531,"SM Caen","Amiens SC","09/29/2018 19:48:22","AT1",871,93
1022531,"SM Caen","Amiens SC","09/29/2018 19:48:26","DANGER1",872,93
1022531,"SM Caen","Amiens SC","09/29/2018 19:48:26","DAT1",873,93
1022531,"SM Caen","Amiens SC","09/29/2018 19:48:47","SAFE2",874,94
1022531,"SM Caen","Amiens SC","09/29/2018 19:48:48","GK2",875,94
1022531,"SM Caen","Amiens SC","09/29/2018 19:48:56","Restart",876,94
1022531,"SM Caen","Amiens SC","09/29/2018 19:49:03","SAFE1",877,94
1022531,"SM Caen","Amiens SC","09/29/2018 19:49:26","POSSIBLE_TI",878,94
1022531,"SM Caen","Amiens SC","09/29/2018 19:49:26","TI1",879,94
1022531,"SM Caen","Amiens SC","09/29/2018 19:49:41","Restart",880,94
1022531,"SM Caen","Amiens SC","09/29/2018 19:49:42","AT1",881,94
1022531,"SM Caen","Amiens SC","09/29/2018 19:49:43","DANGER1",882,95
1022531,"SM Caen","Amiens SC","09/29/2018 19:49:43","DAT1",883,95
1022531,"SM Caen","Amiens SC","09/29/2018 19:49:57","SAFE2",884,95
1022531,"SM Caen","Amiens SC","09/29/2018 19:49:58","Possible Free Kick",885,95
1022531,"SM Caen","Amiens SC","09/29/2018 19:49:59","POSSIBLE_CARDS",887,95
1022531,"SM Caen","Amiens SC","09/29/2018 19:50:00","YC1",888,95
1022531,"SM Caen","Amiens SC","09/29/2018 19:50:03","CONF_YC1",889,95
1022531,"SM Caen","Amiens SC","09/29/2018 19:50:07","Scorer",890,95
1022531,"SM Caen","Amiens SC","09/29/2018 19:50:09","F1",891,95
1022531,"SM Caen","Amiens SC","09/29/2018 19:50:09","FK2",892,95
1022531,"SM Caen","Amiens SC","09/29/2018 19:50:09","Ball Position",893,95
1022531,"SM Caen","Amiens SC","09/29/2018 19:50:11","AT2",894,95
1022531,"SM Caen","Amiens SC","09/29/2018 19:50:11","DANGER2",895,95
1022531,"SM Caen","Amiens SC","09/29/2018 19:50:11","DAT2",896,95
1022531,"SM Caen","Amiens SC","09/29/2018 19:50:15","Restart",897,95
1022531,"SM Caen","Amiens SC","09/29/2018 19:50:19","SAFE1",898,95
1022531,"SM Caen","Amiens SC","09/29/2018 19:50:20","AT1",899,95
1022531,"SM Caen","Amiens SC","09/29/2018 19:50:23","DANGER1",900,95
1022531,"SM Caen","Amiens SC","09/29/2018 19:50:23","DAT1",901,95
1022531,"SM Caen","Amiens SC","09/29/2018 19:50:33","BLOCKED1",902,95
1022531,"SM Caen","Amiens SC","09/29/2018 19:50:42","Stop RT2",903,95
1022531,"SM Caen","Amiens SC","09/29/2018 19:50:42","Stop Game",904,95
1022531,"SM Caen","Amiens SC","09/29/2018 19:50:48","Player_DATA_CONFIRMED",905,94
1022531,"SM Caen","Amiens SC","09/29/2018 19:51:03","CONF_PERIOD_SCORE",906,94
