"RBallID","HomeTeam","AwayTeam","Timestamp","Incident","IncidentNumber","Minute"
1010609,"EA Guingamp","Toulouse FC","09/01/2018 16:59:37","Transmission Online",0,0
1010609,"EA Guingamp","Toulouse FC","09/01/2018 16:59:54","GCC",1,0
1010609,"EA Guingamp","Toulouse FC","09/01/2018 17:16:37","Lineup changed",2,0
1010609,"EA Guingamp","Toulouse FC","09/01/2018 17:17:40","Scout in Stadion",3,0
1010609,"EA Guingamp","Toulouse FC","09/01/2018 17:20:32","Lineup changed",4,0
1010609,"EA Guingamp","Toulouse FC","09/01/2018 17:42:09","Jersey Changed",5,0
1010609,"EA Guingamp","Toulouse FC","09/01/2018 17:42:09","Jersey Changed",6,0
1010609,"EA Guingamp","Toulouse FC","09/01/2018 17:56:58","Players are coming out",7,0
1010609,"EA Guingamp","Toulouse FC","09/01/2018 17:57:16","Players lined up",8,0
1010609,"EA Guingamp","Toulouse FC","09/01/2018 17:57:33","Shake hands",9,0
1010609,"EA Guingamp","Toulouse FC","09/01/2018 17:58:08","Flip coin",10,0
1010609,"EA Guingamp","Toulouse FC","09/01/2018 17:59:07","Game about to start",11,0
1010609,"EA Guingamp","Toulouse FC","09/01/2018 18:00:01","Start RT1 Team 2",12,1
1010609,"EA Guingamp","Toulouse FC","09/01/2018 18:00:04","SAFE2",13,1
1010609,"EA Guingamp","Toulouse FC","09/01/2018 18:00:06","AT2",14,1
1010609,"EA Guingamp","Toulouse FC","09/01/2018 18:00:11","DANGER2",15,1
1010609,"EA Guingamp","Toulouse FC","09/01/2018 18:00:11","DAT2",16,1
1010609,"EA Guingamp","Toulouse FC","09/01/2018 18:00:26","POSSIBLE_TI",17,1
1010609,"EA Guingamp","Toulouse FC","09/01/2018 18:00:29","TI2",18,1
1010609,"EA Guingamp","Toulouse FC","09/01/2018 18:00:30","Restart",19,1
1010609,"EA Guingamp","Toulouse FC","09/01/2018 18:00:31","SAFE2",20,1
1010609,"EA Guingamp","Toulouse FC","09/01/2018 18:00:32","AT2",21,1
1010609,"EA Guingamp","Toulouse FC","09/01/2018 18:00:37","SAFE2",22,1
1010609,"EA Guingamp","Toulouse FC","09/01/2018 18:00:52","AT2",23,1
1010609,"EA Guingamp","Toulouse FC","09/01/2018 18:01:07","DANGER2",24,2
1010609,"EA Guingamp","Toulouse FC","09/01/2018 18:01:07","DAT2",25,2
1010609,"EA Guingamp","Toulouse FC","09/01/2018 18:01:16","Possible Free Kick",26,2
1010609,"EA Guingamp","Toulouse FC","09/01/2018 18:01:23","SAFE1",28,2
1010609,"EA Guingamp","Toulouse FC","09/01/2018 18:01:23","O2",29,2
1010609,"EA Guingamp","Toulouse FC","09/01/2018 18:01:23","FK1",30,2
1010609,"EA Guingamp","Toulouse FC","09/01/2018 18:01:23","Ball Position",31,2
1010609,"EA Guingamp","Toulouse FC","09/01/2018 18:01:38","Restart",32,2
1010609,"EA Guingamp","Toulouse FC","09/01/2018 18:01:45","SAFE2",33,2
1010609,"EA Guingamp","Toulouse FC","09/01/2018 18:01:49","AT2",34,2
1010609,"EA Guingamp","Toulouse FC","09/01/2018 18:01:54","DANGER2",35,2
1010609,"EA Guingamp","Toulouse FC","09/01/2018 18:01:54","DAT2",36,2
1010609,"EA Guingamp","Toulouse FC","09/01/2018 18:01:58","GOAL2",37,2
1010609,"EA Guingamp","Toulouse FC","09/01/2018 18:02:57","CONF_GOAL2",38,3
1010609,"EA Guingamp","Toulouse FC","09/01/2018 18:02:57","Scorer",39,3
1010609,"EA Guingamp","Toulouse FC","09/01/2018 18:02:57","KO1",40,3
1010609,"EA Guingamp","Toulouse FC","09/01/2018 18:02:57","SAFE1",41,3
1010609,"EA Guingamp","Toulouse FC","09/01/2018 18:02:58","SAFE1",42,3
1010609,"EA Guingamp","Toulouse FC","09/01/2018 18:03:20","Scorer",43,4
1010609,"EA Guingamp","Toulouse FC","09/01/2018 18:03:20","Player_DATA_CONFIRMED",44,4
1010609,"EA Guingamp","Toulouse FC","09/01/2018 18:03:20","Assist",45,4
1010609,"EA Guingamp","Toulouse FC","09/01/2018 18:03:25","AT2",46,4
1010609,"EA Guingamp","Toulouse FC","09/01/2018 18:03:31","SAFE2",47,4
1010609,"EA Guingamp","Toulouse FC","09/01/2018 18:03:49","POSSIBLE_TI",48,4
1010609,"EA Guingamp","Toulouse FC","09/01/2018 18:04:08","TI1",49,5
1010609,"EA Guingamp","Toulouse FC","09/01/2018 18:04:10","Restart",50,5
1010609,"EA Guingamp","Toulouse FC","09/01/2018 18:04:10","AT1",51,5
1010609,"EA Guingamp","Toulouse FC","09/01/2018 18:04:14","POSSIBLE_TI",52,5
1010609,"EA Guingamp","Toulouse FC","09/01/2018 18:04:19","TI1",53,5
1010609,"EA Guingamp","Toulouse FC","09/01/2018 18:04:39","DANGER1",54,5
1010609,"EA Guingamp","Toulouse FC","09/01/2018 18:04:39","DAT1",55,5
1010609,"EA Guingamp","Toulouse FC","09/01/2018 18:04:41","Restart",56,5
1010609,"EA Guingamp","Toulouse FC","09/01/2018 18:04:46","SAFE2",57,5
1010609,"EA Guingamp","Toulouse FC","09/01/2018 18:04:53","AT2",58,5
1010609,"EA Guingamp","Toulouse FC","09/01/2018 18:05:05","SAFE2",59,6
1010609,"EA Guingamp","Toulouse FC","09/01/2018 18:05:12","AT1",60,6
1010609,"EA Guingamp","Toulouse FC","09/01/2018 18:05:16","SAFE2",61,6
1010609,"EA Guingamp","Toulouse FC","09/01/2018 18:05:22","AT1",62,6
1010609,"EA Guingamp","Toulouse FC","09/01/2018 18:05:24","DANGER1",63,6
1010609,"EA Guingamp","Toulouse FC","09/01/2018 18:05:24","DAT1",64,6
1010609,"EA Guingamp","Toulouse FC","09/01/2018 18:05:30","SAFE2",65,6
1010609,"EA Guingamp","Toulouse FC","09/01/2018 18:05:31","GK2",66,6
1010609,"EA Guingamp","Toulouse FC","09/01/2018 18:05:50","Restart",67,6
1010609,"EA Guingamp","Toulouse FC","09/01/2018 18:05:56","AT2",68,6
1010609,"EA Guingamp","Toulouse FC","09/01/2018 18:06:17","DANGER2",69,7
1010609,"EA Guingamp","Toulouse FC","09/01/2018 18:06:17","DAT2",70,7
1010609,"EA Guingamp","Toulouse FC","09/01/2018 18:06:35","SAFE1",71,7
1010609,"EA Guingamp","Toulouse FC","09/01/2018 18:06:35","Possible Free Kick",72,7
1010609,"EA Guingamp","Toulouse FC","09/01/2018 18:06:40","F2",74,7
1010609,"EA Guingamp","Toulouse FC","09/01/2018 18:06:40","FK1",75,7
1010609,"EA Guingamp","Toulouse FC","09/01/2018 18:06:40","Ball Position",76,7
1010609,"EA Guingamp","Toulouse FC","09/01/2018 18:07:00","Restart",77,7
1010609,"EA Guingamp","Toulouse FC","09/01/2018 18:07:04","AT1",78,8
1010609,"EA Guingamp","Toulouse FC","09/01/2018 18:07:08","SAFE2",79,8
1010609,"EA Guingamp","Toulouse FC","09/01/2018 18:07:40","AT2",80,8
1010609,"EA Guingamp","Toulouse FC","09/01/2018 18:07:47","Referee Ball",81,8
1010609,"EA Guingamp","Toulouse FC","09/01/2018 18:08:08","Restart",82,9
1010609,"EA Guingamp","Toulouse FC","09/01/2018 18:08:09","SAFE2",83,9
1010609,"EA Guingamp","Toulouse FC","09/01/2018 18:08:25","AT1",84,9
1010609,"EA Guingamp","Toulouse FC","09/01/2018 18:08:28","DANGER1",85,9
1010609,"EA Guingamp","Toulouse FC","09/01/2018 18:08:28","DAT1",86,9
1010609,"EA Guingamp","Toulouse FC","09/01/2018 18:08:37","SAFE2",87,9
1010609,"EA Guingamp","Toulouse FC","09/01/2018 18:08:43","POSSIBLE_TI",88,9
1010609,"EA Guingamp","Toulouse FC","09/01/2018 18:08:46","TI1",89,9
1010609,"EA Guingamp","Toulouse FC","09/01/2018 18:08:50","Restart",90,9
1010609,"EA Guingamp","Toulouse FC","09/01/2018 18:08:55","AT2",91,9
1010609,"EA Guingamp","Toulouse FC","09/01/2018 18:09:07","DANGER2",92,10
1010609,"EA Guingamp","Toulouse FC","09/01/2018 18:09:07","DAT2",93,10
1010609,"EA Guingamp","Toulouse FC","09/01/2018 18:09:15","PCR2",94,10
1010609,"EA Guingamp","Toulouse FC","09/01/2018 18:09:18","SHG2",95,10
1010609,"EA Guingamp","Toulouse FC","09/01/2018 18:09:23","CR2",96,10
1010609,"EA Guingamp","Toulouse FC","09/01/2018 18:09:24","Ball Position",97,10
1010609,"EA Guingamp","Toulouse FC","09/01/2018 18:09:58","Restart",98,10
1010609,"EA Guingamp","Toulouse FC","09/01/2018 18:10:02","SAFE1",99,11
1010609,"EA Guingamp","Toulouse FC","09/01/2018 18:10:10","AT2",100,11
1010609,"EA Guingamp","Toulouse FC","09/01/2018 18:10:16","SAFE2",101,11
1010609,"EA Guingamp","Toulouse FC","09/01/2018 18:10:38","AT2",102,11
1010609,"EA Guingamp","Toulouse FC","09/01/2018 18:10:42","DANGER2",103,11
1010609,"EA Guingamp","Toulouse FC","09/01/2018 18:10:42","DAT2",104,11
1010609,"EA Guingamp","Toulouse FC","09/01/2018 18:10:45","Possible Free Kick",105,11
1010609,"EA Guingamp","Toulouse FC","09/01/2018 18:10:52","F1",107,11
1010609,"EA Guingamp","Toulouse FC","09/01/2018 18:10:52","FK2",108,11
1010609,"EA Guingamp","Toulouse FC","09/01/2018 18:10:52","DFK2",109,11
1010609,"EA Guingamp","Toulouse FC","09/01/2018 18:10:52","Ball Position",110,11
1010609,"EA Guingamp","Toulouse FC","09/01/2018 18:11:30","Restart",111,12
1010609,"EA Guingamp","Toulouse FC","09/01/2018 18:11:35","GOAL2",112,12
1010609,"EA Guingamp","Toulouse FC","09/01/2018 18:12:39","CONF_GOAL2",113,13
1010609,"EA Guingamp","Toulouse FC","09/01/2018 18:12:40","Scorer",114,13
1010609,"EA Guingamp","Toulouse FC","09/01/2018 18:12:40","KO1",115,13
1010609,"EA Guingamp","Toulouse FC","09/01/2018 18:12:40","SAFE1",116,13
1010609,"EA Guingamp","Toulouse FC","09/01/2018 18:12:41","SAFE1",117,13
1010609,"EA Guingamp","Toulouse FC","09/01/2018 18:12:50","Scorer",118,13
1010609,"EA Guingamp","Toulouse FC","09/01/2018 18:12:50","Player_DATA_CONFIRMED",119,13
1010609,"EA Guingamp","Toulouse FC","09/01/2018 18:12:53","POSSIBLE_TI",120,13
1010609,"EA Guingamp","Toulouse FC","09/01/2018 18:13:01","TI1",121,13
1010609,"EA Guingamp","Toulouse FC","09/01/2018 18:13:02","Restart",122,14
1010609,"EA Guingamp","Toulouse FC","09/01/2018 18:13:06","SAFE1",123,14
1010609,"EA Guingamp","Toulouse FC","09/01/2018 18:13:07","Possible Free Kick",124,14
1010609,"EA Guingamp","Toulouse FC","09/01/2018 18:13:31","F2",126,14
1010609,"EA Guingamp","Toulouse FC","09/01/2018 18:13:31","FK1",127,14
1010609,"EA Guingamp","Toulouse FC","09/01/2018 18:13:31","Ball Position",128,14
1010609,"EA Guingamp","Toulouse FC","09/01/2018 18:13:41","Restart",129,14
1010609,"EA Guingamp","Toulouse FC","09/01/2018 18:13:42","AT1",130,14
1010609,"EA Guingamp","Toulouse FC","09/01/2018 18:13:47","POSSIBLE_TI",131,14
1010609,"EA Guingamp","Toulouse FC","09/01/2018 18:13:49","TI1",132,14
1010609,"EA Guingamp","Toulouse FC","09/01/2018 18:13:51","Restart",133,14
1010609,"EA Guingamp","Toulouse FC","09/01/2018 18:13:51","DANGER1",134,14
1010609,"EA Guingamp","Toulouse FC","09/01/2018 18:13:51","DAT1",135,14
1010609,"EA Guingamp","Toulouse FC","09/01/2018 18:13:58","PCR1",136,14
1010609,"EA Guingamp","Toulouse FC","09/01/2018 18:14:02","CR1",137,15
1010609,"EA Guingamp","Toulouse FC","09/01/2018 18:14:02","Ball Position",138,15
1010609,"EA Guingamp","Toulouse FC","09/01/2018 18:14:14","Restart",139,15
1010609,"EA Guingamp","Toulouse FC","09/01/2018 18:14:23","POSSIBLE_TI",140,15
1010609,"EA Guingamp","Toulouse FC","09/01/2018 18:14:32","TI2",141,15
1010609,"EA Guingamp","Toulouse FC","09/01/2018 18:14:43","Restart",142,15
1010609,"EA Guingamp","Toulouse FC","09/01/2018 18:14:44","SAFE2",143,15
1010609,"EA Guingamp","Toulouse FC","09/01/2018 18:14:49","AT1",144,15
1010609,"EA Guingamp","Toulouse FC","09/01/2018 18:14:51","DANGER1",145,15
1010609,"EA Guingamp","Toulouse FC","09/01/2018 18:14:51","DAT1",146,15
1010609,"EA Guingamp","Toulouse FC","09/01/2018 18:14:56","PCR1",147,15
1010609,"EA Guingamp","Toulouse FC","09/01/2018 18:14:59","CR1",148,15
1010609,"EA Guingamp","Toulouse FC","09/01/2018 18:15:00","Ball Position",149,15
1010609,"EA Guingamp","Toulouse FC","09/01/2018 18:15:10","Restart",150,16
1010609,"EA Guingamp","Toulouse FC","09/01/2018 18:15:26","SHB1",151,16
1010609,"EA Guingamp","Toulouse FC","09/01/2018 18:15:29","SAFE2",152,16
1010609,"EA Guingamp","Toulouse FC","09/01/2018 18:15:30","GK2",153,16
1010609,"EA Guingamp","Toulouse FC","09/01/2018 18:15:48","Restart",154,16
1010609,"EA Guingamp","Toulouse FC","09/01/2018 18:15:54","SAFE2",155,16
1010609,"EA Guingamp","Toulouse FC","09/01/2018 18:16:06","AT2",156,17
1010609,"EA Guingamp","Toulouse FC","09/01/2018 18:16:12","DANGER2",157,17
1010609,"EA Guingamp","Toulouse FC","09/01/2018 18:16:12","DAT2",158,17
1010609,"EA Guingamp","Toulouse FC","09/01/2018 18:16:27","SAFE1",159,17
1010609,"EA Guingamp","Toulouse FC","09/01/2018 18:16:34","SAFE2",160,17
1010609,"EA Guingamp","Toulouse FC","09/01/2018 18:16:39","AT1",161,17
1010609,"EA Guingamp","Toulouse FC","09/01/2018 18:16:40","DANGER1",162,17
1010609,"EA Guingamp","Toulouse FC","09/01/2018 18:16:40","DAT1",163,17
1010609,"EA Guingamp","Toulouse FC","09/01/2018 18:16:41","Possible Free Kick",164,17
1010609,"EA Guingamp","Toulouse FC","09/01/2018 18:16:43","POSSIBLE_CARDS",166,17
1010609,"EA Guingamp","Toulouse FC","09/01/2018 18:16:47","YC2",167,17
1010609,"EA Guingamp","Toulouse FC","09/01/2018 18:16:47","CONF_YC2",168,17
1010609,"EA Guingamp","Toulouse FC","09/01/2018 18:16:50","Scorer",169,17
1010609,"EA Guingamp","Toulouse FC","09/01/2018 18:17:03","F2",170,18
1010609,"EA Guingamp","Toulouse FC","09/01/2018 18:17:03","FK1",171,18
1010609,"EA Guingamp","Toulouse FC","09/01/2018 18:17:03","DFK1",172,18
1010609,"EA Guingamp","Toulouse FC","09/01/2018 18:17:03","Ball Position",173,18
1010609,"EA Guingamp","Toulouse FC","09/01/2018 18:17:44","Restart",174,18
1010609,"EA Guingamp","Toulouse FC","09/01/2018 18:17:49","Scorer",175,18
1010609,"EA Guingamp","Toulouse FC","09/01/2018 18:17:49","Player_DATA_CONFIRMED",176,18
1010609,"EA Guingamp","Toulouse FC","09/01/2018 18:17:51","SHB1",177,18
1010609,"EA Guingamp","Toulouse FC","09/01/2018 18:17:52","SAFE2",178,18
1010609,"EA Guingamp","Toulouse FC","09/01/2018 18:17:54","GK2",179,18
1010609,"EA Guingamp","Toulouse FC","09/01/2018 18:18:15","Restart",180,19
1010609,"EA Guingamp","Toulouse FC","09/01/2018 18:18:23","SAFE2",181,19
1010609,"EA Guingamp","Toulouse FC","09/01/2018 18:18:33","AT2",182,19
1010609,"EA Guingamp","Toulouse FC","09/01/2018 18:18:41","DANGER2",183,19
1010609,"EA Guingamp","Toulouse FC","09/01/2018 18:18:41","DAT2",184,19
1010609,"EA Guingamp","Toulouse FC","09/01/2018 18:18:59","SAFE1",185,19
1010609,"EA Guingamp","Toulouse FC","09/01/2018 18:19:13","AT1",186,20
1010609,"EA Guingamp","Toulouse FC","09/01/2018 18:19:23","DANGER1",187,20
1010609,"EA Guingamp","Toulouse FC","09/01/2018 18:19:23","DAT1",188,20
1010609,"EA Guingamp","Toulouse FC","09/01/2018 18:19:26","SAFE2",189,20
1010609,"EA Guingamp","Toulouse FC","09/01/2018 18:19:43","AT2",190,20
1010609,"EA Guingamp","Toulouse FC","09/01/2018 18:19:52","SAFE1",191,20
1010609,"EA Guingamp","Toulouse FC","09/01/2018 18:20:10","AT2",192,21
1010609,"EA Guingamp","Toulouse FC","09/01/2018 18:20:11","DANGER2",193,21
1010609,"EA Guingamp","Toulouse FC","09/01/2018 18:20:11","DAT2",194,21
1010609,"EA Guingamp","Toulouse FC","09/01/2018 18:20:17","PCR2",195,21
1010609,"EA Guingamp","Toulouse FC","09/01/2018 18:20:26","CR2",196,21
1010609,"EA Guingamp","Toulouse FC","09/01/2018 18:20:27","Ball Position",197,21
1010609,"EA Guingamp","Toulouse FC","09/01/2018 18:20:58","Restart",198,21
1010609,"EA Guingamp","Toulouse FC","09/01/2018 18:21:07","SAFE1",199,22
1010609,"EA Guingamp","Toulouse FC","09/01/2018 18:21:17","AT1",200,22
1010609,"EA Guingamp","Toulouse FC","09/01/2018 18:21:26","SAFE2",201,22
1010609,"EA Guingamp","Toulouse FC","09/01/2018 18:21:31","AT2",202,22
1010609,"EA Guingamp","Toulouse FC","09/01/2018 18:21:33","DANGER2",203,22
1010609,"EA Guingamp","Toulouse FC","09/01/2018 18:21:33","DAT2",204,22
1010609,"EA Guingamp","Toulouse FC","09/01/2018 18:21:41","SHG2",205,22
1010609,"EA Guingamp","Toulouse FC","09/01/2018 18:21:43","SAFE1",206,22
1010609,"EA Guingamp","Toulouse FC","09/01/2018 18:22:02","AT1",207,23
1010609,"EA Guingamp","Toulouse FC","09/01/2018 18:22:07","DANGER1",208,23
1010609,"EA Guingamp","Toulouse FC","09/01/2018 18:22:07","DAT1",209,23
1010609,"EA Guingamp","Toulouse FC","09/01/2018 18:22:22","SAFE2",210,23
1010609,"EA Guingamp","Toulouse FC","09/01/2018 18:22:39","AT1",211,23
1010609,"EA Guingamp","Toulouse FC","09/01/2018 18:22:43","SAFE2",212,23
1010609,"EA Guingamp","Toulouse FC","09/01/2018 18:22:54","SAFE1",213,23
1010609,"EA Guingamp","Toulouse FC","09/01/2018 18:23:00","AT2",214,23
1010609,"EA Guingamp","Toulouse FC","09/01/2018 18:23:03","POSSIBLE_TI",215,24
1010609,"EA Guingamp","Toulouse FC","09/01/2018 18:23:06","TI1",216,24
1010609,"EA Guingamp","Toulouse FC","09/01/2018 18:23:13","Restart",217,24
1010609,"EA Guingamp","Toulouse FC","09/01/2018 18:23:16","SAFE1",218,24
1010609,"EA Guingamp","Toulouse FC","09/01/2018 18:23:16","AT1",219,24
1010609,"EA Guingamp","Toulouse FC","09/01/2018 18:23:25","SAFE2",220,24
1010609,"EA Guingamp","Toulouse FC","09/01/2018 18:23:26","Possible Free Kick",221,24
1010609,"EA Guingamp","Toulouse FC","09/01/2018 18:23:35","F1",223,24
1010609,"EA Guingamp","Toulouse FC","09/01/2018 18:23:35","FK2",224,24
1010609,"EA Guingamp","Toulouse FC","09/01/2018 18:23:35","Ball Position",225,24
1010609,"EA Guingamp","Toulouse FC","09/01/2018 18:23:48","Restart",226,24
1010609,"EA Guingamp","Toulouse FC","09/01/2018 18:23:56","SAFE1",227,24
1010609,"EA Guingamp","Toulouse FC","09/01/2018 18:23:59","AT1",228,24
1010609,"EA Guingamp","Toulouse FC","09/01/2018 18:24:03","DANGER1",229,25
1010609,"EA Guingamp","Toulouse FC","09/01/2018 18:24:03","DAT1",230,25
1010609,"EA Guingamp","Toulouse FC","09/01/2018 18:24:10","PCR1",231,25
1010609,"EA Guingamp","Toulouse FC","09/01/2018 18:24:14","CR1",232,25
1010609,"EA Guingamp","Toulouse FC","09/01/2018 18:24:15","Ball Position",233,25
1010609,"EA Guingamp","Toulouse FC","09/01/2018 18:24:29","Restart",234,25
1010609,"EA Guingamp","Toulouse FC","09/01/2018 18:24:39","SHB1",235,25
1010609,"EA Guingamp","Toulouse FC","09/01/2018 18:24:46","SAFE2",236,25
1010609,"EA Guingamp","Toulouse FC","09/01/2018 18:24:46","GK2",237,25
1010609,"EA Guingamp","Toulouse FC","09/01/2018 18:24:53","Restart",238,25
1010609,"EA Guingamp","Toulouse FC","09/01/2018 18:25:00","SAFE2",239,25
1010609,"EA Guingamp","Toulouse FC","09/01/2018 18:25:23","AT1",240,26
1010609,"EA Guingamp","Toulouse FC","09/01/2018 18:25:23","DANGER1",241,26
1010609,"EA Guingamp","Toulouse FC","09/01/2018 18:25:23","DAT1",242,26
1010609,"EA Guingamp","Toulouse FC","09/01/2018 18:25:25","Possible Free Kick",243,26
1010609,"EA Guingamp","Toulouse FC","09/01/2018 18:25:27","POSSIBLE_CARDS",245,26
1010609,"EA Guingamp","Toulouse FC","09/01/2018 18:25:38","YC2",246,26
1010609,"EA Guingamp","Toulouse FC","09/01/2018 18:25:39","CYC2",247,26
1010609,"EA Guingamp","Toulouse FC","09/01/2018 18:25:39","YRC2",248,26
1010609,"EA Guingamp","Toulouse FC","09/01/2018 18:25:46","CONF_YC_RC2",249,26
1010609,"EA Guingamp","Toulouse FC","09/01/2018 18:25:48","Scorer",250,26
1010609,"EA Guingamp","Toulouse FC","09/01/2018 18:25:55","System Message",251,26
1010609,"EA Guingamp","Toulouse FC","09/01/2018 18:26:04","F2",252,27
1010609,"EA Guingamp","Toulouse FC","09/01/2018 18:26:04","FK1",253,27
1010609,"EA Guingamp","Toulouse FC","09/01/2018 18:26:04","DFK1",254,27
1010609,"EA Guingamp","Toulouse FC","09/01/2018 18:26:04","Ball Position",255,27
1010609,"EA Guingamp","Toulouse FC","09/01/2018 18:26:21","Scorer",256,27
1010609,"EA Guingamp","Toulouse FC","09/01/2018 18:26:21","Player_DATA_CONFIRMED",257,27
1010609,"EA Guingamp","Toulouse FC","09/01/2018 18:26:49","Restart",258,27
1010609,"EA Guingamp","Toulouse FC","09/01/2018 18:26:53","PCR1",259,27
1010609,"EA Guingamp","Toulouse FC","09/01/2018 18:26:54","SHB1",260,27
1010609,"EA Guingamp","Toulouse FC","09/01/2018 18:26:56","CR1",261,27
1010609,"EA Guingamp","Toulouse FC","09/01/2018 18:26:57","Ball Position",262,27
1010609,"EA Guingamp","Toulouse FC","09/01/2018 18:27:07","Restart",263,28
1010609,"EA Guingamp","Toulouse FC","09/01/2018 18:27:11","SHB1",264,28
1010609,"EA Guingamp","Toulouse FC","09/01/2018 18:27:13","SAFE2",265,28
1010609,"EA Guingamp","Toulouse FC","09/01/2018 18:27:14","GK2",266,28
1010609,"EA Guingamp","Toulouse FC","09/01/2018 18:27:32","Restart",267,28
1010609,"EA Guingamp","Toulouse FC","09/01/2018 18:27:42","SAFE2",268,28
1010609,"EA Guingamp","Toulouse FC","09/01/2018 18:27:59","AT2",269,28
1010609,"EA Guingamp","Toulouse FC","09/01/2018 18:28:03","SAFE1",270,29
1010609,"EA Guingamp","Toulouse FC","09/01/2018 18:28:04","AT1",271,29
1010609,"EA Guingamp","Toulouse FC","09/01/2018 18:28:08","POSSIBLE_TI",272,29
1010609,"EA Guingamp","Toulouse FC","09/01/2018 18:28:11","TI1",273,29
1010609,"EA Guingamp","Toulouse FC","09/01/2018 18:28:18","Restart",274,29
1010609,"EA Guingamp","Toulouse FC","09/01/2018 18:28:20","DANGER1",275,29
1010609,"EA Guingamp","Toulouse FC","09/01/2018 18:28:20","DAT1",276,29
1010609,"EA Guingamp","Toulouse FC","09/01/2018 18:28:28","SAFE2",277,29
1010609,"EA Guingamp","Toulouse FC","09/01/2018 18:28:34","Possible Free Kick",278,29
1010609,"EA Guingamp","Toulouse FC","09/01/2018 18:28:46","F1",280,29
1010609,"EA Guingamp","Toulouse FC","09/01/2018 18:28:46","FK2",281,29
1010609,"EA Guingamp","Toulouse FC","09/01/2018 18:28:46","Ball Position",282,29
1010609,"EA Guingamp","Toulouse FC","09/01/2018 18:29:03","Restart",283,30
1010609,"EA Guingamp","Toulouse FC","09/01/2018 18:29:03","SAFE2",284,30
1010609,"EA Guingamp","Toulouse FC","09/01/2018 18:29:10","AT2",285,30
1010609,"EA Guingamp","Toulouse FC","09/01/2018 18:29:16","POSSIBLE_TI",286,30
1010609,"EA Guingamp","Toulouse FC","09/01/2018 18:29:19","TI1",287,30
1010609,"EA Guingamp","Toulouse FC","09/01/2018 18:29:21","Restart",288,30
1010609,"EA Guingamp","Toulouse FC","09/01/2018 18:29:22","SAFE1",289,30
1010609,"EA Guingamp","Toulouse FC","09/01/2018 18:29:33","AT1",290,30
1010609,"EA Guingamp","Toulouse FC","09/01/2018 18:29:52","DANGER1",291,30
1010609,"EA Guingamp","Toulouse FC","09/01/2018 18:29:52","DAT1",292,30
1010609,"EA Guingamp","Toulouse FC","09/01/2018 18:30:01","PCR1",293,30
1010609,"EA Guingamp","Toulouse FC","09/01/2018 18:30:15","CR1",294,31
1010609,"EA Guingamp","Toulouse FC","09/01/2018 18:30:16","Ball Position",295,31
1010609,"EA Guingamp","Toulouse FC","09/01/2018 18:30:24","Restart",296,31
1010609,"EA Guingamp","Toulouse FC","09/01/2018 18:30:44","SAFE1",297,31
1010609,"EA Guingamp","Toulouse FC","09/01/2018 18:30:44","AT1",298,31
1010609,"EA Guingamp","Toulouse FC","09/01/2018 18:30:50","DANGER1",299,31
1010609,"EA Guingamp","Toulouse FC","09/01/2018 18:30:50","DAT1",300,31
1010609,"EA Guingamp","Toulouse FC","09/01/2018 18:30:55","SAFE2",301,31
1010609,"EA Guingamp","Toulouse FC","09/01/2018 18:31:03","AT1",302,32
1010609,"EA Guingamp","Toulouse FC","09/01/2018 18:31:09","DANGER1",303,32
1010609,"EA Guingamp","Toulouse FC","09/01/2018 18:31:09","DAT1",304,32
1010609,"EA Guingamp","Toulouse FC","09/01/2018 18:31:14","Possible Free Kick",305,32
1010609,"EA Guingamp","Toulouse FC","09/01/2018 18:31:23","SAFE2",307,32
1010609,"EA Guingamp","Toulouse FC","09/01/2018 18:31:23","O1",308,32
1010609,"EA Guingamp","Toulouse FC","09/01/2018 18:31:23","FK2",309,32
1010609,"EA Guingamp","Toulouse FC","09/01/2018 18:31:23","Ball Position",310,32
1010609,"EA Guingamp","Toulouse FC","09/01/2018 18:31:43","Restart",311,32
1010609,"EA Guingamp","Toulouse FC","09/01/2018 18:31:50","AT2",312,32
1010609,"EA Guingamp","Toulouse FC","09/01/2018 18:31:53","SAFE1",313,32
1010609,"EA Guingamp","Toulouse FC","09/01/2018 18:31:54","Possible Free Kick",314,32
1010609,"EA Guingamp","Toulouse FC","09/01/2018 18:31:55","F2",316,32
1010609,"EA Guingamp","Toulouse FC","09/01/2018 18:31:55","FK1",317,32
1010609,"EA Guingamp","Toulouse FC","09/01/2018 18:31:56","Ball Position",318,32
1010609,"EA Guingamp","Toulouse FC","09/01/2018 18:31:56","Restart",319,32
1010609,"EA Guingamp","Toulouse FC","09/01/2018 18:31:57","SAFE1",320,32
1010609,"EA Guingamp","Toulouse FC","09/01/2018 18:32:03","AT1",321,33
1010609,"EA Guingamp","Toulouse FC","09/01/2018 18:32:05","DANGER1",322,33
1010609,"EA Guingamp","Toulouse FC","09/01/2018 18:32:05","DAT1",323,33
1010609,"EA Guingamp","Toulouse FC","09/01/2018 18:32:14","POSSIBLE_TI",324,33
1010609,"EA Guingamp","Toulouse FC","09/01/2018 18:32:21","TI1",325,33
1010609,"EA Guingamp","Toulouse FC","09/01/2018 18:32:22","Restart",326,33
1010609,"EA Guingamp","Toulouse FC","09/01/2018 18:32:37","SHB1",327,33
1010609,"EA Guingamp","Toulouse FC","09/01/2018 18:32:39","SAFE2",328,33
1010609,"EA Guingamp","Toulouse FC","09/01/2018 18:32:58","AT1",329,33
1010609,"EA Guingamp","Toulouse FC","09/01/2018 18:33:15","DANGER1",330,34
1010609,"EA Guingamp","Toulouse FC","09/01/2018 18:33:15","DAT1",331,34
1010609,"EA Guingamp","Toulouse FC","09/01/2018 18:33:22","POSSIBLE_TI",332,34
1010609,"EA Guingamp","Toulouse FC","09/01/2018 18:33:29","TI1",333,34
1010609,"EA Guingamp","Toulouse FC","09/01/2018 18:33:30","Restart",334,34
1010609,"EA Guingamp","Toulouse FC","09/01/2018 18:33:36","SAFE2",335,34
1010609,"EA Guingamp","Toulouse FC","09/01/2018 18:33:51","AT2",336,34
1010609,"EA Guingamp","Toulouse FC","09/01/2018 18:33:59","DANGER2",337,34
1010609,"EA Guingamp","Toulouse FC","09/01/2018 18:33:59","DAT2",338,34
1010609,"EA Guingamp","Toulouse FC","09/01/2018 18:34:16","SAFE2",339,35
1010609,"EA Guingamp","Toulouse FC","09/01/2018 18:34:16","AT2",340,35
1010609,"EA Guingamp","Toulouse FC","09/01/2018 18:34:27","SAFE1",341,35
1010609,"EA Guingamp","Toulouse FC","09/01/2018 18:34:42","AT1",342,35
1010609,"EA Guingamp","Toulouse FC","09/01/2018 18:34:55","DANGER1",343,35
1010609,"EA Guingamp","Toulouse FC","09/01/2018 18:34:55","DAT1",344,35
1010609,"EA Guingamp","Toulouse FC","09/01/2018 18:34:56","SAFE2",345,35
1010609,"EA Guingamp","Toulouse FC","09/01/2018 18:34:59","AT1",346,35
1010609,"EA Guingamp","Toulouse FC","09/01/2018 18:35:03","DANGER1",347,36
1010609,"EA Guingamp","Toulouse FC","09/01/2018 18:35:03","DAT1",348,36
1010609,"EA Guingamp","Toulouse FC","09/01/2018 18:35:13","SAFE2",349,36
1010609,"EA Guingamp","Toulouse FC","09/01/2018 18:35:19","AT2",350,36
1010609,"EA Guingamp","Toulouse FC","09/01/2018 18:35:23","Possible Free Kick",351,36
1010609,"EA Guingamp","Toulouse FC","09/01/2018 18:35:26","SAFE1",353,36
1010609,"EA Guingamp","Toulouse FC","09/01/2018 18:35:27","O2",354,36
1010609,"EA Guingamp","Toulouse FC","09/01/2018 18:35:27","FK1",355,36
1010609,"EA Guingamp","Toulouse FC","09/01/2018 18:35:27","Ball Position",356,36
1010609,"EA Guingamp","Toulouse FC","09/01/2018 18:35:27","Restart",357,36
1010609,"EA Guingamp","Toulouse FC","09/01/2018 18:35:28","SAFE1",358,36
1010609,"EA Guingamp","Toulouse FC","09/01/2018 18:35:35","AT1",359,36
1010609,"EA Guingamp","Toulouse FC","09/01/2018 18:35:37","DANGER1",360,36
1010609,"EA Guingamp","Toulouse FC","09/01/2018 18:35:37","DAT1",361,36
1010609,"EA Guingamp","Toulouse FC","09/01/2018 18:35:44","SHB1",362,36
1010609,"EA Guingamp","Toulouse FC","09/01/2018 18:35:53","SAFE2",363,36
1010609,"EA Guingamp","Toulouse FC","09/01/2018 18:35:53","GK2",364,36
1010609,"EA Guingamp","Toulouse FC","09/01/2018 18:36:14","Restart",365,37
1010609,"EA Guingamp","Toulouse FC","09/01/2018 18:36:23","AT2",366,37
1010609,"EA Guingamp","Toulouse FC","09/01/2018 18:36:28","SAFE1",367,37
1010609,"EA Guingamp","Toulouse FC","09/01/2018 18:36:29","AT1",368,37
1010609,"EA Guingamp","Toulouse FC","09/01/2018 18:36:31","DANGER1",369,37
1010609,"EA Guingamp","Toulouse FC","09/01/2018 18:36:31","DAT1",370,37
1010609,"EA Guingamp","Toulouse FC","09/01/2018 18:36:36","SHG1",371,37
1010609,"EA Guingamp","Toulouse FC","09/01/2018 18:36:45","SAFE2",372,37
1010609,"EA Guingamp","Toulouse FC","09/01/2018 18:36:58","AT2",373,37
1010609,"EA Guingamp","Toulouse FC","09/01/2018 18:37:00","Possible Free Kick",374,37
1010609,"EA Guingamp","Toulouse FC","09/01/2018 18:37:25","POSSIBLE_CARDS",376,38
1010609,"EA Guingamp","Toulouse FC","09/01/2018 18:37:29","YC1",377,38
1010609,"EA Guingamp","Toulouse FC","09/01/2018 18:37:32","CONF_YC1",378,38
1010609,"EA Guingamp","Toulouse FC","09/01/2018 18:37:33","Scorer",379,38
1010609,"EA Guingamp","Toulouse FC","09/01/2018 18:37:35","F1",380,38
1010609,"EA Guingamp","Toulouse FC","09/01/2018 18:37:35","FK2",381,38
1010609,"EA Guingamp","Toulouse FC","09/01/2018 18:37:35","DANGER2",382,38
1010609,"EA Guingamp","Toulouse FC","09/01/2018 18:37:35","DFK2",383,38
1010609,"EA Guingamp","Toulouse FC","09/01/2018 18:37:35","Ball Position",384,38
1010609,"EA Guingamp","Toulouse FC","09/01/2018 18:38:16","Restart",385,39
1010609,"EA Guingamp","Toulouse FC","09/01/2018 18:38:31","SAFE1",386,39
1010609,"EA Guingamp","Toulouse FC","09/01/2018 18:38:32","GK1",387,39
1010609,"EA Guingamp","Toulouse FC","09/01/2018 18:38:37","Restart",388,39
1010609,"EA Guingamp","Toulouse FC","09/01/2018 18:38:37","SAFE1",389,39
1010609,"EA Guingamp","Toulouse FC","09/01/2018 18:38:50","Scorer",390,39
1010609,"EA Guingamp","Toulouse FC","09/01/2018 18:38:50","Player_DATA_CONFIRMED",391,39
1010609,"EA Guingamp","Toulouse FC","09/01/2018 18:38:52","AT1",392,39
1010609,"EA Guingamp","Toulouse FC","09/01/2018 18:38:55","DANGER1",393,39
1010609,"EA Guingamp","Toulouse FC","09/01/2018 18:38:55","DAT1",394,39
1010609,"EA Guingamp","Toulouse FC","09/01/2018 18:39:00","PCR1",395,39
1010609,"EA Guingamp","Toulouse FC","09/01/2018 18:39:03","CR1",396,40
1010609,"EA Guingamp","Toulouse FC","09/01/2018 18:39:04","Ball Position",397,40
1010609,"EA Guingamp","Toulouse FC","09/01/2018 18:39:12","Restart",398,40
1010609,"EA Guingamp","Toulouse FC","09/01/2018 18:39:30","SHB1",399,40
1010609,"EA Guingamp","Toulouse FC","09/01/2018 18:39:40","SAFE2",400,40
1010609,"EA Guingamp","Toulouse FC","09/01/2018 18:39:40","GK2",401,40
1010609,"EA Guingamp","Toulouse FC","09/01/2018 18:39:53","Restart",402,40
1010609,"EA Guingamp","Toulouse FC","09/01/2018 18:40:00","SAFE2",403,40
1010609,"EA Guingamp","Toulouse FC","09/01/2018 18:40:10","SAFE1",404,41
1010609,"EA Guingamp","Toulouse FC","09/01/2018 18:40:11","Possible Free Kick",405,41
1010609,"EA Guingamp","Toulouse FC","09/01/2018 18:40:15","F2",407,41
1010609,"EA Guingamp","Toulouse FC","09/01/2018 18:40:15","FK1",408,41
1010609,"EA Guingamp","Toulouse FC","09/01/2018 18:40:15","Ball Position",409,41
1010609,"EA Guingamp","Toulouse FC","09/01/2018 18:40:18","Restart",410,41
1010609,"EA Guingamp","Toulouse FC","09/01/2018 18:40:18","SAFE1",411,41
1010609,"EA Guingamp","Toulouse FC","09/01/2018 18:40:25","AT1",412,41
1010609,"EA Guingamp","Toulouse FC","09/01/2018 18:40:41","POSSIBLE_TI",413,41
1010609,"EA Guingamp","Toulouse FC","09/01/2018 18:40:51","TI2",414,41
1010609,"EA Guingamp","Toulouse FC","09/01/2018 18:40:57","Restart",415,41
1010609,"EA Guingamp","Toulouse FC","09/01/2018 18:41:06","SAFE2",416,42
1010609,"EA Guingamp","Toulouse FC","09/01/2018 18:41:08","AT1",417,42
1010609,"EA Guingamp","Toulouse FC","09/01/2018 18:41:22","DANGER1",418,42
1010609,"EA Guingamp","Toulouse FC","09/01/2018 18:41:22","DAT1",419,42
1010609,"EA Guingamp","Toulouse FC","09/01/2018 18:41:35","SHG1",420,42
1010609,"EA Guingamp","Toulouse FC","09/01/2018 18:41:40","SAFE2",421,42
1010609,"EA Guingamp","Toulouse FC","09/01/2018 18:41:47","Possible Free Kick",422,42
1010609,"EA Guingamp","Toulouse FC","09/01/2018 18:41:51","FK1",424,42
1010609,"EA Guingamp","Toulouse FC","09/01/2018 18:41:51","DANGER1",425,42
1010609,"EA Guingamp","Toulouse FC","09/01/2018 18:41:51","DFK1",426,42
1010609,"EA Guingamp","Toulouse FC","09/01/2018 18:41:51","Ball Position",427,42
1010609,"EA Guingamp","Toulouse FC","09/01/2018 18:41:52","Restart",428,42
1010609,"EA Guingamp","Toulouse FC","09/01/2018 18:41:59","SAFE1",429,42
1010609,"EA Guingamp","Toulouse FC","09/01/2018 18:42:00","AT1",430,42
1010609,"EA Guingamp","Toulouse FC","09/01/2018 18:42:21","DANGER1",431,43
1010609,"EA Guingamp","Toulouse FC","09/01/2018 18:42:21","DAT1",432,43
1010609,"EA Guingamp","Toulouse FC","09/01/2018 18:42:28","SAFE2",433,43
1010609,"EA Guingamp","Toulouse FC","09/01/2018 18:42:28","GK2",434,43
1010609,"EA Guingamp","Toulouse FC","09/01/2018 18:42:50","Restart",435,43
1010609,"EA Guingamp","Toulouse FC","09/01/2018 18:42:58","AT2",436,43
1010609,"EA Guingamp","Toulouse FC","09/01/2018 18:43:04","SAFE1",437,44
1010609,"EA Guingamp","Toulouse FC","09/01/2018 18:43:05","Possible Free Kick",438,44
1010609,"EA Guingamp","Toulouse FC","09/01/2018 18:43:10","F2",440,44
1010609,"EA Guingamp","Toulouse FC","09/01/2018 18:43:10","FK1",441,44
1010609,"EA Guingamp","Toulouse FC","09/01/2018 18:43:10","Ball Position",442,44
1010609,"EA Guingamp","Toulouse FC","09/01/2018 18:43:11","Restart",443,44
1010609,"EA Guingamp","Toulouse FC","09/01/2018 18:43:13","AT1",444,44
1010609,"EA Guingamp","Toulouse FC","09/01/2018 18:43:28","DANGER1",445,44
1010609,"EA Guingamp","Toulouse FC","09/01/2018 18:43:28","DAT1",446,44
1010609,"EA Guingamp","Toulouse FC","09/01/2018 18:43:53","PCR1",447,44
1010609,"EA Guingamp","Toulouse FC","09/01/2018 18:43:59","CR1",448,44
1010609,"EA Guingamp","Toulouse FC","09/01/2018 18:44:00","Ball Position",449,44
1010609,"EA Guingamp","Toulouse FC","09/01/2018 18:44:08","Restart",450,45
1010609,"EA Guingamp","Toulouse FC","09/01/2018 18:44:10","GOAL1",451,45
1010609,"EA Guingamp","Toulouse FC","09/01/2018 18:44:37","Scorer",452,45
1010609,"EA Guingamp","Toulouse FC","09/01/2018 18:44:54","CONF_GOAL1",453,45
1010609,"EA Guingamp","Toulouse FC","09/01/2018 18:44:54","KO2",454,45
1010609,"EA Guingamp","Toulouse FC","09/01/2018 18:44:54","SAFE2",455,45
1010609,"EA Guingamp","Toulouse FC","09/01/2018 18:44:56","SAFE2",456,45
1010609,"EA Guingamp","Toulouse FC","09/01/2018 18:45:03","POSSIBLE_TI",457,46
1010609,"EA Guingamp","Toulouse FC","09/01/2018 18:45:04","TI2",458,46
1010609,"EA Guingamp","Toulouse FC","09/01/2018 18:45:08","Extra Time",459,46
1010609,"EA Guingamp","Toulouse FC","09/01/2018 18:45:17","Restart",460,46
1010609,"EA Guingamp","Toulouse FC","09/01/2018 18:45:18","SAFE2",461,46
1010609,"EA Guingamp","Toulouse FC","09/01/2018 18:45:18","AT2",462,46
1010609,"EA Guingamp","Toulouse FC","09/01/2018 18:45:22","Player_DATA_CONFIRMED",463,46
1010609,"EA Guingamp","Toulouse FC","09/01/2018 18:45:22","POSSIBLE_TI",464,46
1010609,"EA Guingamp","Toulouse FC","09/01/2018 18:45:22","Assist",465,46
1010609,"EA Guingamp","Toulouse FC","09/01/2018 18:45:25","TI1",466,46
1010609,"EA Guingamp","Toulouse FC","09/01/2018 18:45:28","Restart",467,46
1010609,"EA Guingamp","Toulouse FC","09/01/2018 18:45:38","DANGER2",468,46
1010609,"EA Guingamp","Toulouse FC","09/01/2018 18:45:38","DAT2",469,46
1010609,"EA Guingamp","Toulouse FC","09/01/2018 18:45:44","POSSIBLE_TI",470,46
1010609,"EA Guingamp","Toulouse FC","09/01/2018 18:46:01","TI2",471,47
1010609,"EA Guingamp","Toulouse FC","09/01/2018 18:46:12","Restart",472,47
1010609,"EA Guingamp","Toulouse FC","09/01/2018 18:46:16","PCR2",473,47
1010609,"EA Guingamp","Toulouse FC","09/01/2018 18:46:25","CR2",474,47
1010609,"EA Guingamp","Toulouse FC","09/01/2018 18:46:26","Ball Position",475,47
1010609,"EA Guingamp","Toulouse FC","09/01/2018 18:46:46","Restart",476,47
1010609,"EA Guingamp","Toulouse FC","09/01/2018 18:46:51","SAFE1",477,47
1010609,"EA Guingamp","Toulouse FC","09/01/2018 18:46:55","AT1",478,47
1010609,"EA Guingamp","Toulouse FC","09/01/2018 18:46:57","DANGER1",479,47
1010609,"EA Guingamp","Toulouse FC","09/01/2018 18:46:57","DAT1",480,47
1010609,"EA Guingamp","Toulouse FC","09/01/2018 18:47:03","SAFE2",481,48
1010609,"EA Guingamp","Toulouse FC","09/01/2018 18:47:11","Stop RT1",482,48
1010609,"EA Guingamp","Toulouse FC","09/01/2018 18:47:22","CONF_PERIOD_SCORE",483,45
1010609,"EA Guingamp","Toulouse FC","09/01/2018 19:00:29","Players are coming out",484,45
1010609,"EA Guingamp","Toulouse FC","09/01/2018 19:01:54","Game about to start",485,45
1010609,"EA Guingamp","Toulouse FC","09/01/2018 19:02:38","Start RT2 Team 1",486,46
1010609,"EA Guingamp","Toulouse FC","09/01/2018 19:02:39","SAFE1",487,46
1010609,"EA Guingamp","Toulouse FC","09/01/2018 19:02:46","SUB2",488,46
1010609,"EA Guingamp","Toulouse FC","09/01/2018 19:02:50","Player_DATA_CONFIRMED",489,46
1010609,"EA Guingamp","Toulouse FC","09/01/2018 19:02:53","AT1",490,46
1010609,"EA Guingamp","Toulouse FC","09/01/2018 19:03:00","SAFE2",491,46
1010609,"EA Guingamp","Toulouse FC","09/01/2018 19:03:20","POSSIBLE_TI",492,46
1010609,"EA Guingamp","Toulouse FC","09/01/2018 19:03:24","TI1",493,46
1010609,"EA Guingamp","Toulouse FC","09/01/2018 19:03:25","Restart",494,46
1010609,"EA Guingamp","Toulouse FC","09/01/2018 19:03:26","SAFE1",495,46
1010609,"EA Guingamp","Toulouse FC","09/01/2018 19:03:40","AT1",496,47
1010609,"EA Guingamp","Toulouse FC","09/01/2018 19:03:44","DANGER1",497,47
1010609,"EA Guingamp","Toulouse FC","09/01/2018 19:03:44","DAT1",498,47
1010609,"EA Guingamp","Toulouse FC","09/01/2018 19:03:44","Possible Free Kick",499,47
1010609,"EA Guingamp","Toulouse FC","09/01/2018 19:04:05","F2",501,47
1010609,"EA Guingamp","Toulouse FC","09/01/2018 19:04:05","FK1",502,47
1010609,"EA Guingamp","Toulouse FC","09/01/2018 19:04:05","DFK1",503,47
1010609,"EA Guingamp","Toulouse FC","09/01/2018 19:04:05","Ball Position",504,47
1010609,"EA Guingamp","Toulouse FC","09/01/2018 19:04:41","Restart",505,48
1010609,"EA Guingamp","Toulouse FC","09/01/2018 19:05:01","SAFE2",506,48
1010609,"EA Guingamp","Toulouse FC","09/01/2018 19:05:03","AT2",507,48
1010609,"EA Guingamp","Toulouse FC","09/01/2018 19:05:06","DANGER2",508,48
1010609,"EA Guingamp","Toulouse FC","09/01/2018 19:05:06","DAT2",509,48
1010609,"EA Guingamp","Toulouse FC","09/01/2018 19:05:14","Possible Free Kick",510,48
1010609,"EA Guingamp","Toulouse FC","09/01/2018 19:05:21","SAFE1",512,48
1010609,"EA Guingamp","Toulouse FC","09/01/2018 19:05:22","O2",513,48
1010609,"EA Guingamp","Toulouse FC","09/01/2018 19:05:22","FK1",514,48
1010609,"EA Guingamp","Toulouse FC","09/01/2018 19:05:22","Ball Position",515,48
1010609,"EA Guingamp","Toulouse FC","09/01/2018 19:05:24","Restart",516,48
1010609,"EA Guingamp","Toulouse FC","09/01/2018 19:05:24","SAFE1",517,48
1010609,"EA Guingamp","Toulouse FC","09/01/2018 19:05:35","AT1",518,48
1010609,"EA Guingamp","Toulouse FC","09/01/2018 19:05:59","DANGER1",519,49
1010609,"EA Guingamp","Toulouse FC","09/01/2018 19:05:59","DAT1",520,49
1010609,"EA Guingamp","Toulouse FC","09/01/2018 19:06:09","SAFE2",521,49
1010609,"EA Guingamp","Toulouse FC","09/01/2018 19:06:24","AT2",522,49
1010609,"EA Guingamp","Toulouse FC","09/01/2018 19:06:28","DANGER2",523,49
1010609,"EA Guingamp","Toulouse FC","09/01/2018 19:06:28","DAT2",524,49
1010609,"EA Guingamp","Toulouse FC","09/01/2018 19:06:31","SAFE1",525,49
1010609,"EA Guingamp","Toulouse FC","09/01/2018 19:06:33","AT1",526,49
1010609,"EA Guingamp","Toulouse FC","09/01/2018 19:06:44","POSSIBLE_TI",527,50
1010609,"EA Guingamp","Toulouse FC","09/01/2018 19:06:59","TI2",528,50
1010609,"EA Guingamp","Toulouse FC","09/01/2018 19:07:05","Restart",529,50
1010609,"EA Guingamp","Toulouse FC","09/01/2018 19:07:11","DANGER1",530,50
1010609,"EA Guingamp","Toulouse FC","09/01/2018 19:07:11","DAT1",531,50
1010609,"EA Guingamp","Toulouse FC","09/01/2018 19:07:17","SAFE2",532,50
1010609,"EA Guingamp","Toulouse FC","09/01/2018 19:07:21","AT2",533,50
1010609,"EA Guingamp","Toulouse FC","09/01/2018 19:07:25","DANGER2",534,50
1010609,"EA Guingamp","Toulouse FC","09/01/2018 19:07:25","DAT2",535,50
1010609,"EA Guingamp","Toulouse FC","09/01/2018 19:07:40","POSSIBLE_TI",536,51
1010609,"EA Guingamp","Toulouse FC","09/01/2018 19:07:49","TI2",537,51
1010609,"EA Guingamp","Toulouse FC","09/01/2018 19:07:58","Restart",538,51
1010609,"EA Guingamp","Toulouse FC","09/01/2018 19:08:21","Possible Free Kick",539,51
1010609,"EA Guingamp","Toulouse FC","09/01/2018 19:08:34","F1",541,51
1010609,"EA Guingamp","Toulouse FC","09/01/2018 19:08:34","FK2",542,51
1010609,"EA Guingamp","Toulouse FC","09/01/2018 19:08:34","DFK2",543,51
1010609,"EA Guingamp","Toulouse FC","09/01/2018 19:08:34","Ball Position",544,51
1010609,"EA Guingamp","Toulouse FC","09/01/2018 19:08:43","Restart",545,52
1010609,"EA Guingamp","Toulouse FC","09/01/2018 19:08:57","SAFE2",546,52
1010609,"EA Guingamp","Toulouse FC","09/01/2018 19:09:03","POSSIBLE_TI",547,52
1010609,"EA Guingamp","Toulouse FC","09/01/2018 19:09:05","TI1",548,52
1010609,"EA Guingamp","Toulouse FC","09/01/2018 19:09:06","Restart",549,52
1010609,"EA Guingamp","Toulouse FC","09/01/2018 19:09:09","POSSIBLE_TI",550,52
1010609,"EA Guingamp","Toulouse FC","09/01/2018 19:09:12","TI1",551,52
1010609,"EA Guingamp","Toulouse FC","09/01/2018 19:09:13","Restart",552,52
1010609,"EA Guingamp","Toulouse FC","09/01/2018 19:09:14","SAFE1",553,52
1010609,"EA Guingamp","Toulouse FC","09/01/2018 19:09:26","AT1",554,52
1010609,"EA Guingamp","Toulouse FC","09/01/2018 19:09:29","DANGER1",555,52
1010609,"EA Guingamp","Toulouse FC","09/01/2018 19:09:29","DAT1",556,52
1010609,"EA Guingamp","Toulouse FC","09/01/2018 19:10:02","SHW1",557,53
1010609,"EA Guingamp","Toulouse FC","09/01/2018 19:10:10","SAFE2",558,53
1010609,"EA Guingamp","Toulouse FC","09/01/2018 19:10:11","Possible Free Kick",559,53
1010609,"EA Guingamp","Toulouse FC","09/01/2018 19:10:43","POSSIBLE_CARDS",561,54
1010609,"EA Guingamp","Toulouse FC","09/01/2018 19:11:16","YC1",562,54
1010609,"EA Guingamp","Toulouse FC","09/01/2018 19:11:18","CONF_YC1",563,54
1010609,"EA Guingamp","Toulouse FC","09/01/2018 19:11:19","Scorer",564,54
1010609,"EA Guingamp","Toulouse FC","09/01/2018 19:11:26","F1",565,54
1010609,"EA Guingamp","Toulouse FC","09/01/2018 19:11:26","FK2",566,54
1010609,"EA Guingamp","Toulouse FC","09/01/2018 19:11:26","Ball Position",567,54
1010609,"EA Guingamp","Toulouse FC","09/01/2018 19:11:48","Restart",568,55
1010609,"EA Guingamp","Toulouse FC","09/01/2018 19:11:54","AT2",569,55
1010609,"EA Guingamp","Toulouse FC","09/01/2018 19:11:58","SAFE1",570,55
1010609,"EA Guingamp","Toulouse FC","09/01/2018 19:12:06","POSSIBLE_TI",571,55
1010609,"EA Guingamp","Toulouse FC","09/01/2018 19:12:08","TI1",572,55
1010609,"EA Guingamp","Toulouse FC","09/01/2018 19:12:10","Restart",573,55
1010609,"EA Guingamp","Toulouse FC","09/01/2018 19:12:11","SAFE1",574,55
1010609,"EA Guingamp","Toulouse FC","09/01/2018 19:12:20","Scorer",575,55
1010609,"EA Guingamp","Toulouse FC","09/01/2018 19:12:20","Player_DATA_CONFIRMED",576,55
1010609,"EA Guingamp","Toulouse FC","09/01/2018 19:12:21","AT1",577,55
1010609,"EA Guingamp","Toulouse FC","09/01/2018 19:12:29","DANGER1",578,55
1010609,"EA Guingamp","Toulouse FC","09/01/2018 19:12:29","DAT1",579,55
1010609,"EA Guingamp","Toulouse FC","09/01/2018 19:12:52","SHB1",580,56
1010609,"EA Guingamp","Toulouse FC","09/01/2018 19:13:00","SAFE2",581,56
1010609,"EA Guingamp","Toulouse FC","09/01/2018 19:13:01","GK2",582,56
1010609,"EA Guingamp","Toulouse FC","09/01/2018 19:13:28","Restart",583,56
1010609,"EA Guingamp","Toulouse FC","09/01/2018 19:13:36","SAFE1",584,56
1010609,"EA Guingamp","Toulouse FC","09/01/2018 19:13:42","AT1",585,57
1010609,"EA Guingamp","Toulouse FC","09/01/2018 19:13:44","DANGER1",586,57
1010609,"EA Guingamp","Toulouse FC","09/01/2018 19:13:44","DAT1",587,57
1010609,"EA Guingamp","Toulouse FC","09/01/2018 19:13:48","SAFE2",588,57
1010609,"EA Guingamp","Toulouse FC","09/01/2018 19:14:14","AT2",589,57
1010609,"EA Guingamp","Toulouse FC","09/01/2018 19:14:29","SAFE1",590,57
1010609,"EA Guingamp","Toulouse FC","09/01/2018 19:14:31","AT1",591,57
1010609,"EA Guingamp","Toulouse FC","09/01/2018 19:14:36","SAFE2",592,57
1010609,"EA Guingamp","Toulouse FC","09/01/2018 19:14:38","AT2",593,57
1010609,"EA Guingamp","Toulouse FC","09/01/2018 19:14:44","SAFE1",594,58
1010609,"EA Guingamp","Toulouse FC","09/01/2018 19:14:48","AT1",595,58
1010609,"EA Guingamp","Toulouse FC","09/01/2018 19:14:50","DANGER1",596,58
1010609,"EA Guingamp","Toulouse FC","09/01/2018 19:14:50","DAT1",597,58
1010609,"EA Guingamp","Toulouse FC","09/01/2018 19:15:00","SAFE2",598,58
1010609,"EA Guingamp","Toulouse FC","09/01/2018 19:15:31","AT1",599,58
1010609,"EA Guingamp","Toulouse FC","09/01/2018 19:15:44","SAFE2",600,59
1010609,"EA Guingamp","Toulouse FC","09/01/2018 19:15:47","AT2",601,59
1010609,"EA Guingamp","Toulouse FC","09/01/2018 19:15:49","DANGER2",602,59
1010609,"EA Guingamp","Toulouse FC","09/01/2018 19:15:49","DAT2",603,59
1010609,"EA Guingamp","Toulouse FC","09/01/2018 19:16:09","SAFE2",604,59
1010609,"EA Guingamp","Toulouse FC","09/01/2018 19:16:09","AT2",605,59
1010609,"EA Guingamp","Toulouse FC","09/01/2018 19:16:20","DANGER2",606,59
1010609,"EA Guingamp","Toulouse FC","09/01/2018 19:16:20","DAT2",607,59
1010609,"EA Guingamp","Toulouse FC","09/01/2018 19:16:30","SAFE1",608,59
1010609,"EA Guingamp","Toulouse FC","09/01/2018 19:16:33","SAFE2",609,59
1010609,"EA Guingamp","Toulouse FC","09/01/2018 19:16:41","AT2",610,60
1010609,"EA Guingamp","Toulouse FC","09/01/2018 19:16:43","DANGER2",611,60
1010609,"EA Guingamp","Toulouse FC","09/01/2018 19:16:43","DAT2",612,60
1010609,"EA Guingamp","Toulouse FC","09/01/2018 19:16:52","SAFE1",613,60
1010609,"EA Guingamp","Toulouse FC","09/01/2018 19:17:11","POSSIBLE_TI",614,60
1010609,"EA Guingamp","Toulouse FC","09/01/2018 19:17:31","TI2",615,60
1010609,"EA Guingamp","Toulouse FC","09/01/2018 19:17:32","Restart",616,60
1010609,"EA Guingamp","Toulouse FC","09/01/2018 19:17:33","SAFE1",617,60
1010609,"EA Guingamp","Toulouse FC","09/01/2018 19:17:55","AT1",618,61
1010609,"EA Guingamp","Toulouse FC","09/01/2018 19:18:10","SAFE2",619,61
1010609,"EA Guingamp","Toulouse FC","09/01/2018 19:18:11","AT2",620,61
1010609,"EA Guingamp","Toulouse FC","09/01/2018 19:18:18","SAFE2",621,61
1010609,"EA Guingamp","Toulouse FC","09/01/2018 19:18:19","Possible Free Kick",622,61
1010609,"EA Guingamp","Toulouse FC","09/01/2018 19:18:27","F1",624,61
1010609,"EA Guingamp","Toulouse FC","09/01/2018 19:18:27","FK2",625,61
1010609,"EA Guingamp","Toulouse FC","09/01/2018 19:18:27","Ball Position",626,61
1010609,"EA Guingamp","Toulouse FC","09/01/2018 19:18:29","Restart",627,61
1010609,"EA Guingamp","Toulouse FC","09/01/2018 19:18:31","AT2",628,61
1010609,"EA Guingamp","Toulouse FC","09/01/2018 19:18:35","DANGER2",629,61
1010609,"EA Guingamp","Toulouse FC","09/01/2018 19:18:35","DAT2",630,61
1010609,"EA Guingamp","Toulouse FC","09/01/2018 19:18:41","SAFE1",631,62
1010609,"EA Guingamp","Toulouse FC","09/01/2018 19:18:51","SAFE2",632,62
1010609,"EA Guingamp","Toulouse FC","09/01/2018 19:18:56","AT2",633,62
1010609,"EA Guingamp","Toulouse FC","09/01/2018 19:19:04","Possible Free Kick",634,62
1010609,"EA Guingamp","Toulouse FC","09/01/2018 19:19:13","F1",636,62
1010609,"EA Guingamp","Toulouse FC","09/01/2018 19:19:13","FK2",637,62
1010609,"EA Guingamp","Toulouse FC","09/01/2018 19:19:13","DANGER2",638,62
1010609,"EA Guingamp","Toulouse FC","09/01/2018 19:19:13","DFK2",639,62
1010609,"EA Guingamp","Toulouse FC","09/01/2018 19:19:13","Ball Position",640,62
1010609,"EA Guingamp","Toulouse FC","09/01/2018 19:19:14","Restart",641,62
1010609,"EA Guingamp","Toulouse FC","09/01/2018 19:19:22","SAFE2",642,62
1010609,"EA Guingamp","Toulouse FC","09/01/2018 19:19:26","AT2",643,62
1010609,"EA Guingamp","Toulouse FC","09/01/2018 19:19:29","POSSIBLE_TI",644,62
1010609,"EA Guingamp","Toulouse FC","09/01/2018 19:19:32","TI1",645,62
1010609,"EA Guingamp","Toulouse FC","09/01/2018 19:19:33","Restart",646,62
1010609,"EA Guingamp","Toulouse FC","09/01/2018 19:19:34","SAFE1",647,62
1010609,"EA Guingamp","Toulouse FC","09/01/2018 19:19:41","AT1",648,63
1010609,"EA Guingamp","Toulouse FC","09/01/2018 19:19:46","DANGER1",649,63
1010609,"EA Guingamp","Toulouse FC","09/01/2018 19:19:46","DAT1",650,63
1010609,"EA Guingamp","Toulouse FC","09/01/2018 19:19:52","PCR1",651,63
1010609,"EA Guingamp","Toulouse FC","09/01/2018 19:19:56","CR1",652,63
1010609,"EA Guingamp","Toulouse FC","09/01/2018 19:19:57","Ball Position",653,63
1010609,"EA Guingamp","Toulouse FC","09/01/2018 19:20:10","Restart",654,63
1010609,"EA Guingamp","Toulouse FC","09/01/2018 19:20:15","SAFE2",655,63
1010609,"EA Guingamp","Toulouse FC","09/01/2018 19:20:21","AT2",656,63
1010609,"EA Guingamp","Toulouse FC","09/01/2018 19:20:23","DANGER2",657,63
1010609,"EA Guingamp","Toulouse FC","09/01/2018 19:20:23","DAT2",658,63
1010609,"EA Guingamp","Toulouse FC","09/01/2018 19:20:30","PCR2",659,63
1010609,"EA Guingamp","Toulouse FC","09/01/2018 19:20:33","CR2",660,63
1010609,"EA Guingamp","Toulouse FC","09/01/2018 19:20:34","Ball Position",661,63
1010609,"EA Guingamp","Toulouse FC","09/01/2018 19:21:13","Restart",662,64
1010609,"EA Guingamp","Toulouse FC","09/01/2018 19:21:18","SAFE1",663,64
1010609,"EA Guingamp","Toulouse FC","09/01/2018 19:21:24","AT1",664,64
1010609,"EA Guingamp","Toulouse FC","09/01/2018 19:21:28","SAFE2",665,64
1010609,"EA Guingamp","Toulouse FC","09/01/2018 19:21:46","AT2",666,65
1010609,"EA Guingamp","Toulouse FC","09/01/2018 19:21:47","DANGER2",667,65
1010609,"EA Guingamp","Toulouse FC","09/01/2018 19:21:47","DAT2",668,65
1010609,"EA Guingamp","Toulouse FC","09/01/2018 19:21:53","SAFE1",669,65
1010609,"EA Guingamp","Toulouse FC","09/01/2018 19:22:04","AT1",670,65
1010609,"EA Guingamp","Toulouse FC","09/01/2018 19:22:10","DANGER1",671,65
1010609,"EA Guingamp","Toulouse FC","09/01/2018 19:22:10","DAT1",672,65
1010609,"EA Guingamp","Toulouse FC","09/01/2018 19:22:18","SAFE2",673,65
1010609,"EA Guingamp","Toulouse FC","09/01/2018 19:22:19","GK2",674,65
1010609,"EA Guingamp","Toulouse FC","09/01/2018 19:22:39","SUB2",675,66
1010609,"EA Guingamp","Toulouse FC","09/01/2018 19:23:10","Restart",676,66
1010609,"EA Guingamp","Toulouse FC","09/01/2018 19:23:19","Player_DATA_CONFIRMED",677,66
1010609,"EA Guingamp","Toulouse FC","09/01/2018 19:23:19","SAFE1",678,66
1010609,"EA Guingamp","Toulouse FC","09/01/2018 19:23:28","AT1",679,66
1010609,"EA Guingamp","Toulouse FC","09/01/2018 19:23:34","DANGER1",680,66
1010609,"EA Guingamp","Toulouse FC","09/01/2018 19:23:34","DAT1",681,66
1010609,"EA Guingamp","Toulouse FC","09/01/2018 19:23:57","SAFE2",682,67
1010609,"EA Guingamp","Toulouse FC","09/01/2018 19:24:04","SAFE1",683,67
1010609,"EA Guingamp","Toulouse FC","09/01/2018 19:24:09","AT1",684,67
1010609,"EA Guingamp","Toulouse FC","09/01/2018 19:24:42","DANGER1",685,68
1010609,"EA Guingamp","Toulouse FC","09/01/2018 19:24:42","DAT1",686,68
1010609,"EA Guingamp","Toulouse FC","09/01/2018 19:24:51","SAFE2",687,68
1010609,"EA Guingamp","Toulouse FC","09/01/2018 19:25:04","AT2",688,68
1010609,"EA Guingamp","Toulouse FC","09/01/2018 19:25:07","SAFE1",689,68
1010609,"EA Guingamp","Toulouse FC","09/01/2018 19:25:12","AT1",690,68
1010609,"EA Guingamp","Toulouse FC","09/01/2018 19:25:21","DANGER1",691,68
1010609,"EA Guingamp","Toulouse FC","09/01/2018 19:25:21","DAT1",692,68
1010609,"EA Guingamp","Toulouse FC","09/01/2018 19:25:29","SAFE2",693,68
1010609,"EA Guingamp","Toulouse FC","09/01/2018 19:25:30","GK2",694,68
1010609,"EA Guingamp","Toulouse FC","09/01/2018 19:25:53","SUB1",695,69
1010609,"EA Guingamp","Toulouse FC","09/01/2018 19:26:18","Restart",696,69
1010609,"EA Guingamp","Toulouse FC","09/01/2018 19:26:22","AT1",697,69
1010609,"EA Guingamp","Toulouse FC","09/01/2018 19:26:28","Possible Free Kick",698,69
1010609,"EA Guingamp","Toulouse FC","09/01/2018 19:26:33","F2",700,69
1010609,"EA Guingamp","Toulouse FC","09/01/2018 19:26:33","FK1",701,69
1010609,"EA Guingamp","Toulouse FC","09/01/2018 19:26:33","DANGER1",702,69
1010609,"EA Guingamp","Toulouse FC","09/01/2018 19:26:33","DFK1",703,69
1010609,"EA Guingamp","Toulouse FC","09/01/2018 19:26:33","Ball Position",704,69
1010609,"EA Guingamp","Toulouse FC","09/01/2018 19:26:34","Restart",705,69
1010609,"EA Guingamp","Toulouse FC","09/01/2018 19:26:41","BLOCKED1",706,70
1010609,"EA Guingamp","Toulouse FC","09/01/2018 19:26:51","Player_DATA_CONFIRMED",707,70
1010609,"EA Guingamp","Toulouse FC","09/01/2018 19:27:17","POSSIBLE_TI",708,70
1010609,"EA Guingamp","Toulouse FC","09/01/2018 19:27:21","TI1",709,70
1010609,"EA Guingamp","Toulouse FC","09/01/2018 19:27:23","Restart",710,70
1010609,"EA Guingamp","Toulouse FC","09/01/2018 19:27:31","PCR1",711,70
1010609,"EA Guingamp","Toulouse FC","09/01/2018 19:27:36","CR1",712,70
1010609,"EA Guingamp","Toulouse FC","09/01/2018 19:27:37","Ball Position",713,70
1010609,"EA Guingamp","Toulouse FC","09/01/2018 19:27:40","Restart",714,71
1010609,"EA Guingamp","Toulouse FC","09/01/2018 19:27:55","PCR1",715,71
1010609,"EA Guingamp","Toulouse FC","09/01/2018 19:27:58","CR1",716,71
1010609,"EA Guingamp","Toulouse FC","09/01/2018 19:27:59","Ball Position",717,71
1010609,"EA Guingamp","Toulouse FC","09/01/2018 19:28:10","Restart",718,71
1010609,"EA Guingamp","Toulouse FC","09/01/2018 19:28:18","SAFE2",719,71
1010609,"EA Guingamp","Toulouse FC","09/01/2018 19:28:23","POSSIBLE_TI",720,71
1010609,"EA Guingamp","Toulouse FC","09/01/2018 19:28:24","TI1",721,71
1010609,"EA Guingamp","Toulouse FC","09/01/2018 19:28:25","Restart",722,71
1010609,"EA Guingamp","Toulouse FC","09/01/2018 19:28:26","SAFE1",723,71
1010609,"EA Guingamp","Toulouse FC","09/01/2018 19:28:42","AT1",724,72
1010609,"EA Guingamp","Toulouse FC","09/01/2018 19:28:52","DANGER1",725,72
1010609,"EA Guingamp","Toulouse FC","09/01/2018 19:28:52","DAT1",726,72
1010609,"EA Guingamp","Toulouse FC","09/01/2018 19:28:59","POSSIBLE_TI",727,72
1010609,"EA Guingamp","Toulouse FC","09/01/2018 19:29:17","SUB2",728,72
1010609,"EA Guingamp","Toulouse FC","09/01/2018 19:29:21","NO_TI",729,72
1010609,"EA Guingamp","Toulouse FC","09/01/2018 19:29:23","Possible Free Kick",730,72
1010609,"EA Guingamp","Toulouse FC","09/01/2018 19:29:29","SAFE2",732,72
1010609,"EA Guingamp","Toulouse FC","09/01/2018 19:29:29","F1",733,72
1010609,"EA Guingamp","Toulouse FC","09/01/2018 19:29:29","FK2",734,72
1010609,"EA Guingamp","Toulouse FC","09/01/2018 19:29:29","Ball Position",735,72
1010609,"EA Guingamp","Toulouse FC","09/01/2018 19:29:41","Restart",736,73
1010609,"EA Guingamp","Toulouse FC","09/01/2018 19:29:48","AT1",737,73
1010609,"EA Guingamp","Toulouse FC","09/01/2018 19:29:49","Player_DATA_CONFIRMED",738,73
1010609,"EA Guingamp","Toulouse FC","09/01/2018 19:30:04","DANGER1",739,73
1010609,"EA Guingamp","Toulouse FC","09/01/2018 19:30:04","DAT1",740,73
1010609,"EA Guingamp","Toulouse FC","09/01/2018 19:30:11","SAFE2",741,73
1010609,"EA Guingamp","Toulouse FC","09/01/2018 19:30:14","AT1",742,73
1010609,"EA Guingamp","Toulouse FC","09/01/2018 19:30:15","DANGER1",743,73
1010609,"EA Guingamp","Toulouse FC","09/01/2018 19:30:15","DAT1",744,73
1010609,"EA Guingamp","Toulouse FC","09/01/2018 19:30:18","Possible Free Kick",745,73
1010609,"EA Guingamp","Toulouse FC","09/01/2018 19:30:23","POSSIBLE_CARDS",747,73
1010609,"EA Guingamp","Toulouse FC","09/01/2018 19:30:31","NO_Cards",748,73
1010609,"EA Guingamp","Toulouse FC","09/01/2018 19:30:35","F2",749,73
1010609,"EA Guingamp","Toulouse FC","09/01/2018 19:30:35","FK1",750,73
1010609,"EA Guingamp","Toulouse FC","09/01/2018 19:30:35","DFK1",751,73
1010609,"EA Guingamp","Toulouse FC","09/01/2018 19:30:35","Ball Position",752,73
1010609,"EA Guingamp","Toulouse FC","09/01/2018 19:31:08","Restart",753,74
1010609,"EA Guingamp","Toulouse FC","09/01/2018 19:31:12","SHG1",754,74
1010609,"EA Guingamp","Toulouse FC","09/01/2018 19:31:21","POSSIBLE_TI",755,74
1010609,"EA Guingamp","Toulouse FC","09/01/2018 19:31:26","TI1",756,74
1010609,"EA Guingamp","Toulouse FC","09/01/2018 19:31:28","Restart",757,74
1010609,"EA Guingamp","Toulouse FC","09/01/2018 19:31:29","SAFE1",758,74
1010609,"EA Guingamp","Toulouse FC","09/01/2018 19:31:29","AT1",759,74
1010609,"EA Guingamp","Toulouse FC","09/01/2018 19:31:51","DANGER1",760,75
1010609,"EA Guingamp","Toulouse FC","09/01/2018 19:31:51","DAT1",761,75
1010609,"EA Guingamp","Toulouse FC","09/01/2018 19:32:09","BLOCKED1",762,75
1010609,"EA Guingamp","Toulouse FC","09/01/2018 19:32:14","PCR1",763,75
1010609,"EA Guingamp","Toulouse FC","09/01/2018 19:32:20","CR1",764,75
1010609,"EA Guingamp","Toulouse FC","09/01/2018 19:32:21","Ball Position",765,75
1010609,"EA Guingamp","Toulouse FC","09/01/2018 19:32:32","SUB1",766,75
1010609,"EA Guingamp","Toulouse FC","09/01/2018 19:32:56","Restart",767,76
1010609,"EA Guingamp","Toulouse FC","09/01/2018 19:33:00","SUB_UPDATE",768,76
1010609,"EA Guingamp","Toulouse FC","09/01/2018 19:33:00","Player_DATA_CONFIRMED",769,76
1010609,"EA Guingamp","Toulouse FC","09/01/2018 19:33:03","SHB1",770,76
1010609,"EA Guingamp","Toulouse FC","09/01/2018 19:33:07","SAFE2",771,76
1010609,"EA Guingamp","Toulouse FC","09/01/2018 19:33:07","GK2",772,76
1010609,"EA Guingamp","Toulouse FC","09/01/2018 19:33:28","Restart",773,76
1010609,"EA Guingamp","Toulouse FC","09/01/2018 19:33:39","POSSIBLE_TI",774,77
1010609,"EA Guingamp","Toulouse FC","09/01/2018 19:33:44","TI1",775,77
1010609,"EA Guingamp","Toulouse FC","09/01/2018 19:33:45","Restart",776,77
1010609,"EA Guingamp","Toulouse FC","09/01/2018 19:33:48","SAFE1",777,77
1010609,"EA Guingamp","Toulouse FC","09/01/2018 19:34:03","AT1",778,77
1010609,"EA Guingamp","Toulouse FC","09/01/2018 19:34:09","POSSIBLE_TI",779,77
1010609,"EA Guingamp","Toulouse FC","09/01/2018 19:34:12","TI1",780,77
1010609,"EA Guingamp","Toulouse FC","09/01/2018 19:34:13","Restart",781,77
1010609,"EA Guingamp","Toulouse FC","09/01/2018 19:34:29","DANGER1",782,77
1010609,"EA Guingamp","Toulouse FC","09/01/2018 19:34:29","DAT1",783,77
1010609,"EA Guingamp","Toulouse FC","09/01/2018 19:34:34","SAFE2",784,77
1010609,"EA Guingamp","Toulouse FC","09/01/2018 19:34:37","Possible Free Kick",785,77
1010609,"EA Guingamp","Toulouse FC","09/01/2018 19:34:53","F1",787,78
1010609,"EA Guingamp","Toulouse FC","09/01/2018 19:34:53","FK2",788,78
1010609,"EA Guingamp","Toulouse FC","09/01/2018 19:34:53","Ball Position",789,78
1010609,"EA Guingamp","Toulouse FC","09/01/2018 19:35:12","Restart",790,78
1010609,"EA Guingamp","Toulouse FC","09/01/2018 19:35:13","SAFE2",791,78
1010609,"EA Guingamp","Toulouse FC","09/01/2018 19:35:25","AT1",792,78
1010609,"EA Guingamp","Toulouse FC","09/01/2018 19:35:29","DANGER1",793,78
1010609,"EA Guingamp","Toulouse FC","09/01/2018 19:35:29","DAT1",794,78
1010609,"EA Guingamp","Toulouse FC","09/01/2018 19:35:33","SHB1",795,78
1010609,"EA Guingamp","Toulouse FC","09/01/2018 19:35:37","SAFE2",796,78
1010609,"EA Guingamp","Toulouse FC","09/01/2018 19:35:38","GK2",797,78
1010609,"EA Guingamp","Toulouse FC","09/01/2018 19:35:58","Restart",798,79
1010609,"EA Guingamp","Toulouse FC","09/01/2018 19:36:06","SAFE2",799,79
1010609,"EA Guingamp","Toulouse FC","09/01/2018 19:36:13","POSSIBLE_TI",800,79
1010609,"EA Guingamp","Toulouse FC","09/01/2018 19:36:18","TI1",801,79
1010609,"EA Guingamp","Toulouse FC","09/01/2018 19:36:20","Restart",802,79
1010609,"EA Guingamp","Toulouse FC","09/01/2018 19:36:20","SAFE1",803,79
1010609,"EA Guingamp","Toulouse FC","09/01/2018 19:36:39","AT1",804,80
1010609,"EA Guingamp","Toulouse FC","09/01/2018 19:36:45","DANGER1",805,80
1010609,"EA Guingamp","Toulouse FC","09/01/2018 19:36:45","DAT1",806,80
1010609,"EA Guingamp","Toulouse FC","09/01/2018 19:36:51","PCR1",807,80
1010609,"EA Guingamp","Toulouse FC","09/01/2018 19:36:57","NCR1",808,80
1010609,"EA Guingamp","Toulouse FC","09/01/2018 19:37:03","SHB1",809,80
1010609,"EA Guingamp","Toulouse FC","09/01/2018 19:37:03","SAFE2",810,80
1010609,"EA Guingamp","Toulouse FC","09/01/2018 19:37:06","GK2",811,80
1010609,"EA Guingamp","Toulouse FC","09/01/2018 19:37:15","SUB1",812,80
1010609,"EA Guingamp","Toulouse FC","09/01/2018 19:37:21","Restart",813,80
1010609,"EA Guingamp","Toulouse FC","09/01/2018 19:37:22","SAFE2",814,80
1010609,"EA Guingamp","Toulouse FC","09/01/2018 19:37:30","AT2",815,80
1010609,"EA Guingamp","Toulouse FC","09/01/2018 19:37:33","SAFE1",816,80
1010609,"EA Guingamp","Toulouse FC","09/01/2018 19:37:48","AT1",817,81
1010609,"EA Guingamp","Toulouse FC","09/01/2018 19:37:49","DANGER1",818,81
1010609,"EA Guingamp","Toulouse FC","09/01/2018 19:37:49","DAT1",819,81
1010609,"EA Guingamp","Toulouse FC","09/01/2018 19:37:56","SAFE2",820,81
1010609,"EA Guingamp","Toulouse FC","09/01/2018 19:37:57","Possible Free Kick",821,81
1010609,"EA Guingamp","Toulouse FC","09/01/2018 19:38:09","Injury Break",823,81
1010609,"EA Guingamp","Toulouse FC","09/01/2018 19:38:19","Player_DATA_CONFIRMED",824,81
1010609,"EA Guingamp","Toulouse FC","09/01/2018 19:39:07","Restart",825,82
1010609,"EA Guingamp","Toulouse FC","09/01/2018 19:39:07","F1",826,82
1010609,"EA Guingamp","Toulouse FC","09/01/2018 19:39:07","FK2",827,82
1010609,"EA Guingamp","Toulouse FC","09/01/2018 19:39:07","Ball Position",828,82
1010609,"EA Guingamp","Toulouse FC","09/01/2018 19:39:22","Restart",829,82
1010609,"EA Guingamp","Toulouse FC","09/01/2018 19:39:29","AT2",830,82
1010609,"EA Guingamp","Toulouse FC","09/01/2018 19:39:32","SAFE1",831,82
1010609,"EA Guingamp","Toulouse FC","09/01/2018 19:39:34","AT1",832,82
1010609,"EA Guingamp","Toulouse FC","09/01/2018 19:39:37","POSSIBLE_TI",833,82
1010609,"EA Guingamp","Toulouse FC","09/01/2018 19:39:40","TI1",834,83
1010609,"EA Guingamp","Toulouse FC","09/01/2018 19:39:41","Restart",835,83
1010609,"EA Guingamp","Toulouse FC","09/01/2018 19:39:54","DANGER1",836,83
1010609,"EA Guingamp","Toulouse FC","09/01/2018 19:39:54","DAT1",837,83
1010609,"EA Guingamp","Toulouse FC","09/01/2018 19:40:17","POSSIBLE_TI",838,83
1010609,"EA Guingamp","Toulouse FC","09/01/2018 19:40:21","TI1",839,83
1010609,"EA Guingamp","Toulouse FC","09/01/2018 19:40:23","Restart",840,83
1010609,"EA Guingamp","Toulouse FC","09/01/2018 19:40:27","POSSIBLE_TI",841,83
1010609,"EA Guingamp","Toulouse FC","09/01/2018 19:40:28","TI1",842,83
1010609,"EA Guingamp","Toulouse FC","09/01/2018 19:40:30","Restart",843,83
1010609,"EA Guingamp","Toulouse FC","09/01/2018 19:40:41","SAFE1",844,84
1010609,"EA Guingamp","Toulouse FC","09/01/2018 19:40:42","AT1",845,84
1010609,"EA Guingamp","Toulouse FC","09/01/2018 19:40:47","DANGER1",846,84
1010609,"EA Guingamp","Toulouse FC","09/01/2018 19:40:47","DAT1",847,84
1010609,"EA Guingamp","Toulouse FC","09/01/2018 19:40:56","SAFE2",848,84
1010609,"EA Guingamp","Toulouse FC","09/01/2018 19:40:57","Possible Free Kick",849,84
1010609,"EA Guingamp","Toulouse FC","09/01/2018 19:41:32","POSSIBLE_CARDS",851,84
1010609,"EA Guingamp","Toulouse FC","09/01/2018 19:41:42","YC1",852,85
1010609,"EA Guingamp","Toulouse FC","09/01/2018 19:41:44","CONF_YC1",853,85
1010609,"EA Guingamp","Toulouse FC","09/01/2018 19:41:45","Scorer",854,85
1010609,"EA Guingamp","Toulouse FC","09/01/2018 19:41:53","F1",855,85
1010609,"EA Guingamp","Toulouse FC","09/01/2018 19:41:53","FK2",856,85
1010609,"EA Guingamp","Toulouse FC","09/01/2018 19:41:53","Ball Position",857,85
1010609,"EA Guingamp","Toulouse FC","09/01/2018 19:42:19","Scorer",858,85
1010609,"EA Guingamp","Toulouse FC","09/01/2018 19:42:19","Player_DATA_CONFIRMED",859,85
1010609,"EA Guingamp","Toulouse FC","09/01/2018 19:42:19","Restart",860,85
1010609,"EA Guingamp","Toulouse FC","09/01/2018 19:42:22","AT2",861,85
1010609,"EA Guingamp","Toulouse FC","09/01/2018 19:42:26","SAFE1",862,85
1010609,"EA Guingamp","Toulouse FC","09/01/2018 19:42:28","AT1",863,85
1010609,"EA Guingamp","Toulouse FC","09/01/2018 19:42:32","DANGER1",864,85
1010609,"EA Guingamp","Toulouse FC","09/01/2018 19:42:32","DAT1",865,85
1010609,"EA Guingamp","Toulouse FC","09/01/2018 19:42:54","SAFE2",866,86
1010609,"EA Guingamp","Toulouse FC","09/01/2018 19:43:15","SAFE1",867,86
1010609,"EA Guingamp","Toulouse FC","09/01/2018 19:43:28","AT1",868,86
1010609,"EA Guingamp","Toulouse FC","09/01/2018 19:43:36","DANGER1",869,86
1010609,"EA Guingamp","Toulouse FC","09/01/2018 19:43:36","DAT1",870,86
1010609,"EA Guingamp","Toulouse FC","09/01/2018 19:44:09","SAFE2",871,87
1010609,"EA Guingamp","Toulouse FC","09/01/2018 19:44:24","POSSIBLE_TI",872,87
1010609,"EA Guingamp","Toulouse FC","09/01/2018 19:44:35","Injury Break",873,87
1010609,"EA Guingamp","Toulouse FC","09/01/2018 19:45:14","System Message",874,88
1010609,"EA Guingamp","Toulouse FC","09/01/2018 19:45:44","Restart",875,89
1010609,"EA Guingamp","Toulouse FC","09/01/2018 19:45:44","TI1",876,89
1010609,"EA Guingamp","Toulouse FC","09/01/2018 19:45:53","POSSIBLE_CARDS",877,89
1010609,"EA Guingamp","Toulouse FC","09/01/2018 19:45:56","NO_Cards",878,89
1010609,"EA Guingamp","Toulouse FC","09/01/2018 19:46:05","POSSIBLE_TI",879,89
1010609,"EA Guingamp","Toulouse FC","09/01/2018 19:46:10","Restart",880,89
1010609,"EA Guingamp","Toulouse FC","09/01/2018 19:46:10","TI2",881,89
1010609,"EA Guingamp","Toulouse FC","09/01/2018 19:46:11","Restart",882,89
1010609,"EA Guingamp","Toulouse FC","09/01/2018 19:46:12","AT1",883,89
1010609,"EA Guingamp","Toulouse FC","09/01/2018 19:46:17","SAFE2",884,89
1010609,"EA Guingamp","Toulouse FC","09/01/2018 19:46:20","AT2",885,89
1010609,"EA Guingamp","Toulouse FC","09/01/2018 19:46:24","SAFE1",886,89
1010609,"EA Guingamp","Toulouse FC","09/01/2018 19:46:25","Possible Free Kick",887,89
1010609,"EA Guingamp","Toulouse FC","09/01/2018 19:46:30","F2",889,89
1010609,"EA Guingamp","Toulouse FC","09/01/2018 19:46:30","FK1",890,89
1010609,"EA Guingamp","Toulouse FC","09/01/2018 19:46:31","Ball Position",891,89
1010609,"EA Guingamp","Toulouse FC","09/01/2018 19:46:31","Restart",892,89
1010609,"EA Guingamp","Toulouse FC","09/01/2018 19:46:34","SAFE1",893,89
1010609,"EA Guingamp","Toulouse FC","09/01/2018 19:46:35","AT1",894,89
1010609,"EA Guingamp","Toulouse FC","09/01/2018 19:46:38","DANGER1",895,89
1010609,"EA Guingamp","Toulouse FC","09/01/2018 19:46:38","DAT1",896,89
1010609,"EA Guingamp","Toulouse FC","09/01/2018 19:46:45","POSSIBLE_TI",897,90
1010609,"EA Guingamp","Toulouse FC","09/01/2018 19:46:47","TI1",898,90
1010609,"EA Guingamp","Toulouse FC","09/01/2018 19:46:48","Restart",899,90
1010609,"EA Guingamp","Toulouse FC","09/01/2018 19:46:57","System Message",900,90
1010609,"EA Guingamp","Toulouse FC","09/01/2018 19:47:04","POSSIBLE_TI",901,90
1010609,"EA Guingamp","Toulouse FC","09/01/2018 19:47:12","TI1",902,90
1010609,"EA Guingamp","Toulouse FC","09/01/2018 19:47:16","Restart",903,90
1010609,"EA Guingamp","Toulouse FC","09/01/2018 19:47:34","POSSIBLE_TI",904,90
1010609,"EA Guingamp","Toulouse FC","09/01/2018 19:47:41","TI1",905,91
1010609,"EA Guingamp","Toulouse FC","09/01/2018 19:47:43","Restart",906,91
1010609,"EA Guingamp","Toulouse FC","09/01/2018 19:48:05","POSSIBLE_TI",907,91
1010609,"EA Guingamp","Toulouse FC","09/01/2018 19:48:07","TI1",908,91
1010609,"EA Guingamp","Toulouse FC","09/01/2018 19:48:08","Restart",909,91
1010609,"EA Guingamp","Toulouse FC","09/01/2018 19:48:15","Extra Time",910,91
1010609,"EA Guingamp","Toulouse FC","09/01/2018 19:48:17","SHB1",911,91
1010609,"EA Guingamp","Toulouse FC","09/01/2018 19:48:22","SAFE2",912,91
1010609,"EA Guingamp","Toulouse FC","09/01/2018 19:48:22","GK2",913,91
1010609,"EA Guingamp","Toulouse FC","09/01/2018 19:48:26","Extra Time",914,91
1010609,"EA Guingamp","Toulouse FC","09/01/2018 19:48:43","Restart",915,92
1010609,"EA Guingamp","Toulouse FC","09/01/2018 19:48:51","SAFE1",916,92
1010609,"EA Guingamp","Toulouse FC","09/01/2018 19:48:51","Possible Free Kick",917,92
1010609,"EA Guingamp","Toulouse FC","09/01/2018 19:48:57","F2",919,92
1010609,"EA Guingamp","Toulouse FC","09/01/2018 19:48:57","FK1",920,92
1010609,"EA Guingamp","Toulouse FC","09/01/2018 19:48:57","Ball Position",921,92
1010609,"EA Guingamp","Toulouse FC","09/01/2018 19:48:59","Restart",922,92
1010609,"EA Guingamp","Toulouse FC","09/01/2018 19:49:00","AT1",923,92
1010609,"EA Guingamp","Toulouse FC","09/01/2018 19:49:10","DANGER1",924,92
1010609,"EA Guingamp","Toulouse FC","09/01/2018 19:49:10","DAT1",925,92
1010609,"EA Guingamp","Toulouse FC","09/01/2018 19:49:30","POSSIBLE_TI",926,92
1010609,"EA Guingamp","Toulouse FC","09/01/2018 19:49:43","TI2",927,93
1010609,"EA Guingamp","Toulouse FC","09/01/2018 19:49:54","Restart",928,93
1010609,"EA Guingamp","Toulouse FC","09/01/2018 19:50:03","POSSIBLE_TI",929,93
1010609,"EA Guingamp","Toulouse FC","09/01/2018 19:50:11","TI2",930,93
1010609,"EA Guingamp","Toulouse FC","09/01/2018 19:50:16","Restart",931,93
1010609,"EA Guingamp","Toulouse FC","09/01/2018 19:50:20","SAFE2",932,93
1010609,"EA Guingamp","Toulouse FC","09/01/2018 19:50:24","POSSIBLE_TI",933,93
1010609,"EA Guingamp","Toulouse FC","09/01/2018 19:50:36","TI2",934,93
1010609,"EA Guingamp","Toulouse FC","09/01/2018 19:50:37","Restart",935,93
1010609,"EA Guingamp","Toulouse FC","09/01/2018 19:50:37","AT2",936,93
1010609,"EA Guingamp","Toulouse FC","09/01/2018 19:50:44","DANGER2",937,94
1010609,"EA Guingamp","Toulouse FC","09/01/2018 19:50:44","DAT2",938,94
1010609,"EA Guingamp","Toulouse FC","09/01/2018 19:51:00","POSSIBLE_TI",939,94
1010609,"EA Guingamp","Toulouse FC","09/01/2018 19:51:10","TI2",940,94
1010609,"EA Guingamp","Toulouse FC","09/01/2018 19:51:21","Restart",941,94
1010609,"EA Guingamp","Toulouse FC","09/01/2018 19:51:35","POSSIBLE_TI",942,94
1010609,"EA Guingamp","Toulouse FC","09/01/2018 19:51:37","TI1",943,94
1010609,"EA Guingamp","Toulouse FC","09/01/2018 19:51:37","Restart",944,94
1010609,"EA Guingamp","Toulouse FC","09/01/2018 19:51:38","SAFE1",945,94
1010609,"EA Guingamp","Toulouse FC","09/01/2018 19:51:43","AT1",946,95
1010609,"EA Guingamp","Toulouse FC","09/01/2018 19:51:47","DANGER1",947,95
1010609,"EA Guingamp","Toulouse FC","09/01/2018 19:51:47","DAT1",948,95
1010609,"EA Guingamp","Toulouse FC","09/01/2018 19:52:12","SAFE2",949,95
1010609,"EA Guingamp","Toulouse FC","09/01/2018 19:52:20","POSSIBLE_TI",950,95
1010609,"EA Guingamp","Toulouse FC","09/01/2018 19:52:25","TI2",951,95
1010609,"EA Guingamp","Toulouse FC","09/01/2018 19:52:26","Restart",952,95
1010609,"EA Guingamp","Toulouse FC","09/01/2018 19:52:31","SAFE1",953,95
1010609,"EA Guingamp","Toulouse FC","09/01/2018 19:52:38","Stop RT2",954,95
1010609,"EA Guingamp","Toulouse FC","09/01/2018 19:52:38","Stop Game",955,95
1010609,"EA Guingamp","Toulouse FC","09/01/2018 19:52:44","CONF_PERIOD_SCORE",956,95
