"RBallID","HomeTeam","AwayTeam","Timestamp","Incident","IncidentNumber","Minute"
882162,"FC Girondins de Bordeaux","AS Monaco FC","10/28/2017 13:59:08","Transmission Online",0,0
882162,"FC Girondins de Bordeaux","AS Monaco FC","10/28/2017 14:02:04","Lineup changed",1,0
882162,"FC Girondins de Bordeaux","AS Monaco FC","10/28/2017 14:14:34","Scout in Stadion",2,0
882162,"FC Girondins de Bordeaux","AS Monaco FC","10/28/2017 14:14:34","Jersey Changed",3,0
882162,"FC Girondins de Bordeaux","AS Monaco FC","10/28/2017 14:14:34","Jersey Changed",4,0
882162,"FC Girondins de Bordeaux","AS Monaco FC","10/28/2017 14:16:15","GCC",5,0
882162,"FC Girondins de Bordeaux","AS Monaco FC","10/28/2017 14:53:32","Jersey Changed",6,0
882162,"FC Girondins de Bordeaux","AS Monaco FC","10/28/2017 14:55:31","Jersey Changed",7,0
882162,"FC Girondins de Bordeaux","AS Monaco FC","10/28/2017 14:55:51","Players are coming out",8,0
882162,"FC Girondins de Bordeaux","AS Monaco FC","10/28/2017 14:56:04","Players lined up",9,0
882162,"FC Girondins de Bordeaux","AS Monaco FC","10/28/2017 14:56:20","Shake hands",10,0
882162,"FC Girondins de Bordeaux","AS Monaco FC","10/28/2017 14:57:01","Photo taking",11,0
882162,"FC Girondins de Bordeaux","AS Monaco FC","10/28/2017 14:57:28","Flip coin",12,0
882162,"FC Girondins de Bordeaux","AS Monaco FC","10/28/2017 14:59:03","Game about to start",13,0
882162,"FC Girondins de Bordeaux","AS Monaco FC","10/28/2017 15:00:03","Start RT1 Team 1",14,1
882162,"FC Girondins de Bordeaux","AS Monaco FC","10/28/2017 15:00:05","AT1",15,1
882162,"FC Girondins de Bordeaux","AS Monaco FC","10/28/2017 15:00:17","POSSIBLE_TI",16,1
882162,"FC Girondins de Bordeaux","AS Monaco FC","10/28/2017 15:00:18","TI1",17,1
882162,"FC Girondins de Bordeaux","AS Monaco FC","10/28/2017 15:00:24","Restart",18,1
882162,"FC Girondins de Bordeaux","AS Monaco FC","10/28/2017 15:00:29","POSSIBLE_TI",19,1
882162,"FC Girondins de Bordeaux","AS Monaco FC","10/28/2017 15:00:30","TI1",20,1
882162,"FC Girondins de Bordeaux","AS Monaco FC","10/28/2017 15:00:35","Restart",21,1
882162,"FC Girondins de Bordeaux","AS Monaco FC","10/28/2017 15:00:40","SAFE2",22,1
882162,"FC Girondins de Bordeaux","AS Monaco FC","10/28/2017 15:00:53","AT2",23,1
882162,"FC Girondins de Bordeaux","AS Monaco FC","10/28/2017 15:00:58","DANGER2",24,1
882162,"FC Girondins de Bordeaux","AS Monaco FC","10/28/2017 15:00:58","DAT2",25,1
882162,"FC Girondins de Bordeaux","AS Monaco FC","10/28/2017 15:01:05","SAFE1",26,2
882162,"FC Girondins de Bordeaux","AS Monaco FC","10/28/2017 15:01:23","Possible Free Kick",27,2
882162,"FC Girondins de Bordeaux","AS Monaco FC","10/28/2017 15:01:24","SAFE2",29,2
882162,"FC Girondins de Bordeaux","AS Monaco FC","10/28/2017 15:01:24","F1",30,2
882162,"FC Girondins de Bordeaux","AS Monaco FC","10/28/2017 15:01:24","FK2",31,2
882162,"FC Girondins de Bordeaux","AS Monaco FC","10/28/2017 15:01:24","Ball Position",32,2
882162,"FC Girondins de Bordeaux","AS Monaco FC","10/28/2017 15:01:25","Restart",33,2
882162,"FC Girondins de Bordeaux","AS Monaco FC","10/28/2017 15:01:27","SAFE2",34,2
882162,"FC Girondins de Bordeaux","AS Monaco FC","10/28/2017 15:01:47","AT2",35,2
882162,"FC Girondins de Bordeaux","AS Monaco FC","10/28/2017 15:01:57","SAFE1",36,2
882162,"FC Girondins de Bordeaux","AS Monaco FC","10/28/2017 15:02:02","AT1",37,2
882162,"FC Girondins de Bordeaux","AS Monaco FC","10/28/2017 15:02:03","DANGER1",38,2
882162,"FC Girondins de Bordeaux","AS Monaco FC","10/28/2017 15:02:03","DAT1",39,2
882162,"FC Girondins de Bordeaux","AS Monaco FC","10/28/2017 15:02:11","SAFE2",40,3
882162,"FC Girondins de Bordeaux","AS Monaco FC","10/28/2017 15:02:17","AT2",41,3
882162,"FC Girondins de Bordeaux","AS Monaco FC","10/28/2017 15:02:22","Possible Free Kick",42,3
882162,"FC Girondins de Bordeaux","AS Monaco FC","10/28/2017 15:02:23","F1",44,3
882162,"FC Girondins de Bordeaux","AS Monaco FC","10/28/2017 15:02:23","FK2",45,3
882162,"FC Girondins de Bordeaux","AS Monaco FC","10/28/2017 15:02:23","DANGER2",46,3
882162,"FC Girondins de Bordeaux","AS Monaco FC","10/28/2017 15:02:23","DFK2",47,3
882162,"FC Girondins de Bordeaux","AS Monaco FC","10/28/2017 15:02:23","Ball Position",48,3
882162,"FC Girondins de Bordeaux","AS Monaco FC","10/28/2017 15:02:38","Restart",49,3
882162,"FC Girondins de Bordeaux","AS Monaco FC","10/28/2017 15:02:53","Possible Free Kick",50,3
882162,"FC Girondins de Bordeaux","AS Monaco FC","10/28/2017 15:02:53","SAFE1",52,3
882162,"FC Girondins de Bordeaux","AS Monaco FC","10/28/2017 15:02:53","F2",53,3
882162,"FC Girondins de Bordeaux","AS Monaco FC","10/28/2017 15:02:53","FK1",54,3
882162,"FC Girondins de Bordeaux","AS Monaco FC","10/28/2017 15:02:54","Ball Position",55,3
882162,"FC Girondins de Bordeaux","AS Monaco FC","10/28/2017 15:03:06","Restart",56,4
882162,"FC Girondins de Bordeaux","AS Monaco FC","10/28/2017 15:03:24","AT1",57,4
882162,"FC Girondins de Bordeaux","AS Monaco FC","10/28/2017 15:03:36","SAFE2",58,4
882162,"FC Girondins de Bordeaux","AS Monaco FC","10/28/2017 15:03:37","AT2",59,4
882162,"FC Girondins de Bordeaux","AS Monaco FC","10/28/2017 15:03:43","POSSIBLE_TI",60,4
882162,"FC Girondins de Bordeaux","AS Monaco FC","10/28/2017 15:03:44","TI2",61,4
882162,"FC Girondins de Bordeaux","AS Monaco FC","10/28/2017 15:04:03","Injury Break",62,5
882162,"FC Girondins de Bordeaux","AS Monaco FC","10/28/2017 15:04:23","Restart",63,5
882162,"FC Girondins de Bordeaux","AS Monaco FC","10/28/2017 15:04:38","POSSIBLE_TI",64,5
882162,"FC Girondins de Bordeaux","AS Monaco FC","10/28/2017 15:04:40","TI1",65,5
882162,"FC Girondins de Bordeaux","AS Monaco FC","10/28/2017 15:04:46","Restart",66,5
882162,"FC Girondins de Bordeaux","AS Monaco FC","10/28/2017 15:04:51","Possible Free Kick",67,5
882162,"FC Girondins de Bordeaux","AS Monaco FC","10/28/2017 15:04:52","F2",69,5
882162,"FC Girondins de Bordeaux","AS Monaco FC","10/28/2017 15:04:52","FK1",70,5
882162,"FC Girondins de Bordeaux","AS Monaco FC","10/28/2017 15:04:52","DANGER1",71,5
882162,"FC Girondins de Bordeaux","AS Monaco FC","10/28/2017 15:04:52","DFK1",72,5
882162,"FC Girondins de Bordeaux","AS Monaco FC","10/28/2017 15:04:52","Ball Position",73,5
882162,"FC Girondins de Bordeaux","AS Monaco FC","10/28/2017 15:04:57","Restart",74,5
882162,"FC Girondins de Bordeaux","AS Monaco FC","10/28/2017 15:04:58","SAFE2",75,5
882162,"FC Girondins de Bordeaux","AS Monaco FC","10/28/2017 15:05:05","AT2",76,6
882162,"FC Girondins de Bordeaux","AS Monaco FC","10/28/2017 15:05:08","DANGER2",77,6
882162,"FC Girondins de Bordeaux","AS Monaco FC","10/28/2017 15:05:08","DAT2",78,6
882162,"FC Girondins de Bordeaux","AS Monaco FC","10/28/2017 15:05:33","SHG2",79,6
882162,"FC Girondins de Bordeaux","AS Monaco FC","10/28/2017 15:05:34","Possible Free Kick",80,6
882162,"FC Girondins de Bordeaux","AS Monaco FC","10/28/2017 15:05:39","SAFE1",82,6
882162,"FC Girondins de Bordeaux","AS Monaco FC","10/28/2017 15:05:39","F2",83,6
882162,"FC Girondins de Bordeaux","AS Monaco FC","10/28/2017 15:05:39","FK1",84,6
882162,"FC Girondins de Bordeaux","AS Monaco FC","10/28/2017 15:05:39","Ball Position",85,6
882162,"FC Girondins de Bordeaux","AS Monaco FC","10/28/2017 15:05:57","Restart",86,6
882162,"FC Girondins de Bordeaux","AS Monaco FC","10/28/2017 15:06:02","AT1",87,6
882162,"FC Girondins de Bordeaux","AS Monaco FC","10/28/2017 15:06:07","Possible Free Kick",88,7
882162,"FC Girondins de Bordeaux","AS Monaco FC","10/28/2017 15:06:09","SAFE2",90,7
882162,"FC Girondins de Bordeaux","AS Monaco FC","10/28/2017 15:06:09","O1",91,7
882162,"FC Girondins de Bordeaux","AS Monaco FC","10/28/2017 15:06:09","FK2",92,7
882162,"FC Girondins de Bordeaux","AS Monaco FC","10/28/2017 15:06:09","Ball Position",93,7
882162,"FC Girondins de Bordeaux","AS Monaco FC","10/28/2017 15:06:23","Restart",94,7
882162,"FC Girondins de Bordeaux","AS Monaco FC","10/28/2017 15:06:24","SAFE2",95,7
882162,"FC Girondins de Bordeaux","AS Monaco FC","10/28/2017 15:06:33","AT2",96,7
882162,"FC Girondins de Bordeaux","AS Monaco FC","10/28/2017 15:06:35","DANGER2",97,7
882162,"FC Girondins de Bordeaux","AS Monaco FC","10/28/2017 15:06:35","DAT2",98,7
882162,"FC Girondins de Bordeaux","AS Monaco FC","10/28/2017 15:07:09","PCR2",99,8
882162,"FC Girondins de Bordeaux","AS Monaco FC","10/28/2017 15:07:21","NCR2",100,8
882162,"FC Girondins de Bordeaux","AS Monaco FC","10/28/2017 15:07:26","Possible Free Kick",101,8
882162,"FC Girondins de Bordeaux","AS Monaco FC","10/28/2017 15:07:28","SAFE1",103,8
882162,"FC Girondins de Bordeaux","AS Monaco FC","10/28/2017 15:07:28","F2",104,8
882162,"FC Girondins de Bordeaux","AS Monaco FC","10/28/2017 15:07:28","FK1",105,8
882162,"FC Girondins de Bordeaux","AS Monaco FC","10/28/2017 15:07:28","Ball Position",106,8
882162,"FC Girondins de Bordeaux","AS Monaco FC","10/28/2017 15:07:34","Restart",107,8
882162,"FC Girondins de Bordeaux","AS Monaco FC","10/28/2017 15:07:40","Possible Free Kick",108,8
882162,"FC Girondins de Bordeaux","AS Monaco FC","10/28/2017 15:07:41","SAFE2",110,8
882162,"FC Girondins de Bordeaux","AS Monaco FC","10/28/2017 15:07:41","F1",111,8
882162,"FC Girondins de Bordeaux","AS Monaco FC","10/28/2017 15:07:41","FK2",112,8
882162,"FC Girondins de Bordeaux","AS Monaco FC","10/28/2017 15:07:41","Ball Position",113,8
882162,"FC Girondins de Bordeaux","AS Monaco FC","10/28/2017 15:07:45","Restart",114,8
882162,"FC Girondins de Bordeaux","AS Monaco FC","10/28/2017 15:08:02","AT2",115,8
882162,"FC Girondins de Bordeaux","AS Monaco FC","10/28/2017 15:08:11","DANGER2",116,9
882162,"FC Girondins de Bordeaux","AS Monaco FC","10/28/2017 15:08:11","DAT2",117,9
882162,"FC Girondins de Bordeaux","AS Monaco FC","10/28/2017 15:08:24","SHG2",118,9
882162,"FC Girondins de Bordeaux","AS Monaco FC","10/28/2017 15:08:26","SAFE1",119,9
882162,"FC Girondins de Bordeaux","AS Monaco FC","10/28/2017 15:08:36","AT2",120,9
882162,"FC Girondins de Bordeaux","AS Monaco FC","10/28/2017 15:08:40","DANGER2",121,9
882162,"FC Girondins de Bordeaux","AS Monaco FC","10/28/2017 15:08:40","DAT2",122,9
882162,"FC Girondins de Bordeaux","AS Monaco FC","10/28/2017 15:08:55","SAFE2",123,9
882162,"FC Girondins de Bordeaux","AS Monaco FC","10/28/2017 15:09:08","AT2",124,10
882162,"FC Girondins de Bordeaux","AS Monaco FC","10/28/2017 15:09:15","DANGER2",125,10
882162,"FC Girondins de Bordeaux","AS Monaco FC","10/28/2017 15:09:15","DAT2",126,10
882162,"FC Girondins de Bordeaux","AS Monaco FC","10/28/2017 15:09:54","BLOCKED2",127,10
882162,"FC Girondins de Bordeaux","AS Monaco FC","10/28/2017 15:09:59","SAFE2",128,10
882162,"FC Girondins de Bordeaux","AS Monaco FC","10/28/2017 15:10:18","AT2",129,11
882162,"FC Girondins de Bordeaux","AS Monaco FC","10/28/2017 15:10:29","DANGER2",130,11
882162,"FC Girondins de Bordeaux","AS Monaco FC","10/28/2017 15:10:29","DAT2",131,11
882162,"FC Girondins de Bordeaux","AS Monaco FC","10/28/2017 15:10:42","SAFE1",132,11
882162,"FC Girondins de Bordeaux","AS Monaco FC","10/28/2017 15:10:43","AT1",133,11
882162,"FC Girondins de Bordeaux","AS Monaco FC","10/28/2017 15:10:46","DANGER1",134,11
882162,"FC Girondins de Bordeaux","AS Monaco FC","10/28/2017 15:10:46","DAT1",135,11
882162,"FC Girondins de Bordeaux","AS Monaco FC","10/28/2017 15:10:57","SHG1",136,11
882162,"FC Girondins de Bordeaux","AS Monaco FC","10/28/2017 15:11:06","SAFE1",137,12
882162,"FC Girondins de Bordeaux","AS Monaco FC","10/28/2017 15:11:15","AT1",138,12
882162,"FC Girondins de Bordeaux","AS Monaco FC","10/28/2017 15:11:40","POSSIBLE_TI",139,12
882162,"FC Girondins de Bordeaux","AS Monaco FC","10/28/2017 15:11:44","TI2",140,12
882162,"FC Girondins de Bordeaux","AS Monaco FC","10/28/2017 15:11:46","Restart",141,12
882162,"FC Girondins de Bordeaux","AS Monaco FC","10/28/2017 15:11:47","SAFE2",142,12
882162,"FC Girondins de Bordeaux","AS Monaco FC","10/28/2017 15:12:02","AT2",143,12
882162,"FC Girondins de Bordeaux","AS Monaco FC","10/28/2017 15:12:22","DANGER2",144,13
882162,"FC Girondins de Bordeaux","AS Monaco FC","10/28/2017 15:12:22","DAT2",145,13
882162,"FC Girondins de Bordeaux","AS Monaco FC","10/28/2017 15:12:26","PCR2",146,13
882162,"FC Girondins de Bordeaux","AS Monaco FC","10/28/2017 15:12:34","NCR2",147,13
882162,"FC Girondins de Bordeaux","AS Monaco FC","10/28/2017 15:12:35","SAFE1",148,13
882162,"FC Girondins de Bordeaux","AS Monaco FC","10/28/2017 15:12:36","GK1",149,13
882162,"FC Girondins de Bordeaux","AS Monaco FC","10/28/2017 15:12:55","Restart",150,13
882162,"FC Girondins de Bordeaux","AS Monaco FC","10/28/2017 15:12:58","Possible Free Kick",151,13
882162,"FC Girondins de Bordeaux","AS Monaco FC","10/28/2017 15:12:59","SAFE2",153,13
882162,"FC Girondins de Bordeaux","AS Monaco FC","10/28/2017 15:12:59","F1",154,13
882162,"FC Girondins de Bordeaux","AS Monaco FC","10/28/2017 15:12:59","FK2",155,13
882162,"FC Girondins de Bordeaux","AS Monaco FC","10/28/2017 15:12:59","Ball Position",156,13
882162,"FC Girondins de Bordeaux","AS Monaco FC","10/28/2017 15:13:04","Restart",157,14
882162,"FC Girondins de Bordeaux","AS Monaco FC","10/28/2017 15:13:10","AT2",158,14
882162,"FC Girondins de Bordeaux","AS Monaco FC","10/28/2017 15:13:16","POSSIBLE_TI",159,14
882162,"FC Girondins de Bordeaux","AS Monaco FC","10/28/2017 15:13:17","TI2",160,14
882162,"FC Girondins de Bordeaux","AS Monaco FC","10/28/2017 15:13:18","Restart",161,14
882162,"FC Girondins de Bordeaux","AS Monaco FC","10/28/2017 15:13:18","DANGER2",162,14
882162,"FC Girondins de Bordeaux","AS Monaco FC","10/28/2017 15:13:18","DAT2",163,14
882162,"FC Girondins de Bordeaux","AS Monaco FC","10/28/2017 15:13:49","SAFE1",164,14
882162,"FC Girondins de Bordeaux","AS Monaco FC","10/28/2017 15:13:49","GK1",165,14
882162,"FC Girondins de Bordeaux","AS Monaco FC","10/28/2017 15:13:53","Restart",166,14
882162,"FC Girondins de Bordeaux","AS Monaco FC","10/28/2017 15:13:56","SAFE2",167,14
882162,"FC Girondins de Bordeaux","AS Monaco FC","10/28/2017 15:14:11","AT1",168,15
882162,"FC Girondins de Bordeaux","AS Monaco FC","10/28/2017 15:14:15","DANGER1",169,15
882162,"FC Girondins de Bordeaux","AS Monaco FC","10/28/2017 15:14:15","DAT1",170,15
882162,"FC Girondins de Bordeaux","AS Monaco FC","10/28/2017 15:14:53","POSSIBLE_TI",171,15
882162,"FC Girondins de Bordeaux","AS Monaco FC","10/28/2017 15:14:55","TI1",172,15
882162,"FC Girondins de Bordeaux","AS Monaco FC","10/28/2017 15:15:08","Restart",173,16
882162,"FC Girondins de Bordeaux","AS Monaco FC","10/28/2017 15:15:23","POSSIBLE_TI",174,16
882162,"FC Girondins de Bordeaux","AS Monaco FC","10/28/2017 15:15:23","TI1",175,16
882162,"FC Girondins de Bordeaux","AS Monaco FC","10/28/2017 15:15:31","Restart",176,16
882162,"FC Girondins de Bordeaux","AS Monaco FC","10/28/2017 15:15:36","SAFE1",177,16
882162,"FC Girondins de Bordeaux","AS Monaco FC","10/28/2017 15:15:39","AT1",178,16
882162,"FC Girondins de Bordeaux","AS Monaco FC","10/28/2017 15:15:44","DANGER1",179,16
882162,"FC Girondins de Bordeaux","AS Monaco FC","10/28/2017 15:15:44","DAT1",180,16
882162,"FC Girondins de Bordeaux","AS Monaco FC","10/28/2017 15:15:52","SAFE2",181,16
882162,"FC Girondins de Bordeaux","AS Monaco FC","10/28/2017 15:15:55","AT2",182,16
882162,"FC Girondins de Bordeaux","AS Monaco FC","10/28/2017 15:16:09","Possible Free Kick",183,17
882162,"FC Girondins de Bordeaux","AS Monaco FC","10/28/2017 15:16:10","F1",185,17
882162,"FC Girondins de Bordeaux","AS Monaco FC","10/28/2017 15:16:10","FK2",186,17
882162,"FC Girondins de Bordeaux","AS Monaco FC","10/28/2017 15:16:10","DANGER2",187,17
882162,"FC Girondins de Bordeaux","AS Monaco FC","10/28/2017 15:16:10","DFK2",188,17
882162,"FC Girondins de Bordeaux","AS Monaco FC","10/28/2017 15:16:10","Ball Position",189,17
882162,"FC Girondins de Bordeaux","AS Monaco FC","10/28/2017 15:16:25","Restart",190,17
882162,"FC Girondins de Bordeaux","AS Monaco FC","10/28/2017 15:16:47","SAFE1",191,17
882162,"FC Girondins de Bordeaux","AS Monaco FC","10/28/2017 15:16:49","AT1",192,17
882162,"FC Girondins de Bordeaux","AS Monaco FC","10/28/2017 15:17:05","DANGER1",193,18
882162,"FC Girondins de Bordeaux","AS Monaco FC","10/28/2017 15:17:05","DAT1",194,18
882162,"FC Girondins de Bordeaux","AS Monaco FC","10/28/2017 15:17:18","SAFE2",195,18
882162,"FC Girondins de Bordeaux","AS Monaco FC","10/28/2017 15:17:19","AT2",196,18
882162,"FC Girondins de Bordeaux","AS Monaco FC","10/28/2017 15:17:22","DANGER2",197,18
882162,"FC Girondins de Bordeaux","AS Monaco FC","10/28/2017 15:17:22","DAT2",198,18
882162,"FC Girondins de Bordeaux","AS Monaco FC","10/28/2017 15:17:28","SAFE1",199,18
882162,"FC Girondins de Bordeaux","AS Monaco FC","10/28/2017 15:17:29","AT1",200,18
882162,"FC Girondins de Bordeaux","AS Monaco FC","10/28/2017 15:17:45","SAFE1",201,18
882162,"FC Girondins de Bordeaux","AS Monaco FC","10/28/2017 15:18:19","AT1",202,19
882162,"FC Girondins de Bordeaux","AS Monaco FC","10/28/2017 15:18:44","SAFE2",203,19
882162,"FC Girondins de Bordeaux","AS Monaco FC","10/28/2017 15:18:45","AT2",204,19
882162,"FC Girondins de Bordeaux","AS Monaco FC","10/28/2017 15:19:04","SAFE2",205,20
882162,"FC Girondins de Bordeaux","AS Monaco FC","10/28/2017 15:19:25","AT2",206,20
882162,"FC Girondins de Bordeaux","AS Monaco FC","10/28/2017 15:19:31","SAFE1",207,20
882162,"FC Girondins de Bordeaux","AS Monaco FC","10/28/2017 15:19:32","AT1",208,20
882162,"FC Girondins de Bordeaux","AS Monaco FC","10/28/2017 15:19:38","POSSIBLE_TI",209,20
882162,"FC Girondins de Bordeaux","AS Monaco FC","10/28/2017 15:19:39","TI1",210,20
882162,"FC Girondins de Bordeaux","AS Monaco FC","10/28/2017 15:19:44","Restart",211,20
882162,"FC Girondins de Bordeaux","AS Monaco FC","10/28/2017 15:19:45","DANGER1",212,20
882162,"FC Girondins de Bordeaux","AS Monaco FC","10/28/2017 15:19:45","DAT1",213,20
882162,"FC Girondins de Bordeaux","AS Monaco FC","10/28/2017 15:19:56","SAFE2",214,20
882162,"FC Girondins de Bordeaux","AS Monaco FC","10/28/2017 15:19:57","AT2",215,20
882162,"FC Girondins de Bordeaux","AS Monaco FC","10/28/2017 15:20:03","SAFE1",216,20
882162,"FC Girondins de Bordeaux","AS Monaco FC","10/28/2017 15:20:07","AT1",217,21
882162,"FC Girondins de Bordeaux","AS Monaco FC","10/28/2017 15:20:18","SAFE2",218,21
882162,"FC Girondins de Bordeaux","AS Monaco FC","10/28/2017 15:20:29","AT2",219,21
882162,"FC Girondins de Bordeaux","AS Monaco FC","10/28/2017 15:20:39","DANGER2",220,21
882162,"FC Girondins de Bordeaux","AS Monaco FC","10/28/2017 15:20:39","DAT2",221,21
882162,"FC Girondins de Bordeaux","AS Monaco FC","10/28/2017 15:20:57","SAFE1",222,21
882162,"FC Girondins de Bordeaux","AS Monaco FC","10/28/2017 15:21:03","AT1",223,21
882162,"FC Girondins de Bordeaux","AS Monaco FC","10/28/2017 15:21:04","DANGER1",224,22
882162,"FC Girondins de Bordeaux","AS Monaco FC","10/28/2017 15:21:04","DAT1",225,22
882162,"FC Girondins de Bordeaux","AS Monaco FC","10/28/2017 15:21:13","SAFE2",226,22
882162,"FC Girondins de Bordeaux","AS Monaco FC","10/28/2017 15:21:15","AT2",227,22
882162,"FC Girondins de Bordeaux","AS Monaco FC","10/28/2017 15:21:30","POSSIBLE_TI",228,22
882162,"FC Girondins de Bordeaux","AS Monaco FC","10/28/2017 15:21:35","TI2",229,22
882162,"FC Girondins de Bordeaux","AS Monaco FC","10/28/2017 15:21:38","Restart",230,22
882162,"FC Girondins de Bordeaux","AS Monaco FC","10/28/2017 15:21:49","DANGER2",231,22
882162,"FC Girondins de Bordeaux","AS Monaco FC","10/28/2017 15:21:49","DAT2",232,22
882162,"FC Girondins de Bordeaux","AS Monaco FC","10/28/2017 15:21:56","SAFE1",233,22
882162,"FC Girondins de Bordeaux","AS Monaco FC","10/28/2017 15:21:57","AT1",234,22
882162,"FC Girondins de Bordeaux","AS Monaco FC","10/28/2017 15:21:59","DANGER1",235,22
882162,"FC Girondins de Bordeaux","AS Monaco FC","10/28/2017 15:21:59","DAT1",236,22
882162,"FC Girondins de Bordeaux","AS Monaco FC","10/28/2017 15:22:20","SHB1",237,23
882162,"FC Girondins de Bordeaux","AS Monaco FC","10/28/2017 15:22:25","SAFE2",238,23
882162,"FC Girondins de Bordeaux","AS Monaco FC","10/28/2017 15:22:26","GK2",239,23
882162,"FC Girondins de Bordeaux","AS Monaco FC","10/28/2017 15:22:45","Restart",240,23
882162,"FC Girondins de Bordeaux","AS Monaco FC","10/28/2017 15:23:01","AT2",241,23
882162,"FC Girondins de Bordeaux","AS Monaco FC","10/28/2017 15:23:15","DANGER2",242,24
882162,"FC Girondins de Bordeaux","AS Monaco FC","10/28/2017 15:23:15","DAT2",243,24
882162,"FC Girondins de Bordeaux","AS Monaco FC","10/28/2017 15:23:25","SAFE1",244,24
882162,"FC Girondins de Bordeaux","AS Monaco FC","10/28/2017 15:23:25","AT1",245,24
882162,"FC Girondins de Bordeaux","AS Monaco FC","10/28/2017 15:23:42","SAFE2",246,24
882162,"FC Girondins de Bordeaux","AS Monaco FC","10/28/2017 15:23:43","AT2",247,24
882162,"FC Girondins de Bordeaux","AS Monaco FC","10/28/2017 15:23:52","SAFE1",248,24
882162,"FC Girondins de Bordeaux","AS Monaco FC","10/28/2017 15:24:07","AT2",249,25
882162,"FC Girondins de Bordeaux","AS Monaco FC","10/28/2017 15:24:07","DANGER2",250,25
882162,"FC Girondins de Bordeaux","AS Monaco FC","10/28/2017 15:24:07","DAT2",251,25
882162,"FC Girondins de Bordeaux","AS Monaco FC","10/28/2017 15:24:21","SAFE1",252,25
882162,"FC Girondins de Bordeaux","AS Monaco FC","10/28/2017 15:24:39","SAFE1",253,25
882162,"FC Girondins de Bordeaux","AS Monaco FC","10/28/2017 15:24:40","AT1",254,25
882162,"FC Girondins de Bordeaux","AS Monaco FC","10/28/2017 15:24:42","DANGER1",255,25
882162,"FC Girondins de Bordeaux","AS Monaco FC","10/28/2017 15:24:42","DAT1",256,25
882162,"FC Girondins de Bordeaux","AS Monaco FC","10/28/2017 15:24:59","SHB1",257,25
882162,"FC Girondins de Bordeaux","AS Monaco FC","10/28/2017 15:25:05","SAFE2",258,26
882162,"FC Girondins de Bordeaux","AS Monaco FC","10/28/2017 15:25:06","GK2",259,26
882162,"FC Girondins de Bordeaux","AS Monaco FC","10/28/2017 15:25:07","Restart",260,26
882162,"FC Girondins de Bordeaux","AS Monaco FC","10/28/2017 15:25:14","AT2",261,26
882162,"FC Girondins de Bordeaux","AS Monaco FC","10/28/2017 15:25:25","SAFE1",262,26
882162,"FC Girondins de Bordeaux","AS Monaco FC","10/28/2017 15:25:27","AT1",263,26
882162,"FC Girondins de Bordeaux","AS Monaco FC","10/28/2017 15:25:30","DANGER1",264,26
882162,"FC Girondins de Bordeaux","AS Monaco FC","10/28/2017 15:25:30","DAT1",265,26
882162,"FC Girondins de Bordeaux","AS Monaco FC","10/28/2017 15:25:35","SAFE2",266,26
882162,"FC Girondins de Bordeaux","AS Monaco FC","10/28/2017 15:25:56","AT2",267,26
882162,"FC Girondins de Bordeaux","AS Monaco FC","10/28/2017 15:26:07","POSSIBLE_TI",268,27
882162,"FC Girondins de Bordeaux","AS Monaco FC","10/28/2017 15:26:08","TI2",269,27
882162,"FC Girondins de Bordeaux","AS Monaco FC","10/28/2017 15:26:10","Restart",270,27
882162,"FC Girondins de Bordeaux","AS Monaco FC","10/28/2017 15:26:12","DANGER2",271,27
882162,"FC Girondins de Bordeaux","AS Monaco FC","10/28/2017 15:26:12","DAT2",272,27
882162,"FC Girondins de Bordeaux","AS Monaco FC","10/28/2017 15:26:19","SAFE1",273,27
882162,"FC Girondins de Bordeaux","AS Monaco FC","10/28/2017 15:26:31","Possible Free Kick",274,27
882162,"FC Girondins de Bordeaux","AS Monaco FC","10/28/2017 15:26:32","F2",276,27
882162,"FC Girondins de Bordeaux","AS Monaco FC","10/28/2017 15:26:32","FK1",277,27
882162,"FC Girondins de Bordeaux","AS Monaco FC","10/28/2017 15:26:32","Ball Position",278,27
882162,"FC Girondins de Bordeaux","AS Monaco FC","10/28/2017 15:26:44","Restart",279,27
882162,"FC Girondins de Bordeaux","AS Monaco FC","10/28/2017 15:26:48","AT1",280,27
882162,"FC Girondins de Bordeaux","AS Monaco FC","10/28/2017 15:27:26","DANGER1",281,28
882162,"FC Girondins de Bordeaux","AS Monaco FC","10/28/2017 15:27:26","DAT1",282,28
882162,"FC Girondins de Bordeaux","AS Monaco FC","10/28/2017 15:27:37","Possible Free Kick",283,28
882162,"FC Girondins de Bordeaux","AS Monaco FC","10/28/2017 15:27:40","SAFE2",285,28
882162,"FC Girondins de Bordeaux","AS Monaco FC","10/28/2017 15:27:40","F1",286,28
882162,"FC Girondins de Bordeaux","AS Monaco FC","10/28/2017 15:27:40","FK2",287,28
882162,"FC Girondins de Bordeaux","AS Monaco FC","10/28/2017 15:27:40","Ball Position",288,28
882162,"FC Girondins de Bordeaux","AS Monaco FC","10/28/2017 15:28:05","Injury Break",289,29
882162,"FC Girondins de Bordeaux","AS Monaco FC","10/28/2017 15:28:53","Restart",290,29
882162,"FC Girondins de Bordeaux","AS Monaco FC","10/28/2017 15:28:55","SAFE2",291,29
882162,"FC Girondins de Bordeaux","AS Monaco FC","10/28/2017 15:29:28","AT2",292,30
882162,"FC Girondins de Bordeaux","AS Monaco FC","10/28/2017 15:29:31","DANGER2",293,30
882162,"FC Girondins de Bordeaux","AS Monaco FC","10/28/2017 15:29:31","DAT2",294,30
882162,"FC Girondins de Bordeaux","AS Monaco FC","10/28/2017 15:29:48","Possible Free Kick",295,30
882162,"FC Girondins de Bordeaux","AS Monaco FC","10/28/2017 15:29:49","F1",297,30
882162,"FC Girondins de Bordeaux","AS Monaco FC","10/28/2017 15:29:49","FK2",298,30
882162,"FC Girondins de Bordeaux","AS Monaco FC","10/28/2017 15:29:49","DFK2",299,30
882162,"FC Girondins de Bordeaux","AS Monaco FC","10/28/2017 15:29:49","Ball Position",300,30
882162,"FC Girondins de Bordeaux","AS Monaco FC","10/28/2017 15:30:29","Restart",301,31
882162,"FC Girondins de Bordeaux","AS Monaco FC","10/28/2017 15:30:35","SHG2",302,31
882162,"FC Girondins de Bordeaux","AS Monaco FC","10/28/2017 15:30:36","SAFE1",303,31
882162,"FC Girondins de Bordeaux","AS Monaco FC","10/28/2017 15:31:09","Possible Free Kick",304,32
882162,"FC Girondins de Bordeaux","AS Monaco FC","10/28/2017 15:31:11","SAFE2",306,32
882162,"FC Girondins de Bordeaux","AS Monaco FC","10/28/2017 15:31:11","O1",307,32
882162,"FC Girondins de Bordeaux","AS Monaco FC","10/28/2017 15:31:11","FK2",308,32
882162,"FC Girondins de Bordeaux","AS Monaco FC","10/28/2017 15:31:11","Ball Position",309,32
882162,"FC Girondins de Bordeaux","AS Monaco FC","10/28/2017 15:31:16","Restart",310,32
882162,"FC Girondins de Bordeaux","AS Monaco FC","10/28/2017 15:31:23","AT2",311,32
882162,"FC Girondins de Bordeaux","AS Monaco FC","10/28/2017 15:31:40","POSSIBLE_TI",312,32
882162,"FC Girondins de Bordeaux","AS Monaco FC","10/28/2017 15:31:41","TI1",313,32
882162,"FC Girondins de Bordeaux","AS Monaco FC","10/28/2017 15:31:47","Restart",314,32
882162,"FC Girondins de Bordeaux","AS Monaco FC","10/28/2017 15:32:14","Possible Free Kick",315,33
882162,"FC Girondins de Bordeaux","AS Monaco FC","10/28/2017 15:32:14","F2",317,33
882162,"FC Girondins de Bordeaux","AS Monaco FC","10/28/2017 15:32:14","FK1",318,33
882162,"FC Girondins de Bordeaux","AS Monaco FC","10/28/2017 15:32:15","DANGER1",319,33
882162,"FC Girondins de Bordeaux","AS Monaco FC","10/28/2017 15:32:15","DFK1",320,33
882162,"FC Girondins de Bordeaux","AS Monaco FC","10/28/2017 15:32:15","Ball Position",321,33
882162,"FC Girondins de Bordeaux","AS Monaco FC","10/28/2017 15:32:16","Restart",322,33
882162,"FC Girondins de Bordeaux","AS Monaco FC","10/28/2017 15:32:17","SAFE1",323,33
882162,"FC Girondins de Bordeaux","AS Monaco FC","10/28/2017 15:32:24","AT1",324,33
882162,"FC Girondins de Bordeaux","AS Monaco FC","10/28/2017 15:32:55","DANGER1",325,33
882162,"FC Girondins de Bordeaux","AS Monaco FC","10/28/2017 15:32:55","DAT1",326,33
882162,"FC Girondins de Bordeaux","AS Monaco FC","10/28/2017 15:33:10","PCR1",327,34
882162,"FC Girondins de Bordeaux","AS Monaco FC","10/28/2017 15:33:27","CR1",328,34
882162,"FC Girondins de Bordeaux","AS Monaco FC","10/28/2017 15:33:28","Ball Position",329,34
882162,"FC Girondins de Bordeaux","AS Monaco FC","10/28/2017 15:33:42","Restart",330,34
882162,"FC Girondins de Bordeaux","AS Monaco FC","10/28/2017 15:33:53","PCR1",331,34
882162,"FC Girondins de Bordeaux","AS Monaco FC","10/28/2017 15:34:10","CR1",332,35
882162,"FC Girondins de Bordeaux","AS Monaco FC","10/28/2017 15:34:11","Ball Position",333,35
882162,"FC Girondins de Bordeaux","AS Monaco FC","10/28/2017 15:34:21","Restart",334,35
882162,"FC Girondins de Bordeaux","AS Monaco FC","10/28/2017 15:34:29","SAFE2",335,35
882162,"FC Girondins de Bordeaux","AS Monaco FC","10/28/2017 15:34:47","AT2",336,35
882162,"FC Girondins de Bordeaux","AS Monaco FC","10/28/2017 15:35:01","Possible Free Kick",337,35
882162,"FC Girondins de Bordeaux","AS Monaco FC","10/28/2017 15:35:03","No Free Kick",339,35
882162,"FC Girondins de Bordeaux","AS Monaco FC","10/28/2017 15:35:05","POSSIBLE_TI",340,36
882162,"FC Girondins de Bordeaux","AS Monaco FC","10/28/2017 15:35:06","TI1",341,36
882162,"FC Girondins de Bordeaux","AS Monaco FC","10/28/2017 15:35:14","Restart",342,36
882162,"FC Girondins de Bordeaux","AS Monaco FC","10/28/2017 15:35:20","SAFE2",343,36
882162,"FC Girondins de Bordeaux","AS Monaco FC","10/28/2017 15:35:47","AT2",344,36
882162,"FC Girondins de Bordeaux","AS Monaco FC","10/28/2017 15:35:58","DANGER2",345,36
882162,"FC Girondins de Bordeaux","AS Monaco FC","10/28/2017 15:35:58","DAT2",346,36
882162,"FC Girondins de Bordeaux","AS Monaco FC","10/28/2017 15:36:09","Possible Free Kick",347,37
882162,"FC Girondins de Bordeaux","AS Monaco FC","10/28/2017 15:36:12","SAFE1",349,37
882162,"FC Girondins de Bordeaux","AS Monaco FC","10/28/2017 15:36:12","F2",350,37
882162,"FC Girondins de Bordeaux","AS Monaco FC","10/28/2017 15:36:12","FK1",351,37
882162,"FC Girondins de Bordeaux","AS Monaco FC","10/28/2017 15:36:12","Ball Position",352,37
882162,"FC Girondins de Bordeaux","AS Monaco FC","10/28/2017 15:36:28","Restart",353,37
882162,"FC Girondins de Bordeaux","AS Monaco FC","10/28/2017 15:36:37","AT1",354,37
882162,"FC Girondins de Bordeaux","AS Monaco FC","10/28/2017 15:36:47","DANGER1",355,37
882162,"FC Girondins de Bordeaux","AS Monaco FC","10/28/2017 15:36:47","DAT1",356,37
882162,"FC Girondins de Bordeaux","AS Monaco FC","10/28/2017 15:36:57","SAFE2",357,37
882162,"FC Girondins de Bordeaux","AS Monaco FC","10/28/2017 15:37:05","AT2",358,38
882162,"FC Girondins de Bordeaux","AS Monaco FC","10/28/2017 15:37:24","DANGER2",359,38
882162,"FC Girondins de Bordeaux","AS Monaco FC","10/28/2017 15:37:24","DAT2",360,38
882162,"FC Girondins de Bordeaux","AS Monaco FC","10/28/2017 15:37:28","SAFE1",361,38
882162,"FC Girondins de Bordeaux","AS Monaco FC","10/28/2017 15:37:53","POSSIBLE_TI",362,38
882162,"FC Girondins de Bordeaux","AS Monaco FC","10/28/2017 15:38:05","TI2",363,39
882162,"FC Girondins de Bordeaux","AS Monaco FC","10/28/2017 15:38:05","Restart",364,39
882162,"FC Girondins de Bordeaux","AS Monaco FC","10/28/2017 15:38:07","SAFE2",365,39
882162,"FC Girondins de Bordeaux","AS Monaco FC","10/28/2017 15:38:21","AT2",366,39
882162,"FC Girondins de Bordeaux","AS Monaco FC","10/28/2017 15:38:26","POSSIBLE_TI",367,39
882162,"FC Girondins de Bordeaux","AS Monaco FC","10/28/2017 15:38:27","TI1",368,39
882162,"FC Girondins de Bordeaux","AS Monaco FC","10/28/2017 15:38:37","Restart",369,39
882162,"FC Girondins de Bordeaux","AS Monaco FC","10/28/2017 15:39:04","SAFE2",370,40
882162,"FC Girondins de Bordeaux","AS Monaco FC","10/28/2017 15:39:06","AT2",371,40
882162,"FC Girondins de Bordeaux","AS Monaco FC","10/28/2017 15:39:13","DANGER2",372,40
882162,"FC Girondins de Bordeaux","AS Monaco FC","10/28/2017 15:39:13","DAT2",373,40
882162,"FC Girondins de Bordeaux","AS Monaco FC","10/28/2017 15:39:23","Possible Free Kick",374,40
882162,"FC Girondins de Bordeaux","AS Monaco FC","10/28/2017 15:39:25","F1",376,40
882162,"FC Girondins de Bordeaux","AS Monaco FC","10/28/2017 15:39:25","FK2",377,40
882162,"FC Girondins de Bordeaux","AS Monaco FC","10/28/2017 15:39:25","DFK2",378,40
882162,"FC Girondins de Bordeaux","AS Monaco FC","10/28/2017 15:39:25","Ball Position",379,40
882162,"FC Girondins de Bordeaux","AS Monaco FC","10/28/2017 15:40:31","Restart",380,41
882162,"FC Girondins de Bordeaux","AS Monaco FC","10/28/2017 15:40:37","POSSIBLE_TI",381,41
882162,"FC Girondins de Bordeaux","AS Monaco FC","10/28/2017 15:40:39","TI2",382,41
882162,"FC Girondins de Bordeaux","AS Monaco FC","10/28/2017 15:40:40","Restart",383,41
882162,"FC Girondins de Bordeaux","AS Monaco FC","10/28/2017 15:40:51","Possible Free Kick",384,41
882162,"FC Girondins de Bordeaux","AS Monaco FC","10/28/2017 15:40:54","F1",386,41
882162,"FC Girondins de Bordeaux","AS Monaco FC","10/28/2017 15:40:54","FK2",387,41
882162,"FC Girondins de Bordeaux","AS Monaco FC","10/28/2017 15:40:54","DFK2",388,41
882162,"FC Girondins de Bordeaux","AS Monaco FC","10/28/2017 15:40:54","Ball Position",389,41
882162,"FC Girondins de Bordeaux","AS Monaco FC","10/28/2017 15:41:24","Restart",390,42
882162,"FC Girondins de Bordeaux","AS Monaco FC","10/28/2017 15:41:33","SAFE1",391,42
882162,"FC Girondins de Bordeaux","AS Monaco FC","10/28/2017 15:41:39","AT1",392,42
882162,"FC Girondins de Bordeaux","AS Monaco FC","10/28/2017 15:41:49","DANGER1",393,42
882162,"FC Girondins de Bordeaux","AS Monaco FC","10/28/2017 15:41:49","DAT1",394,42
882162,"FC Girondins de Bordeaux","AS Monaco FC","10/28/2017 15:41:51","PCR1",395,42
882162,"FC Girondins de Bordeaux","AS Monaco FC","10/28/2017 15:42:07","CR1",396,43
882162,"FC Girondins de Bordeaux","AS Monaco FC","10/28/2017 15:42:08","Ball Position",397,43
882162,"FC Girondins de Bordeaux","AS Monaco FC","10/28/2017 15:42:22","Restart",398,43
882162,"FC Girondins de Bordeaux","AS Monaco FC","10/28/2017 15:43:05","POSSIBLE_TI",399,44
882162,"FC Girondins de Bordeaux","AS Monaco FC","10/28/2017 15:43:07","TI1",400,44
882162,"FC Girondins de Bordeaux","AS Monaco FC","10/28/2017 15:43:13","Restart",401,44
882162,"FC Girondins de Bordeaux","AS Monaco FC","10/28/2017 15:43:36","SAFE2",402,44
882162,"FC Girondins de Bordeaux","AS Monaco FC","10/28/2017 15:43:40","AT2",403,44
882162,"FC Girondins de Bordeaux","AS Monaco FC","10/28/2017 15:43:43","POSSIBLE_TI",404,44
882162,"FC Girondins de Bordeaux","AS Monaco FC","10/28/2017 15:43:45","TI2",405,44
882162,"FC Girondins de Bordeaux","AS Monaco FC","10/28/2017 15:44:00","Restart",406,44
882162,"FC Girondins de Bordeaux","AS Monaco FC","10/28/2017 15:44:00","SAFE2",407,44
882162,"FC Girondins de Bordeaux","AS Monaco FC","10/28/2017 15:44:09","AT2",408,45
882162,"FC Girondins de Bordeaux","AS Monaco FC","10/28/2017 15:44:15","DANGER2",409,45
882162,"FC Girondins de Bordeaux","AS Monaco FC","10/28/2017 15:44:15","DAT2",410,45
882162,"FC Girondins de Bordeaux","AS Monaco FC","10/28/2017 15:44:29","SAFE1",411,45
882162,"FC Girondins de Bordeaux","AS Monaco FC","10/28/2017 15:44:42","AT1",412,45
882162,"FC Girondins de Bordeaux","AS Monaco FC","10/28/2017 15:44:49","Possible Free Kick",413,45
882162,"FC Girondins de Bordeaux","AS Monaco FC","10/28/2017 15:44:51","F2",415,45
882162,"FC Girondins de Bordeaux","AS Monaco FC","10/28/2017 15:44:51","FK1",416,45
882162,"FC Girondins de Bordeaux","AS Monaco FC","10/28/2017 15:44:51","DANGER1",417,45
882162,"FC Girondins de Bordeaux","AS Monaco FC","10/28/2017 15:44:51","DFK1",418,45
882162,"FC Girondins de Bordeaux","AS Monaco FC","10/28/2017 15:44:51","Ball Position",419,45
882162,"FC Girondins de Bordeaux","AS Monaco FC","10/28/2017 15:45:06","Extra Time",420,46
882162,"FC Girondins de Bordeaux","AS Monaco FC","10/28/2017 15:45:28","Restart",421,46
882162,"FC Girondins de Bordeaux","AS Monaco FC","10/28/2017 15:45:34","SAFE2",422,46
882162,"FC Girondins de Bordeaux","AS Monaco FC","10/28/2017 15:45:41","AT2",423,46
882162,"FC Girondins de Bordeaux","AS Monaco FC","10/28/2017 15:45:48","DANGER2",424,46
882162,"FC Girondins de Bordeaux","AS Monaco FC","10/28/2017 15:45:48","DAT2",425,46
882162,"FC Girondins de Bordeaux","AS Monaco FC","10/28/2017 15:46:07","Stop RT1",426,46
882162,"FC Girondins de Bordeaux","AS Monaco FC","10/28/2017 15:46:18","CONF_PERIOD_SCORE",427,45
882162,"FC Girondins de Bordeaux","AS Monaco FC","10/28/2017 16:00:47","Players are coming out",428,45
882162,"FC Girondins de Bordeaux","AS Monaco FC","10/28/2017 16:01:32","Game about to start",429,45
882162,"FC Girondins de Bordeaux","AS Monaco FC","10/28/2017 16:01:57","Start RT2 Team 2",430,46
882162,"FC Girondins de Bordeaux","AS Monaco FC","10/28/2017 16:02:03","SAFE2",431,46
882162,"FC Girondins de Bordeaux","AS Monaco FC","10/28/2017 16:02:13","POSSIBLE_TI",432,46
882162,"FC Girondins de Bordeaux","AS Monaco FC","10/28/2017 16:02:22","TI1",433,46
882162,"FC Girondins de Bordeaux","AS Monaco FC","10/28/2017 16:02:22","Restart",434,46
882162,"FC Girondins de Bordeaux","AS Monaco FC","10/28/2017 16:02:26","AT1",435,46
882162,"FC Girondins de Bordeaux","AS Monaco FC","10/28/2017 16:02:29","SAFE2",436,46
882162,"FC Girondins de Bordeaux","AS Monaco FC","10/28/2017 16:02:31","AT2",437,46
882162,"FC Girondins de Bordeaux","AS Monaco FC","10/28/2017 16:02:35","POSSIBLE_TI",438,46
882162,"FC Girondins de Bordeaux","AS Monaco FC","10/28/2017 16:02:37","TI2",439,46
882162,"FC Girondins de Bordeaux","AS Monaco FC","10/28/2017 16:02:39","Restart",440,46
882162,"FC Girondins de Bordeaux","AS Monaco FC","10/28/2017 16:02:51","SAFE2",441,46
882162,"FC Girondins de Bordeaux","AS Monaco FC","10/28/2017 16:02:51","AT2",442,46
882162,"FC Girondins de Bordeaux","AS Monaco FC","10/28/2017 16:03:24","SAFE1",443,47
882162,"FC Girondins de Bordeaux","AS Monaco FC","10/28/2017 16:03:24","AT1",444,47
882162,"FC Girondins de Bordeaux","AS Monaco FC","10/28/2017 16:03:29","SAFE2",445,47
882162,"FC Girondins de Bordeaux","AS Monaco FC","10/28/2017 16:03:30","AT2",446,47
882162,"FC Girondins de Bordeaux","AS Monaco FC","10/28/2017 16:03:32","POSSIBLE_TI",447,47
882162,"FC Girondins de Bordeaux","AS Monaco FC","10/28/2017 16:03:35","TI1",448,47
882162,"FC Girondins de Bordeaux","AS Monaco FC","10/28/2017 16:03:53","Restart",449,47
882162,"FC Girondins de Bordeaux","AS Monaco FC","10/28/2017 16:03:58","POSSIBLE_TI",450,48
882162,"FC Girondins de Bordeaux","AS Monaco FC","10/28/2017 16:03:59","TI1",451,48
882162,"FC Girondins de Bordeaux","AS Monaco FC","10/28/2017 16:04:11","Restart",452,48
882162,"FC Girondins de Bordeaux","AS Monaco FC","10/28/2017 16:04:22","Possible Free Kick",453,48
882162,"FC Girondins de Bordeaux","AS Monaco FC","10/28/2017 16:04:25","F1",455,48
882162,"FC Girondins de Bordeaux","AS Monaco FC","10/28/2017 16:04:25","FK2",456,48
882162,"FC Girondins de Bordeaux","AS Monaco FC","10/28/2017 16:04:25","DANGER2",457,48
882162,"FC Girondins de Bordeaux","AS Monaco FC","10/28/2017 16:04:25","DFK2",458,48
882162,"FC Girondins de Bordeaux","AS Monaco FC","10/28/2017 16:04:25","Ball Position",459,48
882162,"FC Girondins de Bordeaux","AS Monaco FC","10/28/2017 16:04:36","Restart",460,48
882162,"FC Girondins de Bordeaux","AS Monaco FC","10/28/2017 16:05:01","Possible Free Kick",461,49
882162,"FC Girondins de Bordeaux","AS Monaco FC","10/28/2017 16:05:02","F2",463,49
882162,"FC Girondins de Bordeaux","AS Monaco FC","10/28/2017 16:05:02","FK1",464,49
882162,"FC Girondins de Bordeaux","AS Monaco FC","10/28/2017 16:05:02","DFK1",465,49
882162,"FC Girondins de Bordeaux","AS Monaco FC","10/28/2017 16:05:02","Ball Position",466,49
882162,"FC Girondins de Bordeaux","AS Monaco FC","10/28/2017 16:05:10","Restart",467,49
882162,"FC Girondins de Bordeaux","AS Monaco FC","10/28/2017 16:05:45","SAFE1",468,49
882162,"FC Girondins de Bordeaux","AS Monaco FC","10/28/2017 16:05:47","AT1",469,49
882162,"FC Girondins de Bordeaux","AS Monaco FC","10/28/2017 16:05:49","DANGER1",470,49
882162,"FC Girondins de Bordeaux","AS Monaco FC","10/28/2017 16:05:49","DAT1",471,49
882162,"FC Girondins de Bordeaux","AS Monaco FC","10/28/2017 16:06:24","SHG1",472,50
882162,"FC Girondins de Bordeaux","AS Monaco FC","10/28/2017 16:06:26","SAFE2",473,50
882162,"FC Girondins de Bordeaux","AS Monaco FC","10/28/2017 16:06:45","AT2",474,50
882162,"FC Girondins de Bordeaux","AS Monaco FC","10/28/2017 16:07:05","DANGER2",475,51
882162,"FC Girondins de Bordeaux","AS Monaco FC","10/28/2017 16:07:05","DAT2",476,51
882162,"FC Girondins de Bordeaux","AS Monaco FC","10/28/2017 16:07:13","SAFE1",477,51
882162,"FC Girondins de Bordeaux","AS Monaco FC","10/28/2017 16:07:14","GK1",478,51
882162,"FC Girondins de Bordeaux","AS Monaco FC","10/28/2017 16:07:28","Restart",479,51
882162,"FC Girondins de Bordeaux","AS Monaco FC","10/28/2017 16:07:48","AT1",480,51
882162,"FC Girondins de Bordeaux","AS Monaco FC","10/28/2017 16:07:55","Possible Free Kick",481,51
882162,"FC Girondins de Bordeaux","AS Monaco FC","10/28/2017 16:07:56","F2",483,51
882162,"FC Girondins de Bordeaux","AS Monaco FC","10/28/2017 16:07:56","FK1",484,51
882162,"FC Girondins de Bordeaux","AS Monaco FC","10/28/2017 16:07:56","DANGER1",485,51
882162,"FC Girondins de Bordeaux","AS Monaco FC","10/28/2017 16:07:56","DFK1",486,51
882162,"FC Girondins de Bordeaux","AS Monaco FC","10/28/2017 16:07:56","Ball Position",487,51
882162,"FC Girondins de Bordeaux","AS Monaco FC","10/28/2017 16:08:19","Restart",488,52
882162,"FC Girondins de Bordeaux","AS Monaco FC","10/28/2017 16:08:32","SAFE2",489,52
882162,"FC Girondins de Bordeaux","AS Monaco FC","10/28/2017 16:08:33","AT2",490,52
882162,"FC Girondins de Bordeaux","AS Monaco FC","10/28/2017 16:08:38","DANGER2",491,52
882162,"FC Girondins de Bordeaux","AS Monaco FC","10/28/2017 16:08:38","DAT2",492,52
882162,"FC Girondins de Bordeaux","AS Monaco FC","10/28/2017 16:08:46","SAFE1",493,52
882162,"FC Girondins de Bordeaux","AS Monaco FC","10/28/2017 16:08:47","AT1",494,52
882162,"FC Girondins de Bordeaux","AS Monaco FC","10/28/2017 16:08:49","SAFE2",495,52
882162,"FC Girondins de Bordeaux","AS Monaco FC","10/28/2017 16:09:07","AT2",496,53
882162,"FC Girondins de Bordeaux","AS Monaco FC","10/28/2017 16:09:14","DANGER2",497,53
882162,"FC Girondins de Bordeaux","AS Monaco FC","10/28/2017 16:09:14","DAT2",498,53
882162,"FC Girondins de Bordeaux","AS Monaco FC","10/28/2017 16:09:25","SAFE2",499,53
882162,"FC Girondins de Bordeaux","AS Monaco FC","10/28/2017 16:09:27","AT2",500,53
882162,"FC Girondins de Bordeaux","AS Monaco FC","10/28/2017 16:09:43","DANGER2",501,53
882162,"FC Girondins de Bordeaux","AS Monaco FC","10/28/2017 16:09:43","DAT2",502,53
882162,"FC Girondins de Bordeaux","AS Monaco FC","10/28/2017 16:09:45","POSSIBLE_TI",503,53
882162,"FC Girondins de Bordeaux","AS Monaco FC","10/28/2017 16:09:47","TI2",504,53
882162,"FC Girondins de Bordeaux","AS Monaco FC","10/28/2017 16:09:52","Restart",505,53
882162,"FC Girondins de Bordeaux","AS Monaco FC","10/28/2017 16:10:43","Possible Free Kick",506,54
882162,"FC Girondins de Bordeaux","AS Monaco FC","10/28/2017 16:10:45","F1",508,54
882162,"FC Girondins de Bordeaux","AS Monaco FC","10/28/2017 16:10:45","FK2",509,54
882162,"FC Girondins de Bordeaux","AS Monaco FC","10/28/2017 16:10:45","DFK2",510,54
882162,"FC Girondins de Bordeaux","AS Monaco FC","10/28/2017 16:10:45","Ball Position",511,54
882162,"FC Girondins de Bordeaux","AS Monaco FC","10/28/2017 16:11:28","Restart",512,55
882162,"FC Girondins de Bordeaux","AS Monaco FC","10/28/2017 16:11:48","Possible Free Kick",513,55
882162,"FC Girondins de Bordeaux","AS Monaco FC","10/28/2017 16:11:49","F1",515,55
882162,"FC Girondins de Bordeaux","AS Monaco FC","10/28/2017 16:11:49","FK2",516,55
882162,"FC Girondins de Bordeaux","AS Monaco FC","10/28/2017 16:11:49","DFK2",517,55
882162,"FC Girondins de Bordeaux","AS Monaco FC","10/28/2017 16:11:49","Ball Position",518,55
882162,"FC Girondins de Bordeaux","AS Monaco FC","10/28/2017 16:11:51","Restart",519,55
882162,"FC Girondins de Bordeaux","AS Monaco FC","10/28/2017 16:11:56","SAFE1",520,55
882162,"FC Girondins de Bordeaux","AS Monaco FC","10/28/2017 16:12:12","AT1",521,56
882162,"FC Girondins de Bordeaux","AS Monaco FC","10/28/2017 16:12:15","SAFE2",522,56
882162,"FC Girondins de Bordeaux","AS Monaco FC","10/28/2017 16:12:17","AT2",523,56
882162,"FC Girondins de Bordeaux","AS Monaco FC","10/28/2017 16:12:18","DANGER2",524,56
882162,"FC Girondins de Bordeaux","AS Monaco FC","10/28/2017 16:12:18","DAT2",525,56
882162,"FC Girondins de Bordeaux","AS Monaco FC","10/28/2017 16:12:27","PCR2",526,56
882162,"FC Girondins de Bordeaux","AS Monaco FC","10/28/2017 16:12:35","SHB2",527,56
882162,"FC Girondins de Bordeaux","AS Monaco FC","10/28/2017 16:12:42","CR2",528,56
882162,"FC Girondins de Bordeaux","AS Monaco FC","10/28/2017 16:12:44","Ball Position",529,56
882162,"FC Girondins de Bordeaux","AS Monaco FC","10/28/2017 16:12:53","Restart",530,56
882162,"FC Girondins de Bordeaux","AS Monaco FC","10/28/2017 16:13:11","SAFE1",531,57
882162,"FC Girondins de Bordeaux","AS Monaco FC","10/28/2017 16:13:17","AT2",532,57
882162,"FC Girondins de Bordeaux","AS Monaco FC","10/28/2017 16:13:19","DANGER2",533,57
882162,"FC Girondins de Bordeaux","AS Monaco FC","10/28/2017 16:13:19","DAT2",534,57
882162,"FC Girondins de Bordeaux","AS Monaco FC","10/28/2017 16:13:26","GOAL2",535,57
882162,"FC Girondins de Bordeaux","AS Monaco FC","10/28/2017 16:13:47","Scorer",536,57
882162,"FC Girondins de Bordeaux","AS Monaco FC","10/28/2017 16:14:13","CONF_GOAL2",537,58
882162,"FC Girondins de Bordeaux","AS Monaco FC","10/28/2017 16:14:22","Player_DATA_CONFIRMED",538,58
882162,"FC Girondins de Bordeaux","AS Monaco FC","10/28/2017 16:14:32","KO1",539,58
882162,"FC Girondins de Bordeaux","AS Monaco FC","10/28/2017 16:14:32","SAFE1",540,58
882162,"FC Girondins de Bordeaux","AS Monaco FC","10/28/2017 16:14:33","SAFE1",541,58
882162,"FC Girondins de Bordeaux","AS Monaco FC","10/28/2017 16:14:43","AT1",542,58
882162,"FC Girondins de Bordeaux","AS Monaco FC","10/28/2017 16:14:48","DANGER1",543,58
882162,"FC Girondins de Bordeaux","AS Monaco FC","10/28/2017 16:14:48","DAT1",544,58
882162,"FC Girondins de Bordeaux","AS Monaco FC","10/28/2017 16:14:56","Possible Free Kick",545,58
882162,"FC Girondins de Bordeaux","AS Monaco FC","10/28/2017 16:15:00","Assist",547,59
882162,"FC Girondins de Bordeaux","AS Monaco FC","10/28/2017 16:15:02","F2",548,59
882162,"FC Girondins de Bordeaux","AS Monaco FC","10/28/2017 16:15:02","FK1",549,59
882162,"FC Girondins de Bordeaux","AS Monaco FC","10/28/2017 16:15:02","DFK1",550,59
882162,"FC Girondins de Bordeaux","AS Monaco FC","10/28/2017 16:15:02","Ball Position",551,59
882162,"FC Girondins de Bordeaux","AS Monaco FC","10/28/2017 16:15:45","Restart",552,59
882162,"FC Girondins de Bordeaux","AS Monaco FC","10/28/2017 16:15:53","SAFE2",553,59
882162,"FC Girondins de Bordeaux","AS Monaco FC","10/28/2017 16:15:54","GK2",554,59
882162,"FC Girondins de Bordeaux","AS Monaco FC","10/28/2017 16:16:05","Restart",555,60
882162,"FC Girondins de Bordeaux","AS Monaco FC","10/28/2017 16:16:20","POSSIBLE_TI",556,60
882162,"FC Girondins de Bordeaux","AS Monaco FC","10/28/2017 16:16:24","TI2",557,60
882162,"FC Girondins de Bordeaux","AS Monaco FC","10/28/2017 16:16:25","Restart",558,60
882162,"FC Girondins de Bordeaux","AS Monaco FC","10/28/2017 16:16:28","AT2",559,60
882162,"FC Girondins de Bordeaux","AS Monaco FC","10/28/2017 16:16:33","POSSIBLE_TI",560,60
882162,"FC Girondins de Bordeaux","AS Monaco FC","10/28/2017 16:16:34","TI2",561,60
882162,"FC Girondins de Bordeaux","AS Monaco FC","10/28/2017 16:16:44","Restart",562,60
882162,"FC Girondins de Bordeaux","AS Monaco FC","10/28/2017 16:16:59","POSSIBLE_TI",563,61
882162,"FC Girondins de Bordeaux","AS Monaco FC","10/28/2017 16:17:01","TI1",564,61
882162,"FC Girondins de Bordeaux","AS Monaco FC","10/28/2017 16:17:04","Restart",565,61
882162,"FC Girondins de Bordeaux","AS Monaco FC","10/28/2017 16:17:16","DANGER2",566,61
882162,"FC Girondins de Bordeaux","AS Monaco FC","10/28/2017 16:17:16","DAT2",567,61
882162,"FC Girondins de Bordeaux","AS Monaco FC","10/28/2017 16:17:17","BREAKAWAY2",568,61
882162,"FC Girondins de Bordeaux","AS Monaco FC","10/28/2017 16:17:31","POSSIBLE_TI",569,61
882162,"FC Girondins de Bordeaux","AS Monaco FC","10/28/2017 16:17:33","TI2",570,61
882162,"FC Girondins de Bordeaux","AS Monaco FC","10/28/2017 16:17:43","Restart",571,61
882162,"FC Girondins de Bordeaux","AS Monaco FC","10/28/2017 16:17:48","POSSIBLE_TI",572,61
882162,"FC Girondins de Bordeaux","AS Monaco FC","10/28/2017 16:17:50","TI2",573,61
882162,"FC Girondins de Bordeaux","AS Monaco FC","10/28/2017 16:17:56","Restart",574,61
882162,"FC Girondins de Bordeaux","AS Monaco FC","10/28/2017 16:18:02","Possible Free Kick",575,62
882162,"FC Girondins de Bordeaux","AS Monaco FC","10/28/2017 16:18:04","F1",577,62
882162,"FC Girondins de Bordeaux","AS Monaco FC","10/28/2017 16:18:04","FK2",578,62
882162,"FC Girondins de Bordeaux","AS Monaco FC","10/28/2017 16:18:04","DFK2",579,62
882162,"FC Girondins de Bordeaux","AS Monaco FC","10/28/2017 16:18:04","Ball Position",580,62
882162,"FC Girondins de Bordeaux","AS Monaco FC","10/28/2017 16:18:40","Restart",581,62
882162,"FC Girondins de Bordeaux","AS Monaco FC","10/28/2017 16:18:46","POSSIBLE_TI",582,62
882162,"FC Girondins de Bordeaux","AS Monaco FC","10/28/2017 16:18:47","TI2",583,62
882162,"FC Girondins de Bordeaux","AS Monaco FC","10/28/2017 16:18:54","Restart",584,62
882162,"FC Girondins de Bordeaux","AS Monaco FC","10/28/2017 16:19:07","POSSIBLE_TI",585,63
882162,"FC Girondins de Bordeaux","AS Monaco FC","10/28/2017 16:19:09","TI2",586,63
882162,"FC Girondins de Bordeaux","AS Monaco FC","10/28/2017 16:19:19","Restart",587,63
882162,"FC Girondins de Bordeaux","AS Monaco FC","10/28/2017 16:19:39","POSSIBLE_TI",588,63
882162,"FC Girondins de Bordeaux","AS Monaco FC","10/28/2017 16:19:40","TI1",589,63
882162,"FC Girondins de Bordeaux","AS Monaco FC","10/28/2017 16:19:45","Restart",590,63
882162,"FC Girondins de Bordeaux","AS Monaco FC","10/28/2017 16:20:05","SAFE1",591,64
882162,"FC Girondins de Bordeaux","AS Monaco FC","10/28/2017 16:20:30","POSSIBLE_TI",592,64
882162,"FC Girondins de Bordeaux","AS Monaco FC","10/28/2017 16:20:33","TI2",593,64
882162,"FC Girondins de Bordeaux","AS Monaco FC","10/28/2017 16:20:50","SUB1",594,64
882162,"FC Girondins de Bordeaux","AS Monaco FC","10/28/2017 16:21:06","Restart",595,65
882162,"FC Girondins de Bordeaux","AS Monaco FC","10/28/2017 16:21:09","AT2",596,65
882162,"FC Girondins de Bordeaux","AS Monaco FC","10/28/2017 16:21:15","POSSIBLE_TI",597,65
882162,"FC Girondins de Bordeaux","AS Monaco FC","10/28/2017 16:21:18","TI2",598,65
882162,"FC Girondins de Bordeaux","AS Monaco FC","10/28/2017 16:21:24","Restart",599,65
882162,"FC Girondins de Bordeaux","AS Monaco FC","10/28/2017 16:21:26","SAFE2",600,65
882162,"FC Girondins de Bordeaux","AS Monaco FC","10/28/2017 16:21:31","Player_DATA_CONFIRMED",601,65
882162,"FC Girondins de Bordeaux","AS Monaco FC","10/28/2017 16:21:33","AT2",602,65
882162,"FC Girondins de Bordeaux","AS Monaco FC","10/28/2017 16:21:35","DANGER2",603,65
882162,"FC Girondins de Bordeaux","AS Monaco FC","10/28/2017 16:21:35","DAT2",604,65
882162,"FC Girondins de Bordeaux","AS Monaco FC","10/28/2017 16:21:41","GOAL2",605,65
882162,"FC Girondins de Bordeaux","AS Monaco FC","10/28/2017 16:21:52","Scorer",606,65
882162,"FC Girondins de Bordeaux","AS Monaco FC","10/28/2017 16:22:32","Player_DATA_CONFIRMED",607,66
882162,"FC Girondins de Bordeaux","AS Monaco FC","10/28/2017 16:22:36","CONF_GOAL2",608,66
882162,"FC Girondins de Bordeaux","AS Monaco FC","10/28/2017 16:22:46","KO1",609,66
882162,"FC Girondins de Bordeaux","AS Monaco FC","10/28/2017 16:22:46","SAFE1",610,66
882162,"FC Girondins de Bordeaux","AS Monaco FC","10/28/2017 16:23:07","POSSIBLE_CARDS",611,67
882162,"FC Girondins de Bordeaux","AS Monaco FC","10/28/2017 16:23:15","YC1",612,67
882162,"FC Girondins de Bordeaux","AS Monaco FC","10/28/2017 16:23:24","CONF_YC1",613,67
882162,"FC Girondins de Bordeaux","AS Monaco FC","10/28/2017 16:23:30","Assist",614,67
882162,"FC Girondins de Bordeaux","AS Monaco FC","10/28/2017 16:23:30","Scorer",615,67
882162,"FC Girondins de Bordeaux","AS Monaco FC","10/28/2017 16:23:35","Possible Free Kick",616,67
882162,"FC Girondins de Bordeaux","AS Monaco FC","10/28/2017 16:23:37","F1",618,67
882162,"FC Girondins de Bordeaux","AS Monaco FC","10/28/2017 16:23:37","FK2",619,67
882162,"FC Girondins de Bordeaux","AS Monaco FC","10/28/2017 16:23:37","DANGER2",620,67
882162,"FC Girondins de Bordeaux","AS Monaco FC","10/28/2017 16:23:37","DFK2",621,67
882162,"FC Girondins de Bordeaux","AS Monaco FC","10/28/2017 16:23:37","Ball Position",622,67
882162,"FC Girondins de Bordeaux","AS Monaco FC","10/28/2017 16:23:38","Restart",623,67
882162,"FC Girondins de Bordeaux","AS Monaco FC","10/28/2017 16:23:39","SAFE2",624,67
882162,"FC Girondins de Bordeaux","AS Monaco FC","10/28/2017 16:23:44","AT2",625,67
882162,"FC Girondins de Bordeaux","AS Monaco FC","10/28/2017 16:23:46","POSSIBLE_TI",626,67
882162,"FC Girondins de Bordeaux","AS Monaco FC","10/28/2017 16:23:47","TI2",627,67
882162,"FC Girondins de Bordeaux","AS Monaco FC","10/28/2017 16:24:00","Player_DATA_CONFIRMED",628,68
882162,"FC Girondins de Bordeaux","AS Monaco FC","10/28/2017 16:24:21","Restart",629,68
882162,"FC Girondins de Bordeaux","AS Monaco FC","10/28/2017 16:24:26","DANGER2",630,68
882162,"FC Girondins de Bordeaux","AS Monaco FC","10/28/2017 16:24:26","DAT2",631,68
882162,"FC Girondins de Bordeaux","AS Monaco FC","10/28/2017 16:24:51","Possible Free Kick",632,68
882162,"FC Girondins de Bordeaux","AS Monaco FC","10/28/2017 16:24:56","SAFE2",634,68
882162,"FC Girondins de Bordeaux","AS Monaco FC","10/28/2017 16:24:56","F1",635,68
882162,"FC Girondins de Bordeaux","AS Monaco FC","10/28/2017 16:24:56","FK2",636,68
882162,"FC Girondins de Bordeaux","AS Monaco FC","10/28/2017 16:24:56","Ball Position",637,68
882162,"FC Girondins de Bordeaux","AS Monaco FC","10/28/2017 16:24:59","Restart",638,69
882162,"FC Girondins de Bordeaux","AS Monaco FC","10/28/2017 16:25:01","AT2",639,69
882162,"FC Girondins de Bordeaux","AS Monaco FC","10/28/2017 16:25:04","DANGER2",640,69
882162,"FC Girondins de Bordeaux","AS Monaco FC","10/28/2017 16:25:04","DAT2",641,69
882162,"FC Girondins de Bordeaux","AS Monaco FC","10/28/2017 16:25:10","SAFE1",642,69
882162,"FC Girondins de Bordeaux","AS Monaco FC","10/28/2017 16:25:11","GK1",643,69
882162,"FC Girondins de Bordeaux","AS Monaco FC","10/28/2017 16:25:20","Restart",644,69
882162,"FC Girondins de Bordeaux","AS Monaco FC","10/28/2017 16:25:32","POSSIBLE_TI",645,69
882162,"FC Girondins de Bordeaux","AS Monaco FC","10/28/2017 16:25:32","TI1",646,69
882162,"FC Girondins de Bordeaux","AS Monaco FC","10/28/2017 16:25:39","Restart",647,69
882162,"FC Girondins de Bordeaux","AS Monaco FC","10/28/2017 16:25:40","AT1",648,69
882162,"FC Girondins de Bordeaux","AS Monaco FC","10/28/2017 16:25:40","DANGER1",649,69
882162,"FC Girondins de Bordeaux","AS Monaco FC","10/28/2017 16:25:40","DAT1",650,69
882162,"FC Girondins de Bordeaux","AS Monaco FC","10/28/2017 16:25:53","POSSIBLE_TI",651,69
882162,"FC Girondins de Bordeaux","AS Monaco FC","10/28/2017 16:25:56","TI1",652,69
882162,"FC Girondins de Bordeaux","AS Monaco FC","10/28/2017 16:26:07","Restart",653,70
882162,"FC Girondins de Bordeaux","AS Monaco FC","10/28/2017 16:26:26","Possible Free Kick",654,70
882162,"FC Girondins de Bordeaux","AS Monaco FC","10/28/2017 16:26:32","F2",656,70
882162,"FC Girondins de Bordeaux","AS Monaco FC","10/28/2017 16:26:32","FK1",657,70
882162,"FC Girondins de Bordeaux","AS Monaco FC","10/28/2017 16:26:32","DFK1",658,70
882162,"FC Girondins de Bordeaux","AS Monaco FC","10/28/2017 16:26:32","Ball Position",659,70
882162,"FC Girondins de Bordeaux","AS Monaco FC","10/28/2017 16:27:05","Restart",660,71
882162,"FC Girondins de Bordeaux","AS Monaco FC","10/28/2017 16:27:10","SAFE2",661,71
882162,"FC Girondins de Bordeaux","AS Monaco FC","10/28/2017 16:27:41","Possible Free Kick",662,71
882162,"FC Girondins de Bordeaux","AS Monaco FC","10/28/2017 16:27:47","SAFE1",664,71
882162,"FC Girondins de Bordeaux","AS Monaco FC","10/28/2017 16:27:47","O2",665,71
882162,"FC Girondins de Bordeaux","AS Monaco FC","10/28/2017 16:27:47","FK1",666,71
882162,"FC Girondins de Bordeaux","AS Monaco FC","10/28/2017 16:27:47","Ball Position",667,71
882162,"FC Girondins de Bordeaux","AS Monaco FC","10/28/2017 16:27:48","Restart",668,71
882162,"FC Girondins de Bordeaux","AS Monaco FC","10/28/2017 16:27:54","AT1",669,71
882162,"FC Girondins de Bordeaux","AS Monaco FC","10/28/2017 16:28:01","SAFE2",670,72
882162,"FC Girondins de Bordeaux","AS Monaco FC","10/28/2017 16:28:02","AT2",671,72
882162,"FC Girondins de Bordeaux","AS Monaco FC","10/28/2017 16:28:02","DANGER2",672,72
882162,"FC Girondins de Bordeaux","AS Monaco FC","10/28/2017 16:28:02","DAT2",673,72
882162,"FC Girondins de Bordeaux","AS Monaco FC","10/28/2017 16:28:19","SAFE1",674,72
882162,"FC Girondins de Bordeaux","AS Monaco FC","10/28/2017 16:28:19","GK1",675,72
882162,"FC Girondins de Bordeaux","AS Monaco FC","10/28/2017 16:28:30","Restart",676,72
882162,"FC Girondins de Bordeaux","AS Monaco FC","10/28/2017 16:28:37","AT2",677,72
882162,"FC Girondins de Bordeaux","AS Monaco FC","10/28/2017 16:28:44","SAFE1",678,72
882162,"FC Girondins de Bordeaux","AS Monaco FC","10/28/2017 16:29:07","POSSIBLE_TI",679,73
882162,"FC Girondins de Bordeaux","AS Monaco FC","10/28/2017 16:29:08","TI1",680,73
882162,"FC Girondins de Bordeaux","AS Monaco FC","10/28/2017 16:29:27","SUB1",681,73
882162,"FC Girondins de Bordeaux","AS Monaco FC","10/28/2017 16:29:28","Restart",682,73
882162,"FC Girondins de Bordeaux","AS Monaco FC","10/28/2017 16:29:31","POSSIBLE_TI",683,73
882162,"FC Girondins de Bordeaux","AS Monaco FC","10/28/2017 16:29:32","TI1",684,73
882162,"FC Girondins de Bordeaux","AS Monaco FC","10/28/2017 16:29:37","Restart",685,73
882162,"FC Girondins de Bordeaux","AS Monaco FC","10/28/2017 16:29:39","AT1",686,73
882162,"FC Girondins de Bordeaux","AS Monaco FC","10/28/2017 16:29:41","DANGER1",687,73
882162,"FC Girondins de Bordeaux","AS Monaco FC","10/28/2017 16:29:41","DAT1",688,73
882162,"FC Girondins de Bordeaux","AS Monaco FC","10/28/2017 16:29:51","PCR1",689,73
882162,"FC Girondins de Bordeaux","AS Monaco FC","10/28/2017 16:30:05","CR1",690,74
882162,"FC Girondins de Bordeaux","AS Monaco FC","10/28/2017 16:30:07","Ball Position",691,74
882162,"FC Girondins de Bordeaux","AS Monaco FC","10/28/2017 16:30:12","Restart",692,74
882162,"FC Girondins de Bordeaux","AS Monaco FC","10/28/2017 16:30:31","Player_DATA_CONFIRMED",693,74
882162,"FC Girondins de Bordeaux","AS Monaco FC","10/28/2017 16:30:34","POSSIBLE_TI",694,74
882162,"FC Girondins de Bordeaux","AS Monaco FC","10/28/2017 16:30:38","TI1",695,74
882162,"FC Girondins de Bordeaux","AS Monaco FC","10/28/2017 16:30:40","Restart",696,74
882162,"FC Girondins de Bordeaux","AS Monaco FC","10/28/2017 16:30:59","POSSIBLE_TI",697,75
882162,"FC Girondins de Bordeaux","AS Monaco FC","10/28/2017 16:31:01","TI1",698,75
882162,"FC Girondins de Bordeaux","AS Monaco FC","10/28/2017 16:31:03","Restart",699,75
882162,"FC Girondins de Bordeaux","AS Monaco FC","10/28/2017 16:31:11","SHG1",700,75
882162,"FC Girondins de Bordeaux","AS Monaco FC","10/28/2017 16:31:13","SHB1",701,75
882162,"FC Girondins de Bordeaux","AS Monaco FC","10/28/2017 16:31:20","SAFE2",702,75
882162,"FC Girondins de Bordeaux","AS Monaco FC","10/28/2017 16:31:21","GK2",703,75
882162,"FC Girondins de Bordeaux","AS Monaco FC","10/28/2017 16:31:39","Restart",704,75
882162,"FC Girondins de Bordeaux","AS Monaco FC","10/28/2017 16:31:46","AT2",705,75
882162,"FC Girondins de Bordeaux","AS Monaco FC","10/28/2017 16:31:58","Possible Free Kick",706,76
882162,"FC Girondins de Bordeaux","AS Monaco FC","10/28/2017 16:32:00","F1",708,76
882162,"FC Girondins de Bordeaux","AS Monaco FC","10/28/2017 16:32:00","FK2",709,76
882162,"FC Girondins de Bordeaux","AS Monaco FC","10/28/2017 16:32:00","DANGER2",710,76
882162,"FC Girondins de Bordeaux","AS Monaco FC","10/28/2017 16:32:00","DFK2",711,76
882162,"FC Girondins de Bordeaux","AS Monaco FC","10/28/2017 16:32:00","Ball Position",712,76
882162,"FC Girondins de Bordeaux","AS Monaco FC","10/28/2017 16:32:25","Restart",713,76
882162,"FC Girondins de Bordeaux","AS Monaco FC","10/28/2017 16:33:10","Possible Free Kick",714,77
882162,"FC Girondins de Bordeaux","AS Monaco FC","10/28/2017 16:33:16","F1",716,77
882162,"FC Girondins de Bordeaux","AS Monaco FC","10/28/2017 16:33:16","FK2",717,77
882162,"FC Girondins de Bordeaux","AS Monaco FC","10/28/2017 16:33:16","DFK2",718,77
882162,"FC Girondins de Bordeaux","AS Monaco FC","10/28/2017 16:33:16","Ball Position",719,77
882162,"FC Girondins de Bordeaux","AS Monaco FC","10/28/2017 16:33:36","Restart",720,77
882162,"FC Girondins de Bordeaux","AS Monaco FC","10/28/2017 16:33:55","POSSIBLE_TI",721,77
882162,"FC Girondins de Bordeaux","AS Monaco FC","10/28/2017 16:33:56","TI2",722,77
882162,"FC Girondins de Bordeaux","AS Monaco FC","10/28/2017 16:34:10","Restart",723,78
882162,"FC Girondins de Bordeaux","AS Monaco FC","10/28/2017 16:34:26","Possible Free Kick",724,78
882162,"FC Girondins de Bordeaux","AS Monaco FC","10/28/2017 16:34:28","F1",726,78
882162,"FC Girondins de Bordeaux","AS Monaco FC","10/28/2017 16:34:28","FK2",727,78
882162,"FC Girondins de Bordeaux","AS Monaco FC","10/28/2017 16:34:28","DFK2",728,78
882162,"FC Girondins de Bordeaux","AS Monaco FC","10/28/2017 16:34:28","Ball Position",729,78
882162,"FC Girondins de Bordeaux","AS Monaco FC","10/28/2017 16:34:44","Restart",730,78
882162,"FC Girondins de Bordeaux","AS Monaco FC","10/28/2017 16:35:27","SAFE1",731,79
882162,"FC Girondins de Bordeaux","AS Monaco FC","10/28/2017 16:35:28","AT1",732,79
882162,"FC Girondins de Bordeaux","AS Monaco FC","10/28/2017 16:35:43","DANGER1",733,79
882162,"FC Girondins de Bordeaux","AS Monaco FC","10/28/2017 16:35:43","DAT1",734,79
882162,"FC Girondins de Bordeaux","AS Monaco FC","10/28/2017 16:35:50","SHG1",735,79
882162,"FC Girondins de Bordeaux","AS Monaco FC","10/28/2017 16:36:06","SHG1",736,80
882162,"FC Girondins de Bordeaux","AS Monaco FC","10/28/2017 16:36:38","PCR1",737,80
882162,"FC Girondins de Bordeaux","AS Monaco FC","10/28/2017 16:36:49","CR1",738,80
882162,"FC Girondins de Bordeaux","AS Monaco FC","10/28/2017 16:36:53","Ball Position",739,80
882162,"FC Girondins de Bordeaux","AS Monaco FC","10/28/2017 16:36:55","Restart",740,80
882162,"FC Girondins de Bordeaux","AS Monaco FC","10/28/2017 16:37:00","PCR1",741,81
882162,"FC Girondins de Bordeaux","AS Monaco FC","10/28/2017 16:37:04","CR1",742,81
882162,"FC Girondins de Bordeaux","AS Monaco FC","10/28/2017 16:37:06","Ball Position",743,81
882162,"FC Girondins de Bordeaux","AS Monaco FC","10/28/2017 16:37:11","Restart",744,81
882162,"FC Girondins de Bordeaux","AS Monaco FC","10/28/2017 16:37:26","SAFE2",745,81
882162,"FC Girondins de Bordeaux","AS Monaco FC","10/28/2017 16:37:27","GK2",746,81
882162,"FC Girondins de Bordeaux","AS Monaco FC","10/28/2017 16:37:53","SUB1",747,81
882162,"FC Girondins de Bordeaux","AS Monaco FC","10/28/2017 16:38:32","SUB2",748,82
882162,"FC Girondins de Bordeaux","AS Monaco FC","10/28/2017 16:38:40","Restart",749,82
882162,"FC Girondins de Bordeaux","AS Monaco FC","10/28/2017 16:38:51","AT2",750,82
882162,"FC Girondins de Bordeaux","AS Monaco FC","10/28/2017 16:38:53","DANGER2",751,82
882162,"FC Girondins de Bordeaux","AS Monaco FC","10/28/2017 16:38:53","DAT2",752,82
882162,"FC Girondins de Bordeaux","AS Monaco FC","10/28/2017 16:39:05","SHB2",753,83
882162,"FC Girondins de Bordeaux","AS Monaco FC","10/28/2017 16:39:05","SAFE1",754,83
882162,"FC Girondins de Bordeaux","AS Monaco FC","10/28/2017 16:39:07","GK1",755,83
882162,"FC Girondins de Bordeaux","AS Monaco FC","10/28/2017 16:39:13","Restart",756,83
882162,"FC Girondins de Bordeaux","AS Monaco FC","10/28/2017 16:39:22","POSSIBLE_TI",757,83
882162,"FC Girondins de Bordeaux","AS Monaco FC","10/28/2017 16:39:24","TI1",758,83
882162,"FC Girondins de Bordeaux","AS Monaco FC","10/28/2017 16:39:29","Restart",759,83
882162,"FC Girondins de Bordeaux","AS Monaco FC","10/28/2017 16:39:29","Player_DATA_CONFIRMED",760,83
882162,"FC Girondins de Bordeaux","AS Monaco FC","10/28/2017 16:39:30","Player_DATA_CONFIRMED",761,83
882162,"FC Girondins de Bordeaux","AS Monaco FC","10/28/2017 16:39:40","AT2",762,83
882162,"FC Girondins de Bordeaux","AS Monaco FC","10/28/2017 16:39:40","DANGER2",763,83
882162,"FC Girondins de Bordeaux","AS Monaco FC","10/28/2017 16:39:40","DAT2",764,83
882162,"FC Girondins de Bordeaux","AS Monaco FC","10/28/2017 16:39:45","SAFE1",765,83
882162,"FC Girondins de Bordeaux","AS Monaco FC","10/28/2017 16:39:46","AT1",766,83
882162,"FC Girondins de Bordeaux","AS Monaco FC","10/28/2017 16:39:53","DANGER1",767,83
882162,"FC Girondins de Bordeaux","AS Monaco FC","10/28/2017 16:39:53","DAT1",768,83
882162,"FC Girondins de Bordeaux","AS Monaco FC","10/28/2017 16:39:59","PCR1",769,84
882162,"FC Girondins de Bordeaux","AS Monaco FC","10/28/2017 16:40:06","SHB1",770,84
882162,"FC Girondins de Bordeaux","AS Monaco FC","10/28/2017 16:40:10","NCR1",771,84
882162,"FC Girondins de Bordeaux","AS Monaco FC","10/28/2017 16:40:11","SAFE2",772,84
882162,"FC Girondins de Bordeaux","AS Monaco FC","10/28/2017 16:40:12","GK2",773,84
882162,"FC Girondins de Bordeaux","AS Monaco FC","10/28/2017 16:40:32","Restart",774,84
882162,"FC Girondins de Bordeaux","AS Monaco FC","10/28/2017 16:40:41","AT2",775,84
882162,"FC Girondins de Bordeaux","AS Monaco FC","10/28/2017 16:40:50","Possible Free Kick",776,84
882162,"FC Girondins de Bordeaux","AS Monaco FC","10/28/2017 16:40:52","F1",778,84
882162,"FC Girondins de Bordeaux","AS Monaco FC","10/28/2017 16:40:52","FK2",779,84
882162,"FC Girondins de Bordeaux","AS Monaco FC","10/28/2017 16:40:52","DANGER2",780,84
882162,"FC Girondins de Bordeaux","AS Monaco FC","10/28/2017 16:40:52","DFK2",781,84
882162,"FC Girondins de Bordeaux","AS Monaco FC","10/28/2017 16:40:52","Ball Position",782,84
882162,"FC Girondins de Bordeaux","AS Monaco FC","10/28/2017 16:41:12","Restart",783,85
882162,"FC Girondins de Bordeaux","AS Monaco FC","10/28/2017 16:41:22","PCR2",784,85
882162,"FC Girondins de Bordeaux","AS Monaco FC","10/28/2017 16:41:33","SHB2",785,85
882162,"FC Girondins de Bordeaux","AS Monaco FC","10/28/2017 16:41:39","CR2",786,85
882162,"FC Girondins de Bordeaux","AS Monaco FC","10/28/2017 16:41:41","Ball Position",787,85
882162,"FC Girondins de Bordeaux","AS Monaco FC","10/28/2017 16:41:48","Restart",788,85
882162,"FC Girondins de Bordeaux","AS Monaco FC","10/28/2017 16:41:54","SAFE1",789,85
882162,"FC Girondins de Bordeaux","AS Monaco FC","10/28/2017 16:41:57","AT1",790,85
882162,"FC Girondins de Bordeaux","AS Monaco FC","10/28/2017 16:42:13","SAFE2",791,86
882162,"FC Girondins de Bordeaux","AS Monaco FC","10/28/2017 16:42:15","AT2",792,86
882162,"FC Girondins de Bordeaux","AS Monaco FC","10/28/2017 16:42:16","SAFE1",793,86
882162,"FC Girondins de Bordeaux","AS Monaco FC","10/28/2017 16:42:29","AT1",794,86
882162,"FC Girondins de Bordeaux","AS Monaco FC","10/28/2017 16:42:33","POSSIBLE_CARDS",795,86
882162,"FC Girondins de Bordeaux","AS Monaco FC","10/28/2017 16:42:51","YC1",796,86
882162,"FC Girondins de Bordeaux","AS Monaco FC","10/28/2017 16:42:57","CONF_YC1",797,86
882162,"FC Girondins de Bordeaux","AS Monaco FC","10/28/2017 16:43:10","Scorer",798,87
882162,"FC Girondins de Bordeaux","AS Monaco FC","10/28/2017 16:43:12","Possible Free Kick",799,87
882162,"FC Girondins de Bordeaux","AS Monaco FC","10/28/2017 16:43:14","SAFE2",801,87
882162,"FC Girondins de Bordeaux","AS Monaco FC","10/28/2017 16:43:14","F1",802,87
882162,"FC Girondins de Bordeaux","AS Monaco FC","10/28/2017 16:43:14","FK2",803,87
882162,"FC Girondins de Bordeaux","AS Monaco FC","10/28/2017 16:43:14","Ball Position",804,87
882162,"FC Girondins de Bordeaux","AS Monaco FC","10/28/2017 16:43:16","Restart",805,87
882162,"FC Girondins de Bordeaux","AS Monaco FC","10/28/2017 16:43:27","AT2",806,87
882162,"FC Girondins de Bordeaux","AS Monaco FC","10/28/2017 16:43:38","SAFE2",807,87
882162,"FC Girondins de Bordeaux","AS Monaco FC","10/28/2017 16:44:00","Scorer",808,88
882162,"FC Girondins de Bordeaux","AS Monaco FC","10/28/2017 16:44:00","Player_DATA_CONFIRMED",809,88
882162,"FC Girondins de Bordeaux","AS Monaco FC","10/28/2017 16:44:01","AT2",810,88
882162,"FC Girondins de Bordeaux","AS Monaco FC","10/28/2017 16:44:03","DANGER2",811,88
882162,"FC Girondins de Bordeaux","AS Monaco FC","10/28/2017 16:44:03","DAT2",812,88
882162,"FC Girondins de Bordeaux","AS Monaco FC","10/28/2017 16:44:11","SHB2",813,88
882162,"FC Girondins de Bordeaux","AS Monaco FC","10/28/2017 16:44:13","SAFE1",814,88
882162,"FC Girondins de Bordeaux","AS Monaco FC","10/28/2017 16:44:14","GK1",815,88
882162,"FC Girondins de Bordeaux","AS Monaco FC","10/28/2017 16:44:23","Restart",816,88
882162,"FC Girondins de Bordeaux","AS Monaco FC","10/28/2017 16:44:37","SAFE2",817,88
882162,"FC Girondins de Bordeaux","AS Monaco FC","10/28/2017 16:44:40","AT2",818,88
882162,"FC Girondins de Bordeaux","AS Monaco FC","10/28/2017 16:45:03","SAFE1",819,89
882162,"FC Girondins de Bordeaux","AS Monaco FC","10/28/2017 16:45:03","AT1",820,89
882162,"FC Girondins de Bordeaux","AS Monaco FC","10/28/2017 16:45:14","DANGER1",821,89
882162,"FC Girondins de Bordeaux","AS Monaco FC","10/28/2017 16:45:14","DAT1",822,89
882162,"FC Girondins de Bordeaux","AS Monaco FC","10/28/2017 16:45:38","SHB1",823,89
882162,"FC Girondins de Bordeaux","AS Monaco FC","10/28/2017 16:45:42","SAFE2",824,89
882162,"FC Girondins de Bordeaux","AS Monaco FC","10/28/2017 16:45:43","GK2",825,89
882162,"FC Girondins de Bordeaux","AS Monaco FC","10/28/2017 16:45:59","SUB2",826,90
882162,"FC Girondins de Bordeaux","AS Monaco FC","10/28/2017 16:46:28","Restart",827,90
882162,"FC Girondins de Bordeaux","AS Monaco FC","10/28/2017 16:46:51","SAFE1",828,90
882162,"FC Girondins de Bordeaux","AS Monaco FC","10/28/2017 16:47:02","AT1",829,91
882162,"FC Girondins de Bordeaux","AS Monaco FC","10/28/2017 16:47:08","DANGER1",830,91
882162,"FC Girondins de Bordeaux","AS Monaco FC","10/28/2017 16:47:08","DAT1",831,91
882162,"FC Girondins de Bordeaux","AS Monaco FC","10/28/2017 16:47:31","Extra Time",832,91
882162,"FC Girondins de Bordeaux","AS Monaco FC","10/28/2017 16:47:37","SAFE2",833,91
882162,"FC Girondins de Bordeaux","AS Monaco FC","10/28/2017 16:47:37","AT2",834,91
882162,"FC Girondins de Bordeaux","AS Monaco FC","10/28/2017 16:47:50","Possible Free Kick",835,91
882162,"FC Girondins de Bordeaux","AS Monaco FC","10/28/2017 16:47:52","F1",837,91
882162,"FC Girondins de Bordeaux","AS Monaco FC","10/28/2017 16:47:52","FK2",838,91
882162,"FC Girondins de Bordeaux","AS Monaco FC","10/28/2017 16:47:52","DANGER2",839,91
882162,"FC Girondins de Bordeaux","AS Monaco FC","10/28/2017 16:47:52","DFK2",840,91
882162,"FC Girondins de Bordeaux","AS Monaco FC","10/28/2017 16:47:52","Ball Position",841,91
882162,"FC Girondins de Bordeaux","AS Monaco FC","10/28/2017 16:48:00","Player_DATA_CONFIRMED",842,92
882162,"FC Girondins de Bordeaux","AS Monaco FC","10/28/2017 16:48:16","SUB2",843,92
882162,"FC Girondins de Bordeaux","AS Monaco FC","10/28/2017 16:48:27","Extra Time",844,92
882162,"FC Girondins de Bordeaux","AS Monaco FC","10/28/2017 16:48:33","Restart",845,92
882162,"FC Girondins de Bordeaux","AS Monaco FC","10/28/2017 16:48:39","SAFE1",846,92
882162,"FC Girondins de Bordeaux","AS Monaco FC","10/28/2017 16:48:45","AT1",847,92
882162,"FC Girondins de Bordeaux","AS Monaco FC","10/28/2017 16:48:48","DANGER1",848,92
882162,"FC Girondins de Bordeaux","AS Monaco FC","10/28/2017 16:48:48","DAT1",849,92
882162,"FC Girondins de Bordeaux","AS Monaco FC","10/28/2017 16:48:57","POSSIBLE_TI",850,93
882162,"FC Girondins de Bordeaux","AS Monaco FC","10/28/2017 16:48:58","TI1",851,93
882162,"FC Girondins de Bordeaux","AS Monaco FC","10/28/2017 16:49:01","Restart",852,93
882162,"FC Girondins de Bordeaux","AS Monaco FC","10/28/2017 16:49:14","SAFE1",853,93
882162,"FC Girondins de Bordeaux","AS Monaco FC","10/28/2017 16:49:20","AT1",854,93
882162,"FC Girondins de Bordeaux","AS Monaco FC","10/28/2017 16:50:04","Stop RT2",855,93
882162,"FC Girondins de Bordeaux","AS Monaco FC","10/28/2017 16:50:04","Stop Game",856,93
882162,"FC Girondins de Bordeaux","AS Monaco FC","10/28/2017 16:50:21","CONF_PERIOD_SCORE",857,93
882162,"FC Girondins de Bordeaux","AS Monaco FC","10/28/2017 16:50:41","Player_DATA_CONFIRMED",858,93
