"RBallID","HomeTeam","AwayTeam","Timestamp","Incident","IncidentNumber","Minute"
918263,"Olympique Lyonnais","Angers SCO","01/14/2018 15:05:41","Transmission Online",0,0
918263,"Olympique Lyonnais","Angers SCO","01/14/2018 15:05:41","Scout in Stadion",1,0
918263,"Olympique Lyonnais","Angers SCO","01/14/2018 15:05:50","Lineup changed",2,0
918263,"Olympique Lyonnais","Angers SCO","01/14/2018 15:17:30","GCC",3,0
918263,"Olympique Lyonnais","Angers SCO","01/14/2018 15:21:17","Jersey Changed",4,0
918263,"Olympique Lyonnais","Angers SCO","01/14/2018 15:21:17","Jersey Changed",5,0
918263,"Olympique Lyonnais","Angers SCO","01/14/2018 15:51:13","GCC",6,0
918263,"Olympique Lyonnais","Angers SCO","01/14/2018 15:59:08","Players are coming out",7,0
918263,"Olympique Lyonnais","Angers SCO","01/14/2018 15:59:34","Players lined up",8,0
918263,"Olympique Lyonnais","Angers SCO","01/14/2018 15:59:46","Shake hands",9,0
918263,"Olympique Lyonnais","Angers SCO","01/14/2018 16:00:19","Flip coin",10,0
918263,"Olympique Lyonnais","Angers SCO","01/14/2018 16:01:12","System Message",11,0
918263,"Olympique Lyonnais","Angers SCO","01/14/2018 16:01:50","Minute of silent",12,0
918263,"Olympique Lyonnais","Angers SCO","01/14/2018 16:02:31","Game about to start",13,0
918263,"Olympique Lyonnais","Angers SCO","01/14/2018 16:03:06","Start RT1 Team 1",14,1
918263,"Olympique Lyonnais","Angers SCO","01/14/2018 16:03:08","SAFE1",15,1
918263,"Olympique Lyonnais","Angers SCO","01/14/2018 16:03:32","AT1",16,1
918263,"Olympique Lyonnais","Angers SCO","01/14/2018 16:03:36","POSSIBLE_TI",17,1
918263,"Olympique Lyonnais","Angers SCO","01/14/2018 16:03:39","TI1",18,1
918263,"Olympique Lyonnais","Angers SCO","01/14/2018 16:03:44","Restart",19,1
918263,"Olympique Lyonnais","Angers SCO","01/14/2018 16:03:56","DANGER1",20,1
918263,"Olympique Lyonnais","Angers SCO","01/14/2018 16:03:56","DAT1",21,1
918263,"Olympique Lyonnais","Angers SCO","01/14/2018 16:04:20","SAFE1",22,2
918263,"Olympique Lyonnais","Angers SCO","01/14/2018 16:04:24","AT1",23,2
918263,"Olympique Lyonnais","Angers SCO","01/14/2018 16:04:27","Possible Free Kick",24,2
918263,"Olympique Lyonnais","Angers SCO","01/14/2018 16:04:29","F2",26,2
918263,"Olympique Lyonnais","Angers SCO","01/14/2018 16:04:29","FK1",27,2
918263,"Olympique Lyonnais","Angers SCO","01/14/2018 16:04:29","DANGER1",28,2
918263,"Olympique Lyonnais","Angers SCO","01/14/2018 16:04:29","DFK1",29,2
918263,"Olympique Lyonnais","Angers SCO","01/14/2018 16:04:29","Ball Position",30,2
918263,"Olympique Lyonnais","Angers SCO","01/14/2018 16:04:33","Restart",31,2
918263,"Olympique Lyonnais","Angers SCO","01/14/2018 16:04:39","SAFE1",32,2
918263,"Olympique Lyonnais","Angers SCO","01/14/2018 16:05:01","POSSIBLE_TI",33,2
918263,"Olympique Lyonnais","Angers SCO","01/14/2018 16:05:03","TI1",34,2
918263,"Olympique Lyonnais","Angers SCO","01/14/2018 16:05:05","Restart",35,2
918263,"Olympique Lyonnais","Angers SCO","01/14/2018 16:05:10","AT1",36,3
918263,"Olympique Lyonnais","Angers SCO","01/14/2018 16:05:31","SAFE2",37,3
918263,"Olympique Lyonnais","Angers SCO","01/14/2018 16:05:33","AT2",38,3
918263,"Olympique Lyonnais","Angers SCO","01/14/2018 16:05:36","DANGER2",39,3
918263,"Olympique Lyonnais","Angers SCO","01/14/2018 16:05:36","DAT2",40,3
918263,"Olympique Lyonnais","Angers SCO","01/14/2018 16:05:41","SHG2",41,3
918263,"Olympique Lyonnais","Angers SCO","01/14/2018 16:05:44","SAFE1",42,3
918263,"Olympique Lyonnais","Angers SCO","01/14/2018 16:06:05","Possible Free Kick",43,3
918263,"Olympique Lyonnais","Angers SCO","01/14/2018 16:06:06","F2",45,4
918263,"Olympique Lyonnais","Angers SCO","01/14/2018 16:06:06","FK1",46,4
918263,"Olympique Lyonnais","Angers SCO","01/14/2018 16:06:07","Ball Position",47,4
918263,"Olympique Lyonnais","Angers SCO","01/14/2018 16:06:08","Restart",48,4
918263,"Olympique Lyonnais","Angers SCO","01/14/2018 16:06:19","AT1",49,4
918263,"Olympique Lyonnais","Angers SCO","01/14/2018 16:06:26","DANGER1",50,4
918263,"Olympique Lyonnais","Angers SCO","01/14/2018 16:06:26","DAT1",51,4
918263,"Olympique Lyonnais","Angers SCO","01/14/2018 16:06:33","SAFE2",52,4
918263,"Olympique Lyonnais","Angers SCO","01/14/2018 16:06:35","AT2",53,4
918263,"Olympique Lyonnais","Angers SCO","01/14/2018 16:06:39","POSSIBLE_TI",54,4
918263,"Olympique Lyonnais","Angers SCO","01/14/2018 16:06:40","TI2",55,4
918263,"Olympique Lyonnais","Angers SCO","01/14/2018 16:06:49","Restart",56,4
918263,"Olympique Lyonnais","Angers SCO","01/14/2018 16:06:55","SAFE1",57,4
918263,"Olympique Lyonnais","Angers SCO","01/14/2018 16:07:09","AT1",58,5
918263,"Olympique Lyonnais","Angers SCO","01/14/2018 16:07:26","DANGER1",59,5
918263,"Olympique Lyonnais","Angers SCO","01/14/2018 16:07:26","DAT1",60,5
918263,"Olympique Lyonnais","Angers SCO","01/14/2018 16:07:51","SAFE2",61,5
918263,"Olympique Lyonnais","Angers SCO","01/14/2018 16:07:55","AT2",62,5
918263,"Olympique Lyonnais","Angers SCO","01/14/2018 16:08:22","SAFE2",63,6
918263,"Olympique Lyonnais","Angers SCO","01/14/2018 16:08:34","POSSIBLE_TI",64,6
918263,"Olympique Lyonnais","Angers SCO","01/14/2018 16:08:34","TI1",65,6
918263,"Olympique Lyonnais","Angers SCO","01/14/2018 16:08:36","Restart",66,6
918263,"Olympique Lyonnais","Angers SCO","01/14/2018 16:08:39","SAFE1",67,6
918263,"Olympique Lyonnais","Angers SCO","01/14/2018 16:08:45","AT1",68,6
918263,"Olympique Lyonnais","Angers SCO","01/14/2018 16:08:48","DANGER1",69,6
918263,"Olympique Lyonnais","Angers SCO","01/14/2018 16:08:48","DAT1",70,6
918263,"Olympique Lyonnais","Angers SCO","01/14/2018 16:09:15","POSSIBLE_TI",71,7
918263,"Olympique Lyonnais","Angers SCO","01/14/2018 16:09:17","TI1",72,7
918263,"Olympique Lyonnais","Angers SCO","01/14/2018 16:09:20","Restart",73,7
918263,"Olympique Lyonnais","Angers SCO","01/14/2018 16:09:25","SAFE1",74,7
918263,"Olympique Lyonnais","Angers SCO","01/14/2018 16:09:37","AT1",75,7
918263,"Olympique Lyonnais","Angers SCO","01/14/2018 16:10:03","POSSIBLE_TI",76,7
918263,"Olympique Lyonnais","Angers SCO","01/14/2018 16:10:04","TI1",77,7
918263,"Olympique Lyonnais","Angers SCO","01/14/2018 16:10:08","Restart",78,8
918263,"Olympique Lyonnais","Angers SCO","01/14/2018 16:10:39","DANGER1",79,8
918263,"Olympique Lyonnais","Angers SCO","01/14/2018 16:10:39","DAT1",80,8
918263,"Olympique Lyonnais","Angers SCO","01/14/2018 16:10:54","SAFE2",81,8
918263,"Olympique Lyonnais","Angers SCO","01/14/2018 16:10:57","POSSIBLE_TI",82,8
918263,"Olympique Lyonnais","Angers SCO","01/14/2018 16:10:58","TI2",83,8
918263,"Olympique Lyonnais","Angers SCO","01/14/2018 16:11:06","Restart",84,9
918263,"Olympique Lyonnais","Angers SCO","01/14/2018 16:11:07","AT2",85,9
918263,"Olympique Lyonnais","Angers SCO","01/14/2018 16:11:14","DANGER2",86,9
918263,"Olympique Lyonnais","Angers SCO","01/14/2018 16:11:14","DAT2",87,9
918263,"Olympique Lyonnais","Angers SCO","01/14/2018 16:11:25","POSSIBLE_TI",88,9
918263,"Olympique Lyonnais","Angers SCO","01/14/2018 16:11:26","TI2",89,9
918263,"Olympique Lyonnais","Angers SCO","01/14/2018 16:11:34","Restart",90,9
918263,"Olympique Lyonnais","Angers SCO","01/14/2018 16:11:40","Possible Free Kick",91,9
918263,"Olympique Lyonnais","Angers SCO","01/14/2018 16:11:41","SAFE1",93,9
918263,"Olympique Lyonnais","Angers SCO","01/14/2018 16:11:41","F2",94,9
918263,"Olympique Lyonnais","Angers SCO","01/14/2018 16:11:41","FK1",95,9
918263,"Olympique Lyonnais","Angers SCO","01/14/2018 16:11:41","Ball Position",96,9
918263,"Olympique Lyonnais","Angers SCO","01/14/2018 16:11:53","Restart",97,9
918263,"Olympique Lyonnais","Angers SCO","01/14/2018 16:12:15","AT1",98,10
918263,"Olympique Lyonnais","Angers SCO","01/14/2018 16:12:17","DANGER1",99,10
918263,"Olympique Lyonnais","Angers SCO","01/14/2018 16:12:17","DAT1",100,10
918263,"Olympique Lyonnais","Angers SCO","01/14/2018 16:12:33","SAFE2",101,10
918263,"Olympique Lyonnais","Angers SCO","01/14/2018 16:12:34","AT2",102,10
918263,"Olympique Lyonnais","Angers SCO","01/14/2018 16:12:37","DANGER2",103,10
918263,"Olympique Lyonnais","Angers SCO","01/14/2018 16:12:37","DAT2",104,10
918263,"Olympique Lyonnais","Angers SCO","01/14/2018 16:12:46","SAFE1",105,10
918263,"Olympique Lyonnais","Angers SCO","01/14/2018 16:12:49","AT1",106,10
918263,"Olympique Lyonnais","Angers SCO","01/14/2018 16:12:54","SAFE1",107,10
918263,"Olympique Lyonnais","Angers SCO","01/14/2018 16:13:04","AT1",108,10
918263,"Olympique Lyonnais","Angers SCO","01/14/2018 16:13:12","DANGER1",109,11
918263,"Olympique Lyonnais","Angers SCO","01/14/2018 16:13:12","DAT1",110,11
918263,"Olympique Lyonnais","Angers SCO","01/14/2018 16:13:30","SAFE2",111,11
918263,"Olympique Lyonnais","Angers SCO","01/14/2018 16:13:31","GK2",112,11
918263,"Olympique Lyonnais","Angers SCO","01/14/2018 16:13:41","Restart",113,11
918263,"Olympique Lyonnais","Angers SCO","01/14/2018 16:13:45","SAFE1",114,11
918263,"Olympique Lyonnais","Angers SCO","01/14/2018 16:14:05","AT1",115,11
918263,"Olympique Lyonnais","Angers SCO","01/14/2018 16:14:10","SAFE2",116,12
918263,"Olympique Lyonnais","Angers SCO","01/14/2018 16:14:11","AT2",117,12
918263,"Olympique Lyonnais","Angers SCO","01/14/2018 16:14:14","POSSIBLE_TI",118,12
918263,"Olympique Lyonnais","Angers SCO","01/14/2018 16:14:16","TI1",119,12
918263,"Olympique Lyonnais","Angers SCO","01/14/2018 16:14:25","Restart",120,12
918263,"Olympique Lyonnais","Angers SCO","01/14/2018 16:14:30","SAFE1",121,12
918263,"Olympique Lyonnais","Angers SCO","01/14/2018 16:14:36","AT2",122,12
918263,"Olympique Lyonnais","Angers SCO","01/14/2018 16:14:38","DANGER2",123,12
918263,"Olympique Lyonnais","Angers SCO","01/14/2018 16:14:38","DAT2",124,12
918263,"Olympique Lyonnais","Angers SCO","01/14/2018 16:14:48","PPEN",125,12
918263,"Olympique Lyonnais","Angers SCO","01/14/2018 16:14:48","PPEN2",126,12
918263,"Olympique Lyonnais","Angers SCO","01/14/2018 16:14:51","POSSIBLE_CARDS",127,12
918263,"Olympique Lyonnais","Angers SCO","01/14/2018 16:14:51","PRC",128,12
918263,"Olympique Lyonnais","Angers SCO","01/14/2018 16:15:13","PEN2",129,13
918263,"Olympique Lyonnais","Angers SCO","01/14/2018 16:15:21","Injury Break",130,13
918263,"Olympique Lyonnais","Angers SCO","01/14/2018 16:16:06","No RC",131,14
918263,"Olympique Lyonnais","Angers SCO","01/14/2018 16:16:11","Scorer",132,14
918263,"Olympique Lyonnais","Angers SCO","01/14/2018 16:16:16","NO_Cards",133,14
918263,"Olympique Lyonnais","Angers SCO","01/14/2018 16:16:26","Restart",134,14
918263,"Olympique Lyonnais","Angers SCO","01/14/2018 16:16:26","GOAL2",135,14
918263,"Olympique Lyonnais","Angers SCO","01/14/2018 16:16:26","Scorer",136,14
918263,"Olympique Lyonnais","Angers SCO","01/14/2018 16:16:43","CONF_GOAL2",137,14
918263,"Olympique Lyonnais","Angers SCO","01/14/2018 16:16:57","KO1",138,14
918263,"Olympique Lyonnais","Angers SCO","01/14/2018 16:16:57","SAFE1",139,14
918263,"Olympique Lyonnais","Angers SCO","01/14/2018 16:17:18","AT1",140,15
918263,"Olympique Lyonnais","Angers SCO","01/14/2018 16:17:34","Player_DATA_CONFIRMED",141,15
918263,"Olympique Lyonnais","Angers SCO","01/14/2018 16:17:58","DANGER1",142,15
918263,"Olympique Lyonnais","Angers SCO","01/14/2018 16:17:58","DAT1",143,15
918263,"Olympique Lyonnais","Angers SCO","01/14/2018 16:18:07","Possible Free Kick",144,16
918263,"Olympique Lyonnais","Angers SCO","01/14/2018 16:18:16","F1",146,16
918263,"Olympique Lyonnais","Angers SCO","01/14/2018 16:18:16","FK2",147,16
918263,"Olympique Lyonnais","Angers SCO","01/14/2018 16:18:16","DFK2",148,16
918263,"Olympique Lyonnais","Angers SCO","01/14/2018 16:18:16","Ball Position",149,16
918263,"Olympique Lyonnais","Angers SCO","01/14/2018 16:18:27","Restart",150,16
918263,"Olympique Lyonnais","Angers SCO","01/14/2018 16:18:33","POSSIBLE_TI",151,16
918263,"Olympique Lyonnais","Angers SCO","01/14/2018 16:18:35","TI2",152,16
918263,"Olympique Lyonnais","Angers SCO","01/14/2018 16:18:39","Restart",153,16
918263,"Olympique Lyonnais","Angers SCO","01/14/2018 16:18:51","SAFE1",154,16
918263,"Olympique Lyonnais","Angers SCO","01/14/2018 16:19:01","AT1",155,16
918263,"Olympique Lyonnais","Angers SCO","01/14/2018 16:19:06","SAFE2",156,17
918263,"Olympique Lyonnais","Angers SCO","01/14/2018 16:19:20","AT2",157,17
918263,"Olympique Lyonnais","Angers SCO","01/14/2018 16:19:34","POSSIBLE_TI",158,17
918263,"Olympique Lyonnais","Angers SCO","01/14/2018 16:19:35","TI2",159,17
918263,"Olympique Lyonnais","Angers SCO","01/14/2018 16:19:44","Restart",160,17
918263,"Olympique Lyonnais","Angers SCO","01/14/2018 16:19:47","SAFE2",161,17
918263,"Olympique Lyonnais","Angers SCO","01/14/2018 16:19:54","AT2",162,17
918263,"Olympique Lyonnais","Angers SCO","01/14/2018 16:19:58","POSSIBLE_TI",163,17
918263,"Olympique Lyonnais","Angers SCO","01/14/2018 16:20:00","TI2",164,17
918263,"Olympique Lyonnais","Angers SCO","01/14/2018 16:20:06","Restart",165,18
918263,"Olympique Lyonnais","Angers SCO","01/14/2018 16:20:17","SAFE1",166,18
918263,"Olympique Lyonnais","Angers SCO","01/14/2018 16:20:20","AT1",167,18
918263,"Olympique Lyonnais","Angers SCO","01/14/2018 16:20:44","SAFE1",168,18
918263,"Olympique Lyonnais","Angers SCO","01/14/2018 16:20:51","AT1",169,18
918263,"Olympique Lyonnais","Angers SCO","01/14/2018 16:20:53","DANGER1",170,18
918263,"Olympique Lyonnais","Angers SCO","01/14/2018 16:20:53","DAT1",171,18
918263,"Olympique Lyonnais","Angers SCO","01/14/2018 16:21:04","PCR1",172,18
918263,"Olympique Lyonnais","Angers SCO","01/14/2018 16:21:06","SHG1",173,19
918263,"Olympique Lyonnais","Angers SCO","01/14/2018 16:21:13","CR1",174,19
918263,"Olympique Lyonnais","Angers SCO","01/14/2018 16:21:14","Ball Position",175,19
918263,"Olympique Lyonnais","Angers SCO","01/14/2018 16:21:19","Restart",176,19
918263,"Olympique Lyonnais","Angers SCO","01/14/2018 16:21:25","SHG1",177,19
918263,"Olympique Lyonnais","Angers SCO","01/14/2018 16:21:37","SAFE2",178,19
918263,"Olympique Lyonnais","Angers SCO","01/14/2018 16:21:54","AT1",179,19
918263,"Olympique Lyonnais","Angers SCO","01/14/2018 16:22:01","SAFE2",180,19
918263,"Olympique Lyonnais","Angers SCO","01/14/2018 16:22:02","AT2",181,19
918263,"Olympique Lyonnais","Angers SCO","01/14/2018 16:22:06","DANGER2",182,20
918263,"Olympique Lyonnais","Angers SCO","01/14/2018 16:22:06","DAT2",183,20
918263,"Olympique Lyonnais","Angers SCO","01/14/2018 16:22:13","SHB2",184,20
918263,"Olympique Lyonnais","Angers SCO","01/14/2018 16:22:27","SAFE1",185,20
918263,"Olympique Lyonnais","Angers SCO","01/14/2018 16:22:28","GK1",186,20
918263,"Olympique Lyonnais","Angers SCO","01/14/2018 16:22:29","Restart",187,20
918263,"Olympique Lyonnais","Angers SCO","01/14/2018 16:22:56","AT1",188,20
918263,"Olympique Lyonnais","Angers SCO","01/14/2018 16:23:00","SAFE2",189,20
918263,"Olympique Lyonnais","Angers SCO","01/14/2018 16:23:01","AT2",190,20
918263,"Olympique Lyonnais","Angers SCO","01/14/2018 16:23:06","Possible Free Kick",191,21
918263,"Olympique Lyonnais","Angers SCO","01/14/2018 16:23:08","SAFE2",193,21
918263,"Olympique Lyonnais","Angers SCO","01/14/2018 16:23:09","F1",194,21
918263,"Olympique Lyonnais","Angers SCO","01/14/2018 16:23:09","FK2",195,21
918263,"Olympique Lyonnais","Angers SCO","01/14/2018 16:23:09","Ball Position",196,21
918263,"Olympique Lyonnais","Angers SCO","01/14/2018 16:23:11","POSSIBLE_CARDS",197,21
918263,"Olympique Lyonnais","Angers SCO","01/14/2018 16:23:13","YC1",198,21
918263,"Olympique Lyonnais","Angers SCO","01/14/2018 16:23:16","CONF_YC1",199,21
918263,"Olympique Lyonnais","Angers SCO","01/14/2018 16:23:21","Scorer",200,21
918263,"Olympique Lyonnais","Angers SCO","01/14/2018 16:23:40","Injury Break",201,21
918263,"Olympique Lyonnais","Angers SCO","01/14/2018 16:24:34","Player_DATA_CONFIRMED",202,22
918263,"Olympique Lyonnais","Angers SCO","01/14/2018 16:24:42","Restart",203,22
918263,"Olympique Lyonnais","Angers SCO","01/14/2018 16:24:44","AT2",204,22
918263,"Olympique Lyonnais","Angers SCO","01/14/2018 16:24:47","DANGER2",205,22
918263,"Olympique Lyonnais","Angers SCO","01/14/2018 16:24:47","DAT2",206,22
918263,"Olympique Lyonnais","Angers SCO","01/14/2018 16:24:50","POSSIBLE_TI",207,22
918263,"Olympique Lyonnais","Angers SCO","01/14/2018 16:24:51","TI2",208,22
918263,"Olympique Lyonnais","Angers SCO","01/14/2018 16:24:59","Restart",209,22
918263,"Olympique Lyonnais","Angers SCO","01/14/2018 16:25:06","PCR2",210,23
918263,"Olympique Lyonnais","Angers SCO","01/14/2018 16:25:27","CR2",211,23
918263,"Olympique Lyonnais","Angers SCO","01/14/2018 16:25:28","Ball Position",212,23
918263,"Olympique Lyonnais","Angers SCO","01/14/2018 16:25:44","Restart",213,23
918263,"Olympique Lyonnais","Angers SCO","01/14/2018 16:25:51","Possible Free Kick",214,23
918263,"Olympique Lyonnais","Angers SCO","01/14/2018 16:25:52","SAFE1",216,23
918263,"Olympique Lyonnais","Angers SCO","01/14/2018 16:25:52","F2",217,23
918263,"Olympique Lyonnais","Angers SCO","01/14/2018 16:25:52","FK1",218,23
918263,"Olympique Lyonnais","Angers SCO","01/14/2018 16:25:52","Ball Position",219,23
918263,"Olympique Lyonnais","Angers SCO","01/14/2018 16:25:53","Restart",220,23
918263,"Olympique Lyonnais","Angers SCO","01/14/2018 16:25:57","AT1",221,23
918263,"Olympique Lyonnais","Angers SCO","01/14/2018 16:26:00","DANGER1",222,23
918263,"Olympique Lyonnais","Angers SCO","01/14/2018 16:26:00","DAT1",223,23
918263,"Olympique Lyonnais","Angers SCO","01/14/2018 16:26:06","POSSIBLE_TI",224,24
918263,"Olympique Lyonnais","Angers SCO","01/14/2018 16:26:08","TI1",225,24
918263,"Olympique Lyonnais","Angers SCO","01/14/2018 16:26:11","Restart",226,24
918263,"Olympique Lyonnais","Angers SCO","01/14/2018 16:26:22","POSSIBLE_TI",227,24
918263,"Olympique Lyonnais","Angers SCO","01/14/2018 16:26:23","TI1",228,24
918263,"Olympique Lyonnais","Angers SCO","01/14/2018 16:26:28","Restart",229,24
918263,"Olympique Lyonnais","Angers SCO","01/14/2018 16:27:05","SAFE2",230,24
918263,"Olympique Lyonnais","Angers SCO","01/14/2018 16:27:07","AT2",231,25
918263,"Olympique Lyonnais","Angers SCO","01/14/2018 16:27:15","DANGER2",232,25
918263,"Olympique Lyonnais","Angers SCO","01/14/2018 16:27:15","DAT2",233,25
918263,"Olympique Lyonnais","Angers SCO","01/14/2018 16:27:43","POSSIBLE_TI",234,25
918263,"Olympique Lyonnais","Angers SCO","01/14/2018 16:27:46","TI1",235,25
918263,"Olympique Lyonnais","Angers SCO","01/14/2018 16:27:49","Restart",236,25
918263,"Olympique Lyonnais","Angers SCO","01/14/2018 16:27:50","SAFE1",237,25
918263,"Olympique Lyonnais","Angers SCO","01/14/2018 16:27:59","AT1",238,25
918263,"Olympique Lyonnais","Angers SCO","01/14/2018 16:28:19","DANGER1",239,26
918263,"Olympique Lyonnais","Angers SCO","01/14/2018 16:28:19","DAT1",240,26
918263,"Olympique Lyonnais","Angers SCO","01/14/2018 16:28:22","SAFE2",241,26
918263,"Olympique Lyonnais","Angers SCO","01/14/2018 16:28:23","AT2",242,26
918263,"Olympique Lyonnais","Angers SCO","01/14/2018 16:28:27","SAFE1",243,26
918263,"Olympique Lyonnais","Angers SCO","01/14/2018 16:28:42","AT1",244,26
918263,"Olympique Lyonnais","Angers SCO","01/14/2018 16:28:51","SAFE2",245,26
918263,"Olympique Lyonnais","Angers SCO","01/14/2018 16:28:53","AT2",246,26
918263,"Olympique Lyonnais","Angers SCO","01/14/2018 16:28:57","DANGER2",247,26
918263,"Olympique Lyonnais","Angers SCO","01/14/2018 16:28:57","DAT2",248,26
918263,"Olympique Lyonnais","Angers SCO","01/14/2018 16:29:07","BLOCKED2",249,27
918263,"Olympique Lyonnais","Angers SCO","01/14/2018 16:29:10","SAFE1",250,27
918263,"Olympique Lyonnais","Angers SCO","01/14/2018 16:29:35","AT1",251,27
918263,"Olympique Lyonnais","Angers SCO","01/14/2018 16:29:45","DANGER1",252,27
918263,"Olympique Lyonnais","Angers SCO","01/14/2018 16:29:45","DAT1",253,27
918263,"Olympique Lyonnais","Angers SCO","01/14/2018 16:30:08","Possible Free Kick",254,28
918263,"Olympique Lyonnais","Angers SCO","01/14/2018 16:30:12","F2",256,28
918263,"Olympique Lyonnais","Angers SCO","01/14/2018 16:30:12","FK1",257,28
918263,"Olympique Lyonnais","Angers SCO","01/14/2018 16:30:12","DFK1",258,28
918263,"Olympique Lyonnais","Angers SCO","01/14/2018 16:30:12","Ball Position",259,28
918263,"Olympique Lyonnais","Angers SCO","01/14/2018 16:30:37","Restart",260,28
918263,"Olympique Lyonnais","Angers SCO","01/14/2018 16:30:42","SHG1",261,28
918263,"Olympique Lyonnais","Angers SCO","01/14/2018 16:30:44","SAFE2",262,28
918263,"Olympique Lyonnais","Angers SCO","01/14/2018 16:30:45","AT2",263,28
918263,"Olympique Lyonnais","Angers SCO","01/14/2018 16:30:47","DANGER2",264,28
918263,"Olympique Lyonnais","Angers SCO","01/14/2018 16:30:47","DAT2",265,28
918263,"Olympique Lyonnais","Angers SCO","01/14/2018 16:30:52","SHB2",266,28
918263,"Olympique Lyonnais","Angers SCO","01/14/2018 16:31:03","SAFE1",267,28
918263,"Olympique Lyonnais","Angers SCO","01/14/2018 16:31:03","GK1",268,28
918263,"Olympique Lyonnais","Angers SCO","01/14/2018 16:31:04","Restart",269,28
918263,"Olympique Lyonnais","Angers SCO","01/14/2018 16:31:24","AT1",270,29
918263,"Olympique Lyonnais","Angers SCO","01/14/2018 16:31:34","DANGER1",271,29
918263,"Olympique Lyonnais","Angers SCO","01/14/2018 16:31:34","DAT1",272,29
918263,"Olympique Lyonnais","Angers SCO","01/14/2018 16:31:49","SHG1",273,29
918263,"Olympique Lyonnais","Angers SCO","01/14/2018 16:32:01","SAFE2",274,29
918263,"Olympique Lyonnais","Angers SCO","01/14/2018 16:32:03","AT2",275,29
918263,"Olympique Lyonnais","Angers SCO","01/14/2018 16:32:15","SAFE1",276,30
918263,"Olympique Lyonnais","Angers SCO","01/14/2018 16:32:29","AT1",277,30
918263,"Olympique Lyonnais","Angers SCO","01/14/2018 16:32:40","SAFE1",278,30
918263,"Olympique Lyonnais","Angers SCO","01/14/2018 16:32:45","AT1",279,30
918263,"Olympique Lyonnais","Angers SCO","01/14/2018 16:32:49","DANGER1",280,30
918263,"Olympique Lyonnais","Angers SCO","01/14/2018 16:32:49","DAT1",281,30
918263,"Olympique Lyonnais","Angers SCO","01/14/2018 16:32:50","BLOCKED1",282,30
918263,"Olympique Lyonnais","Angers SCO","01/14/2018 16:32:56","Possible Free Kick",283,30
918263,"Olympique Lyonnais","Angers SCO","01/14/2018 16:33:05","F2",285,30
918263,"Olympique Lyonnais","Angers SCO","01/14/2018 16:33:05","FK1",286,30
918263,"Olympique Lyonnais","Angers SCO","01/14/2018 16:33:05","DFK1",287,30
918263,"Olympique Lyonnais","Angers SCO","01/14/2018 16:33:05","Ball Position",288,30
918263,"Olympique Lyonnais","Angers SCO","01/14/2018 16:33:45","Restart",289,31
918263,"Olympique Lyonnais","Angers SCO","01/14/2018 16:33:49","PCR1",290,31
918263,"Olympique Lyonnais","Angers SCO","01/14/2018 16:33:57","CR1",291,31
918263,"Olympique Lyonnais","Angers SCO","01/14/2018 16:33:58","Ball Position",292,31
918263,"Olympique Lyonnais","Angers SCO","01/14/2018 16:34:08","Restart",293,32
918263,"Olympique Lyonnais","Angers SCO","01/14/2018 16:34:14","SHB1",294,32
918263,"Olympique Lyonnais","Angers SCO","01/14/2018 16:34:35","SAFE2",295,32
918263,"Olympique Lyonnais","Angers SCO","01/14/2018 16:34:36","GK2",296,32
918263,"Olympique Lyonnais","Angers SCO","01/14/2018 16:34:43","Restart",297,32
918263,"Olympique Lyonnais","Angers SCO","01/14/2018 16:34:44","AT2",298,32
918263,"Olympique Lyonnais","Angers SCO","01/14/2018 16:34:48","Possible Free Kick",299,32
918263,"Olympique Lyonnais","Angers SCO","01/14/2018 16:34:50","F1",301,32
918263,"Olympique Lyonnais","Angers SCO","01/14/2018 16:34:50","FK2",302,32
918263,"Olympique Lyonnais","Angers SCO","01/14/2018 16:34:50","DANGER2",303,32
918263,"Olympique Lyonnais","Angers SCO","01/14/2018 16:34:50","DFK2",304,32
918263,"Olympique Lyonnais","Angers SCO","01/14/2018 16:34:50","Ball Position",305,32
918263,"Olympique Lyonnais","Angers SCO","01/14/2018 16:35:14","Injury Break",306,33
918263,"Olympique Lyonnais","Angers SCO","01/14/2018 16:37:01","Restart",307,34
918263,"Olympique Lyonnais","Angers SCO","01/14/2018 16:37:13","Possible Free Kick",308,35
918263,"Olympique Lyonnais","Angers SCO","01/14/2018 16:37:15","SAFE1",310,35
918263,"Olympique Lyonnais","Angers SCO","01/14/2018 16:37:15","F2",311,35
918263,"Olympique Lyonnais","Angers SCO","01/14/2018 16:37:15","FK1",312,35
918263,"Olympique Lyonnais","Angers SCO","01/14/2018 16:37:15","Ball Position",313,35
918263,"Olympique Lyonnais","Angers SCO","01/14/2018 16:37:21","Restart",314,35
918263,"Olympique Lyonnais","Angers SCO","01/14/2018 16:37:40","AT1",315,35
918263,"Olympique Lyonnais","Angers SCO","01/14/2018 16:38:05","DANGER1",316,35
918263,"Olympique Lyonnais","Angers SCO","01/14/2018 16:38:05","DAT1",317,35
918263,"Olympique Lyonnais","Angers SCO","01/14/2018 16:38:09","POSSIBLE_TI",318,36
918263,"Olympique Lyonnais","Angers SCO","01/14/2018 16:38:10","TI1",319,36
918263,"Olympique Lyonnais","Angers SCO","01/14/2018 16:38:14","Restart",320,36
918263,"Olympique Lyonnais","Angers SCO","01/14/2018 16:38:25","POSSIBLE_TI",321,36
918263,"Olympique Lyonnais","Angers SCO","01/14/2018 16:38:25","TI1",322,36
918263,"Olympique Lyonnais","Angers SCO","01/14/2018 16:38:31","Restart",323,36
918263,"Olympique Lyonnais","Angers SCO","01/14/2018 16:38:35","POSSIBLE_TI",324,36
918263,"Olympique Lyonnais","Angers SCO","01/14/2018 16:38:36","TI1",325,36
918263,"Olympique Lyonnais","Angers SCO","01/14/2018 16:38:42","Restart",326,36
918263,"Olympique Lyonnais","Angers SCO","01/14/2018 16:38:57","Possible Free Kick",327,36
918263,"Olympique Lyonnais","Angers SCO","01/14/2018 16:38:58","POSSIBLE_CARDS",329,36
918263,"Olympique Lyonnais","Angers SCO","01/14/2018 16:39:08","YC2",330,37
918263,"Olympique Lyonnais","Angers SCO","01/14/2018 16:39:09","CONF_YC2",331,37
918263,"Olympique Lyonnais","Angers SCO","01/14/2018 16:39:20","Scorer",332,37
918263,"Olympique Lyonnais","Angers SCO","01/14/2018 16:39:24","F2",333,37
918263,"Olympique Lyonnais","Angers SCO","01/14/2018 16:39:24","FK1",334,37
918263,"Olympique Lyonnais","Angers SCO","01/14/2018 16:39:24","DFK1",335,37
918263,"Olympique Lyonnais","Angers SCO","01/14/2018 16:39:24","Ball Position",336,37
918263,"Olympique Lyonnais","Angers SCO","01/14/2018 16:39:46","Restart",337,37
918263,"Olympique Lyonnais","Angers SCO","01/14/2018 16:39:49","SHG1",338,37
918263,"Olympique Lyonnais","Angers SCO","01/14/2018 16:39:52","SAFE2",339,37
918263,"Olympique Lyonnais","Angers SCO","01/14/2018 16:39:53","AT2",340,37
918263,"Olympique Lyonnais","Angers SCO","01/14/2018 16:39:57","DANGER2",341,37
918263,"Olympique Lyonnais","Angers SCO","01/14/2018 16:39:57","DAT2",342,37
918263,"Olympique Lyonnais","Angers SCO","01/14/2018 16:40:29","SAFE1",343,38
918263,"Olympique Lyonnais","Angers SCO","01/14/2018 16:40:39","Possible Free Kick",344,38
918263,"Olympique Lyonnais","Angers SCO","01/14/2018 16:40:48","F1",346,38
918263,"Olympique Lyonnais","Angers SCO","01/14/2018 16:40:48","FK2",347,38
918263,"Olympique Lyonnais","Angers SCO","01/14/2018 16:40:48","DANGER2",348,38
918263,"Olympique Lyonnais","Angers SCO","01/14/2018 16:40:48","DFK2",349,38
918263,"Olympique Lyonnais","Angers SCO","01/14/2018 16:40:48","Ball Position",350,38
918263,"Olympique Lyonnais","Angers SCO","01/14/2018 16:40:49","Restart",351,38
918263,"Olympique Lyonnais","Angers SCO","01/14/2018 16:40:53","SAFE2",352,38
918263,"Olympique Lyonnais","Angers SCO","01/14/2018 16:41:03","Possible Free Kick",353,38
918263,"Olympique Lyonnais","Angers SCO","01/14/2018 16:41:10","POSSIBLE_CARDS",355,39
918263,"Olympique Lyonnais","Angers SCO","01/14/2018 16:41:14","YC2",356,39
918263,"Olympique Lyonnais","Angers SCO","01/14/2018 16:41:18","CONF_YC2",357,39
918263,"Olympique Lyonnais","Angers SCO","01/14/2018 16:41:22","Scorer",358,39
918263,"Olympique Lyonnais","Angers SCO","01/14/2018 16:41:25","SAFE1",359,39
918263,"Olympique Lyonnais","Angers SCO","01/14/2018 16:41:25","F2",360,39
918263,"Olympique Lyonnais","Angers SCO","01/14/2018 16:41:25","FK1",361,39
918263,"Olympique Lyonnais","Angers SCO","01/14/2018 16:41:25","Ball Position",362,39
918263,"Olympique Lyonnais","Angers SCO","01/14/2018 16:41:32","Restart",363,39
918263,"Olympique Lyonnais","Angers SCO","01/14/2018 16:41:35","Player_DATA_CONFIRMED",364,39
918263,"Olympique Lyonnais","Angers SCO","01/14/2018 16:41:37","AT1",365,39
918263,"Olympique Lyonnais","Angers SCO","01/14/2018 16:41:40","SAFE2",366,39
918263,"Olympique Lyonnais","Angers SCO","01/14/2018 16:41:45","AT2",367,39
918263,"Olympique Lyonnais","Angers SCO","01/14/2018 16:41:58","SAFE1",368,39
918263,"Olympique Lyonnais","Angers SCO","01/14/2018 16:42:09","AT1",369,40
918263,"Olympique Lyonnais","Angers SCO","01/14/2018 16:42:12","DANGER1",370,40
918263,"Olympique Lyonnais","Angers SCO","01/14/2018 16:42:12","DAT1",371,40
918263,"Olympique Lyonnais","Angers SCO","01/14/2018 16:42:16","Possible Free Kick",372,40
918263,"Olympique Lyonnais","Angers SCO","01/14/2018 16:42:19","SAFE2",374,40
918263,"Olympique Lyonnais","Angers SCO","01/14/2018 16:42:19","O1",375,40
918263,"Olympique Lyonnais","Angers SCO","01/14/2018 16:42:19","FK2",376,40
918263,"Olympique Lyonnais","Angers SCO","01/14/2018 16:42:19","Ball Position",377,40
918263,"Olympique Lyonnais","Angers SCO","01/14/2018 16:42:37","Restart",378,40
918263,"Olympique Lyonnais","Angers SCO","01/14/2018 16:42:39","AT2",379,40
918263,"Olympique Lyonnais","Angers SCO","01/14/2018 16:42:50","Possible Free Kick",380,40
918263,"Olympique Lyonnais","Angers SCO","01/14/2018 16:42:55","Scorer",382,40
918263,"Olympique Lyonnais","Angers SCO","01/14/2018 16:43:02","F1",383,40
918263,"Olympique Lyonnais","Angers SCO","01/14/2018 16:43:02","FK2",384,40
918263,"Olympique Lyonnais","Angers SCO","01/14/2018 16:43:02","DANGER2",385,40
918263,"Olympique Lyonnais","Angers SCO","01/14/2018 16:43:02","DFK2",386,40
918263,"Olympique Lyonnais","Angers SCO","01/14/2018 16:43:02","Ball Position",387,40
918263,"Olympique Lyonnais","Angers SCO","01/14/2018 16:43:09","Restart",388,41
918263,"Olympique Lyonnais","Angers SCO","01/14/2018 16:43:15","SAFE1",389,41
918263,"Olympique Lyonnais","Angers SCO","01/14/2018 16:43:15","GK1",390,41
918263,"Olympique Lyonnais","Angers SCO","01/14/2018 16:43:17","Restart",391,41
918263,"Olympique Lyonnais","Angers SCO","01/14/2018 16:43:46","Scorer",392,41
918263,"Olympique Lyonnais","Angers SCO","01/14/2018 16:43:46","AT1",393,41
918263,"Olympique Lyonnais","Angers SCO","01/14/2018 16:43:56","DANGER1",394,41
918263,"Olympique Lyonnais","Angers SCO","01/14/2018 16:43:56","DAT1",395,41
918263,"Olympique Lyonnais","Angers SCO","01/14/2018 16:43:57","Player_DATA_CONFIRMED",396,41
918263,"Olympique Lyonnais","Angers SCO","01/14/2018 16:44:13","POSSIBLE_TI",397,42
918263,"Olympique Lyonnais","Angers SCO","01/14/2018 16:44:13","TI1",398,42
918263,"Olympique Lyonnais","Angers SCO","01/14/2018 16:44:16","Restart",399,42
918263,"Olympique Lyonnais","Angers SCO","01/14/2018 16:45:00","SAFE1",400,42
918263,"Olympique Lyonnais","Angers SCO","01/14/2018 16:45:08","AT1",401,43
918263,"Olympique Lyonnais","Angers SCO","01/14/2018 16:45:15","DANGER1",402,43
918263,"Olympique Lyonnais","Angers SCO","01/14/2018 16:45:15","DAT1",403,43
918263,"Olympique Lyonnais","Angers SCO","01/14/2018 16:45:22","SAFE2",404,43
918263,"Olympique Lyonnais","Angers SCO","01/14/2018 16:45:25","AT2",405,43
918263,"Olympique Lyonnais","Angers SCO","01/14/2018 16:45:30","DANGER2",406,43
918263,"Olympique Lyonnais","Angers SCO","01/14/2018 16:45:30","DAT2",407,43
918263,"Olympique Lyonnais","Angers SCO","01/14/2018 16:45:34","BLOCKED2",408,43
918263,"Olympique Lyonnais","Angers SCO","01/14/2018 16:45:43","POSSIBLE_TI",409,43
918263,"Olympique Lyonnais","Angers SCO","01/14/2018 16:45:44","TI1",410,43
918263,"Olympique Lyonnais","Angers SCO","01/14/2018 16:45:48","Restart",411,43
918263,"Olympique Lyonnais","Angers SCO","01/14/2018 16:45:56","SAFE1",412,43
918263,"Olympique Lyonnais","Angers SCO","01/14/2018 16:46:00","AT1",413,43
918263,"Olympique Lyonnais","Angers SCO","01/14/2018 16:46:21","DANGER1",414,44
918263,"Olympique Lyonnais","Angers SCO","01/14/2018 16:46:21","DAT1",415,44
918263,"Olympique Lyonnais","Angers SCO","01/14/2018 16:46:43","POSSIBLE_TI",416,44
918263,"Olympique Lyonnais","Angers SCO","01/14/2018 16:46:50","TI2",417,44
918263,"Olympique Lyonnais","Angers SCO","01/14/2018 16:47:03","Restart",418,44
918263,"Olympique Lyonnais","Angers SCO","01/14/2018 16:47:04","SAFE2",419,44
918263,"Olympique Lyonnais","Angers SCO","01/14/2018 16:47:06","AT2",420,45
918263,"Olympique Lyonnais","Angers SCO","01/14/2018 16:47:11","SAFE1",421,45
918263,"Olympique Lyonnais","Angers SCO","01/14/2018 16:47:21","AT1",422,45
918263,"Olympique Lyonnais","Angers SCO","01/14/2018 16:47:26","DANGER1",423,45
918263,"Olympique Lyonnais","Angers SCO","01/14/2018 16:47:26","DAT1",424,45
918263,"Olympique Lyonnais","Angers SCO","01/14/2018 16:47:46","Possible Free Kick",425,45
918263,"Olympique Lyonnais","Angers SCO","01/14/2018 16:47:59","SAFE2",427,45
918263,"Olympique Lyonnais","Angers SCO","01/14/2018 16:47:59","F1",428,45
918263,"Olympique Lyonnais","Angers SCO","01/14/2018 16:47:59","FK2",429,45
918263,"Olympique Lyonnais","Angers SCO","01/14/2018 16:47:59","Ball Position",430,45
918263,"Olympique Lyonnais","Angers SCO","01/14/2018 16:48:14","Extra Time",431,46
918263,"Olympique Lyonnais","Angers SCO","01/14/2018 16:48:34","Restart",432,46
918263,"Olympique Lyonnais","Angers SCO","01/14/2018 16:48:40","AT2",433,46
918263,"Olympique Lyonnais","Angers SCO","01/14/2018 16:48:51","SAFE1",434,46
918263,"Olympique Lyonnais","Angers SCO","01/14/2018 16:48:53","AT1",435,46
918263,"Olympique Lyonnais","Angers SCO","01/14/2018 16:49:09","SAFE1",436,47
918263,"Olympique Lyonnais","Angers SCO","01/14/2018 16:49:15","AT1",437,47
918263,"Olympique Lyonnais","Angers SCO","01/14/2018 16:49:16","DANGER1",438,47
918263,"Olympique Lyonnais","Angers SCO","01/14/2018 16:49:16","DAT1",439,47
918263,"Olympique Lyonnais","Angers SCO","01/14/2018 16:49:19","SAFE2",440,47
918263,"Olympique Lyonnais","Angers SCO","01/14/2018 16:49:29","AT2",441,47
918263,"Olympique Lyonnais","Angers SCO","01/14/2018 16:49:50","SAFE2",442,47
918263,"Olympique Lyonnais","Angers SCO","01/14/2018 16:50:01","POSSIBLE_TI",443,47
918263,"Olympique Lyonnais","Angers SCO","01/14/2018 16:50:02","TI2",444,47
918263,"Olympique Lyonnais","Angers SCO","01/14/2018 16:50:17","Restart",445,48
918263,"Olympique Lyonnais","Angers SCO","01/14/2018 16:50:19","AT2",446,48
918263,"Olympique Lyonnais","Angers SCO","01/14/2018 16:50:23","POSSIBLE_TI",447,48
918263,"Olympique Lyonnais","Angers SCO","01/14/2018 16:50:25","TI2",448,48
918263,"Olympique Lyonnais","Angers SCO","01/14/2018 16:50:36","Restart",449,48
918263,"Olympique Lyonnais","Angers SCO","01/14/2018 16:50:42","Possible Free Kick",450,48
918263,"Olympique Lyonnais","Angers SCO","01/14/2018 16:50:45","SAFE1",452,48
918263,"Olympique Lyonnais","Angers SCO","01/14/2018 16:50:45","F2",453,48
918263,"Olympique Lyonnais","Angers SCO","01/14/2018 16:50:45","FK1",454,48
918263,"Olympique Lyonnais","Angers SCO","01/14/2018 16:50:45","Ball Position",455,48
918263,"Olympique Lyonnais","Angers SCO","01/14/2018 16:50:49","POSSIBLE_CARDS",456,48
918263,"Olympique Lyonnais","Angers SCO","01/14/2018 16:50:50","YC2",457,48
918263,"Olympique Lyonnais","Angers SCO","01/14/2018 16:50:57","CONF_YC2",458,48
918263,"Olympique Lyonnais","Angers SCO","01/14/2018 16:51:01","Scorer",459,48
918263,"Olympique Lyonnais","Angers SCO","01/14/2018 16:51:03","Restart",460,48
918263,"Olympique Lyonnais","Angers SCO","01/14/2018 16:51:08","AT1",461,49
918263,"Olympique Lyonnais","Angers SCO","01/14/2018 16:51:17","Stop RT1",462,49
918263,"Olympique Lyonnais","Angers SCO","01/14/2018 16:51:33","CONF_PERIOD_SCORE",463,45
918263,"Olympique Lyonnais","Angers SCO","01/14/2018 16:51:34","Player_DATA_CONFIRMED",464,45
918263,"Olympique Lyonnais","Angers SCO","01/14/2018 17:04:04","Players are coming out",465,45
918263,"Olympique Lyonnais","Angers SCO","01/14/2018 17:06:31","Game about to start",466,45
918263,"Olympique Lyonnais","Angers SCO","01/14/2018 17:06:55","Start RT2 Team 2",467,46
918263,"Olympique Lyonnais","Angers SCO","01/14/2018 17:06:58","AT2",468,46
918263,"Olympique Lyonnais","Angers SCO","01/14/2018 17:07:08","POSSIBLE_TI",469,46
918263,"Olympique Lyonnais","Angers SCO","01/14/2018 17:07:11","TI2",470,46
918263,"Olympique Lyonnais","Angers SCO","01/14/2018 17:07:28","Restart",471,46
918263,"Olympique Lyonnais","Angers SCO","01/14/2018 17:07:32","DANGER2",472,46
918263,"Olympique Lyonnais","Angers SCO","01/14/2018 17:07:32","DAT2",473,46
918263,"Olympique Lyonnais","Angers SCO","01/14/2018 17:07:44","Possible Free Kick",474,46
918263,"Olympique Lyonnais","Angers SCO","01/14/2018 17:07:45","SAFE1",476,46
918263,"Olympique Lyonnais","Angers SCO","01/14/2018 17:07:45","F2",477,46
918263,"Olympique Lyonnais","Angers SCO","01/14/2018 17:07:45","FK1",478,46
918263,"Olympique Lyonnais","Angers SCO","01/14/2018 17:07:45","Ball Position",479,46
918263,"Olympique Lyonnais","Angers SCO","01/14/2018 17:07:47","Restart",480,46
918263,"Olympique Lyonnais","Angers SCO","01/14/2018 17:08:05","AT1",481,47
918263,"Olympique Lyonnais","Angers SCO","01/14/2018 17:08:34","DANGER1",482,47
918263,"Olympique Lyonnais","Angers SCO","01/14/2018 17:08:34","DAT1",483,47
918263,"Olympique Lyonnais","Angers SCO","01/14/2018 17:08:39","GOAL1",484,47
918263,"Olympique Lyonnais","Angers SCO","01/14/2018 17:09:10","Scorer",485,48
918263,"Olympique Lyonnais","Angers SCO","01/14/2018 17:09:12","CONF_GOAL1",486,48
918263,"Olympique Lyonnais","Angers SCO","01/14/2018 17:09:25","KO2",487,48
918263,"Olympique Lyonnais","Angers SCO","01/14/2018 17:09:25","SAFE2",488,48
918263,"Olympique Lyonnais","Angers SCO","01/14/2018 17:09:32","AT2",489,48
918263,"Olympique Lyonnais","Angers SCO","01/14/2018 17:09:50","DANGER2",490,48
918263,"Olympique Lyonnais","Angers SCO","01/14/2018 17:09:50","DAT2",491,48
918263,"Olympique Lyonnais","Angers SCO","01/14/2018 17:10:03","POSSIBLE_TI",492,49
918263,"Olympique Lyonnais","Angers SCO","01/14/2018 17:10:05","Player_DATA_CONFIRMED",493,49
918263,"Olympique Lyonnais","Angers SCO","01/14/2018 17:10:05","Assist",494,49
918263,"Olympique Lyonnais","Angers SCO","01/14/2018 17:10:05","TI1",495,49
918263,"Olympique Lyonnais","Angers SCO","01/14/2018 17:10:32","CLS",496,49
918263,"Olympique Lyonnais","Angers SCO","01/14/2018 17:10:34","TI2",497,49
918263,"Olympique Lyonnais","Angers SCO","01/14/2018 17:10:35","Restart",498,49
918263,"Olympique Lyonnais","Angers SCO","01/14/2018 17:10:41","SAFE2",499,49
918263,"Olympique Lyonnais","Angers SCO","01/14/2018 17:10:55","AT1",500,49
918263,"Olympique Lyonnais","Angers SCO","01/14/2018 17:11:05","POSSIBLE_TI",501,50
918263,"Olympique Lyonnais","Angers SCO","01/14/2018 17:11:06","TI1",502,50
918263,"Olympique Lyonnais","Angers SCO","01/14/2018 17:11:07","Restart",503,50
918263,"Olympique Lyonnais","Angers SCO","01/14/2018 17:11:29","Possible Free Kick",504,50
918263,"Olympique Lyonnais","Angers SCO","01/14/2018 17:11:43","F2",506,50
918263,"Olympique Lyonnais","Angers SCO","01/14/2018 17:11:43","FK1",507,50
918263,"Olympique Lyonnais","Angers SCO","01/14/2018 17:11:43","DANGER1",508,50
918263,"Olympique Lyonnais","Angers SCO","01/14/2018 17:11:43","DFK1",509,50
918263,"Olympique Lyonnais","Angers SCO","01/14/2018 17:11:43","Ball Position",510,50
918263,"Olympique Lyonnais","Angers SCO","01/14/2018 17:12:07","Restart",511,51
918263,"Olympique Lyonnais","Angers SCO","01/14/2018 17:12:15","POSSIBLE_TI",512,51
918263,"Olympique Lyonnais","Angers SCO","01/14/2018 17:12:15","TI1",513,51
918263,"Olympique Lyonnais","Angers SCO","01/14/2018 17:12:21","Restart",514,51
918263,"Olympique Lyonnais","Angers SCO","01/14/2018 17:12:28","POSSIBLE_TI",515,51
918263,"Olympique Lyonnais","Angers SCO","01/14/2018 17:12:29","TI2",516,51
918263,"Olympique Lyonnais","Angers SCO","01/14/2018 17:12:53","Restart",517,51
918263,"Olympique Lyonnais","Angers SCO","01/14/2018 17:12:59","POSSIBLE_TI",518,52
918263,"Olympique Lyonnais","Angers SCO","01/14/2018 17:13:00","TI2",519,52
918263,"Olympique Lyonnais","Angers SCO","01/14/2018 17:13:08","Restart",520,52
918263,"Olympique Lyonnais","Angers SCO","01/14/2018 17:13:17","PCR1",521,52
918263,"Olympique Lyonnais","Angers SCO","01/14/2018 17:13:24","CR1",522,52
918263,"Olympique Lyonnais","Angers SCO","01/14/2018 17:13:26","Ball Position",523,52
918263,"Olympique Lyonnais","Angers SCO","01/14/2018 17:13:33","Restart",524,52
918263,"Olympique Lyonnais","Angers SCO","01/14/2018 17:13:38","SAFE2",525,52
918263,"Olympique Lyonnais","Angers SCO","01/14/2018 17:13:40","AT2",526,52
918263,"Olympique Lyonnais","Angers SCO","01/14/2018 17:13:44","SAFE1",527,52
918263,"Olympique Lyonnais","Angers SCO","01/14/2018 17:13:47","AT1",528,52
918263,"Olympique Lyonnais","Angers SCO","01/14/2018 17:14:15","DANGER1",529,53
918263,"Olympique Lyonnais","Angers SCO","01/14/2018 17:14:15","DAT1",530,53
918263,"Olympique Lyonnais","Angers SCO","01/14/2018 17:14:27","SAFE2",531,53
918263,"Olympique Lyonnais","Angers SCO","01/14/2018 17:14:28","AT2",532,53
918263,"Olympique Lyonnais","Angers SCO","01/14/2018 17:14:36","POSSIBLE_TI",533,53
918263,"Olympique Lyonnais","Angers SCO","01/14/2018 17:14:40","POSSIBLE_CARDS",534,53
918263,"Olympique Lyonnais","Angers SCO","01/14/2018 17:14:44","YC1",535,53
918263,"Olympique Lyonnais","Angers SCO","01/14/2018 17:14:48","CONF_YC1",536,53
918263,"Olympique Lyonnais","Angers SCO","01/14/2018 17:14:53","Scorer",537,53
918263,"Olympique Lyonnais","Angers SCO","01/14/2018 17:14:55","TI2",538,54
918263,"Olympique Lyonnais","Angers SCO","01/14/2018 17:15:05","Restart",539,54
918263,"Olympique Lyonnais","Angers SCO","01/14/2018 17:15:10","SAFE1",540,54
918263,"Olympique Lyonnais","Angers SCO","01/14/2018 17:15:17","AT1",541,54
918263,"Olympique Lyonnais","Angers SCO","01/14/2018 17:15:25","DANGER1",542,54
918263,"Olympique Lyonnais","Angers SCO","01/14/2018 17:15:25","DAT1",543,54
918263,"Olympique Lyonnais","Angers SCO","01/14/2018 17:15:48","Possible Free Kick",544,54
918263,"Olympique Lyonnais","Angers SCO","01/14/2018 17:15:49","SAFE2",546,54
918263,"Olympique Lyonnais","Angers SCO","01/14/2018 17:15:49","F1",547,54
918263,"Olympique Lyonnais","Angers SCO","01/14/2018 17:15:49","FK2",548,54
918263,"Olympique Lyonnais","Angers SCO","01/14/2018 17:15:49","Ball Position",549,54
918263,"Olympique Lyonnais","Angers SCO","01/14/2018 17:16:08","Restart",550,55
918263,"Olympique Lyonnais","Angers SCO","01/14/2018 17:16:10","AT2",551,55
918263,"Olympique Lyonnais","Angers SCO","01/14/2018 17:16:21","SAFE1",552,55
918263,"Olympique Lyonnais","Angers SCO","01/14/2018 17:16:22","AT1",553,55
918263,"Olympique Lyonnais","Angers SCO","01/14/2018 17:16:25","SAFE2",554,55
918263,"Olympique Lyonnais","Angers SCO","01/14/2018 17:16:32","POSSIBLE_TI",555,55
918263,"Olympique Lyonnais","Angers SCO","01/14/2018 17:16:33","TI2",556,55
918263,"Olympique Lyonnais","Angers SCO","01/14/2018 17:16:46","Restart",557,55
918263,"Olympique Lyonnais","Angers SCO","01/14/2018 17:16:50","POSSIBLE_TI",558,55
918263,"Olympique Lyonnais","Angers SCO","01/14/2018 17:16:52","TI1",559,55
918263,"Olympique Lyonnais","Angers SCO","01/14/2018 17:16:59","Restart",560,56
918263,"Olympique Lyonnais","Angers SCO","01/14/2018 17:17:00","SAFE1",561,56
918263,"Olympique Lyonnais","Angers SCO","01/14/2018 17:17:04","Player_DATA_CONFIRMED",562,56
918263,"Olympique Lyonnais","Angers SCO","01/14/2018 17:17:08","AT1",563,56
918263,"Olympique Lyonnais","Angers SCO","01/14/2018 17:17:18","SAFE2",564,56
918263,"Olympique Lyonnais","Angers SCO","01/14/2018 17:17:21","SAFE1",565,56
918263,"Olympique Lyonnais","Angers SCO","01/14/2018 17:17:32","POSSIBLE_TI",566,56
918263,"Olympique Lyonnais","Angers SCO","01/14/2018 17:17:32","TI2",567,56
918263,"Olympique Lyonnais","Angers SCO","01/14/2018 17:17:48","Restart",568,56
918263,"Olympique Lyonnais","Angers SCO","01/14/2018 17:17:53","AT2",569,56
918263,"Olympique Lyonnais","Angers SCO","01/14/2018 17:18:02","SAFE1",570,57
918263,"Olympique Lyonnais","Angers SCO","01/14/2018 17:18:05","AT1",571,57
918263,"Olympique Lyonnais","Angers SCO","01/14/2018 17:18:13","Possible Free Kick",572,57
918263,"Olympique Lyonnais","Angers SCO","01/14/2018 17:18:19","SAFE1",574,57
918263,"Olympique Lyonnais","Angers SCO","01/14/2018 17:18:19","F2",575,57
918263,"Olympique Lyonnais","Angers SCO","01/14/2018 17:18:19","FK1",576,57
918263,"Olympique Lyonnais","Angers SCO","01/14/2018 17:18:19","Ball Position",577,57
918263,"Olympique Lyonnais","Angers SCO","01/14/2018 17:18:20","Restart",578,57
918263,"Olympique Lyonnais","Angers SCO","01/14/2018 17:18:31","AT1",579,57
918263,"Olympique Lyonnais","Angers SCO","01/14/2018 17:18:48","SAFE2",580,57
918263,"Olympique Lyonnais","Angers SCO","01/14/2018 17:18:50","AT2",581,57
918263,"Olympique Lyonnais","Angers SCO","01/14/2018 17:18:51","DANGER2",582,57
918263,"Olympique Lyonnais","Angers SCO","01/14/2018 17:18:51","DAT2",583,57
918263,"Olympique Lyonnais","Angers SCO","01/14/2018 17:18:52","BREAKAWAY2",584,57
918263,"Olympique Lyonnais","Angers SCO","01/14/2018 17:18:56","SHB2",585,58
918263,"Olympique Lyonnais","Angers SCO","01/14/2018 17:19:04","SAFE1",586,58
918263,"Olympique Lyonnais","Angers SCO","01/14/2018 17:19:05","GK1",587,58
918263,"Olympique Lyonnais","Angers SCO","01/14/2018 17:19:06","Restart",588,58
918263,"Olympique Lyonnais","Angers SCO","01/14/2018 17:19:25","AT1",589,58
918263,"Olympique Lyonnais","Angers SCO","01/14/2018 17:19:27","DANGER1",590,58
918263,"Olympique Lyonnais","Angers SCO","01/14/2018 17:19:27","DAT1",591,58
918263,"Olympique Lyonnais","Angers SCO","01/14/2018 17:19:32","PCR1",592,58
918263,"Olympique Lyonnais","Angers SCO","01/14/2018 17:19:39","CR1",593,58
918263,"Olympique Lyonnais","Angers SCO","01/14/2018 17:19:40","Ball Position",594,58
918263,"Olympique Lyonnais","Angers SCO","01/14/2018 17:19:50","Restart",595,58
918263,"Olympique Lyonnais","Angers SCO","01/14/2018 17:19:55","SHB1",596,59
918263,"Olympique Lyonnais","Angers SCO","01/14/2018 17:20:00","SAFE2",597,59
918263,"Olympique Lyonnais","Angers SCO","01/14/2018 17:20:00","GK2",598,59
918263,"Olympique Lyonnais","Angers SCO","01/14/2018 17:20:12","Restart",599,59
918263,"Olympique Lyonnais","Angers SCO","01/14/2018 17:20:17","POSSIBLE_TI",600,59
918263,"Olympique Lyonnais","Angers SCO","01/14/2018 17:20:18","TI1",601,59
918263,"Olympique Lyonnais","Angers SCO","01/14/2018 17:20:20","Restart",602,59
918263,"Olympique Lyonnais","Angers SCO","01/14/2018 17:20:21","SAFE1",603,59
918263,"Olympique Lyonnais","Angers SCO","01/14/2018 17:20:39","AT1",604,59
918263,"Olympique Lyonnais","Angers SCO","01/14/2018 17:20:43","DANGER1",605,59
918263,"Olympique Lyonnais","Angers SCO","01/14/2018 17:20:43","DAT1",606,59
918263,"Olympique Lyonnais","Angers SCO","01/14/2018 17:20:48","SHG1",607,59
918263,"Olympique Lyonnais","Angers SCO","01/14/2018 17:20:50","SAFE2",608,59
918263,"Olympique Lyonnais","Angers SCO","01/14/2018 17:21:02","AT2",609,60
918263,"Olympique Lyonnais","Angers SCO","01/14/2018 17:21:05","DANGER2",610,60
918263,"Olympique Lyonnais","Angers SCO","01/14/2018 17:21:05","DAT2",611,60
918263,"Olympique Lyonnais","Angers SCO","01/14/2018 17:21:13","SAFE1",612,60
918263,"Olympique Lyonnais","Angers SCO","01/14/2018 17:21:18","AT1",613,60
918263,"Olympique Lyonnais","Angers SCO","01/14/2018 17:21:42","DANGER1",614,60
918263,"Olympique Lyonnais","Angers SCO","01/14/2018 17:21:42","DAT1",615,60
918263,"Olympique Lyonnais","Angers SCO","01/14/2018 17:22:07","Possible Free Kick",616,61
918263,"Olympique Lyonnais","Angers SCO","01/14/2018 17:22:11","SAFE2",618,61
918263,"Olympique Lyonnais","Angers SCO","01/14/2018 17:22:11","O1",619,61
918263,"Olympique Lyonnais","Angers SCO","01/14/2018 17:22:11","FK2",620,61
918263,"Olympique Lyonnais","Angers SCO","01/14/2018 17:22:11","Ball Position",621,61
918263,"Olympique Lyonnais","Angers SCO","01/14/2018 17:22:27","Restart",622,61
918263,"Olympique Lyonnais","Angers SCO","01/14/2018 17:22:29","AT2",623,61
918263,"Olympique Lyonnais","Angers SCO","01/14/2018 17:22:32","SAFE1",624,61
918263,"Olympique Lyonnais","Angers SCO","01/14/2018 17:22:47","AT1",625,61
918263,"Olympique Lyonnais","Angers SCO","01/14/2018 17:22:49","DANGER1",626,61
918263,"Olympique Lyonnais","Angers SCO","01/14/2018 17:22:49","DAT1",627,61
918263,"Olympique Lyonnais","Angers SCO","01/14/2018 17:22:55","POSSIBLE_TI",628,61
918263,"Olympique Lyonnais","Angers SCO","01/14/2018 17:22:55","TI1",629,62
918263,"Olympique Lyonnais","Angers SCO","01/14/2018 17:22:57","Restart",630,62
918263,"Olympique Lyonnais","Angers SCO","01/14/2018 17:23:16","SAFE2",631,62
918263,"Olympique Lyonnais","Angers SCO","01/14/2018 17:23:27","AT2",632,62
918263,"Olympique Lyonnais","Angers SCO","01/14/2018 17:23:32","AT1",633,62
918263,"Olympique Lyonnais","Angers SCO","01/14/2018 17:23:32","DANGER1",634,62
918263,"Olympique Lyonnais","Angers SCO","01/14/2018 17:23:32","DAT1",635,62
918263,"Olympique Lyonnais","Angers SCO","01/14/2018 17:23:40","Possible Free Kick",636,62
918263,"Olympique Lyonnais","Angers SCO","01/14/2018 17:23:58","SAFE2",638,63
918263,"Olympique Lyonnais","Angers SCO","01/14/2018 17:23:58","F1",639,63
918263,"Olympique Lyonnais","Angers SCO","01/14/2018 17:23:58","FK2",640,63
918263,"Olympique Lyonnais","Angers SCO","01/14/2018 17:23:58","Ball Position",641,63
918263,"Olympique Lyonnais","Angers SCO","01/14/2018 17:24:41","SUB2",642,63
918263,"Olympique Lyonnais","Angers SCO","01/14/2018 17:24:58","Restart",643,64
918263,"Olympique Lyonnais","Angers SCO","01/14/2018 17:24:59","AT2",644,64
918263,"Olympique Lyonnais","Angers SCO","01/14/2018 17:25:14","SAFE1",645,64
918263,"Olympique Lyonnais","Angers SCO","01/14/2018 17:25:18","Player_DATA_CONFIRMED",646,64
918263,"Olympique Lyonnais","Angers SCO","01/14/2018 17:25:40","AT1",647,64
918263,"Olympique Lyonnais","Angers SCO","01/14/2018 17:26:03","POSSIBLE_TI",648,65
918263,"Olympique Lyonnais","Angers SCO","01/14/2018 17:26:04","TI1",649,65
918263,"Olympique Lyonnais","Angers SCO","01/14/2018 17:26:07","Restart",650,65
918263,"Olympique Lyonnais","Angers SCO","01/14/2018 17:26:22","DANGER1",651,65
918263,"Olympique Lyonnais","Angers SCO","01/14/2018 17:26:22","DAT1",652,65
918263,"Olympique Lyonnais","Angers SCO","01/14/2018 17:26:47","PCR1",653,65
918263,"Olympique Lyonnais","Angers SCO","01/14/2018 17:26:49","SHG1",654,65
918263,"Olympique Lyonnais","Angers SCO","01/14/2018 17:26:52","CR1",655,65
918263,"Olympique Lyonnais","Angers SCO","01/14/2018 17:26:56","Ball Position",656,66
918263,"Olympique Lyonnais","Angers SCO","01/14/2018 17:27:04","Restart",657,66
918263,"Olympique Lyonnais","Angers SCO","01/14/2018 17:27:25","POSSIBLE_TI",658,66
918263,"Olympique Lyonnais","Angers SCO","01/14/2018 17:27:27","TI2",659,66
918263,"Olympique Lyonnais","Angers SCO","01/14/2018 17:27:46","Restart",660,66
918263,"Olympique Lyonnais","Angers SCO","01/14/2018 17:28:06","PCR1",661,67
918263,"Olympique Lyonnais","Angers SCO","01/14/2018 17:28:08","CR1",662,67
918263,"Olympique Lyonnais","Angers SCO","01/14/2018 17:28:10","Ball Position",663,67
918263,"Olympique Lyonnais","Angers SCO","01/14/2018 17:28:20","Restart",664,67
918263,"Olympique Lyonnais","Angers SCO","01/14/2018 17:28:40","SAFE2",665,67
918263,"Olympique Lyonnais","Angers SCO","01/14/2018 17:28:45","AT1",666,67
918263,"Olympique Lyonnais","Angers SCO","01/14/2018 17:28:47","DANGER1",667,67
918263,"Olympique Lyonnais","Angers SCO","01/14/2018 17:28:47","DAT1",668,67
918263,"Olympique Lyonnais","Angers SCO","01/14/2018 17:28:57","Possible Free Kick",669,68
918263,"Olympique Lyonnais","Angers SCO","01/14/2018 17:29:13","F2",671,68
918263,"Olympique Lyonnais","Angers SCO","01/14/2018 17:29:13","FK1",672,68
918263,"Olympique Lyonnais","Angers SCO","01/14/2018 17:29:13","DFK1",673,68
918263,"Olympique Lyonnais","Angers SCO","01/14/2018 17:29:14","Ball Position",674,68
918263,"Olympique Lyonnais","Angers SCO","01/14/2018 17:30:02","Restart",675,69
918263,"Olympique Lyonnais","Angers SCO","01/14/2018 17:30:07","SHG1",676,69
918263,"Olympique Lyonnais","Angers SCO","01/14/2018 17:30:16","SAFE2",677,69
918263,"Olympique Lyonnais","Angers SCO","01/14/2018 17:30:19","AT2",678,69
918263,"Olympique Lyonnais","Angers SCO","01/14/2018 17:30:28","DANGER2",679,69
918263,"Olympique Lyonnais","Angers SCO","01/14/2018 17:30:28","DAT2",680,69
918263,"Olympique Lyonnais","Angers SCO","01/14/2018 17:30:32","SAFE1",681,69
918263,"Olympique Lyonnais","Angers SCO","01/14/2018 17:30:36","AT1",682,69
918263,"Olympique Lyonnais","Angers SCO","01/14/2018 17:30:42","DANGER1",683,69
918263,"Olympique Lyonnais","Angers SCO","01/14/2018 17:30:42","DAT1",684,69
918263,"Olympique Lyonnais","Angers SCO","01/14/2018 17:30:47","SAFE2",685,69
918263,"Olympique Lyonnais","Angers SCO","01/14/2018 17:30:49","AT2",686,69
918263,"Olympique Lyonnais","Angers SCO","01/14/2018 17:30:51","SAFE1",687,69
918263,"Olympique Lyonnais","Angers SCO","01/14/2018 17:30:53","AT1",688,69
918263,"Olympique Lyonnais","Angers SCO","01/14/2018 17:30:58","DANGER1",689,70
918263,"Olympique Lyonnais","Angers SCO","01/14/2018 17:30:58","DAT1",690,70
918263,"Olympique Lyonnais","Angers SCO","01/14/2018 17:31:08","SAFE2",691,70
918263,"Olympique Lyonnais","Angers SCO","01/14/2018 17:31:13","AT2",692,70
918263,"Olympique Lyonnais","Angers SCO","01/14/2018 17:31:16","SAFE1",693,70
918263,"Olympique Lyonnais","Angers SCO","01/14/2018 17:31:25","AT1",694,70
918263,"Olympique Lyonnais","Angers SCO","01/14/2018 17:31:39","DANGER1",695,70
918263,"Olympique Lyonnais","Angers SCO","01/14/2018 17:31:39","DAT1",696,70
918263,"Olympique Lyonnais","Angers SCO","01/14/2018 17:31:47","SHG1",697,70
918263,"Olympique Lyonnais","Angers SCO","01/14/2018 17:31:52","POSSIBLE_TI",698,70
918263,"Olympique Lyonnais","Angers SCO","01/14/2018 17:31:53","TI1",699,70
918263,"Olympique Lyonnais","Angers SCO","01/14/2018 17:31:55","Restart",700,71
918263,"Olympique Lyonnais","Angers SCO","01/14/2018 17:32:12","SHB1",701,71
918263,"Olympique Lyonnais","Angers SCO","01/14/2018 17:32:17","SAFE2",702,71
918263,"Olympique Lyonnais","Angers SCO","01/14/2018 17:32:17","GK2",703,71
918263,"Olympique Lyonnais","Angers SCO","01/14/2018 17:32:35","SUB1",704,71
918263,"Olympique Lyonnais","Angers SCO","01/14/2018 17:32:55","SUB2",705,71
918263,"Olympique Lyonnais","Angers SCO","01/14/2018 17:33:12","SUB1",706,72
918263,"Olympique Lyonnais","Angers SCO","01/14/2018 17:33:16","Restart",707,72
918263,"Olympique Lyonnais","Angers SCO","01/14/2018 17:33:19","AT2",708,72
918263,"Olympique Lyonnais","Angers SCO","01/14/2018 17:33:35","SAFE1",709,72
918263,"Olympique Lyonnais","Angers SCO","01/14/2018 17:33:37","AT1",710,72
918263,"Olympique Lyonnais","Angers SCO","01/14/2018 17:33:43","Possible Free Kick",711,72
918263,"Olympique Lyonnais","Angers SCO","01/14/2018 17:33:51","F2",713,72
918263,"Olympique Lyonnais","Angers SCO","01/14/2018 17:33:51","FK1",714,72
918263,"Olympique Lyonnais","Angers SCO","01/14/2018 17:33:51","DANGER1",715,72
918263,"Olympique Lyonnais","Angers SCO","01/14/2018 17:33:51","DFK1",716,72
918263,"Olympique Lyonnais","Angers SCO","01/14/2018 17:33:51","Ball Position",717,72
918263,"Olympique Lyonnais","Angers SCO","01/14/2018 17:34:00","Restart",718,73
918263,"Olympique Lyonnais","Angers SCO","01/14/2018 17:34:07","SHG1",719,73
918263,"Olympique Lyonnais","Angers SCO","01/14/2018 17:34:15","SAFE2",720,73
918263,"Olympique Lyonnais","Angers SCO","01/14/2018 17:34:16","AT2",721,73
918263,"Olympique Lyonnais","Angers SCO","01/14/2018 17:34:29","DANGER2",722,73
918263,"Olympique Lyonnais","Angers SCO","01/14/2018 17:34:29","DAT2",723,73
918263,"Olympique Lyonnais","Angers SCO","01/14/2018 17:34:34","Player_DATA_CONFIRMED",724,73
918263,"Olympique Lyonnais","Angers SCO","01/14/2018 17:34:37","BLOCKED2",725,73
918263,"Olympique Lyonnais","Angers SCO","01/14/2018 17:34:46","POSSIBLE_TI",726,73
918263,"Olympique Lyonnais","Angers SCO","01/14/2018 17:34:47","TI1",727,73
918263,"Olympique Lyonnais","Angers SCO","01/14/2018 17:34:54","Restart",728,73
918263,"Olympique Lyonnais","Angers SCO","01/14/2018 17:34:55","SAFE1",729,73
918263,"Olympique Lyonnais","Angers SCO","01/14/2018 17:35:03","AT1",730,74
918263,"Olympique Lyonnais","Angers SCO","01/14/2018 17:35:07","SAFE1",731,74
918263,"Olympique Lyonnais","Angers SCO","01/14/2018 17:35:25","AT1",732,74
918263,"Olympique Lyonnais","Angers SCO","01/14/2018 17:35:27","DANGER1",733,74
918263,"Olympique Lyonnais","Angers SCO","01/14/2018 17:35:27","DAT1",734,74
918263,"Olympique Lyonnais","Angers SCO","01/14/2018 17:35:32","Player_DATA_CONFIRMED",735,74
918263,"Olympique Lyonnais","Angers SCO","01/14/2018 17:35:32","Player_DATA_CONFIRMED",736,74
918263,"Olympique Lyonnais","Angers SCO","01/14/2018 17:35:32","PCR1",737,74
918263,"Olympique Lyonnais","Angers SCO","01/14/2018 17:35:38","CR1",738,74
918263,"Olympique Lyonnais","Angers SCO","01/14/2018 17:35:40","Ball Position",739,74
918263,"Olympique Lyonnais","Angers SCO","01/14/2018 17:35:53","Restart",740,74
918263,"Olympique Lyonnais","Angers SCO","01/14/2018 17:36:00","PCR1",741,75
918263,"Olympique Lyonnais","Angers SCO","01/14/2018 17:36:06","CR1",742,75
918263,"Olympique Lyonnais","Angers SCO","01/14/2018 17:36:08","Ball Position",743,75
918263,"Olympique Lyonnais","Angers SCO","01/14/2018 17:36:22","Restart",744,75
918263,"Olympique Lyonnais","Angers SCO","01/14/2018 17:36:56","SAFE2",745,76
918263,"Olympique Lyonnais","Angers SCO","01/14/2018 17:36:56","GK2",746,76
918263,"Olympique Lyonnais","Angers SCO","01/14/2018 17:37:08","Restart",747,76
918263,"Olympique Lyonnais","Angers SCO","01/14/2018 17:37:11","AT2",748,76
918263,"Olympique Lyonnais","Angers SCO","01/14/2018 17:37:22","SAFE1",749,76
918263,"Olympique Lyonnais","Angers SCO","01/14/2018 17:37:23","AT1",750,76
918263,"Olympique Lyonnais","Angers SCO","01/14/2018 17:37:28","DANGER1",751,76
918263,"Olympique Lyonnais","Angers SCO","01/14/2018 17:37:28","DAT1",752,76
918263,"Olympique Lyonnais","Angers SCO","01/14/2018 17:37:31","SHB1",753,76
918263,"Olympique Lyonnais","Angers SCO","01/14/2018 17:37:37","SAFE2",754,76
918263,"Olympique Lyonnais","Angers SCO","01/14/2018 17:37:38","GK2",755,76
918263,"Olympique Lyonnais","Angers SCO","01/14/2018 17:37:47","Restart",756,76
918263,"Olympique Lyonnais","Angers SCO","01/14/2018 17:37:50","AT2",757,76
918263,"Olympique Lyonnais","Angers SCO","01/14/2018 17:38:00","SAFE1",758,77
918263,"Olympique Lyonnais","Angers SCO","01/14/2018 17:38:02","AT1",759,77
918263,"Olympique Lyonnais","Angers SCO","01/14/2018 17:38:11","Possible Free Kick",760,77
918263,"Olympique Lyonnais","Angers SCO","01/14/2018 17:38:33","F2",762,77
918263,"Olympique Lyonnais","Angers SCO","01/14/2018 17:38:33","FK1",763,77
918263,"Olympique Lyonnais","Angers SCO","01/14/2018 17:38:33","DANGER1",764,77
918263,"Olympique Lyonnais","Angers SCO","01/14/2018 17:38:33","DFK1",765,77
918263,"Olympique Lyonnais","Angers SCO","01/14/2018 17:38:33","Ball Position",766,77
918263,"Olympique Lyonnais","Angers SCO","01/14/2018 17:38:54","Restart",767,77
918263,"Olympique Lyonnais","Angers SCO","01/14/2018 17:38:59","SHG1",768,78
918263,"Olympique Lyonnais","Angers SCO","01/14/2018 17:39:01","SAFE2",769,78
918263,"Olympique Lyonnais","Angers SCO","01/14/2018 17:39:05","AT2",770,78
918263,"Olympique Lyonnais","Angers SCO","01/14/2018 17:39:14","SAFE1",771,78
918263,"Olympique Lyonnais","Angers SCO","01/14/2018 17:39:18","AT1",772,78
918263,"Olympique Lyonnais","Angers SCO","01/14/2018 17:39:24","DANGER1",773,78
918263,"Olympique Lyonnais","Angers SCO","01/14/2018 17:39:24","DAT1",774,78
918263,"Olympique Lyonnais","Angers SCO","01/14/2018 17:39:29","PCR1",775,78
918263,"Olympique Lyonnais","Angers SCO","01/14/2018 17:39:34","CR1",776,78
918263,"Olympique Lyonnais","Angers SCO","01/14/2018 17:39:35","Ball Position",777,78
918263,"Olympique Lyonnais","Angers SCO","01/14/2018 17:39:47","Restart",778,78
918263,"Olympique Lyonnais","Angers SCO","01/14/2018 17:40:20","SAFE2",779,79
918263,"Olympique Lyonnais","Angers SCO","01/14/2018 17:40:21","GK2",780,79
918263,"Olympique Lyonnais","Angers SCO","01/14/2018 17:40:48","SUB2",781,79
918263,"Olympique Lyonnais","Angers SCO","01/14/2018 17:40:56","Restart",782,80
918263,"Olympique Lyonnais","Angers SCO","01/14/2018 17:40:59","AT2",783,80
918263,"Olympique Lyonnais","Angers SCO","01/14/2018 17:41:02","POSSIBLE_TI",784,80
918263,"Olympique Lyonnais","Angers SCO","01/14/2018 17:41:04","TI2",785,80
918263,"Olympique Lyonnais","Angers SCO","01/14/2018 17:41:16","Restart",786,80
918263,"Olympique Lyonnais","Angers SCO","01/14/2018 17:41:30","SAFE1",787,80
918263,"Olympique Lyonnais","Angers SCO","01/14/2018 17:41:37","AT1",788,80
918263,"Olympique Lyonnais","Angers SCO","01/14/2018 17:41:39","DANGER1",789,80
918263,"Olympique Lyonnais","Angers SCO","01/14/2018 17:41:39","DAT1",790,80
918263,"Olympique Lyonnais","Angers SCO","01/14/2018 17:41:46","SHB1",791,80
918263,"Olympique Lyonnais","Angers SCO","01/14/2018 17:41:56","SAFE2",792,81
918263,"Olympique Lyonnais","Angers SCO","01/14/2018 17:41:57","GK2",793,81
918263,"Olympique Lyonnais","Angers SCO","01/14/2018 17:42:03","Restart",794,81
918263,"Olympique Lyonnais","Angers SCO","01/14/2018 17:42:05","Player_DATA_CONFIRMED",795,81
918263,"Olympique Lyonnais","Angers SCO","01/14/2018 17:42:06","AT2",796,81
918263,"Olympique Lyonnais","Angers SCO","01/14/2018 17:42:09","SAFE1",797,81
918263,"Olympique Lyonnais","Angers SCO","01/14/2018 17:42:10","AT1",798,81
918263,"Olympique Lyonnais","Angers SCO","01/14/2018 17:42:13","DANGER1",799,81
918263,"Olympique Lyonnais","Angers SCO","01/14/2018 17:42:13","DAT1",800,81
918263,"Olympique Lyonnais","Angers SCO","01/14/2018 17:42:16","PCR1",801,81
918263,"Olympique Lyonnais","Angers SCO","01/14/2018 17:42:23","CR1",802,81
918263,"Olympique Lyonnais","Angers SCO","01/14/2018 17:42:26","Ball Position",803,81
918263,"Olympique Lyonnais","Angers SCO","01/14/2018 17:42:31","Restart",804,81
918263,"Olympique Lyonnais","Angers SCO","01/14/2018 17:42:36","POSSIBLE_TI",805,81
918263,"Olympique Lyonnais","Angers SCO","01/14/2018 17:42:37","TI1",806,81
918263,"Olympique Lyonnais","Angers SCO","01/14/2018 17:42:45","Restart",807,81
918263,"Olympique Lyonnais","Angers SCO","01/14/2018 17:43:26","SAFE2",808,82
918263,"Olympique Lyonnais","Angers SCO","01/14/2018 17:43:26","GK2",809,82
918263,"Olympique Lyonnais","Angers SCO","01/14/2018 17:43:40","Restart",810,82
918263,"Olympique Lyonnais","Angers SCO","01/14/2018 17:43:41","AT2",811,82
918263,"Olympique Lyonnais","Angers SCO","01/14/2018 17:43:45","POSSIBLE_TI",812,82
918263,"Olympique Lyonnais","Angers SCO","01/14/2018 17:43:46","TI1",813,82
918263,"Olympique Lyonnais","Angers SCO","01/14/2018 17:43:49","Restart",814,82
918263,"Olympique Lyonnais","Angers SCO","01/14/2018 17:43:50","SAFE1",815,82
918263,"Olympique Lyonnais","Angers SCO","01/14/2018 17:44:10","AT1",816,83
918263,"Olympique Lyonnais","Angers SCO","01/14/2018 17:44:17","SAFE2",817,83
918263,"Olympique Lyonnais","Angers SCO","01/14/2018 17:44:19","AT2",818,83
918263,"Olympique Lyonnais","Angers SCO","01/14/2018 17:44:20","POSSIBLE_TI",819,83
918263,"Olympique Lyonnais","Angers SCO","01/14/2018 17:44:20","TI1",820,83
918263,"Olympique Lyonnais","Angers SCO","01/14/2018 17:44:22","Restart",821,83
918263,"Olympique Lyonnais","Angers SCO","01/14/2018 17:44:23","SAFE1",822,83
918263,"Olympique Lyonnais","Angers SCO","01/14/2018 17:44:46","AT1",823,83
918263,"Olympique Lyonnais","Angers SCO","01/14/2018 17:44:52","DANGER1",824,83
918263,"Olympique Lyonnais","Angers SCO","01/14/2018 17:44:52","DAT1",825,83
918263,"Olympique Lyonnais","Angers SCO","01/14/2018 17:45:00","BLOCKED1",826,84
918263,"Olympique Lyonnais","Angers SCO","01/14/2018 17:45:07","Possible Free Kick",827,84
918263,"Olympique Lyonnais","Angers SCO","01/14/2018 17:45:10","POSSIBLE_CARDS",829,84
918263,"Olympique Lyonnais","Angers SCO","01/14/2018 17:45:13","YRC2",830,84
918263,"Olympique Lyonnais","Angers SCO","01/14/2018 17:45:18","CONF_YC_RC2",831,84
918263,"Olympique Lyonnais","Angers SCO","01/14/2018 17:45:25","Scorer",832,84
918263,"Olympique Lyonnais","Angers SCO","01/14/2018 17:45:36","F2",833,84
918263,"Olympique Lyonnais","Angers SCO","01/14/2018 17:45:36","FK1",834,84
918263,"Olympique Lyonnais","Angers SCO","01/14/2018 17:45:36","DFK1",835,84
918263,"Olympique Lyonnais","Angers SCO","01/14/2018 17:45:36","Ball Position",836,84
918263,"Olympique Lyonnais","Angers SCO","01/14/2018 17:45:56","Restart",837,85
918263,"Olympique Lyonnais","Angers SCO","01/14/2018 17:46:00","SHG1",838,85
918263,"Olympique Lyonnais","Angers SCO","01/14/2018 17:46:23","Possible Free Kick",839,85
918263,"Olympique Lyonnais","Angers SCO","01/14/2018 17:46:30","SAFE2",841,85
918263,"Olympique Lyonnais","Angers SCO","01/14/2018 17:46:30","F1",842,85
918263,"Olympique Lyonnais","Angers SCO","01/14/2018 17:46:30","FK2",843,85
918263,"Olympique Lyonnais","Angers SCO","01/14/2018 17:46:30","Ball Position",844,85
918263,"Olympique Lyonnais","Angers SCO","01/14/2018 17:46:45","Restart",845,85
918263,"Olympique Lyonnais","Angers SCO","01/14/2018 17:46:51","SAFE1",846,85
918263,"Olympique Lyonnais","Angers SCO","01/14/2018 17:47:01","AT1",847,86
918263,"Olympique Lyonnais","Angers SCO","01/14/2018 17:47:04","DANGER1",848,86
918263,"Olympique Lyonnais","Angers SCO","01/14/2018 17:47:04","DAT1",849,86
918263,"Olympique Lyonnais","Angers SCO","01/14/2018 17:47:05","Player_DATA_CONFIRMED",850,86
918263,"Olympique Lyonnais","Angers SCO","01/14/2018 17:47:14","SHB1",851,86
918263,"Olympique Lyonnais","Angers SCO","01/14/2018 17:47:19","SAFE2",852,86
918263,"Olympique Lyonnais","Angers SCO","01/14/2018 17:47:19","GK2",853,86
918263,"Olympique Lyonnais","Angers SCO","01/14/2018 17:47:33","Restart",854,86
918263,"Olympique Lyonnais","Angers SCO","01/14/2018 17:47:35","AT2",855,86
918263,"Olympique Lyonnais","Angers SCO","01/14/2018 17:47:39","DANGER2",856,86
918263,"Olympique Lyonnais","Angers SCO","01/14/2018 17:47:39","DAT2",857,86
918263,"Olympique Lyonnais","Angers SCO","01/14/2018 17:47:49","POSSIBLE_TI",858,86
918263,"Olympique Lyonnais","Angers SCO","01/14/2018 17:48:00","TI2",859,87
918263,"Olympique Lyonnais","Angers SCO","01/14/2018 17:48:01","Restart",860,87
918263,"Olympique Lyonnais","Angers SCO","01/14/2018 17:48:13","SAFE1",861,87
918263,"Olympique Lyonnais","Angers SCO","01/14/2018 17:48:21","AT1",862,87
918263,"Olympique Lyonnais","Angers SCO","01/14/2018 17:48:26","DANGER1",863,87
918263,"Olympique Lyonnais","Angers SCO","01/14/2018 17:48:26","DAT1",864,87
918263,"Olympique Lyonnais","Angers SCO","01/14/2018 17:48:37","SHG1",865,87
918263,"Olympique Lyonnais","Angers SCO","01/14/2018 17:48:41","PCR1",866,87
918263,"Olympique Lyonnais","Angers SCO","01/14/2018 17:48:49","CR1",867,87
918263,"Olympique Lyonnais","Angers SCO","01/14/2018 17:48:51","Ball Position",868,87
918263,"Olympique Lyonnais","Angers SCO","01/14/2018 17:48:54","Restart",869,87
918263,"Olympique Lyonnais","Angers SCO","01/14/2018 17:48:59","SHB1",870,88
918263,"Olympique Lyonnais","Angers SCO","01/14/2018 17:49:07","SAFE2",871,88
918263,"Olympique Lyonnais","Angers SCO","01/14/2018 17:49:07","GK2",872,88
918263,"Olympique Lyonnais","Angers SCO","01/14/2018 17:49:20","Restart",873,88
918263,"Olympique Lyonnais","Angers SCO","01/14/2018 17:49:22","AT2",874,88
918263,"Olympique Lyonnais","Angers SCO","01/14/2018 17:49:33","SAFE2",875,88
918263,"Olympique Lyonnais","Angers SCO","01/14/2018 17:49:41","AT1",876,88
918263,"Olympique Lyonnais","Angers SCO","01/14/2018 17:49:52","DANGER1",877,88
918263,"Olympique Lyonnais","Angers SCO","01/14/2018 17:49:52","DAT1",878,88
918263,"Olympique Lyonnais","Angers SCO","01/14/2018 17:50:05","SAFE2",879,89
918263,"Olympique Lyonnais","Angers SCO","01/14/2018 17:50:06","GK2",880,89
918263,"Olympique Lyonnais","Angers SCO","01/14/2018 17:50:17","Restart",881,89
918263,"Olympique Lyonnais","Angers SCO","01/14/2018 17:50:22","AT2",882,89
918263,"Olympique Lyonnais","Angers SCO","01/14/2018 17:50:23","POSSIBLE_TI",883,89
918263,"Olympique Lyonnais","Angers SCO","01/14/2018 17:50:23","TI1",884,89
918263,"Olympique Lyonnais","Angers SCO","01/14/2018 17:50:26","Restart",885,89
918263,"Olympique Lyonnais","Angers SCO","01/14/2018 17:50:26","SAFE1",886,89
918263,"Olympique Lyonnais","Angers SCO","01/14/2018 17:50:35","AT1",887,89
918263,"Olympique Lyonnais","Angers SCO","01/14/2018 17:50:37","SAFE2",888,89
918263,"Olympique Lyonnais","Angers SCO","01/14/2018 17:50:43","POSSIBLE_TI",889,89
918263,"Olympique Lyonnais","Angers SCO","01/14/2018 17:50:44","TI1",890,89
918263,"Olympique Lyonnais","Angers SCO","01/14/2018 17:50:45","Restart",891,89
918263,"Olympique Lyonnais","Angers SCO","01/14/2018 17:50:46","SAFE1",892,89
918263,"Olympique Lyonnais","Angers SCO","01/14/2018 17:50:51","AT1",893,89
918263,"Olympique Lyonnais","Angers SCO","01/14/2018 17:51:13","SAFE2",894,90
918263,"Olympique Lyonnais","Angers SCO","01/14/2018 17:51:14","AT2",895,90
918263,"Olympique Lyonnais","Angers SCO","01/14/2018 17:51:22","Possible Free Kick",896,90
918263,"Olympique Lyonnais","Angers SCO","01/14/2018 17:51:27","SAFE1",898,90
918263,"Olympique Lyonnais","Angers SCO","01/14/2018 17:51:27","F2",899,90
918263,"Olympique Lyonnais","Angers SCO","01/14/2018 17:51:27","FK1",900,90
918263,"Olympique Lyonnais","Angers SCO","01/14/2018 17:51:27","Ball Position",901,90
918263,"Olympique Lyonnais","Angers SCO","01/14/2018 17:51:30","Restart",902,90
918263,"Olympique Lyonnais","Angers SCO","01/14/2018 17:51:32","AT1",903,90
918263,"Olympique Lyonnais","Angers SCO","01/14/2018 17:51:54","Extra Time",904,90
918263,"Olympique Lyonnais","Angers SCO","01/14/2018 17:51:57","DANGER1",905,91
918263,"Olympique Lyonnais","Angers SCO","01/14/2018 17:51:57","DAT1",906,91
918263,"Olympique Lyonnais","Angers SCO","01/14/2018 17:52:08","SAFE2",907,91
918263,"Olympique Lyonnais","Angers SCO","01/14/2018 17:52:08","AT2",908,91
918263,"Olympique Lyonnais","Angers SCO","01/14/2018 17:52:12","SAFE1",909,91
918263,"Olympique Lyonnais","Angers SCO","01/14/2018 17:52:24","AT1",910,91
918263,"Olympique Lyonnais","Angers SCO","01/14/2018 17:52:30","DANGER1",911,91
918263,"Olympique Lyonnais","Angers SCO","01/14/2018 17:52:30","DAT1",912,91
918263,"Olympique Lyonnais","Angers SCO","01/14/2018 17:52:55","SAFE2",913,91
918263,"Olympique Lyonnais","Angers SCO","01/14/2018 17:52:56","AT2",914,92
918263,"Olympique Lyonnais","Angers SCO","01/14/2018 17:52:59","SAFE1",915,92
918263,"Olympique Lyonnais","Angers SCO","01/14/2018 17:53:03","AT1",916,92
918263,"Olympique Lyonnais","Angers SCO","01/14/2018 17:53:14","DANGER1",917,92
918263,"Olympique Lyonnais","Angers SCO","01/14/2018 17:53:14","DAT1",918,92
918263,"Olympique Lyonnais","Angers SCO","01/14/2018 17:53:25","POSSIBLE_TI",919,92
918263,"Olympique Lyonnais","Angers SCO","01/14/2018 17:53:26","TI1",920,92
918263,"Olympique Lyonnais","Angers SCO","01/14/2018 17:53:27","Restart",921,92
918263,"Olympique Lyonnais","Angers SCO","01/14/2018 17:53:36","PCR1",922,92
918263,"Olympique Lyonnais","Angers SCO","01/14/2018 17:53:43","CR1",923,92
918263,"Olympique Lyonnais","Angers SCO","01/14/2018 17:53:46","Ball Position",924,92
918263,"Olympique Lyonnais","Angers SCO","01/14/2018 17:53:59","Restart",925,93
918263,"Olympique Lyonnais","Angers SCO","01/14/2018 17:54:03","BLOCKED1",926,93
918263,"Olympique Lyonnais","Angers SCO","01/14/2018 17:54:10","POSSIBLE_TI",927,93
918263,"Olympique Lyonnais","Angers SCO","01/14/2018 17:54:11","TI1",928,93
918263,"Olympique Lyonnais","Angers SCO","01/14/2018 17:54:13","Restart",929,93
918263,"Olympique Lyonnais","Angers SCO","01/14/2018 17:54:23","SAFE2",930,93
918263,"Olympique Lyonnais","Angers SCO","01/14/2018 17:54:32","Possible Free Kick",931,93
918263,"Olympique Lyonnais","Angers SCO","01/14/2018 17:54:33","F1",933,93
918263,"Olympique Lyonnais","Angers SCO","01/14/2018 17:54:33","FK2",934,93
918263,"Olympique Lyonnais","Angers SCO","01/14/2018 17:54:34","Ball Position",935,93
918263,"Olympique Lyonnais","Angers SCO","01/14/2018 17:54:57","CLS",936,94
918263,"Olympique Lyonnais","Angers SCO","01/14/2018 17:54:59","No Free Kick",937,94
918263,"Olympique Lyonnais","Angers SCO","01/14/2018 17:55:03","Stop RT2",938,94
918263,"Olympique Lyonnais","Angers SCO","01/14/2018 17:55:03","Stop Game",939,94
918263,"Olympique Lyonnais","Angers SCO","01/14/2018 17:55:13","CONF_PERIOD_SCORE",940,93
