"RBallID","HomeTeam","AwayTeam","Timestamp","Incident","IncidentNumber","Minute"
922811,"Dijon FCO","Stade Rennais","01/26/2018 18:51:09","Lineup changed",0,0
922811,"Dijon FCO","Stade Rennais","01/26/2018 18:51:33","Transmission Online",1,0
922811,"Dijon FCO","Stade Rennais","01/26/2018 18:51:33","Scout in Stadion",2,0
922811,"Dijon FCO","Stade Rennais","01/26/2018 19:04:39","GCC",3,0
922811,"Dijon FCO","Stade Rennais","01/26/2018 19:35:50","GCC",4,0
922811,"Dijon FCO","Stade Rennais","01/26/2018 19:40:59","Players are coming out",5,0
922811,"Dijon FCO","Stade Rennais","01/26/2018 19:41:38","Players lined up",6,0
922811,"Dijon FCO","Stade Rennais","01/26/2018 19:41:53","Shake hands",7,0
922811,"Dijon FCO","Stade Rennais","01/26/2018 19:42:29","Jersey Changed",8,0
922811,"Dijon FCO","Stade Rennais","01/26/2018 19:42:29","Jersey Changed",9,0
922811,"Dijon FCO","Stade Rennais","01/26/2018 19:42:32","Flip coin",10,0
922811,"Dijon FCO","Stade Rennais","01/26/2018 19:43:55","Game about to start",11,0
922811,"Dijon FCO","Stade Rennais","01/26/2018 19:44:56","Start RT1 Team 2",12,1
922811,"Dijon FCO","Stade Rennais","01/26/2018 19:44:58","SAFE2",13,1
922811,"Dijon FCO","Stade Rennais","01/26/2018 19:44:59","AT2",14,1
922811,"Dijon FCO","Stade Rennais","01/26/2018 19:45:02","SAFE1",15,1
922811,"Dijon FCO","Stade Rennais","01/26/2018 19:45:08","SAFE2",16,1
922811,"Dijon FCO","Stade Rennais","01/26/2018 19:45:25","SAFE1",17,1
922811,"Dijon FCO","Stade Rennais","01/26/2018 19:45:29","AT1",18,1
922811,"Dijon FCO","Stade Rennais","01/26/2018 19:45:30","DANGER1",19,1
922811,"Dijon FCO","Stade Rennais","01/26/2018 19:45:30","DAT1",20,1
922811,"Dijon FCO","Stade Rennais","01/26/2018 19:45:39","PCR1",21,1
922811,"Dijon FCO","Stade Rennais","01/26/2018 19:45:49","NCR1",22,1
922811,"Dijon FCO","Stade Rennais","01/26/2018 19:45:50","SAFE2",23,1
922811,"Dijon FCO","Stade Rennais","01/26/2018 19:45:51","GK2",24,1
922811,"Dijon FCO","Stade Rennais","01/26/2018 19:46:09","Restart",25,2
922811,"Dijon FCO","Stade Rennais","01/26/2018 19:46:14","AT2",26,2
922811,"Dijon FCO","Stade Rennais","01/26/2018 19:46:16","POSSIBLE_TI",27,2
922811,"Dijon FCO","Stade Rennais","01/26/2018 19:46:21","TI2",28,2
922811,"Dijon FCO","Stade Rennais","01/26/2018 19:46:21","Restart",29,2
922811,"Dijon FCO","Stade Rennais","01/26/2018 19:46:27","POSSIBLE_TI",30,2
922811,"Dijon FCO","Stade Rennais","01/26/2018 19:46:34","TI1",31,2
922811,"Dijon FCO","Stade Rennais","01/26/2018 19:46:35","SAFE1",32,2
922811,"Dijon FCO","Stade Rennais","01/26/2018 19:46:38","Restart",33,2
922811,"Dijon FCO","Stade Rennais","01/26/2018 19:46:39","AT1",34,2
922811,"Dijon FCO","Stade Rennais","01/26/2018 19:46:41","POSSIBLE_TI",35,2
922811,"Dijon FCO","Stade Rennais","01/26/2018 19:46:45","TI1",36,2
922811,"Dijon FCO","Stade Rennais","01/26/2018 19:46:48","Restart",37,2
922811,"Dijon FCO","Stade Rennais","01/26/2018 19:46:49","DANGER1",38,2
922811,"Dijon FCO","Stade Rennais","01/26/2018 19:46:49","DAT1",39,2
922811,"Dijon FCO","Stade Rennais","01/26/2018 19:46:54","Possible Free Kick",40,2
922811,"Dijon FCO","Stade Rennais","01/26/2018 19:47:13","F2",42,3
922811,"Dijon FCO","Stade Rennais","01/26/2018 19:47:13","FK1",43,3
922811,"Dijon FCO","Stade Rennais","01/26/2018 19:47:13","DFK1",44,3
922811,"Dijon FCO","Stade Rennais","01/26/2018 19:47:13","Ball Position",45,3
922811,"Dijon FCO","Stade Rennais","01/26/2018 19:47:39","Restart",46,3
922811,"Dijon FCO","Stade Rennais","01/26/2018 19:47:44","SHG1",47,3
922811,"Dijon FCO","Stade Rennais","01/26/2018 19:47:45","SAFE2",48,3
922811,"Dijon FCO","Stade Rennais","01/26/2018 19:47:49","AT2",49,3
922811,"Dijon FCO","Stade Rennais","01/26/2018 19:47:50","DANGER2",50,3
922811,"Dijon FCO","Stade Rennais","01/26/2018 19:47:50","DAT2",51,3
922811,"Dijon FCO","Stade Rennais","01/26/2018 19:48:01","POSSIBLE_TI",52,4
922811,"Dijon FCO","Stade Rennais","01/26/2018 19:48:04","TI2",53,4
922811,"Dijon FCO","Stade Rennais","01/26/2018 19:48:05","Restart",54,4
922811,"Dijon FCO","Stade Rennais","01/26/2018 19:48:13","PCR2",55,4
922811,"Dijon FCO","Stade Rennais","01/26/2018 19:48:18","NCR2",56,4
922811,"Dijon FCO","Stade Rennais","01/26/2018 19:48:19","SAFE1",57,4
922811,"Dijon FCO","Stade Rennais","01/26/2018 19:48:19","GK1",58,4
922811,"Dijon FCO","Stade Rennais","01/26/2018 19:48:35","Restart",59,4
922811,"Dijon FCO","Stade Rennais","01/26/2018 19:48:40","AT1",60,4
922811,"Dijon FCO","Stade Rennais","01/26/2018 19:48:48","DANGER1",61,4
922811,"Dijon FCO","Stade Rennais","01/26/2018 19:48:48","DAT1",62,4
922811,"Dijon FCO","Stade Rennais","01/26/2018 19:48:53","SAFE2",63,4
922811,"Dijon FCO","Stade Rennais","01/26/2018 19:48:54","GK2",64,4
922811,"Dijon FCO","Stade Rennais","01/26/2018 19:49:24","Restart",65,5
922811,"Dijon FCO","Stade Rennais","01/26/2018 19:49:28","AT2",66,5
922811,"Dijon FCO","Stade Rennais","01/26/2018 19:49:29","DANGER2",67,5
922811,"Dijon FCO","Stade Rennais","01/26/2018 19:49:29","DAT2",68,5
922811,"Dijon FCO","Stade Rennais","01/26/2018 19:49:41","SAFE1",69,5
922811,"Dijon FCO","Stade Rennais","01/26/2018 19:49:43","AT1",70,5
922811,"Dijon FCO","Stade Rennais","01/26/2018 19:49:45","Possible Free Kick",71,5
922811,"Dijon FCO","Stade Rennais","01/26/2018 19:49:55","POSSIBLE_CARDS",73,5
922811,"Dijon FCO","Stade Rennais","01/26/2018 19:50:10","NO_Cards",74,6
922811,"Dijon FCO","Stade Rennais","01/26/2018 19:50:13","F2",75,6
922811,"Dijon FCO","Stade Rennais","01/26/2018 19:50:13","FK1",76,6
922811,"Dijon FCO","Stade Rennais","01/26/2018 19:50:13","DANGER1",77,6
922811,"Dijon FCO","Stade Rennais","01/26/2018 19:50:13","DFK1",78,6
922811,"Dijon FCO","Stade Rennais","01/26/2018 19:50:13","Ball Position",79,6
922811,"Dijon FCO","Stade Rennais","01/26/2018 19:50:14","Restart",80,6
922811,"Dijon FCO","Stade Rennais","01/26/2018 19:50:24","SAFE1",81,6
922811,"Dijon FCO","Stade Rennais","01/26/2018 19:50:34","AT1",82,6
922811,"Dijon FCO","Stade Rennais","01/26/2018 19:50:35","DANGER1",83,6
922811,"Dijon FCO","Stade Rennais","01/26/2018 19:50:35","DAT1",84,6
922811,"Dijon FCO","Stade Rennais","01/26/2018 19:50:54","PCR1",85,6
922811,"Dijon FCO","Stade Rennais","01/26/2018 19:50:59","NCR1",86,7
922811,"Dijon FCO","Stade Rennais","01/26/2018 19:51:00","SAFE2",87,7
922811,"Dijon FCO","Stade Rennais","01/26/2018 19:51:00","GK2",88,7
922811,"Dijon FCO","Stade Rennais","01/26/2018 19:51:16","Restart",89,7
922811,"Dijon FCO","Stade Rennais","01/26/2018 19:51:22","AT2",90,7
922811,"Dijon FCO","Stade Rennais","01/26/2018 19:51:23","DANGER2",91,7
922811,"Dijon FCO","Stade Rennais","01/26/2018 19:51:23","DAT2",92,7
922811,"Dijon FCO","Stade Rennais","01/26/2018 19:51:26","SAFE1",93,7
922811,"Dijon FCO","Stade Rennais","01/26/2018 19:51:28","AT1",94,7
922811,"Dijon FCO","Stade Rennais","01/26/2018 19:51:30","DANGER1",95,7
922811,"Dijon FCO","Stade Rennais","01/26/2018 19:51:30","DAT1",96,7
922811,"Dijon FCO","Stade Rennais","01/26/2018 19:51:33","SAFE2",97,7
922811,"Dijon FCO","Stade Rennais","01/26/2018 19:51:45","AT2",98,7
922811,"Dijon FCO","Stade Rennais","01/26/2018 19:51:46","DANGER2",99,7
922811,"Dijon FCO","Stade Rennais","01/26/2018 19:51:46","DAT2",100,7
922811,"Dijon FCO","Stade Rennais","01/26/2018 19:51:50","SAFE1",101,7
922811,"Dijon FCO","Stade Rennais","01/26/2018 19:52:16","AT1",102,8
922811,"Dijon FCO","Stade Rennais","01/26/2018 19:52:21","SAFE2",103,8
922811,"Dijon FCO","Stade Rennais","01/26/2018 19:52:32","AT2",104,8
922811,"Dijon FCO","Stade Rennais","01/26/2018 19:52:33","DANGER2",105,8
922811,"Dijon FCO","Stade Rennais","01/26/2018 19:52:33","DAT2",106,8
922811,"Dijon FCO","Stade Rennais","01/26/2018 19:52:56","Possible Free Kick",107,8
922811,"Dijon FCO","Stade Rennais","01/26/2018 19:53:06","SAFE1",109,9
922811,"Dijon FCO","Stade Rennais","01/26/2018 19:53:06","O2",110,9
922811,"Dijon FCO","Stade Rennais","01/26/2018 19:53:06","FK1",111,9
922811,"Dijon FCO","Stade Rennais","01/26/2018 19:53:06","Ball Position",112,9
922811,"Dijon FCO","Stade Rennais","01/26/2018 19:53:13","Restart",113,9
922811,"Dijon FCO","Stade Rennais","01/26/2018 19:53:27","AT1",114,9
922811,"Dijon FCO","Stade Rennais","01/26/2018 19:53:27","DANGER1",115,9
922811,"Dijon FCO","Stade Rennais","01/26/2018 19:53:27","DAT1",116,9
922811,"Dijon FCO","Stade Rennais","01/26/2018 19:53:38","POSSIBLE_TI",117,9
922811,"Dijon FCO","Stade Rennais","01/26/2018 19:53:41","TI1",118,9
922811,"Dijon FCO","Stade Rennais","01/26/2018 19:53:45","Restart",119,9
922811,"Dijon FCO","Stade Rennais","01/26/2018 19:53:56","POSSIBLE_TI",120,9
922811,"Dijon FCO","Stade Rennais","01/26/2018 19:53:59","NO_TI",121,10
922811,"Dijon FCO","Stade Rennais","01/26/2018 19:54:00","Possible Free Kick",122,10
922811,"Dijon FCO","Stade Rennais","01/26/2018 19:54:17","F2",124,10
922811,"Dijon FCO","Stade Rennais","01/26/2018 19:54:17","FK1",125,10
922811,"Dijon FCO","Stade Rennais","01/26/2018 19:54:17","DFK1",126,10
922811,"Dijon FCO","Stade Rennais","01/26/2018 19:54:17","Ball Position",127,10
922811,"Dijon FCO","Stade Rennais","01/26/2018 19:54:31","Restart",128,10
922811,"Dijon FCO","Stade Rennais","01/26/2018 19:54:38","SAFE2",129,10
922811,"Dijon FCO","Stade Rennais","01/26/2018 19:54:45","SAFE1",130,10
922811,"Dijon FCO","Stade Rennais","01/26/2018 19:54:59","AT2",131,11
922811,"Dijon FCO","Stade Rennais","01/26/2018 19:55:02","POSSIBLE_TI",132,11
922811,"Dijon FCO","Stade Rennais","01/26/2018 19:55:10","TI1",133,11
922811,"Dijon FCO","Stade Rennais","01/26/2018 19:55:12","SAFE1",134,11
922811,"Dijon FCO","Stade Rennais","01/26/2018 19:55:13","Restart",135,11
922811,"Dijon FCO","Stade Rennais","01/26/2018 19:55:37","AT1",136,11
922811,"Dijon FCO","Stade Rennais","01/26/2018 19:55:38","DANGER1",137,11
922811,"Dijon FCO","Stade Rennais","01/26/2018 19:55:38","DAT1",138,11
922811,"Dijon FCO","Stade Rennais","01/26/2018 19:55:46","PPEN",139,11
922811,"Dijon FCO","Stade Rennais","01/26/2018 19:55:46","PPEN1",140,11
922811,"Dijon FCO","Stade Rennais","01/26/2018 19:55:52","No PEN",141,11
922811,"Dijon FCO","Stade Rennais","01/26/2018 19:55:53","SAFE2",142,11
922811,"Dijon FCO","Stade Rennais","01/26/2018 19:55:54","GK2",143,11
922811,"Dijon FCO","Stade Rennais","01/26/2018 19:56:14","Restart",144,12
922811,"Dijon FCO","Stade Rennais","01/26/2018 19:56:24","AT2",145,12
922811,"Dijon FCO","Stade Rennais","01/26/2018 19:56:27","DANGER2",146,12
922811,"Dijon FCO","Stade Rennais","01/26/2018 19:56:27","DAT2",147,12
922811,"Dijon FCO","Stade Rennais","01/26/2018 19:56:30","SAFE1",148,12
922811,"Dijon FCO","Stade Rennais","01/26/2018 19:56:48","AT2",149,12
922811,"Dijon FCO","Stade Rennais","01/26/2018 19:56:48","DANGER2",150,12
922811,"Dijon FCO","Stade Rennais","01/26/2018 19:56:48","DAT2",151,12
922811,"Dijon FCO","Stade Rennais","01/26/2018 19:56:57","SAFE1",152,13
922811,"Dijon FCO","Stade Rennais","01/26/2018 19:56:58","AT1",153,13
922811,"Dijon FCO","Stade Rennais","01/26/2018 19:57:00","DANGER1",154,13
922811,"Dijon FCO","Stade Rennais","01/26/2018 19:57:00","DAT1",155,13
922811,"Dijon FCO","Stade Rennais","01/26/2018 19:57:09","SAFE2",156,13
922811,"Dijon FCO","Stade Rennais","01/26/2018 19:57:13","Possible Free Kick",157,13
922811,"Dijon FCO","Stade Rennais","01/26/2018 19:57:17","POSSIBLE_CARDS",159,13
922811,"Dijon FCO","Stade Rennais","01/26/2018 19:57:23","YC1",160,13
922811,"Dijon FCO","Stade Rennais","01/26/2018 19:57:27","CONF_YC1",161,13
922811,"Dijon FCO","Stade Rennais","01/26/2018 19:57:39","Scorer",162,13
922811,"Dijon FCO","Stade Rennais","01/26/2018 19:58:11","F1",163,14
922811,"Dijon FCO","Stade Rennais","01/26/2018 19:58:11","FK2",164,14
922811,"Dijon FCO","Stade Rennais","01/26/2018 19:58:11","Ball Position",165,14
922811,"Dijon FCO","Stade Rennais","01/26/2018 19:58:19","Restart",166,14
922811,"Dijon FCO","Stade Rennais","01/26/2018 19:58:20","AT2",167,14
922811,"Dijon FCO","Stade Rennais","01/26/2018 19:58:23","SAFE1",168,14
922811,"Dijon FCO","Stade Rennais","01/26/2018 19:58:34","AT1",169,14
922811,"Dijon FCO","Stade Rennais","01/26/2018 19:58:38","DANGER1",170,14
922811,"Dijon FCO","Stade Rennais","01/26/2018 19:58:38","DAT1",171,14
922811,"Dijon FCO","Stade Rennais","01/26/2018 19:58:47","SAFE2",172,14
922811,"Dijon FCO","Stade Rennais","01/26/2018 19:58:48","AT2",173,14
922811,"Dijon FCO","Stade Rennais","01/26/2018 19:58:49","DANGER2",174,14
922811,"Dijon FCO","Stade Rennais","01/26/2018 19:58:49","DAT2",175,14
922811,"Dijon FCO","Stade Rennais","01/26/2018 19:58:53","SAFE1",176,14
922811,"Dijon FCO","Stade Rennais","01/26/2018 19:58:59","AT2",177,15
922811,"Dijon FCO","Stade Rennais","01/26/2018 19:59:00","DANGER2",178,15
922811,"Dijon FCO","Stade Rennais","01/26/2018 19:59:00","DAT2",179,15
922811,"Dijon FCO","Stade Rennais","01/26/2018 19:59:02","Possible Free Kick",180,15
922811,"Dijon FCO","Stade Rennais","01/26/2018 19:59:08","SAFE1",182,15
922811,"Dijon FCO","Stade Rennais","01/26/2018 19:59:08","O2",183,15
922811,"Dijon FCO","Stade Rennais","01/26/2018 19:59:08","FK1",184,15
922811,"Dijon FCO","Stade Rennais","01/26/2018 19:59:08","Ball Position",185,15
922811,"Dijon FCO","Stade Rennais","01/26/2018 19:59:08","Restart",186,15
922811,"Dijon FCO","Stade Rennais","01/26/2018 19:59:09","AT1",187,15
922811,"Dijon FCO","Stade Rennais","01/26/2018 19:59:09","DANGER1",188,15
922811,"Dijon FCO","Stade Rennais","01/26/2018 19:59:09","DAT1",189,15
922811,"Dijon FCO","Stade Rennais","01/26/2018 19:59:14","POSSIBLE_TI",190,15
922811,"Dijon FCO","Stade Rennais","01/26/2018 19:59:20","TI2",191,15
922811,"Dijon FCO","Stade Rennais","01/26/2018 19:59:28","Restart",192,15
922811,"Dijon FCO","Stade Rennais","01/26/2018 19:59:34","SAFE2",193,15
922811,"Dijon FCO","Stade Rennais","01/26/2018 19:59:39","AT2",194,15
922811,"Dijon FCO","Stade Rennais","01/26/2018 19:59:41","DANGER2",195,15
922811,"Dijon FCO","Stade Rennais","01/26/2018 19:59:41","DAT2",196,15
922811,"Dijon FCO","Stade Rennais","01/26/2018 20:00:28","SAFE1",197,16
922811,"Dijon FCO","Stade Rennais","01/26/2018 20:00:29","GK1",198,16
922811,"Dijon FCO","Stade Rennais","01/26/2018 20:00:35","Player_DATA_CONFIRMED",199,16
922811,"Dijon FCO","Stade Rennais","01/26/2018 20:00:43","Restart",200,16
922811,"Dijon FCO","Stade Rennais","01/26/2018 20:00:56","AT1",201,16
922811,"Dijon FCO","Stade Rennais","01/26/2018 20:00:56","DANGER1",202,16
922811,"Dijon FCO","Stade Rennais","01/26/2018 20:00:56","DAT1",203,16
922811,"Dijon FCO","Stade Rennais","01/26/2018 20:01:06","SAFE2",204,17
922811,"Dijon FCO","Stade Rennais","01/26/2018 20:01:07","AT2",205,17
922811,"Dijon FCO","Stade Rennais","01/26/2018 20:01:08","DANGER2",206,17
922811,"Dijon FCO","Stade Rennais","01/26/2018 20:01:08","DAT2",207,17
922811,"Dijon FCO","Stade Rennais","01/26/2018 20:01:10","POSSIBLE_TI",208,17
922811,"Dijon FCO","Stade Rennais","01/26/2018 20:01:18","TI2",209,17
922811,"Dijon FCO","Stade Rennais","01/26/2018 20:01:33","Restart",210,17
922811,"Dijon FCO","Stade Rennais","01/26/2018 20:01:43","POSSIBLE_TI",211,17
922811,"Dijon FCO","Stade Rennais","01/26/2018 20:01:57","TI1",212,18
922811,"Dijon FCO","Stade Rennais","01/26/2018 20:02:01","Restart",213,18
922811,"Dijon FCO","Stade Rennais","01/26/2018 20:02:03","SAFE1",214,18
922811,"Dijon FCO","Stade Rennais","01/26/2018 20:02:05","AT2",215,18
922811,"Dijon FCO","Stade Rennais","01/26/2018 20:02:06","SAFE2",216,18
922811,"Dijon FCO","Stade Rennais","01/26/2018 20:02:13","AT2",217,18
922811,"Dijon FCO","Stade Rennais","01/26/2018 20:02:14","DANGER2",218,18
922811,"Dijon FCO","Stade Rennais","01/26/2018 20:02:14","DAT2",219,18
922811,"Dijon FCO","Stade Rennais","01/26/2018 20:02:21","Possible Free Kick",220,18
922811,"Dijon FCO","Stade Rennais","01/26/2018 20:02:35","SAFE1",222,18
922811,"Dijon FCO","Stade Rennais","01/26/2018 20:02:35","F2",223,18
922811,"Dijon FCO","Stade Rennais","01/26/2018 20:02:35","FK1",224,18
922811,"Dijon FCO","Stade Rennais","01/26/2018 20:02:35","Ball Position",225,18
922811,"Dijon FCO","Stade Rennais","01/26/2018 20:02:36","Restart",226,18
922811,"Dijon FCO","Stade Rennais","01/26/2018 20:02:48","AT1",227,18
922811,"Dijon FCO","Stade Rennais","01/26/2018 20:02:49","DANGER1",228,18
922811,"Dijon FCO","Stade Rennais","01/26/2018 20:02:49","DAT1",229,18
922811,"Dijon FCO","Stade Rennais","01/26/2018 20:03:00","SAFE2",230,19
922811,"Dijon FCO","Stade Rennais","01/26/2018 20:03:10","AT2",231,19
922811,"Dijon FCO","Stade Rennais","01/26/2018 20:03:17","Possible Free Kick",232,19
922811,"Dijon FCO","Stade Rennais","01/26/2018 20:03:50","F1",234,19
922811,"Dijon FCO","Stade Rennais","01/26/2018 20:03:50","FK2",235,19
922811,"Dijon FCO","Stade Rennais","01/26/2018 20:03:50","DANGER2",236,19
922811,"Dijon FCO","Stade Rennais","01/26/2018 20:03:50","DFK2",237,19
922811,"Dijon FCO","Stade Rennais","01/26/2018 20:03:50","Ball Position",238,19
922811,"Dijon FCO","Stade Rennais","01/26/2018 20:03:52","Restart",239,19
922811,"Dijon FCO","Stade Rennais","01/26/2018 20:03:56","CLS",240,19
922811,"Dijon FCO","Stade Rennais","01/26/2018 20:03:59","Restart",241,20
922811,"Dijon FCO","Stade Rennais","01/26/2018 20:04:05","POSSIBLE_TI",242,20
922811,"Dijon FCO","Stade Rennais","01/26/2018 20:04:14","TI2",243,20
922811,"Dijon FCO","Stade Rennais","01/26/2018 20:04:15","Restart",244,20
922811,"Dijon FCO","Stade Rennais","01/26/2018 20:04:21","SAFE1",245,20
922811,"Dijon FCO","Stade Rennais","01/26/2018 20:04:22","AT1",246,20
922811,"Dijon FCO","Stade Rennais","01/26/2018 20:04:26","SAFE2",247,20
922811,"Dijon FCO","Stade Rennais","01/26/2018 20:04:27","AT2",248,20
922811,"Dijon FCO","Stade Rennais","01/26/2018 20:04:28","DANGER2",249,20
922811,"Dijon FCO","Stade Rennais","01/26/2018 20:04:28","DAT2",250,20
922811,"Dijon FCO","Stade Rennais","01/26/2018 20:04:35","SAFE1",251,20
922811,"Dijon FCO","Stade Rennais","01/26/2018 20:04:50","AT1",252,20
922811,"Dijon FCO","Stade Rennais","01/26/2018 20:04:54","SAFE2",253,20
922811,"Dijon FCO","Stade Rennais","01/26/2018 20:05:11","SAFE1",254,21
922811,"Dijon FCO","Stade Rennais","01/26/2018 20:05:13","SAFE2",255,21
922811,"Dijon FCO","Stade Rennais","01/26/2018 20:05:19","AT2",256,21
922811,"Dijon FCO","Stade Rennais","01/26/2018 20:05:23","DANGER2",257,21
922811,"Dijon FCO","Stade Rennais","01/26/2018 20:05:23","DAT2",258,21
922811,"Dijon FCO","Stade Rennais","01/26/2018 20:05:24","Possible Free Kick",259,21
922811,"Dijon FCO","Stade Rennais","01/26/2018 20:05:33","F1",261,21
922811,"Dijon FCO","Stade Rennais","01/26/2018 20:05:33","FK2",262,21
922811,"Dijon FCO","Stade Rennais","01/26/2018 20:05:33","DFK2",263,21
922811,"Dijon FCO","Stade Rennais","01/26/2018 20:05:33","Ball Position",264,21
922811,"Dijon FCO","Stade Rennais","01/26/2018 20:05:34","Restart",265,21
922811,"Dijon FCO","Stade Rennais","01/26/2018 20:06:00","SAFE2",266,22
922811,"Dijon FCO","Stade Rennais","01/26/2018 20:06:06","AT2",267,22
922811,"Dijon FCO","Stade Rennais","01/26/2018 20:06:09","DANGER2",268,22
922811,"Dijon FCO","Stade Rennais","01/26/2018 20:06:09","DAT2",269,22
922811,"Dijon FCO","Stade Rennais","01/26/2018 20:06:32","SAFE1",270,22
922811,"Dijon FCO","Stade Rennais","01/26/2018 20:06:54","AT1",271,22
922811,"Dijon FCO","Stade Rennais","01/26/2018 20:06:57","DANGER1",272,23
922811,"Dijon FCO","Stade Rennais","01/26/2018 20:06:57","DAT1",273,23
922811,"Dijon FCO","Stade Rennais","01/26/2018 20:07:30","PCR1",274,23
922811,"Dijon FCO","Stade Rennais","01/26/2018 20:07:36","NCR1",275,23
922811,"Dijon FCO","Stade Rennais","01/26/2018 20:07:37","SHB1",276,23
922811,"Dijon FCO","Stade Rennais","01/26/2018 20:07:38","SAFE2",277,23
922811,"Dijon FCO","Stade Rennais","01/26/2018 20:07:46","GK2",278,23
922811,"Dijon FCO","Stade Rennais","01/26/2018 20:07:51","Restart",279,23
922811,"Dijon FCO","Stade Rennais","01/26/2018 20:07:59","AT2",280,24
922811,"Dijon FCO","Stade Rennais","01/26/2018 20:07:59","DANGER2",281,24
922811,"Dijon FCO","Stade Rennais","01/26/2018 20:07:59","DAT2",282,24
922811,"Dijon FCO","Stade Rennais","01/26/2018 20:08:05","Possible Free Kick",283,24
922811,"Dijon FCO","Stade Rennais","01/26/2018 20:08:07","POSSIBLE_CARDS",285,24
922811,"Dijon FCO","Stade Rennais","01/26/2018 20:08:24","NO_Cards",286,24
922811,"Dijon FCO","Stade Rennais","01/26/2018 20:08:28","F1",287,24
922811,"Dijon FCO","Stade Rennais","01/26/2018 20:08:28","FK2",288,24
922811,"Dijon FCO","Stade Rennais","01/26/2018 20:08:28","DFK2",289,24
922811,"Dijon FCO","Stade Rennais","01/26/2018 20:08:28","Ball Position",290,24
922811,"Dijon FCO","Stade Rennais","01/26/2018 20:08:53","Restart",291,24
922811,"Dijon FCO","Stade Rennais","01/26/2018 20:08:59","SHG2",292,25
922811,"Dijon FCO","Stade Rennais","01/26/2018 20:09:00","SAFE1",293,25
922811,"Dijon FCO","Stade Rennais","01/26/2018 20:09:21","AT1",294,25
922811,"Dijon FCO","Stade Rennais","01/26/2018 20:09:23","DANGER1",295,25
922811,"Dijon FCO","Stade Rennais","01/26/2018 20:09:23","DAT1",296,25
922811,"Dijon FCO","Stade Rennais","01/26/2018 20:09:27","POSSIBLE_TI",297,25
922811,"Dijon FCO","Stade Rennais","01/26/2018 20:09:34","TI1",298,25
922811,"Dijon FCO","Stade Rennais","01/26/2018 20:09:37","Restart",299,25
922811,"Dijon FCO","Stade Rennais","01/26/2018 20:09:41","SAFE1",300,25
922811,"Dijon FCO","Stade Rennais","01/26/2018 20:10:05","AT1",301,26
922811,"Dijon FCO","Stade Rennais","01/26/2018 20:10:08","DANGER1",302,26
922811,"Dijon FCO","Stade Rennais","01/26/2018 20:10:08","DAT1",303,26
922811,"Dijon FCO","Stade Rennais","01/26/2018 20:10:34","BLOCKED1",304,26
922811,"Dijon FCO","Stade Rennais","01/26/2018 20:10:38","POSSIBLE_TI",305,26
922811,"Dijon FCO","Stade Rennais","01/26/2018 20:10:42","TI1",306,26
922811,"Dijon FCO","Stade Rennais","01/26/2018 20:10:43","Restart",307,26
922811,"Dijon FCO","Stade Rennais","01/26/2018 20:10:57","BLOCKED1",308,27
922811,"Dijon FCO","Stade Rennais","01/26/2018 20:10:59","Possible Free Kick",309,27
922811,"Dijon FCO","Stade Rennais","01/26/2018 20:11:29","F2",312,27
922811,"Dijon FCO","Stade Rennais","01/26/2018 20:11:29","FK1",313,27
922811,"Dijon FCO","Stade Rennais","01/26/2018 20:11:29","DFK1",314,27
922811,"Dijon FCO","Stade Rennais","01/26/2018 20:11:29","Ball Position",315,27
922811,"Dijon FCO","Stade Rennais","01/26/2018 20:11:33","Restart",316,27
922811,"Dijon FCO","Stade Rennais","01/26/2018 20:11:38","PPEN",317,27
922811,"Dijon FCO","Stade Rennais","01/26/2018 20:11:38","PPEN1",318,27
922811,"Dijon FCO","Stade Rennais","01/26/2018 20:11:45","No PEN",319,27
922811,"Dijon FCO","Stade Rennais","01/26/2018 20:11:55","Possible Free Kick",320,27
922811,"Dijon FCO","Stade Rennais","01/26/2018 20:11:57","No Free Kick",322,28
922811,"Dijon FCO","Stade Rennais","01/26/2018 20:12:00","SAFE2",323,28
922811,"Dijon FCO","Stade Rennais","01/26/2018 20:12:02","AT2",324,28
922811,"Dijon FCO","Stade Rennais","01/26/2018 20:12:05","SAFE1",325,28
922811,"Dijon FCO","Stade Rennais","01/26/2018 20:12:09","AT1",326,28
922811,"Dijon FCO","Stade Rennais","01/26/2018 20:12:09","DANGER1",327,28
922811,"Dijon FCO","Stade Rennais","01/26/2018 20:12:09","DAT1",328,28
922811,"Dijon FCO","Stade Rennais","01/26/2018 20:12:15","Possible Free Kick",329,28
922811,"Dijon FCO","Stade Rennais","01/26/2018 20:12:28","SAFE2",331,28
922811,"Dijon FCO","Stade Rennais","01/26/2018 20:12:28","O1",332,28
922811,"Dijon FCO","Stade Rennais","01/26/2018 20:12:28","FK2",333,28
922811,"Dijon FCO","Stade Rennais","01/26/2018 20:12:28","Ball Position",334,28
922811,"Dijon FCO","Stade Rennais","01/26/2018 20:12:30","Restart",335,28
922811,"Dijon FCO","Stade Rennais","01/26/2018 20:12:54","AT2",336,28
922811,"Dijon FCO","Stade Rennais","01/26/2018 20:12:56","DANGER2",337,28
922811,"Dijon FCO","Stade Rennais","01/26/2018 20:12:56","DAT2",338,28
922811,"Dijon FCO","Stade Rennais","01/26/2018 20:13:04","PCR2",339,29
922811,"Dijon FCO","Stade Rennais","01/26/2018 20:13:08","NCR2",340,29
922811,"Dijon FCO","Stade Rennais","01/26/2018 20:13:09","SAFE1",341,29
922811,"Dijon FCO","Stade Rennais","01/26/2018 20:13:10","GK1",342,29
922811,"Dijon FCO","Stade Rennais","01/26/2018 20:13:24","Restart",343,29
922811,"Dijon FCO","Stade Rennais","01/26/2018 20:13:35","AT1",344,29
922811,"Dijon FCO","Stade Rennais","01/26/2018 20:13:37","DANGER1",345,29
922811,"Dijon FCO","Stade Rennais","01/26/2018 20:13:37","DAT1",346,29
922811,"Dijon FCO","Stade Rennais","01/26/2018 20:14:07","SAFE2",347,30
922811,"Dijon FCO","Stade Rennais","01/26/2018 20:14:08","AT2",348,30
922811,"Dijon FCO","Stade Rennais","01/26/2018 20:14:09","DANGER2",349,30
922811,"Dijon FCO","Stade Rennais","01/26/2018 20:14:09","DAT2",350,30
922811,"Dijon FCO","Stade Rennais","01/26/2018 20:14:16","SAFE1",351,30
922811,"Dijon FCO","Stade Rennais","01/26/2018 20:14:22","AT1",352,30
922811,"Dijon FCO","Stade Rennais","01/26/2018 20:14:24","DANGER1",353,30
922811,"Dijon FCO","Stade Rennais","01/26/2018 20:14:24","DAT1",354,30
922811,"Dijon FCO","Stade Rennais","01/26/2018 20:14:38","GOAL1",355,30
922811,"Dijon FCO","Stade Rennais","01/26/2018 20:14:48","Scorer",356,30
922811,"Dijon FCO","Stade Rennais","01/26/2018 20:15:18","CONF_GOAL1",357,31
922811,"Dijon FCO","Stade Rennais","01/26/2018 20:15:43","KO2",358,31
922811,"Dijon FCO","Stade Rennais","01/26/2018 20:15:43","SAFE2",359,31
922811,"Dijon FCO","Stade Rennais","01/26/2018 20:16:05","Player_DATA_CONFIRMED",360,32
922811,"Dijon FCO","Stade Rennais","01/26/2018 20:16:05","Assist",361,32
922811,"Dijon FCO","Stade Rennais","01/26/2018 20:16:15","AT2",362,32
922811,"Dijon FCO","Stade Rennais","01/26/2018 20:16:15","DANGER2",363,32
922811,"Dijon FCO","Stade Rennais","01/26/2018 20:16:15","DAT2",364,32
922811,"Dijon FCO","Stade Rennais","01/26/2018 20:16:18","Possible Free Kick",365,32
922811,"Dijon FCO","Stade Rennais","01/26/2018 20:16:22","POSSIBLE_CARDS",367,32
922811,"Dijon FCO","Stade Rennais","01/26/2018 20:16:35","NO_Cards",368,32
922811,"Dijon FCO","Stade Rennais","01/26/2018 20:16:39","SAFE1",369,32
922811,"Dijon FCO","Stade Rennais","01/26/2018 20:16:39","O2",370,32
922811,"Dijon FCO","Stade Rennais","01/26/2018 20:16:39","FK1",371,32
922811,"Dijon FCO","Stade Rennais","01/26/2018 20:16:40","Ball Position",372,32
922811,"Dijon FCO","Stade Rennais","01/26/2018 20:16:46","Restart",373,32
922811,"Dijon FCO","Stade Rennais","01/26/2018 20:16:50","POSSIBLE_TI",374,32
922811,"Dijon FCO","Stade Rennais","01/26/2018 20:16:58","TI1",375,33
922811,"Dijon FCO","Stade Rennais","01/26/2018 20:16:59","Restart",376,33
922811,"Dijon FCO","Stade Rennais","01/26/2018 20:17:16","AT1",377,33
922811,"Dijon FCO","Stade Rennais","01/26/2018 20:17:17","DANGER1",378,33
922811,"Dijon FCO","Stade Rennais","01/26/2018 20:17:17","DAT1",379,33
922811,"Dijon FCO","Stade Rennais","01/26/2018 20:17:20","POSSIBLE_TI",380,33
922811,"Dijon FCO","Stade Rennais","01/26/2018 20:17:34","TI1",381,33
922811,"Dijon FCO","Stade Rennais","01/26/2018 20:17:35","Restart",382,33
922811,"Dijon FCO","Stade Rennais","01/26/2018 20:17:40","SHG1",383,33
922811,"Dijon FCO","Stade Rennais","01/26/2018 20:17:41","SAFE2",384,33
922811,"Dijon FCO","Stade Rennais","01/26/2018 20:17:46","AT2",385,33
922811,"Dijon FCO","Stade Rennais","01/26/2018 20:17:47","DANGER2",386,33
922811,"Dijon FCO","Stade Rennais","01/26/2018 20:17:47","DAT2",387,33
922811,"Dijon FCO","Stade Rennais","01/26/2018 20:17:53","PCR2",388,33
922811,"Dijon FCO","Stade Rennais","01/26/2018 20:17:58","POSSIBLE_CARDS",389,34
922811,"Dijon FCO","Stade Rennais","01/26/2018 20:18:02","YC2",390,34
922811,"Dijon FCO","Stade Rennais","01/26/2018 20:18:10","CONF_YC2",391,34
922811,"Dijon FCO","Stade Rennais","01/26/2018 20:18:13","Scorer",392,34
922811,"Dijon FCO","Stade Rennais","01/26/2018 20:18:16","NCR2",393,34
922811,"Dijon FCO","Stade Rennais","01/26/2018 20:18:17","SAFE1",394,34
922811,"Dijon FCO","Stade Rennais","01/26/2018 20:18:17","GK1",395,34
922811,"Dijon FCO","Stade Rennais","01/26/2018 20:18:18","Restart",396,34
922811,"Dijon FCO","Stade Rennais","01/26/2018 20:18:28","AT1",397,34
922811,"Dijon FCO","Stade Rennais","01/26/2018 20:18:29","DANGER1",398,34
922811,"Dijon FCO","Stade Rennais","01/26/2018 20:18:29","DAT1",399,34
922811,"Dijon FCO","Stade Rennais","01/26/2018 20:18:38","SAFE2",400,34
922811,"Dijon FCO","Stade Rennais","01/26/2018 20:18:40","AT2",401,34
922811,"Dijon FCO","Stade Rennais","01/26/2018 20:18:42","DANGER2",402,34
922811,"Dijon FCO","Stade Rennais","01/26/2018 20:18:42","DAT2",403,34
922811,"Dijon FCO","Stade Rennais","01/26/2018 20:18:56","SAFE1",404,34
922811,"Dijon FCO","Stade Rennais","01/26/2018 20:18:57","GK1",405,35
922811,"Dijon FCO","Stade Rennais","01/26/2018 20:18:59","Restart",406,35
922811,"Dijon FCO","Stade Rennais","01/26/2018 20:19:08","AT1",407,35
922811,"Dijon FCO","Stade Rennais","01/26/2018 20:19:45","SAFE1",408,35
922811,"Dijon FCO","Stade Rennais","01/26/2018 20:19:58","AT1",409,36
922811,"Dijon FCO","Stade Rennais","01/26/2018 20:20:00","DANGER1",410,36
922811,"Dijon FCO","Stade Rennais","01/26/2018 20:20:00","DAT1",411,36
922811,"Dijon FCO","Stade Rennais","01/26/2018 20:20:27","SAFE1",412,36
922811,"Dijon FCO","Stade Rennais","01/26/2018 20:20:35","Scorer",413,36
922811,"Dijon FCO","Stade Rennais","01/26/2018 20:20:35","Player_DATA_CONFIRMED",414,36
922811,"Dijon FCO","Stade Rennais","01/26/2018 20:20:53","AT1",415,36
922811,"Dijon FCO","Stade Rennais","01/26/2018 20:20:54","DANGER1",416,36
922811,"Dijon FCO","Stade Rennais","01/26/2018 20:20:54","DAT1",417,36
922811,"Dijon FCO","Stade Rennais","01/26/2018 20:21:14","SAFE1",418,37
922811,"Dijon FCO","Stade Rennais","01/26/2018 20:21:41","AT1",419,37
922811,"Dijon FCO","Stade Rennais","01/26/2018 20:21:41","DANGER1",420,37
922811,"Dijon FCO","Stade Rennais","01/26/2018 20:21:41","DAT1",421,37
922811,"Dijon FCO","Stade Rennais","01/26/2018 20:21:55","PCR1",422,37
922811,"Dijon FCO","Stade Rennais","01/26/2018 20:22:00","SHB1",423,38
922811,"Dijon FCO","Stade Rennais","01/26/2018 20:22:13","CR1",424,38
922811,"Dijon FCO","Stade Rennais","01/26/2018 20:22:14","Ball Position",425,38
922811,"Dijon FCO","Stade Rennais","01/26/2018 20:22:19","Restart",426,38
922811,"Dijon FCO","Stade Rennais","01/26/2018 20:22:26","PCR1",427,38
922811,"Dijon FCO","Stade Rennais","01/26/2018 20:22:30","NCR1",428,38
922811,"Dijon FCO","Stade Rennais","01/26/2018 20:22:31","SHB1",429,38
922811,"Dijon FCO","Stade Rennais","01/26/2018 20:22:32","SAFE2",430,38
922811,"Dijon FCO","Stade Rennais","01/26/2018 20:22:34","GK2",431,38
922811,"Dijon FCO","Stade Rennais","01/26/2018 20:22:50","Restart",432,38
922811,"Dijon FCO","Stade Rennais","01/26/2018 20:22:53","POSSIBLE_TI",433,38
922811,"Dijon FCO","Stade Rennais","01/26/2018 20:22:58","TI2",434,39
922811,"Dijon FCO","Stade Rennais","01/26/2018 20:22:59","Restart",435,39
922811,"Dijon FCO","Stade Rennais","01/26/2018 20:22:59","AT2",436,39
922811,"Dijon FCO","Stade Rennais","01/26/2018 20:23:00","DANGER2",437,39
922811,"Dijon FCO","Stade Rennais","01/26/2018 20:23:00","DAT2",438,39
922811,"Dijon FCO","Stade Rennais","01/26/2018 20:23:03","POSSIBLE_TI",439,39
922811,"Dijon FCO","Stade Rennais","01/26/2018 20:23:10","TI2",440,39
922811,"Dijon FCO","Stade Rennais","01/26/2018 20:23:20","Restart",441,39
922811,"Dijon FCO","Stade Rennais","01/26/2018 20:23:23","POSSIBLE_TI",442,39
922811,"Dijon FCO","Stade Rennais","01/26/2018 20:23:30","TI2",443,39
922811,"Dijon FCO","Stade Rennais","01/26/2018 20:23:35","Restart",444,39
922811,"Dijon FCO","Stade Rennais","01/26/2018 20:23:49","Possible Free Kick",445,39
922811,"Dijon FCO","Stade Rennais","01/26/2018 20:24:11","SAFE1",447,40
922811,"Dijon FCO","Stade Rennais","01/26/2018 20:24:11","F2",448,40
922811,"Dijon FCO","Stade Rennais","01/26/2018 20:24:11","FK1",449,40
922811,"Dijon FCO","Stade Rennais","01/26/2018 20:24:11","Ball Position",450,40
922811,"Dijon FCO","Stade Rennais","01/26/2018 20:24:23","Restart",451,40
922811,"Dijon FCO","Stade Rennais","01/26/2018 20:24:25","AT1",452,40
922811,"Dijon FCO","Stade Rennais","01/26/2018 20:24:31","Possible Free Kick",453,40
922811,"Dijon FCO","Stade Rennais","01/26/2018 20:24:40","SAFE2",456,40
922811,"Dijon FCO","Stade Rennais","01/26/2018 20:24:40","F1",457,40
922811,"Dijon FCO","Stade Rennais","01/26/2018 20:24:40","FK2",458,40
922811,"Dijon FCO","Stade Rennais","01/26/2018 20:24:40","Ball Position",459,40
922811,"Dijon FCO","Stade Rennais","01/26/2018 20:24:41","Restart",460,40
922811,"Dijon FCO","Stade Rennais","01/26/2018 20:24:43","AT2",461,40
922811,"Dijon FCO","Stade Rennais","01/26/2018 20:25:07","DANGER2",462,41
922811,"Dijon FCO","Stade Rennais","01/26/2018 20:25:07","DAT2",463,41
922811,"Dijon FCO","Stade Rennais","01/26/2018 20:25:18","GOAL2",464,41
922811,"Dijon FCO","Stade Rennais","01/26/2018 20:25:51","CONF_GOAL2",465,41
922811,"Dijon FCO","Stade Rennais","01/26/2018 20:26:04","Scorer",466,42
922811,"Dijon FCO","Stade Rennais","01/26/2018 20:26:04","KO1",467,42
922811,"Dijon FCO","Stade Rennais","01/26/2018 20:26:04","SAFE1",468,42
922811,"Dijon FCO","Stade Rennais","01/26/2018 20:26:19","AT1",469,42
922811,"Dijon FCO","Stade Rennais","01/26/2018 20:26:21","DANGER1",470,42
922811,"Dijon FCO","Stade Rennais","01/26/2018 20:26:21","DAT1",471,42
922811,"Dijon FCO","Stade Rennais","01/26/2018 20:26:24","SAFE2",472,42
922811,"Dijon FCO","Stade Rennais","01/26/2018 20:26:25","AT2",473,42
922811,"Dijon FCO","Stade Rennais","01/26/2018 20:26:25","DANGER2",474,42
922811,"Dijon FCO","Stade Rennais","01/26/2018 20:26:25","DAT2",475,42
922811,"Dijon FCO","Stade Rennais","01/26/2018 20:26:27","Possible Free Kick",476,42
922811,"Dijon FCO","Stade Rennais","01/26/2018 20:26:34","SAFE1",478,42
922811,"Dijon FCO","Stade Rennais","01/26/2018 20:26:34","O2",479,42
922811,"Dijon FCO","Stade Rennais","01/26/2018 20:26:34","FK1",480,42
922811,"Dijon FCO","Stade Rennais","01/26/2018 20:26:34","Ball Position",481,42
922811,"Dijon FCO","Stade Rennais","01/26/2018 20:26:35","Restart",482,42
922811,"Dijon FCO","Stade Rennais","01/26/2018 20:26:35","Scorer",483,42
922811,"Dijon FCO","Stade Rennais","01/26/2018 20:26:35","Player_DATA_CONFIRMED",484,42
922811,"Dijon FCO","Stade Rennais","01/26/2018 20:26:36","Assist",485,42
922811,"Dijon FCO","Stade Rennais","01/26/2018 20:26:43","AT1",486,42
922811,"Dijon FCO","Stade Rennais","01/26/2018 20:26:45","DANGER1",487,42
922811,"Dijon FCO","Stade Rennais","01/26/2018 20:26:45","DAT1",488,42
922811,"Dijon FCO","Stade Rennais","01/26/2018 20:27:14","SAFE2",489,43
922811,"Dijon FCO","Stade Rennais","01/26/2018 20:27:17","AT1",490,43
922811,"Dijon FCO","Stade Rennais","01/26/2018 20:27:18","DANGER1",491,43
922811,"Dijon FCO","Stade Rennais","01/26/2018 20:27:18","DAT1",492,43
922811,"Dijon FCO","Stade Rennais","01/26/2018 20:27:29","SAFE2",493,43
922811,"Dijon FCO","Stade Rennais","01/26/2018 20:27:30","AT2",494,43
922811,"Dijon FCO","Stade Rennais","01/26/2018 20:27:33","DANGER2",495,43
922811,"Dijon FCO","Stade Rennais","01/26/2018 20:27:33","DAT2",496,43
922811,"Dijon FCO","Stade Rennais","01/26/2018 20:27:37","Possible Free Kick",497,43
922811,"Dijon FCO","Stade Rennais","01/26/2018 20:27:38","POSSIBLE_CARDS",499,43
922811,"Dijon FCO","Stade Rennais","01/26/2018 20:27:44","YC1",500,43
922811,"Dijon FCO","Stade Rennais","01/26/2018 20:27:58","CONF_YC1",501,44
922811,"Dijon FCO","Stade Rennais","01/26/2018 20:28:04","Scorer",502,44
922811,"Dijon FCO","Stade Rennais","01/26/2018 20:28:10","Injury Break",503,44
922811,"Dijon FCO","Stade Rennais","01/26/2018 20:28:45","SAFE1",504,44
922811,"Dijon FCO","Stade Rennais","01/26/2018 20:28:45","Restart",505,44
922811,"Dijon FCO","Stade Rennais","01/26/2018 20:28:45","F2",506,44
922811,"Dijon FCO","Stade Rennais","01/26/2018 20:28:45","FK1",507,44
922811,"Dijon FCO","Stade Rennais","01/26/2018 20:28:45","Ball Position",508,44
922811,"Dijon FCO","Stade Rennais","01/26/2018 20:28:45","Restart",509,44
922811,"Dijon FCO","Stade Rennais","01/26/2018 20:28:51","AT1",510,44
922811,"Dijon FCO","Stade Rennais","01/26/2018 20:28:54","DANGER1",511,44
922811,"Dijon FCO","Stade Rennais","01/26/2018 20:28:54","DAT1",512,44
922811,"Dijon FCO","Stade Rennais","01/26/2018 20:28:58","POSSIBLE_TI",513,45
922811,"Dijon FCO","Stade Rennais","01/26/2018 20:29:04","TI1",514,45
922811,"Dijon FCO","Stade Rennais","01/26/2018 20:29:11","Restart",515,45
922811,"Dijon FCO","Stade Rennais","01/26/2018 20:29:20","SAFE1",516,45
922811,"Dijon FCO","Stade Rennais","01/26/2018 20:29:35","AT1",517,45
922811,"Dijon FCO","Stade Rennais","01/26/2018 20:29:35","Player_DATA_CONFIRMED",518,45
922811,"Dijon FCO","Stade Rennais","01/26/2018 20:29:37","DANGER1",519,45
922811,"Dijon FCO","Stade Rennais","01/26/2018 20:29:37","DAT1",520,45
922811,"Dijon FCO","Stade Rennais","01/26/2018 20:29:42","PCR1",521,45
922811,"Dijon FCO","Stade Rennais","01/26/2018 20:29:43","NCR1",522,45
922811,"Dijon FCO","Stade Rennais","01/26/2018 20:29:50","SAFE2",523,45
922811,"Dijon FCO","Stade Rennais","01/26/2018 20:29:53","POSSIBLE_TI",524,45
922811,"Dijon FCO","Stade Rennais","01/26/2018 20:30:08","TI2",525,46
922811,"Dijon FCO","Stade Rennais","01/26/2018 20:30:09","Restart",526,46
922811,"Dijon FCO","Stade Rennais","01/26/2018 20:30:09","AT2",527,46
922811,"Dijon FCO","Stade Rennais","01/26/2018 20:30:15","Possible Free Kick",528,46
922811,"Dijon FCO","Stade Rennais","01/26/2018 20:30:20","SAFE1",530,46
922811,"Dijon FCO","Stade Rennais","01/26/2018 20:30:20","F2",531,46
922811,"Dijon FCO","Stade Rennais","01/26/2018 20:30:20","FK1",532,46
922811,"Dijon FCO","Stade Rennais","01/26/2018 20:30:21","Ball Position",533,46
922811,"Dijon FCO","Stade Rennais","01/26/2018 20:30:21","Restart",534,46
922811,"Dijon FCO","Stade Rennais","01/26/2018 20:30:32","Extra Time",535,46
922811,"Dijon FCO","Stade Rennais","01/26/2018 20:30:45","AT1",536,46
922811,"Dijon FCO","Stade Rennais","01/26/2018 20:30:47","DANGER1",537,46
922811,"Dijon FCO","Stade Rennais","01/26/2018 20:30:47","DAT1",538,46
922811,"Dijon FCO","Stade Rennais","01/26/2018 20:30:52","POSSIBLE_TI",539,46
922811,"Dijon FCO","Stade Rennais","01/26/2018 20:31:02","TI1",540,47
922811,"Dijon FCO","Stade Rennais","01/26/2018 20:31:10","Restart",541,47
922811,"Dijon FCO","Stade Rennais","01/26/2018 20:31:17","SAFE2",542,47
922811,"Dijon FCO","Stade Rennais","01/26/2018 20:31:46","Stop RT1",543,47
922811,"Dijon FCO","Stade Rennais","01/26/2018 20:31:56","CONF_PERIOD_SCORE",544,45
922811,"Dijon FCO","Stade Rennais","01/26/2018 20:46:17","Players are coming out",545,45
922811,"Dijon FCO","Stade Rennais","01/26/2018 20:47:43","Game about to start",546,45
922811,"Dijon FCO","Stade Rennais","01/26/2018 20:48:13","Start RT2 Team 1",547,46
922811,"Dijon FCO","Stade Rennais","01/26/2018 20:48:14","SAFE1",548,46
922811,"Dijon FCO","Stade Rennais","01/26/2018 20:48:43","AT1",549,46
922811,"Dijon FCO","Stade Rennais","01/26/2018 20:48:43","DANGER1",550,46
922811,"Dijon FCO","Stade Rennais","01/26/2018 20:48:43","DAT1",551,46
922811,"Dijon FCO","Stade Rennais","01/26/2018 20:48:56","SAFE2",552,46
922811,"Dijon FCO","Stade Rennais","01/26/2018 20:48:57","Possible Free Kick",553,46
922811,"Dijon FCO","Stade Rennais","01/26/2018 20:49:10","Injury Break",555,46
922811,"Dijon FCO","Stade Rennais","01/26/2018 20:49:24","POSSIBLE_CARDS",556,47
922811,"Dijon FCO","Stade Rennais","01/26/2018 20:49:29","NO_Cards",557,47
922811,"Dijon FCO","Stade Rennais","01/26/2018 20:49:51","Restart",558,47
922811,"Dijon FCO","Stade Rennais","01/26/2018 20:49:52","F1",559,47
922811,"Dijon FCO","Stade Rennais","01/26/2018 20:49:52","FK2",560,47
922811,"Dijon FCO","Stade Rennais","01/26/2018 20:49:52","Ball Position",561,47
922811,"Dijon FCO","Stade Rennais","01/26/2018 20:49:59","Restart",562,47
922811,"Dijon FCO","Stade Rennais","01/26/2018 20:50:01","AT2",563,47
922811,"Dijon FCO","Stade Rennais","01/26/2018 20:50:01","DANGER2",564,47
922811,"Dijon FCO","Stade Rennais","01/26/2018 20:50:01","DAT2",565,47
922811,"Dijon FCO","Stade Rennais","01/26/2018 20:50:39","SAFE2",566,48
922811,"Dijon FCO","Stade Rennais","01/26/2018 20:50:46","AT2",567,48
922811,"Dijon FCO","Stade Rennais","01/26/2018 20:50:48","DANGER2",568,48
922811,"Dijon FCO","Stade Rennais","01/26/2018 20:50:48","DAT2",569,48
922811,"Dijon FCO","Stade Rennais","01/26/2018 20:50:53","SAFE1",570,48
922811,"Dijon FCO","Stade Rennais","01/26/2018 20:51:00","AT1",571,48
922811,"Dijon FCO","Stade Rennais","01/26/2018 20:51:01","DANGER1",572,48
922811,"Dijon FCO","Stade Rennais","01/26/2018 20:51:01","DAT1",573,48
922811,"Dijon FCO","Stade Rennais","01/26/2018 20:51:08","BLOCKED1",574,48
922811,"Dijon FCO","Stade Rennais","01/26/2018 20:51:12","POSSIBLE_TI",575,48
922811,"Dijon FCO","Stade Rennais","01/26/2018 20:51:13","TI1",576,49
922811,"Dijon FCO","Stade Rennais","01/26/2018 20:51:14","Restart",577,49
922811,"Dijon FCO","Stade Rennais","01/26/2018 20:51:51","POSSIBLE_TI",578,49
922811,"Dijon FCO","Stade Rennais","01/26/2018 20:51:54","TI1",579,49
922811,"Dijon FCO","Stade Rennais","01/26/2018 20:51:54","Restart",580,49
922811,"Dijon FCO","Stade Rennais","01/26/2018 20:51:59","POSSIBLE_TI",581,49
922811,"Dijon FCO","Stade Rennais","01/26/2018 20:52:09","TI2",582,49
922811,"Dijon FCO","Stade Rennais","01/26/2018 20:52:09","Restart",583,49
922811,"Dijon FCO","Stade Rennais","01/26/2018 20:52:13","SAFE2",584,50
922811,"Dijon FCO","Stade Rennais","01/26/2018 20:52:22","POSSIBLE_TI",585,50
922811,"Dijon FCO","Stade Rennais","01/26/2018 20:52:30","TI1",586,50
922811,"Dijon FCO","Stade Rennais","01/26/2018 20:52:31","SAFE1",587,50
922811,"Dijon FCO","Stade Rennais","01/26/2018 20:52:33","Restart",588,50
922811,"Dijon FCO","Stade Rennais","01/26/2018 20:52:57","AT1",589,50
922811,"Dijon FCO","Stade Rennais","01/26/2018 20:52:57","DANGER1",590,50
922811,"Dijon FCO","Stade Rennais","01/26/2018 20:52:57","DAT1",591,50
922811,"Dijon FCO","Stade Rennais","01/26/2018 20:53:11","PCR1",592,50
922811,"Dijon FCO","Stade Rennais","01/26/2018 20:53:23","CR1",593,51
922811,"Dijon FCO","Stade Rennais","01/26/2018 20:53:25","Ball Position",594,51
922811,"Dijon FCO","Stade Rennais","01/26/2018 20:53:35","Restart",595,51
922811,"Dijon FCO","Stade Rennais","01/26/2018 20:53:41","SAFE2",596,51
922811,"Dijon FCO","Stade Rennais","01/26/2018 20:53:44","AT2",597,51
922811,"Dijon FCO","Stade Rennais","01/26/2018 20:53:45","DANGER2",598,51
922811,"Dijon FCO","Stade Rennais","01/26/2018 20:53:45","DAT2",599,51
922811,"Dijon FCO","Stade Rennais","01/26/2018 20:53:52","BLOCKED2",600,51
922811,"Dijon FCO","Stade Rennais","01/26/2018 20:54:02","SAFE1",601,51
922811,"Dijon FCO","Stade Rennais","01/26/2018 20:54:09","Possible Free Kick",602,51
922811,"Dijon FCO","Stade Rennais","01/26/2018 20:54:17","F2",604,52
922811,"Dijon FCO","Stade Rennais","01/26/2018 20:54:17","FK1",605,52
922811,"Dijon FCO","Stade Rennais","01/26/2018 20:54:17","Ball Position",606,52
922811,"Dijon FCO","Stade Rennais","01/26/2018 20:54:18","Restart",607,52
922811,"Dijon FCO","Stade Rennais","01/26/2018 20:54:25","AT1",608,52
922811,"Dijon FCO","Stade Rennais","01/26/2018 20:54:27","DANGER1",609,52
922811,"Dijon FCO","Stade Rennais","01/26/2018 20:54:27","DAT1",610,52
922811,"Dijon FCO","Stade Rennais","01/26/2018 20:54:55","SAFE2",611,52
922811,"Dijon FCO","Stade Rennais","01/26/2018 20:54:55","Possible Free Kick",612,52
922811,"Dijon FCO","Stade Rennais","01/26/2018 20:54:58","POSSIBLE_CARDS",614,52
922811,"Dijon FCO","Stade Rennais","01/26/2018 20:55:17","YC1",615,53
922811,"Dijon FCO","Stade Rennais","01/26/2018 20:55:20","CONF_YC1",616,53
922811,"Dijon FCO","Stade Rennais","01/26/2018 20:55:23","Scorer",617,53
922811,"Dijon FCO","Stade Rennais","01/26/2018 20:55:25","F1",618,53
922811,"Dijon FCO","Stade Rennais","01/26/2018 20:55:25","FK2",619,53
922811,"Dijon FCO","Stade Rennais","01/26/2018 20:55:25","Ball Position",620,53
922811,"Dijon FCO","Stade Rennais","01/26/2018 20:55:26","Restart",621,53
922811,"Dijon FCO","Stade Rennais","01/26/2018 20:55:49","AT2",622,53
922811,"Dijon FCO","Stade Rennais","01/26/2018 20:55:55","DANGER2",623,53
922811,"Dijon FCO","Stade Rennais","01/26/2018 20:55:55","DAT2",624,53
922811,"Dijon FCO","Stade Rennais","01/26/2018 20:56:15","SAFE1",625,54
922811,"Dijon FCO","Stade Rennais","01/26/2018 20:56:28","AT1",626,54
922811,"Dijon FCO","Stade Rennais","01/26/2018 20:56:29","SAFE2",627,54
922811,"Dijon FCO","Stade Rennais","01/26/2018 20:56:30","AT2",628,54
922811,"Dijon FCO","Stade Rennais","01/26/2018 20:56:32","DANGER2",629,54
922811,"Dijon FCO","Stade Rennais","01/26/2018 20:56:32","DAT2",630,54
922811,"Dijon FCO","Stade Rennais","01/26/2018 20:56:41","Possible Free Kick",631,54
922811,"Dijon FCO","Stade Rennais","01/26/2018 20:57:30","F1",633,55
922811,"Dijon FCO","Stade Rennais","01/26/2018 20:57:30","FK2",634,55
922811,"Dijon FCO","Stade Rennais","01/26/2018 20:57:30","DFK2",635,55
922811,"Dijon FCO","Stade Rennais","01/26/2018 20:57:30","Ball Position",636,55
922811,"Dijon FCO","Stade Rennais","01/26/2018 20:57:32","Restart",637,55
922811,"Dijon FCO","Stade Rennais","01/26/2018 20:57:35","PCR2",638,55
922811,"Dijon FCO","Stade Rennais","01/26/2018 20:57:36","Player_DATA_CONFIRMED",639,55
922811,"Dijon FCO","Stade Rennais","01/26/2018 20:57:43","NCR2",640,55
922811,"Dijon FCO","Stade Rennais","01/26/2018 20:57:45","SHB2",641,55
922811,"Dijon FCO","Stade Rennais","01/26/2018 20:57:45","SAFE1",642,55
922811,"Dijon FCO","Stade Rennais","01/26/2018 20:57:46","GK1",643,55
922811,"Dijon FCO","Stade Rennais","01/26/2018 20:58:00","Restart",644,55
922811,"Dijon FCO","Stade Rennais","01/26/2018 20:58:23","AT1",645,56
922811,"Dijon FCO","Stade Rennais","01/26/2018 20:58:40","DANGER1",646,56
922811,"Dijon FCO","Stade Rennais","01/26/2018 20:58:40","DAT1",647,56
922811,"Dijon FCO","Stade Rennais","01/26/2018 20:58:45","PCR1",648,56
922811,"Dijon FCO","Stade Rennais","01/26/2018 20:58:58","NCR1",649,56
922811,"Dijon FCO","Stade Rennais","01/26/2018 20:59:00","SHB1",650,56
922811,"Dijon FCO","Stade Rennais","01/26/2018 20:59:00","SAFE2",651,56
922811,"Dijon FCO","Stade Rennais","01/26/2018 20:59:01","GK2",652,56
922811,"Dijon FCO","Stade Rennais","01/26/2018 20:59:16","Restart",653,57
922811,"Dijon FCO","Stade Rennais","01/26/2018 20:59:21","AT2",654,57
922811,"Dijon FCO","Stade Rennais","01/26/2018 20:59:22","DANGER2",655,57
922811,"Dijon FCO","Stade Rennais","01/26/2018 20:59:22","DAT2",656,57
922811,"Dijon FCO","Stade Rennais","01/26/2018 20:59:24","SAFE1",657,57
922811,"Dijon FCO","Stade Rennais","01/26/2018 20:59:26","AT1",658,57
922811,"Dijon FCO","Stade Rennais","01/26/2018 20:59:27","DANGER1",659,57
922811,"Dijon FCO","Stade Rennais","01/26/2018 20:59:27","DAT1",660,57
922811,"Dijon FCO","Stade Rennais","01/26/2018 20:59:30","SAFE2",661,57
922811,"Dijon FCO","Stade Rennais","01/26/2018 20:59:33","AT2",662,57
922811,"Dijon FCO","Stade Rennais","01/26/2018 20:59:35","DANGER2",663,57
922811,"Dijon FCO","Stade Rennais","01/26/2018 20:59:35","DAT2",664,57
922811,"Dijon FCO","Stade Rennais","01/26/2018 20:59:40","PCR2",665,57
922811,"Dijon FCO","Stade Rennais","01/26/2018 20:59:44","CR2",666,57
922811,"Dijon FCO","Stade Rennais","01/26/2018 20:59:45","Ball Position",667,57
922811,"Dijon FCO","Stade Rennais","01/26/2018 20:59:46","Restart",668,57
922811,"Dijon FCO","Stade Rennais","01/26/2018 20:59:52","PCR2",669,57
922811,"Dijon FCO","Stade Rennais","01/26/2018 20:59:56","SHB2",670,57
922811,"Dijon FCO","Stade Rennais","01/26/2018 21:00:08","CR2",671,57
922811,"Dijon FCO","Stade Rennais","01/26/2018 21:00:12","Ball Position",672,57
922811,"Dijon FCO","Stade Rennais","01/26/2018 21:00:23","Restart",673,58
922811,"Dijon FCO","Stade Rennais","01/26/2018 21:00:27","PCR2",674,58
922811,"Dijon FCO","Stade Rennais","01/26/2018 21:00:29","NCR2",675,58
922811,"Dijon FCO","Stade Rennais","01/26/2018 21:00:33","SAFE1",676,58
922811,"Dijon FCO","Stade Rennais","01/26/2018 21:00:37","SAFE2",677,58
922811,"Dijon FCO","Stade Rennais","01/26/2018 21:00:48","AT2",678,58
922811,"Dijon FCO","Stade Rennais","01/26/2018 21:00:50","Possible Free Kick",679,58
922811,"Dijon FCO","Stade Rennais","01/26/2018 21:00:52","SAFE1",681,58
922811,"Dijon FCO","Stade Rennais","01/26/2018 21:00:52","F2",682,58
922811,"Dijon FCO","Stade Rennais","01/26/2018 21:00:52","FK1",683,58
922811,"Dijon FCO","Stade Rennais","01/26/2018 21:00:52","Ball Position",684,58
922811,"Dijon FCO","Stade Rennais","01/26/2018 21:00:53","Restart",685,58
922811,"Dijon FCO","Stade Rennais","01/26/2018 21:00:55","AT1",686,58
922811,"Dijon FCO","Stade Rennais","01/26/2018 21:00:56","DANGER1",687,58
922811,"Dijon FCO","Stade Rennais","01/26/2018 21:00:56","DAT1",688,58
922811,"Dijon FCO","Stade Rennais","01/26/2018 21:01:04","PCR1",689,58
922811,"Dijon FCO","Stade Rennais","01/26/2018 21:01:11","NCR1",690,58
922811,"Dijon FCO","Stade Rennais","01/26/2018 21:01:11","SAFE2",691,58
922811,"Dijon FCO","Stade Rennais","01/26/2018 21:01:12","GK2",692,58
922811,"Dijon FCO","Stade Rennais","01/26/2018 21:01:18","Restart",693,59
922811,"Dijon FCO","Stade Rennais","01/26/2018 21:01:34","AT2",694,59
922811,"Dijon FCO","Stade Rennais","01/26/2018 21:01:38","DANGER2",695,59
922811,"Dijon FCO","Stade Rennais","01/26/2018 21:01:38","DAT2",696,59
922811,"Dijon FCO","Stade Rennais","01/26/2018 21:01:43","SAFE1",697,59
922811,"Dijon FCO","Stade Rennais","01/26/2018 21:01:45","AT1",698,59
922811,"Dijon FCO","Stade Rennais","01/26/2018 21:01:50","SAFE2",699,59
922811,"Dijon FCO","Stade Rennais","01/26/2018 21:01:55","AT2",700,59
922811,"Dijon FCO","Stade Rennais","01/26/2018 21:01:59","SAFE1",701,59
922811,"Dijon FCO","Stade Rennais","01/26/2018 21:02:01","AT1",702,59
922811,"Dijon FCO","Stade Rennais","01/26/2018 21:02:02","AT2",703,59
922811,"Dijon FCO","Stade Rennais","01/26/2018 21:02:02","DANGER2",704,59
922811,"Dijon FCO","Stade Rennais","01/26/2018 21:02:02","DAT2",705,59
922811,"Dijon FCO","Stade Rennais","01/26/2018 21:02:04","SAFE1",706,59
922811,"Dijon FCO","Stade Rennais","01/26/2018 21:02:20","AT2",707,60
922811,"Dijon FCO","Stade Rennais","01/26/2018 21:02:23","DANGER2",708,60
922811,"Dijon FCO","Stade Rennais","01/26/2018 21:02:23","DAT2",709,60
922811,"Dijon FCO","Stade Rennais","01/26/2018 21:02:32","SAFE1",710,60
922811,"Dijon FCO","Stade Rennais","01/26/2018 21:02:35","Possible Free Kick",711,60
922811,"Dijon FCO","Stade Rennais","01/26/2018 21:02:36","POSSIBLE_CARDS",713,60
922811,"Dijon FCO","Stade Rennais","01/26/2018 21:03:01","NO_Cards",714,60
922811,"Dijon FCO","Stade Rennais","01/26/2018 21:03:02","F2",715,60
922811,"Dijon FCO","Stade Rennais","01/26/2018 21:03:02","FK1",716,60
922811,"Dijon FCO","Stade Rennais","01/26/2018 21:03:02","Ball Position",717,60
922811,"Dijon FCO","Stade Rennais","01/26/2018 21:03:03","Restart",718,60
922811,"Dijon FCO","Stade Rennais","01/26/2018 21:03:14","AT1",719,61
922811,"Dijon FCO","Stade Rennais","01/26/2018 21:03:14","DANGER1",720,61
922811,"Dijon FCO","Stade Rennais","01/26/2018 21:03:14","DAT1",721,61
922811,"Dijon FCO","Stade Rennais","01/26/2018 21:03:28","POSSIBLE_TI",722,61
922811,"Dijon FCO","Stade Rennais","01/26/2018 21:03:32","TI1",723,61
922811,"Dijon FCO","Stade Rennais","01/26/2018 21:03:33","Restart",724,61
922811,"Dijon FCO","Stade Rennais","01/26/2018 21:03:57","SAFE1",725,61
922811,"Dijon FCO","Stade Rennais","01/26/2018 21:04:15","AT1",726,62
922811,"Dijon FCO","Stade Rennais","01/26/2018 21:04:27","DANGER1",727,62
922811,"Dijon FCO","Stade Rennais","01/26/2018 21:04:27","DAT1",728,62
922811,"Dijon FCO","Stade Rennais","01/26/2018 21:04:41","BLOCKED1",729,62
922811,"Dijon FCO","Stade Rennais","01/26/2018 21:05:23","SAFE2",730,63
922811,"Dijon FCO","Stade Rennais","01/26/2018 21:05:25","AT2",731,63
922811,"Dijon FCO","Stade Rennais","01/26/2018 21:05:27","DANGER2",732,63
922811,"Dijon FCO","Stade Rennais","01/26/2018 21:05:27","DAT2",733,63
922811,"Dijon FCO","Stade Rennais","01/26/2018 21:05:30","SAFE1",734,63
922811,"Dijon FCO","Stade Rennais","01/26/2018 21:05:34","AT1",735,63
922811,"Dijon FCO","Stade Rennais","01/26/2018 21:05:44","DANGER1",736,63
922811,"Dijon FCO","Stade Rennais","01/26/2018 21:05:44","DAT1",737,63
922811,"Dijon FCO","Stade Rennais","01/26/2018 21:05:50","POSSIBLE_TI",738,63
922811,"Dijon FCO","Stade Rennais","01/26/2018 21:05:55","TI1",739,63
922811,"Dijon FCO","Stade Rennais","01/26/2018 21:05:55","Restart",740,63
922811,"Dijon FCO","Stade Rennais","01/26/2018 21:06:06","SAFE2",741,63
922811,"Dijon FCO","Stade Rennais","01/26/2018 21:06:06","GK2",742,63
922811,"Dijon FCO","Stade Rennais","01/26/2018 21:06:26","Restart",743,64
922811,"Dijon FCO","Stade Rennais","01/26/2018 21:06:31","POSSIBLE_TI",744,64
922811,"Dijon FCO","Stade Rennais","01/26/2018 21:06:50","TI2",745,64
922811,"Dijon FCO","Stade Rennais","01/26/2018 21:06:51","Restart",746,64
922811,"Dijon FCO","Stade Rennais","01/26/2018 21:07:13","POSSIBLE_TI",747,65
922811,"Dijon FCO","Stade Rennais","01/26/2018 21:07:18","TI1",748,65
922811,"Dijon FCO","Stade Rennais","01/26/2018 21:07:19","Restart",749,65
922811,"Dijon FCO","Stade Rennais","01/26/2018 21:07:20","CLS",750,65
922811,"Dijon FCO","Stade Rennais","01/26/2018 21:07:27","Restart",751,65
922811,"Dijon FCO","Stade Rennais","01/26/2018 21:07:28","SAFE1",752,65
922811,"Dijon FCO","Stade Rennais","01/26/2018 21:07:55","AT1",753,65
922811,"Dijon FCO","Stade Rennais","01/26/2018 21:07:56","DANGER1",754,65
922811,"Dijon FCO","Stade Rennais","01/26/2018 21:07:56","DAT1",755,65
922811,"Dijon FCO","Stade Rennais","01/26/2018 21:08:10","GOAL1",756,65
922811,"Dijon FCO","Stade Rennais","01/26/2018 21:09:17","SUB1",757,67
922811,"Dijon FCO","Stade Rennais","01/26/2018 21:09:20","Scorer",758,67
922811,"Dijon FCO","Stade Rennais","01/26/2018 21:09:23","CONF_GOAL1",759,67
922811,"Dijon FCO","Stade Rennais","01/26/2018 21:09:47","SUB2",760,67
922811,"Dijon FCO","Stade Rennais","01/26/2018 21:10:01","KO2",761,67
922811,"Dijon FCO","Stade Rennais","01/26/2018 21:10:01","SAFE2",762,67
922811,"Dijon FCO","Stade Rennais","01/26/2018 21:10:08","AT2",763,67
922811,"Dijon FCO","Stade Rennais","01/26/2018 21:10:16","SAFE2",764,68
922811,"Dijon FCO","Stade Rennais","01/26/2018 21:10:21","AT2",765,68
922811,"Dijon FCO","Stade Rennais","01/26/2018 21:10:22","DANGER2",766,68
922811,"Dijon FCO","Stade Rennais","01/26/2018 21:10:22","DAT2",767,68
922811,"Dijon FCO","Stade Rennais","01/26/2018 21:10:35","Player_DATA_CONFIRMED",768,68
922811,"Dijon FCO","Stade Rennais","01/26/2018 21:10:35","Assist",769,68
922811,"Dijon FCO","Stade Rennais","01/26/2018 21:10:36","PCR2",770,68
922811,"Dijon FCO","Stade Rennais","01/26/2018 21:10:42","SHG2",771,68
922811,"Dijon FCO","Stade Rennais","01/26/2018 21:10:44","CR2",772,68
922811,"Dijon FCO","Stade Rennais","01/26/2018 21:10:49","Ball Position",773,68
922811,"Dijon FCO","Stade Rennais","01/26/2018 21:10:54","Restart",774,68
922811,"Dijon FCO","Stade Rennais","01/26/2018 21:11:08","Player_DATA_CONFIRMED",775,68
922811,"Dijon FCO","Stade Rennais","01/26/2018 21:11:08","Player_DATA_CONFIRMED",776,68
922811,"Dijon FCO","Stade Rennais","01/26/2018 21:11:10","PCR2",777,68
922811,"Dijon FCO","Stade Rennais","01/26/2018 21:11:22","CR2",778,69
922811,"Dijon FCO","Stade Rennais","01/26/2018 21:11:25","Ball Position",779,69
922811,"Dijon FCO","Stade Rennais","01/26/2018 21:11:28","Restart",780,69
922811,"Dijon FCO","Stade Rennais","01/26/2018 21:11:31","SAFE1",781,69
922811,"Dijon FCO","Stade Rennais","01/26/2018 21:11:39","AT1",782,69
922811,"Dijon FCO","Stade Rennais","01/26/2018 21:11:41","SAFE2",783,69
922811,"Dijon FCO","Stade Rennais","01/26/2018 21:11:45","AT2",784,69
922811,"Dijon FCO","Stade Rennais","01/26/2018 21:11:48","DANGER2",785,69
922811,"Dijon FCO","Stade Rennais","01/26/2018 21:11:48","DAT2",786,69
922811,"Dijon FCO","Stade Rennais","01/26/2018 21:12:15","POSSIBLE_TI",787,70
922811,"Dijon FCO","Stade Rennais","01/26/2018 21:12:30","TI1",788,70
922811,"Dijon FCO","Stade Rennais","01/26/2018 21:12:30","SAFE1",789,70
922811,"Dijon FCO","Stade Rennais","01/26/2018 21:12:36","Restart",790,70
922811,"Dijon FCO","Stade Rennais","01/26/2018 21:12:37","AT1",791,70
922811,"Dijon FCO","Stade Rennais","01/26/2018 21:12:41","DANGER1",792,70
922811,"Dijon FCO","Stade Rennais","01/26/2018 21:12:41","DAT1",793,70
922811,"Dijon FCO","Stade Rennais","01/26/2018 21:12:45","Possible Free Kick",794,70
922811,"Dijon FCO","Stade Rennais","01/26/2018 21:12:50","SAFE2",796,70
922811,"Dijon FCO","Stade Rennais","01/26/2018 21:12:50","F1",797,70
922811,"Dijon FCO","Stade Rennais","01/26/2018 21:12:50","FK2",798,70
922811,"Dijon FCO","Stade Rennais","01/26/2018 21:12:50","Ball Position",799,70
922811,"Dijon FCO","Stade Rennais","01/26/2018 21:12:51","Restart",800,70
922811,"Dijon FCO","Stade Rennais","01/26/2018 21:12:55","AT2",801,70
922811,"Dijon FCO","Stade Rennais","01/26/2018 21:13:00","SAFE1",802,70
922811,"Dijon FCO","Stade Rennais","01/26/2018 21:13:02","Possible Free Kick",803,70
922811,"Dijon FCO","Stade Rennais","01/26/2018 21:13:05","POSSIBLE_CARDS",805,70
922811,"Dijon FCO","Stade Rennais","01/26/2018 21:13:21","NO_Cards",806,71
922811,"Dijon FCO","Stade Rennais","01/26/2018 21:13:23","F2",807,71
922811,"Dijon FCO","Stade Rennais","01/26/2018 21:13:23","FK1",808,71
922811,"Dijon FCO","Stade Rennais","01/26/2018 21:13:23","DANGER1",809,71
922811,"Dijon FCO","Stade Rennais","01/26/2018 21:13:23","DFK1",810,71
922811,"Dijon FCO","Stade Rennais","01/26/2018 21:13:23","Ball Position",811,71
922811,"Dijon FCO","Stade Rennais","01/26/2018 21:13:24","Restart",812,71
922811,"Dijon FCO","Stade Rennais","01/26/2018 21:13:34","SAFE1",813,71
922811,"Dijon FCO","Stade Rennais","01/26/2018 21:13:37","AT1",814,71
922811,"Dijon FCO","Stade Rennais","01/26/2018 21:13:41","SAFE2",815,71
922811,"Dijon FCO","Stade Rennais","01/26/2018 21:14:00","AT2",816,71
922811,"Dijon FCO","Stade Rennais","01/26/2018 21:14:00","DANGER2",817,71
922811,"Dijon FCO","Stade Rennais","01/26/2018 21:14:00","DAT2",818,71
922811,"Dijon FCO","Stade Rennais","01/26/2018 21:14:09","SAFE2",819,71
922811,"Dijon FCO","Stade Rennais","01/26/2018 21:14:17","AT2",820,72
922811,"Dijon FCO","Stade Rennais","01/26/2018 21:14:17","DANGER2",821,72
922811,"Dijon FCO","Stade Rennais","01/26/2018 21:14:17","DAT2",822,72
922811,"Dijon FCO","Stade Rennais","01/26/2018 21:14:33","PCR2",823,72
922811,"Dijon FCO","Stade Rennais","01/26/2018 21:14:41","SHB2",824,72
922811,"Dijon FCO","Stade Rennais","01/26/2018 21:14:42","CR2",825,72
922811,"Dijon FCO","Stade Rennais","01/26/2018 21:14:45","Ball Position",826,72
922811,"Dijon FCO","Stade Rennais","01/26/2018 21:14:47","Restart",827,72
922811,"Dijon FCO","Stade Rennais","01/26/2018 21:15:27","SAFE1",828,73
922811,"Dijon FCO","Stade Rennais","01/26/2018 21:15:31","AT2",829,73
922811,"Dijon FCO","Stade Rennais","01/26/2018 21:15:33","DANGER2",830,73
922811,"Dijon FCO","Stade Rennais","01/26/2018 21:15:33","DAT2",831,73
922811,"Dijon FCO","Stade Rennais","01/26/2018 21:15:50","SAFE1",832,73
922811,"Dijon FCO","Stade Rennais","01/26/2018 21:15:52","AT2",833,73
922811,"Dijon FCO","Stade Rennais","01/26/2018 21:15:54","DANGER2",834,73
922811,"Dijon FCO","Stade Rennais","01/26/2018 21:15:54","DAT2",835,73
922811,"Dijon FCO","Stade Rennais","01/26/2018 21:16:02","SAFE1",836,73
922811,"Dijon FCO","Stade Rennais","01/26/2018 21:16:07","AT1",837,73
922811,"Dijon FCO","Stade Rennais","01/26/2018 21:16:11","DANGER1",838,73
922811,"Dijon FCO","Stade Rennais","01/26/2018 21:16:11","DAT1",839,73
922811,"Dijon FCO","Stade Rennais","01/26/2018 21:16:25","PCR1",840,74
922811,"Dijon FCO","Stade Rennais","01/26/2018 21:17:07","CR1",841,74
922811,"Dijon FCO","Stade Rennais","01/26/2018 21:17:10","Ball Position",842,74
922811,"Dijon FCO","Stade Rennais","01/26/2018 21:17:24","SUB2",843,75
922811,"Dijon FCO","Stade Rennais","01/26/2018 21:17:35","Restart",844,75
922811,"Dijon FCO","Stade Rennais","01/26/2018 21:18:21","SAFE2",845,76
922811,"Dijon FCO","Stade Rennais","01/26/2018 21:18:23","AT2",846,76
922811,"Dijon FCO","Stade Rennais","01/26/2018 21:18:25","POSSIBLE_TI",847,76
922811,"Dijon FCO","Stade Rennais","01/26/2018 21:19:01","SUB1",848,76
922811,"Dijon FCO","Stade Rennais","01/26/2018 21:19:06","TI2",849,76
922811,"Dijon FCO","Stade Rennais","01/26/2018 21:19:07","Restart",850,76
922811,"Dijon FCO","Stade Rennais","01/26/2018 21:19:15","DANGER2",851,77
922811,"Dijon FCO","Stade Rennais","01/26/2018 21:19:15","DAT2",852,77
922811,"Dijon FCO","Stade Rennais","01/26/2018 21:19:17","POSSIBLE_TI",853,77
922811,"Dijon FCO","Stade Rennais","01/26/2018 21:19:26","TI1",854,77
922811,"Dijon FCO","Stade Rennais","01/26/2018 21:19:32","Restart",855,77
922811,"Dijon FCO","Stade Rennais","01/26/2018 21:19:35","POSSIBLE_TI",856,77
922811,"Dijon FCO","Stade Rennais","01/26/2018 21:19:36","Player_DATA_CONFIRMED",857,77
922811,"Dijon FCO","Stade Rennais","01/26/2018 21:19:36","Player_DATA_CONFIRMED",858,77
922811,"Dijon FCO","Stade Rennais","01/26/2018 21:19:44","TI1",859,77
922811,"Dijon FCO","Stade Rennais","01/26/2018 21:19:46","SAFE1",860,77
922811,"Dijon FCO","Stade Rennais","01/26/2018 21:19:51","Restart",861,77
922811,"Dijon FCO","Stade Rennais","01/26/2018 21:19:53","AT1",862,77
922811,"Dijon FCO","Stade Rennais","01/26/2018 21:19:56","SAFE2",863,77
922811,"Dijon FCO","Stade Rennais","01/26/2018 21:19:58","AT2",864,77
922811,"Dijon FCO","Stade Rennais","01/26/2018 21:19:59","DANGER2",865,77
922811,"Dijon FCO","Stade Rennais","01/26/2018 21:19:59","DAT2",866,77
922811,"Dijon FCO","Stade Rennais","01/26/2018 21:20:08","POSSIBLE_TI",867,77
922811,"Dijon FCO","Stade Rennais","01/26/2018 21:20:17","TI1",868,78
922811,"Dijon FCO","Stade Rennais","01/26/2018 21:20:18","Restart",869,78
922811,"Dijon FCO","Stade Rennais","01/26/2018 21:20:20","SAFE1",870,78
922811,"Dijon FCO","Stade Rennais","01/26/2018 21:20:24","AT1",871,78
922811,"Dijon FCO","Stade Rennais","01/26/2018 21:20:25","DANGER1",872,78
922811,"Dijon FCO","Stade Rennais","01/26/2018 21:20:25","DAT1",873,78
922811,"Dijon FCO","Stade Rennais","01/26/2018 21:20:27","SAFE2",874,78
922811,"Dijon FCO","Stade Rennais","01/26/2018 21:20:30","AT2",875,78
922811,"Dijon FCO","Stade Rennais","01/26/2018 21:20:31","DANGER2",876,78
922811,"Dijon FCO","Stade Rennais","01/26/2018 21:20:31","DAT2",877,78
922811,"Dijon FCO","Stade Rennais","01/26/2018 21:20:36","PCR2",878,78
922811,"Dijon FCO","Stade Rennais","01/26/2018 21:20:59","NCR2",879,78
922811,"Dijon FCO","Stade Rennais","01/26/2018 21:21:00","SAFE1",880,78
922811,"Dijon FCO","Stade Rennais","01/26/2018 21:21:00","GK1",881,78
922811,"Dijon FCO","Stade Rennais","01/26/2018 21:21:05","Restart",882,78
922811,"Dijon FCO","Stade Rennais","01/26/2018 21:21:07","AT1",883,78
922811,"Dijon FCO","Stade Rennais","01/26/2018 21:21:12","DANGER1",884,78
922811,"Dijon FCO","Stade Rennais","01/26/2018 21:21:12","DAT1",885,78
922811,"Dijon FCO","Stade Rennais","01/26/2018 21:21:22","SAFE2",886,79
922811,"Dijon FCO","Stade Rennais","01/26/2018 21:21:25","AT2",887,79
922811,"Dijon FCO","Stade Rennais","01/26/2018 21:21:26","DANGER2",888,79
922811,"Dijon FCO","Stade Rennais","01/26/2018 21:21:26","DAT2",889,79
922811,"Dijon FCO","Stade Rennais","01/26/2018 21:21:34","POSSIBLE_TI",890,79
922811,"Dijon FCO","Stade Rennais","01/26/2018 21:21:45","TI1",891,79
922811,"Dijon FCO","Stade Rennais","01/26/2018 21:21:49","Restart",892,79
922811,"Dijon FCO","Stade Rennais","01/26/2018 21:21:54","SAFE2",893,79
922811,"Dijon FCO","Stade Rennais","01/26/2018 21:22:04","AT2",894,79
922811,"Dijon FCO","Stade Rennais","01/26/2018 21:22:23","DANGER2",895,80
922811,"Dijon FCO","Stade Rennais","01/26/2018 21:22:23","DAT2",896,80
922811,"Dijon FCO","Stade Rennais","01/26/2018 21:22:42","POSSIBLE_TI",897,80
922811,"Dijon FCO","Stade Rennais","01/26/2018 21:22:59","TI1",898,80
922811,"Dijon FCO","Stade Rennais","01/26/2018 21:23:00","Restart",899,80
922811,"Dijon FCO","Stade Rennais","01/26/2018 21:23:10","SHG2",900,80
922811,"Dijon FCO","Stade Rennais","01/26/2018 21:23:11","SAFE1",901,80
922811,"Dijon FCO","Stade Rennais","01/26/2018 21:23:33","POSSIBLE_TI",902,81
922811,"Dijon FCO","Stade Rennais","01/26/2018 21:23:37","TI2",903,81
922811,"Dijon FCO","Stade Rennais","01/26/2018 21:23:38","Restart",904,81
922811,"Dijon FCO","Stade Rennais","01/26/2018 21:23:40","AT1",905,81
922811,"Dijon FCO","Stade Rennais","01/26/2018 21:23:44","DANGER1",906,81
922811,"Dijon FCO","Stade Rennais","01/26/2018 21:23:44","DAT1",907,81
922811,"Dijon FCO","Stade Rennais","01/26/2018 21:23:49","BLOCKED1",908,81
922811,"Dijon FCO","Stade Rennais","01/26/2018 21:23:52","SAFE2",909,81
922811,"Dijon FCO","Stade Rennais","01/26/2018 21:23:55","AT2",910,81
922811,"Dijon FCO","Stade Rennais","01/26/2018 21:24:01","DANGER2",911,81
922811,"Dijon FCO","Stade Rennais","01/26/2018 21:24:01","DAT2",912,81
922811,"Dijon FCO","Stade Rennais","01/26/2018 21:24:13","SAFE1",913,82
922811,"Dijon FCO","Stade Rennais","01/26/2018 21:24:17","AT1",914,82
922811,"Dijon FCO","Stade Rennais","01/26/2018 21:24:19","DANGER1",915,82
922811,"Dijon FCO","Stade Rennais","01/26/2018 21:24:19","DAT1",916,82
922811,"Dijon FCO","Stade Rennais","01/26/2018 21:24:26","SAFE2",917,82
922811,"Dijon FCO","Stade Rennais","01/26/2018 21:24:27","GK2",918,82
922811,"Dijon FCO","Stade Rennais","01/26/2018 21:24:30","Restart",919,82
922811,"Dijon FCO","Stade Rennais","01/26/2018 21:24:43","AT2",920,82
922811,"Dijon FCO","Stade Rennais","01/26/2018 21:24:44","DANGER2",921,82
922811,"Dijon FCO","Stade Rennais","01/26/2018 21:24:44","DAT2",922,82
922811,"Dijon FCO","Stade Rennais","01/26/2018 21:24:55","SAFE1",923,82
922811,"Dijon FCO","Stade Rennais","01/26/2018 21:25:05","AT1",924,82
922811,"Dijon FCO","Stade Rennais","01/26/2018 21:25:16","Possible Free Kick",925,83
922811,"Dijon FCO","Stade Rennais","01/26/2018 21:25:40","SUB2",927,83
922811,"Dijon FCO","Stade Rennais","01/26/2018 21:25:51","F2",928,83
922811,"Dijon FCO","Stade Rennais","01/26/2018 21:25:51","FK1",929,83
922811,"Dijon FCO","Stade Rennais","01/26/2018 21:25:51","DANGER1",930,83
922811,"Dijon FCO","Stade Rennais","01/26/2018 21:25:51","DFK1",931,83
922811,"Dijon FCO","Stade Rennais","01/26/2018 21:25:51","Ball Position",932,83
922811,"Dijon FCO","Stade Rennais","01/26/2018 21:25:52","Restart",933,83
922811,"Dijon FCO","Stade Rennais","01/26/2018 21:25:57","SAFE2",934,83
922811,"Dijon FCO","Stade Rennais","01/26/2018 21:26:05","AT2",935,83
922811,"Dijon FCO","Stade Rennais","01/26/2018 21:26:08","DANGER2",936,83
922811,"Dijon FCO","Stade Rennais","01/26/2018 21:26:08","DAT2",937,83
922811,"Dijon FCO","Stade Rennais","01/26/2018 21:26:31","SAFE1",938,84
922811,"Dijon FCO","Stade Rennais","01/26/2018 21:26:35","Player_DATA_CONFIRMED",939,84
922811,"Dijon FCO","Stade Rennais","01/26/2018 21:26:37","AT1",940,84
922811,"Dijon FCO","Stade Rennais","01/26/2018 21:26:37","Possible Free Kick",941,84
922811,"Dijon FCO","Stade Rennais","01/26/2018 21:27:29","SUB1",943,85
922811,"Dijon FCO","Stade Rennais","01/26/2018 21:27:42","SAFE1",944,85
922811,"Dijon FCO","Stade Rennais","01/26/2018 21:27:42","F2",945,85
922811,"Dijon FCO","Stade Rennais","01/26/2018 21:27:42","FK1",946,85
922811,"Dijon FCO","Stade Rennais","01/26/2018 21:27:42","Ball Position",947,85
922811,"Dijon FCO","Stade Rennais","01/26/2018 21:27:46","Restart",948,85
922811,"Dijon FCO","Stade Rennais","01/26/2018 21:27:47","AT1",949,85
922811,"Dijon FCO","Stade Rennais","01/26/2018 21:27:47","DANGER1",950,85
922811,"Dijon FCO","Stade Rennais","01/26/2018 21:27:47","DAT1",951,85
922811,"Dijon FCO","Stade Rennais","01/26/2018 21:27:52","SAFE2",952,85
922811,"Dijon FCO","Stade Rennais","01/26/2018 21:28:05","Player_DATA_CONFIRMED",953,85
922811,"Dijon FCO","Stade Rennais","01/26/2018 21:28:05","AT2",954,85
922811,"Dijon FCO","Stade Rennais","01/26/2018 21:28:15","DANGER2",955,86
922811,"Dijon FCO","Stade Rennais","01/26/2018 21:28:15","DAT2",956,86
922811,"Dijon FCO","Stade Rennais","01/26/2018 21:28:40","Possible Free Kick",957,86
922811,"Dijon FCO","Stade Rennais","01/26/2018 21:28:58","SAFE1",959,86
922811,"Dijon FCO","Stade Rennais","01/26/2018 21:28:58","F2",960,86
922811,"Dijon FCO","Stade Rennais","01/26/2018 21:28:58","FK1",961,86
922811,"Dijon FCO","Stade Rennais","01/26/2018 21:28:58","Ball Position",962,86
922811,"Dijon FCO","Stade Rennais","01/26/2018 21:29:05","Restart",963,86
922811,"Dijon FCO","Stade Rennais","01/26/2018 21:29:07","AT1",964,86
922811,"Dijon FCO","Stade Rennais","01/26/2018 21:29:16","SAFE1",965,87
922811,"Dijon FCO","Stade Rennais","01/26/2018 21:29:35","SAFE2",966,87
922811,"Dijon FCO","Stade Rennais","01/26/2018 21:29:39","AT1",967,87
922811,"Dijon FCO","Stade Rennais","01/26/2018 21:29:40","DANGER1",968,87
922811,"Dijon FCO","Stade Rennais","01/26/2018 21:29:40","DAT1",969,87
922811,"Dijon FCO","Stade Rennais","01/26/2018 21:29:41","SAFE2",970,87
922811,"Dijon FCO","Stade Rennais","01/26/2018 21:29:49","AT2",971,87
922811,"Dijon FCO","Stade Rennais","01/26/2018 21:30:01","DANGER2",972,87
922811,"Dijon FCO","Stade Rennais","01/26/2018 21:30:01","DAT2",973,87
922811,"Dijon FCO","Stade Rennais","01/26/2018 21:30:09","PCR2",974,87
922811,"Dijon FCO","Stade Rennais","01/26/2018 21:30:33","NCR2",975,88
922811,"Dijon FCO","Stade Rennais","01/26/2018 21:30:34","SAFE1",976,88
922811,"Dijon FCO","Stade Rennais","01/26/2018 21:30:35","GK1",977,88
922811,"Dijon FCO","Stade Rennais","01/26/2018 21:31:01","Restart",978,88
922811,"Dijon FCO","Stade Rennais","01/26/2018 21:31:04","AT1",979,88
922811,"Dijon FCO","Stade Rennais","01/26/2018 21:31:12","SAFE2",980,88
922811,"Dijon FCO","Stade Rennais","01/26/2018 21:31:16","AT2",981,89
922811,"Dijon FCO","Stade Rennais","01/26/2018 21:31:17","DANGER2",982,89
922811,"Dijon FCO","Stade Rennais","01/26/2018 21:31:17","DAT2",983,89
922811,"Dijon FCO","Stade Rennais","01/26/2018 21:31:43","Possible Free Kick",984,89
922811,"Dijon FCO","Stade Rennais","01/26/2018 21:31:48","POSSIBLE_CARDS",986,89
922811,"Dijon FCO","Stade Rennais","01/26/2018 21:32:02","YC2",987,89
922811,"Dijon FCO","Stade Rennais","01/26/2018 21:32:22","CONF_YC2",988,90
922811,"Dijon FCO","Stade Rennais","01/26/2018 21:32:29","Scorer",989,90
922811,"Dijon FCO","Stade Rennais","01/26/2018 21:32:30","SAFE1",990,90
922811,"Dijon FCO","Stade Rennais","01/26/2018 21:32:30","F2",991,90
922811,"Dijon FCO","Stade Rennais","01/26/2018 21:32:30","FK1",992,90
922811,"Dijon FCO","Stade Rennais","01/26/2018 21:32:30","Ball Position",993,90
922811,"Dijon FCO","Stade Rennais","01/26/2018 21:32:31","Restart",994,90
922811,"Dijon FCO","Stade Rennais","01/26/2018 21:32:32","AT1",995,90
922811,"Dijon FCO","Stade Rennais","01/26/2018 21:32:40","SAFE1",996,90
922811,"Dijon FCO","Stade Rennais","01/26/2018 21:32:48","AT1",997,90
922811,"Dijon FCO","Stade Rennais","01/26/2018 21:32:53","Possible Free Kick",998,90
922811,"Dijon FCO","Stade Rennais","01/26/2018 21:32:56","POSSIBLE_CARDS",1000,90
922811,"Dijon FCO","Stade Rennais","01/26/2018 21:33:08","Injury Break",1002,90
922811,"Dijon FCO","Stade Rennais","01/26/2018 21:33:16","Extra Time",1003,91
922811,"Dijon FCO","Stade Rennais","01/26/2018 21:33:27","Restart",1004,91
922811,"Dijon FCO","Stade Rennais","01/26/2018 21:33:27","F1",1005,91
922811,"Dijon FCO","Stade Rennais","01/26/2018 21:33:27","FK2",1006,91
922811,"Dijon FCO","Stade Rennais","01/26/2018 21:33:27","DANGER2",1007,91
922811,"Dijon FCO","Stade Rennais","01/26/2018 21:33:27","DFK2",1008,91
922811,"Dijon FCO","Stade Rennais","01/26/2018 21:33:27","Ball Position",1009,91
922811,"Dijon FCO","Stade Rennais","01/26/2018 21:33:28","NO_Cards",1010,91
922811,"Dijon FCO","Stade Rennais","01/26/2018 21:33:40","Restart",1011,91
922811,"Dijon FCO","Stade Rennais","01/26/2018 21:33:47","POSSIBLE_TI",1012,91
922811,"Dijon FCO","Stade Rennais","01/26/2018 21:33:52","TI2",1013,91
922811,"Dijon FCO","Stade Rennais","01/26/2018 21:33:53","Restart",1014,91
922811,"Dijon FCO","Stade Rennais","01/26/2018 21:34:05","SAFE2",1015,91
922811,"Dijon FCO","Stade Rennais","01/26/2018 21:34:15","AT2",1016,92
922811,"Dijon FCO","Stade Rennais","01/26/2018 21:34:15","DANGER2",1017,92
922811,"Dijon FCO","Stade Rennais","01/26/2018 21:34:15","DAT2",1018,92
922811,"Dijon FCO","Stade Rennais","01/26/2018 21:34:21","SHB2",1019,92
922811,"Dijon FCO","Stade Rennais","01/26/2018 21:34:22","SAFE1",1020,92
922811,"Dijon FCO","Stade Rennais","01/26/2018 21:34:23","GK1",1021,92
922811,"Dijon FCO","Stade Rennais","01/26/2018 21:34:40","Restart",1022,92
922811,"Dijon FCO","Stade Rennais","01/26/2018 21:34:43","AT1",1023,92
922811,"Dijon FCO","Stade Rennais","01/26/2018 21:34:47","DANGER1",1024,92
922811,"Dijon FCO","Stade Rennais","01/26/2018 21:34:47","DAT1",1025,92
922811,"Dijon FCO","Stade Rennais","01/26/2018 21:34:50","SAFE2",1026,92
922811,"Dijon FCO","Stade Rennais","01/26/2018 21:34:53","AT2",1027,92
922811,"Dijon FCO","Stade Rennais","01/26/2018 21:34:59","DANGER2",1028,92
922811,"Dijon FCO","Stade Rennais","01/26/2018 21:34:59","DAT2",1029,92
922811,"Dijon FCO","Stade Rennais","01/26/2018 21:35:01","POSSIBLE_TI",1030,92
922811,"Dijon FCO","Stade Rennais","01/26/2018 21:35:05","TI2",1031,92
922811,"Dijon FCO","Stade Rennais","01/26/2018 21:35:05","Player_DATA_CONFIRMED",1032,92
922811,"Dijon FCO","Stade Rennais","01/26/2018 21:35:06","Restart",1033,92
922811,"Dijon FCO","Stade Rennais","01/26/2018 21:35:27","POSSIBLE_TI",1034,93
922811,"Dijon FCO","Stade Rennais","01/26/2018 21:35:42","TI1",1035,93
922811,"Dijon FCO","Stade Rennais","01/26/2018 21:35:45","Restart",1036,93
922811,"Dijon FCO","Stade Rennais","01/26/2018 21:35:53","POSSIBLE_TI",1037,93
922811,"Dijon FCO","Stade Rennais","01/26/2018 21:35:56","TI2",1038,93
922811,"Dijon FCO","Stade Rennais","01/26/2018 21:35:58","Restart",1039,93
922811,"Dijon FCO","Stade Rennais","01/26/2018 21:36:03","Possible Free Kick",1040,93
922811,"Dijon FCO","Stade Rennais","01/26/2018 21:36:04","POSSIBLE_CARDS",1042,93
922811,"Dijon FCO","Stade Rennais","01/26/2018 21:36:24","Injury Break",1043,94
922811,"Dijon FCO","Stade Rennais","01/26/2018 21:37:13","NO_Cards",1044,95
922811,"Dijon FCO","Stade Rennais","01/26/2018 21:37:16","SAFE1",1045,95
922811,"Dijon FCO","Stade Rennais","01/26/2018 21:37:16","Restart",1046,95
922811,"Dijon FCO","Stade Rennais","01/26/2018 21:37:16","F2",1047,95
922811,"Dijon FCO","Stade Rennais","01/26/2018 21:37:16","FK1",1048,95
922811,"Dijon FCO","Stade Rennais","01/26/2018 21:37:16","Ball Position",1049,95
922811,"Dijon FCO","Stade Rennais","01/26/2018 21:37:29","Restart",1050,95
922811,"Dijon FCO","Stade Rennais","01/26/2018 21:37:30","AT1",1051,95
922811,"Dijon FCO","Stade Rennais","01/26/2018 21:37:30","DANGER1",1052,95
922811,"Dijon FCO","Stade Rennais","01/26/2018 21:37:30","DAT1",1053,95
922811,"Dijon FCO","Stade Rennais","01/26/2018 21:37:35","PCR1",1054,95
922811,"Dijon FCO","Stade Rennais","01/26/2018 21:37:38","NCR1",1055,95
922811,"Dijon FCO","Stade Rennais","01/26/2018 21:37:39","SAFE2",1056,95
922811,"Dijon FCO","Stade Rennais","01/26/2018 21:37:40","GK2",1057,95
922811,"Dijon FCO","Stade Rennais","01/26/2018 21:37:42","Restart",1058,95
922811,"Dijon FCO","Stade Rennais","01/26/2018 21:37:44","AT2",1059,95
922811,"Dijon FCO","Stade Rennais","01/26/2018 21:37:44","DANGER2",1060,95
922811,"Dijon FCO","Stade Rennais","01/26/2018 21:37:44","DAT2",1061,95
922811,"Dijon FCO","Stade Rennais","01/26/2018 21:37:51","SAFE1",1062,95
922811,"Dijon FCO","Stade Rennais","01/26/2018 21:37:58","AT2",1063,95
922811,"Dijon FCO","Stade Rennais","01/26/2018 21:37:58","DANGER2",1064,95
922811,"Dijon FCO","Stade Rennais","01/26/2018 21:37:58","DAT2",1065,95
922811,"Dijon FCO","Stade Rennais","01/26/2018 21:38:00","POSSIBLE_TI",1066,95
922811,"Dijon FCO","Stade Rennais","01/26/2018 21:38:05","NO_TI",1067,95
922811,"Dijon FCO","Stade Rennais","01/26/2018 21:38:08","Stop RT2",1068,95
922811,"Dijon FCO","Stade Rennais","01/26/2018 21:38:08","Stop Game",1069,95
922811,"Dijon FCO","Stade Rennais","01/26/2018 21:38:14","CONF_PERIOD_SCORE",1070,94
