"RBallID","HomeTeam","AwayTeam","Timestamp","Incident","IncidentNumber","Minute"
935662,"Olympique Lyonnais","AS Saint Etienne","02/25/2018 15:05:41","Lineup changed",0,0
935662,"Olympique Lyonnais","AS Saint Etienne","02/25/2018 15:05:43","Transmission Online",1,0
935662,"Olympique Lyonnais","AS Saint Etienne","02/25/2018 15:05:43","Scout in Stadion",2,0
935662,"Olympique Lyonnais","AS Saint Etienne","02/25/2018 15:28:41","GCC",3,0
935662,"Olympique Lyonnais","AS Saint Etienne","02/25/2018 15:28:58","Jersey Changed",4,0
935662,"Olympique Lyonnais","AS Saint Etienne","02/25/2018 15:28:59","Jersey Changed",5,0
935662,"Olympique Lyonnais","AS Saint Etienne","02/25/2018 16:00:08","Players are coming out",6,0
935662,"Olympique Lyonnais","AS Saint Etienne","02/25/2018 16:00:35","Players lined up",7,0
935662,"Olympique Lyonnais","AS Saint Etienne","02/25/2018 16:00:47","Shake hands",8,0
935662,"Olympique Lyonnais","AS Saint Etienne","02/25/2018 16:01:02","System Message",9,0
935662,"Olympique Lyonnais","AS Saint Etienne","02/25/2018 16:01:24","Flip coin",10,0
935662,"Olympique Lyonnais","AS Saint Etienne","02/25/2018 16:02:38","Game about to start",11,0
935662,"Olympique Lyonnais","AS Saint Etienne","02/25/2018 16:03:03","Start RT1 Team 1",12,1
935662,"Olympique Lyonnais","AS Saint Etienne","02/25/2018 16:03:05","SAFE1",13,1
935662,"Olympique Lyonnais","AS Saint Etienne","02/25/2018 16:03:11","POSSIBLE_TI",14,1
935662,"Olympique Lyonnais","AS Saint Etienne","02/25/2018 16:03:12","TI2",15,1
935662,"Olympique Lyonnais","AS Saint Etienne","02/25/2018 16:03:23","Restart",16,1
935662,"Olympique Lyonnais","AS Saint Etienne","02/25/2018 16:03:24","SAFE2",17,1
935662,"Olympique Lyonnais","AS Saint Etienne","02/25/2018 16:03:28","AT2",18,1
935662,"Olympique Lyonnais","AS Saint Etienne","02/25/2018 16:03:32","POSSIBLE_TI",19,1
935662,"Olympique Lyonnais","AS Saint Etienne","02/25/2018 16:03:33","TI2",20,1
935662,"Olympique Lyonnais","AS Saint Etienne","02/25/2018 16:03:38","Restart",21,1
935662,"Olympique Lyonnais","AS Saint Etienne","02/25/2018 16:03:44","POSSIBLE_TI",22,1
935662,"Olympique Lyonnais","AS Saint Etienne","02/25/2018 16:03:45","TI1",23,1
935662,"Olympique Lyonnais","AS Saint Etienne","02/25/2018 16:03:57","Restart",24,1
935662,"Olympique Lyonnais","AS Saint Etienne","02/25/2018 16:04:18","Possible Free Kick",25,2
935662,"Olympique Lyonnais","AS Saint Etienne","02/25/2018 16:04:20","SAFE2",27,2
935662,"Olympique Lyonnais","AS Saint Etienne","02/25/2018 16:04:20","F1",28,2
935662,"Olympique Lyonnais","AS Saint Etienne","02/25/2018 16:04:20","FK2",29,2
935662,"Olympique Lyonnais","AS Saint Etienne","02/25/2018 16:04:21","Ball Position",30,2
935662,"Olympique Lyonnais","AS Saint Etienne","02/25/2018 16:04:22","Restart",31,2
935662,"Olympique Lyonnais","AS Saint Etienne","02/25/2018 16:04:38","AT2",32,2
935662,"Olympique Lyonnais","AS Saint Etienne","02/25/2018 16:04:48","DANGER2",33,2
935662,"Olympique Lyonnais","AS Saint Etienne","02/25/2018 16:04:48","DAT2",34,2
935662,"Olympique Lyonnais","AS Saint Etienne","02/25/2018 16:04:56","POSSIBLE_TI",35,2
935662,"Olympique Lyonnais","AS Saint Etienne","02/25/2018 16:04:57","TI2",36,2
935662,"Olympique Lyonnais","AS Saint Etienne","02/25/2018 16:05:04","Restart",37,3
935662,"Olympique Lyonnais","AS Saint Etienne","02/25/2018 16:05:18","POSSIBLE_TI",38,3
935662,"Olympique Lyonnais","AS Saint Etienne","02/25/2018 16:05:19","TI2",39,3
935662,"Olympique Lyonnais","AS Saint Etienne","02/25/2018 16:05:26","Restart",40,3
935662,"Olympique Lyonnais","AS Saint Etienne","02/25/2018 16:05:36","Possible Free Kick",41,3
935662,"Olympique Lyonnais","AS Saint Etienne","02/25/2018 16:05:44","SAFE1",43,3
935662,"Olympique Lyonnais","AS Saint Etienne","02/25/2018 16:05:44","F2",44,3
935662,"Olympique Lyonnais","AS Saint Etienne","02/25/2018 16:05:44","FK1",45,3
935662,"Olympique Lyonnais","AS Saint Etienne","02/25/2018 16:05:44","Ball Position",46,3
935662,"Olympique Lyonnais","AS Saint Etienne","02/25/2018 16:05:47","Restart",47,3
935662,"Olympique Lyonnais","AS Saint Etienne","02/25/2018 16:05:53","AT1",48,3
935662,"Olympique Lyonnais","AS Saint Etienne","02/25/2018 16:05:59","SAFE1",49,3
935662,"Olympique Lyonnais","AS Saint Etienne","02/25/2018 16:06:18","AT1",50,4
935662,"Olympique Lyonnais","AS Saint Etienne","02/25/2018 16:06:34","DANGER1",51,4
935662,"Olympique Lyonnais","AS Saint Etienne","02/25/2018 16:06:34","DAT1",52,4
935662,"Olympique Lyonnais","AS Saint Etienne","02/25/2018 16:06:42","PCR1",53,4
935662,"Olympique Lyonnais","AS Saint Etienne","02/25/2018 16:07:05","CR1",54,5
935662,"Olympique Lyonnais","AS Saint Etienne","02/25/2018 16:07:06","Ball Position",55,5
935662,"Olympique Lyonnais","AS Saint Etienne","02/25/2018 16:07:17","Restart",56,5
935662,"Olympique Lyonnais","AS Saint Etienne","02/25/2018 16:07:20","PCR1",57,5
935662,"Olympique Lyonnais","AS Saint Etienne","02/25/2018 16:07:39","NCR1",58,5
935662,"Olympique Lyonnais","AS Saint Etienne","02/25/2018 16:07:40","SAFE2",59,5
935662,"Olympique Lyonnais","AS Saint Etienne","02/25/2018 16:07:41","GK2",60,5
935662,"Olympique Lyonnais","AS Saint Etienne","02/25/2018 16:07:47","Restart",61,5
935662,"Olympique Lyonnais","AS Saint Etienne","02/25/2018 16:07:49","AT2",62,5
935662,"Olympique Lyonnais","AS Saint Etienne","02/25/2018 16:08:17","DANGER2",63,6
935662,"Olympique Lyonnais","AS Saint Etienne","02/25/2018 16:08:17","DAT2",64,6
935662,"Olympique Lyonnais","AS Saint Etienne","02/25/2018 16:08:23","POSSIBLE_TI",65,6
935662,"Olympique Lyonnais","AS Saint Etienne","02/25/2018 16:08:24","TI2",66,6
935662,"Olympique Lyonnais","AS Saint Etienne","02/25/2018 16:08:30","Restart",67,6
935662,"Olympique Lyonnais","AS Saint Etienne","02/25/2018 16:08:40","Possible Free Kick",68,6
935662,"Olympique Lyonnais","AS Saint Etienne","02/25/2018 16:08:44","SAFE1",70,6
935662,"Olympique Lyonnais","AS Saint Etienne","02/25/2018 16:08:44","F2",71,6
935662,"Olympique Lyonnais","AS Saint Etienne","02/25/2018 16:08:44","FK1",72,6
935662,"Olympique Lyonnais","AS Saint Etienne","02/25/2018 16:08:44","Ball Position",73,6
935662,"Olympique Lyonnais","AS Saint Etienne","02/25/2018 16:08:58","Restart",74,6
935662,"Olympique Lyonnais","AS Saint Etienne","02/25/2018 16:09:20","AT1",75,7
935662,"Olympique Lyonnais","AS Saint Etienne","02/25/2018 16:09:23","DANGER1",76,7
935662,"Olympique Lyonnais","AS Saint Etienne","02/25/2018 16:09:23","DAT1",77,7
935662,"Olympique Lyonnais","AS Saint Etienne","02/25/2018 16:09:26","PCR1",78,7
935662,"Olympique Lyonnais","AS Saint Etienne","02/25/2018 16:09:49","CR1",79,7
935662,"Olympique Lyonnais","AS Saint Etienne","02/25/2018 16:09:51","Ball Position",80,7
935662,"Olympique Lyonnais","AS Saint Etienne","02/25/2018 16:09:58","Restart",81,7
935662,"Olympique Lyonnais","AS Saint Etienne","02/25/2018 16:10:01","PCR1",82,7
935662,"Olympique Lyonnais","AS Saint Etienne","02/25/2018 16:10:09","CR1",83,8
935662,"Olympique Lyonnais","AS Saint Etienne","02/25/2018 16:10:11","Ball Position",84,8
935662,"Olympique Lyonnais","AS Saint Etienne","02/25/2018 16:10:15","Restart",85,8
935662,"Olympique Lyonnais","AS Saint Etienne","02/25/2018 16:10:35","POSSIBLE_TI",86,8
935662,"Olympique Lyonnais","AS Saint Etienne","02/25/2018 16:10:36","TI1",87,8
935662,"Olympique Lyonnais","AS Saint Etienne","02/25/2018 16:10:48","Restart",88,8
935662,"Olympique Lyonnais","AS Saint Etienne","02/25/2018 16:10:57","POSSIBLE_TI",89,8
935662,"Olympique Lyonnais","AS Saint Etienne","02/25/2018 16:10:58","TI2",90,8
935662,"Olympique Lyonnais","AS Saint Etienne","02/25/2018 16:11:05","Restart",91,9
935662,"Olympique Lyonnais","AS Saint Etienne","02/25/2018 16:11:20","SAFE2",92,9
935662,"Olympique Lyonnais","AS Saint Etienne","02/25/2018 16:11:28","POSSIBLE_TI",93,9
935662,"Olympique Lyonnais","AS Saint Etienne","02/25/2018 16:11:28","TI2",94,9
935662,"Olympique Lyonnais","AS Saint Etienne","02/25/2018 16:11:53","Restart",95,9
935662,"Olympique Lyonnais","AS Saint Etienne","02/25/2018 16:11:54","AT2",96,9
935662,"Olympique Lyonnais","AS Saint Etienne","02/25/2018 16:11:56","DANGER2",97,9
935662,"Olympique Lyonnais","AS Saint Etienne","02/25/2018 16:11:56","DAT2",98,9
935662,"Olympique Lyonnais","AS Saint Etienne","02/25/2018 16:11:59","POSSIBLE_TI",99,9
935662,"Olympique Lyonnais","AS Saint Etienne","02/25/2018 16:12:01","TI2",100,9
935662,"Olympique Lyonnais","AS Saint Etienne","02/25/2018 16:12:08","Restart",101,10
935662,"Olympique Lyonnais","AS Saint Etienne","02/25/2018 16:12:21","SAFE1",102,10
935662,"Olympique Lyonnais","AS Saint Etienne","02/25/2018 16:12:22","GK1",103,10
935662,"Olympique Lyonnais","AS Saint Etienne","02/25/2018 16:12:23","Restart",104,10
935662,"Olympique Lyonnais","AS Saint Etienne","02/25/2018 16:12:36","AT2",105,10
935662,"Olympique Lyonnais","AS Saint Etienne","02/25/2018 16:12:50","SAFE2",106,10
935662,"Olympique Lyonnais","AS Saint Etienne","02/25/2018 16:13:02","AT2",107,10
935662,"Olympique Lyonnais","AS Saint Etienne","02/25/2018 16:13:09","POSSIBLE_TI",108,11
935662,"Olympique Lyonnais","AS Saint Etienne","02/25/2018 16:13:13","TI1",109,11
935662,"Olympique Lyonnais","AS Saint Etienne","02/25/2018 16:13:16","Restart",110,11
935662,"Olympique Lyonnais","AS Saint Etienne","02/25/2018 16:13:19","SAFE1",111,11
935662,"Olympique Lyonnais","AS Saint Etienne","02/25/2018 16:13:56","AT1",112,11
935662,"Olympique Lyonnais","AS Saint Etienne","02/25/2018 16:13:56","POSSIBLE_TI",113,11
935662,"Olympique Lyonnais","AS Saint Etienne","02/25/2018 16:13:57","TI2",114,11
935662,"Olympique Lyonnais","AS Saint Etienne","02/25/2018 16:14:02","Restart",115,11
935662,"Olympique Lyonnais","AS Saint Etienne","02/25/2018 16:14:03","SAFE2",116,11
935662,"Olympique Lyonnais","AS Saint Etienne","02/25/2018 16:14:12","AT2",117,12
935662,"Olympique Lyonnais","AS Saint Etienne","02/25/2018 16:14:18","SAFE1",118,12
935662,"Olympique Lyonnais","AS Saint Etienne","02/25/2018 16:14:19","AT1",119,12
935662,"Olympique Lyonnais","AS Saint Etienne","02/25/2018 16:14:24","POSSIBLE_TI",120,12
935662,"Olympique Lyonnais","AS Saint Etienne","02/25/2018 16:14:25","TI2",121,12
935662,"Olympique Lyonnais","AS Saint Etienne","02/25/2018 16:14:40","Restart",122,12
935662,"Olympique Lyonnais","AS Saint Etienne","02/25/2018 16:14:47","SAFE2",123,12
935662,"Olympique Lyonnais","AS Saint Etienne","02/25/2018 16:14:48","AT2",124,12
935662,"Olympique Lyonnais","AS Saint Etienne","02/25/2018 16:14:59","DANGER2",125,12
935662,"Olympique Lyonnais","AS Saint Etienne","02/25/2018 16:14:59","DAT2",126,12
935662,"Olympique Lyonnais","AS Saint Etienne","02/25/2018 16:15:10","POSSIBLE_TI",127,13
935662,"Olympique Lyonnais","AS Saint Etienne","02/25/2018 16:15:11","TI1",128,13
935662,"Olympique Lyonnais","AS Saint Etienne","02/25/2018 16:15:19","Restart",129,13
935662,"Olympique Lyonnais","AS Saint Etienne","02/25/2018 16:15:47","SAFE1",130,13
935662,"Olympique Lyonnais","AS Saint Etienne","02/25/2018 16:16:31","Referee Ball",131,14
935662,"Olympique Lyonnais","AS Saint Etienne","02/25/2018 16:16:35","Restart",132,14
935662,"Olympique Lyonnais","AS Saint Etienne","02/25/2018 16:16:38","CLS",133,14
935662,"Olympique Lyonnais","AS Saint Etienne","02/25/2018 16:16:40","Restart",134,14
935662,"Olympique Lyonnais","AS Saint Etienne","02/25/2018 16:16:46","SAFE1",135,14
935662,"Olympique Lyonnais","AS Saint Etienne","02/25/2018 16:16:47","AT1",136,14
935662,"Olympique Lyonnais","AS Saint Etienne","02/25/2018 16:16:53","SAFE1",137,14
935662,"Olympique Lyonnais","AS Saint Etienne","02/25/2018 16:17:03","AT1",138,15
935662,"Olympique Lyonnais","AS Saint Etienne","02/25/2018 16:17:08","SAFE2",139,15
935662,"Olympique Lyonnais","AS Saint Etienne","02/25/2018 16:17:23","AT2",140,15
935662,"Olympique Lyonnais","AS Saint Etienne","02/25/2018 16:17:41","DANGER2",141,15
935662,"Olympique Lyonnais","AS Saint Etienne","02/25/2018 16:17:41","DAT2",142,15
935662,"Olympique Lyonnais","AS Saint Etienne","02/25/2018 16:17:51","GOAL2",143,15
935662,"Olympique Lyonnais","AS Saint Etienne","02/25/2018 16:18:03","CGOAL2",144,16
935662,"Olympique Lyonnais","AS Saint Etienne","02/25/2018 16:18:04","Possible Free Kick",145,16
935662,"Olympique Lyonnais","AS Saint Etienne","02/25/2018 16:18:07","SAFE1",147,16
935662,"Olympique Lyonnais","AS Saint Etienne","02/25/2018 16:18:07","O2",148,16
935662,"Olympique Lyonnais","AS Saint Etienne","02/25/2018 16:18:07","FK1",149,16
935662,"Olympique Lyonnais","AS Saint Etienne","02/25/2018 16:18:07","Ball Position",150,16
935662,"Olympique Lyonnais","AS Saint Etienne","02/25/2018 16:18:08","Restart",151,16
935662,"Olympique Lyonnais","AS Saint Etienne","02/25/2018 16:18:26","AT1",152,16
935662,"Olympique Lyonnais","AS Saint Etienne","02/25/2018 16:18:31","SAFE2",153,16
935662,"Olympique Lyonnais","AS Saint Etienne","02/25/2018 16:18:38","AT2",154,16
935662,"Olympique Lyonnais","AS Saint Etienne","02/25/2018 16:18:51","DANGER2",155,16
935662,"Olympique Lyonnais","AS Saint Etienne","02/25/2018 16:18:51","DAT2",156,16
935662,"Olympique Lyonnais","AS Saint Etienne","02/25/2018 16:18:57","SAFE1",157,16
935662,"Olympique Lyonnais","AS Saint Etienne","02/25/2018 16:19:09","AT1",158,17
935662,"Olympique Lyonnais","AS Saint Etienne","02/25/2018 16:19:13","DANGER1",159,17
935662,"Olympique Lyonnais","AS Saint Etienne","02/25/2018 16:19:13","DAT1",160,17
935662,"Olympique Lyonnais","AS Saint Etienne","02/25/2018 16:19:26","SAFE2",161,17
935662,"Olympique Lyonnais","AS Saint Etienne","02/25/2018 16:19:27","AT2",162,17
935662,"Olympique Lyonnais","AS Saint Etienne","02/25/2018 16:19:29","POSSIBLE_TI",163,17
935662,"Olympique Lyonnais","AS Saint Etienne","02/25/2018 16:19:30","TI1",164,17
935662,"Olympique Lyonnais","AS Saint Etienne","02/25/2018 16:19:37","Restart",165,17
935662,"Olympique Lyonnais","AS Saint Etienne","02/25/2018 16:19:42","SAFE1",166,17
935662,"Olympique Lyonnais","AS Saint Etienne","02/25/2018 16:19:53","SAFE2",167,17
935662,"Olympique Lyonnais","AS Saint Etienne","02/25/2018 16:20:28","AT2",168,18
935662,"Olympique Lyonnais","AS Saint Etienne","02/25/2018 16:20:34","Possible Free Kick",169,18
935662,"Olympique Lyonnais","AS Saint Etienne","02/25/2018 16:20:41","POSSIBLE_CARDS",171,18
935662,"Olympique Lyonnais","AS Saint Etienne","02/25/2018 16:20:54","NO_Cards",172,18
935662,"Olympique Lyonnais","AS Saint Etienne","02/25/2018 16:20:55","SAFE1",173,18
935662,"Olympique Lyonnais","AS Saint Etienne","02/25/2018 16:20:55","F2",174,18
935662,"Olympique Lyonnais","AS Saint Etienne","02/25/2018 16:20:55","FK1",175,18
935662,"Olympique Lyonnais","AS Saint Etienne","02/25/2018 16:20:55","Ball Position",176,18
935662,"Olympique Lyonnais","AS Saint Etienne","02/25/2018 16:21:01","Restart",177,18
935662,"Olympique Lyonnais","AS Saint Etienne","02/25/2018 16:21:25","AT1",178,19
935662,"Olympique Lyonnais","AS Saint Etienne","02/25/2018 16:21:32","DANGER1",179,19
935662,"Olympique Lyonnais","AS Saint Etienne","02/25/2018 16:21:32","DAT1",180,19
935662,"Olympique Lyonnais","AS Saint Etienne","02/25/2018 16:21:36","GOAL1",181,19
935662,"Olympique Lyonnais","AS Saint Etienne","02/25/2018 16:21:43","Scorer",182,19
935662,"Olympique Lyonnais","AS Saint Etienne","02/25/2018 16:22:30","CONF_GOAL1",183,20
935662,"Olympique Lyonnais","AS Saint Etienne","02/25/2018 16:22:35","Player_DATA_CONFIRMED",184,20
935662,"Olympique Lyonnais","AS Saint Etienne","02/25/2018 16:22:35","Assist",185,20
935662,"Olympique Lyonnais","AS Saint Etienne","02/25/2018 16:22:36","KO2",186,20
935662,"Olympique Lyonnais","AS Saint Etienne","02/25/2018 16:22:36","SAFE2",187,20
935662,"Olympique Lyonnais","AS Saint Etienne","02/25/2018 16:22:50","AT1",188,20
935662,"Olympique Lyonnais","AS Saint Etienne","02/25/2018 16:22:54","SAFE2",189,20
935662,"Olympique Lyonnais","AS Saint Etienne","02/25/2018 16:23:08","AT2",190,21
935662,"Olympique Lyonnais","AS Saint Etienne","02/25/2018 16:23:14","POSSIBLE_TI",191,21
935662,"Olympique Lyonnais","AS Saint Etienne","02/25/2018 16:23:16","TI2",192,21
935662,"Olympique Lyonnais","AS Saint Etienne","02/25/2018 16:23:23","Restart",193,21
935662,"Olympique Lyonnais","AS Saint Etienne","02/25/2018 16:23:43","DANGER2",194,21
935662,"Olympique Lyonnais","AS Saint Etienne","02/25/2018 16:23:43","DAT2",195,21
935662,"Olympique Lyonnais","AS Saint Etienne","02/25/2018 16:23:46","SAFE1",196,21
935662,"Olympique Lyonnais","AS Saint Etienne","02/25/2018 16:24:28","Possible Free Kick",197,22
935662,"Olympique Lyonnais","AS Saint Etienne","02/25/2018 16:24:30","F2",199,22
935662,"Olympique Lyonnais","AS Saint Etienne","02/25/2018 16:24:30","FK1",200,22
935662,"Olympique Lyonnais","AS Saint Etienne","02/25/2018 16:24:30","Ball Position",201,22
935662,"Olympique Lyonnais","AS Saint Etienne","02/25/2018 16:24:33","Restart",202,22
935662,"Olympique Lyonnais","AS Saint Etienne","02/25/2018 16:24:35","AT1",203,22
935662,"Olympique Lyonnais","AS Saint Etienne","02/25/2018 16:24:53","SAFE2",204,22
935662,"Olympique Lyonnais","AS Saint Etienne","02/25/2018 16:24:55","AT2",205,22
935662,"Olympique Lyonnais","AS Saint Etienne","02/25/2018 16:24:59","DANGER2",206,22
935662,"Olympique Lyonnais","AS Saint Etienne","02/25/2018 16:24:59","DAT2",207,22
935662,"Olympique Lyonnais","AS Saint Etienne","02/25/2018 16:25:03","PCR2",208,23
935662,"Olympique Lyonnais","AS Saint Etienne","02/25/2018 16:25:14","CR2",209,23
935662,"Olympique Lyonnais","AS Saint Etienne","02/25/2018 16:25:15","Ball Position",210,23
935662,"Olympique Lyonnais","AS Saint Etienne","02/25/2018 16:25:17","Restart",211,23
935662,"Olympique Lyonnais","AS Saint Etienne","02/25/2018 16:25:31","SAFE1",212,23
935662,"Olympique Lyonnais","AS Saint Etienne","02/25/2018 16:25:33","AT1",213,23
935662,"Olympique Lyonnais","AS Saint Etienne","02/25/2018 16:25:38","DANGER1",214,23
935662,"Olympique Lyonnais","AS Saint Etienne","02/25/2018 16:25:38","DAT1",215,23
935662,"Olympique Lyonnais","AS Saint Etienne","02/25/2018 16:25:41","POSSIBLE_TI",216,23
935662,"Olympique Lyonnais","AS Saint Etienne","02/25/2018 16:25:42","TI1",217,23
935662,"Olympique Lyonnais","AS Saint Etienne","02/25/2018 16:25:53","Restart",218,23
935662,"Olympique Lyonnais","AS Saint Etienne","02/25/2018 16:26:05","POSSIBLE_TI",219,24
935662,"Olympique Lyonnais","AS Saint Etienne","02/25/2018 16:26:07","TI1",220,24
935662,"Olympique Lyonnais","AS Saint Etienne","02/25/2018 16:26:15","Restart",221,24
935662,"Olympique Lyonnais","AS Saint Etienne","02/25/2018 16:26:28","SAFE2",222,24
935662,"Olympique Lyonnais","AS Saint Etienne","02/25/2018 16:26:29","GK2",223,24
935662,"Olympique Lyonnais","AS Saint Etienne","02/25/2018 16:26:39","Restart",224,24
935662,"Olympique Lyonnais","AS Saint Etienne","02/25/2018 16:26:41","AT2",225,24
935662,"Olympique Lyonnais","AS Saint Etienne","02/25/2018 16:26:47","SAFE1",226,24
935662,"Olympique Lyonnais","AS Saint Etienne","02/25/2018 16:26:48","AT1",227,24
935662,"Olympique Lyonnais","AS Saint Etienne","02/25/2018 16:26:51","POSSIBLE_TI",228,24
935662,"Olympique Lyonnais","AS Saint Etienne","02/25/2018 16:26:57","TI1",229,24
935662,"Olympique Lyonnais","AS Saint Etienne","02/25/2018 16:27:00","Restart",230,24
935662,"Olympique Lyonnais","AS Saint Etienne","02/25/2018 16:27:08","POSSIBLE_TI",231,25
935662,"Olympique Lyonnais","AS Saint Etienne","02/25/2018 16:27:09","TI1",232,25
935662,"Olympique Lyonnais","AS Saint Etienne","02/25/2018 16:27:17","Restart",233,25
935662,"Olympique Lyonnais","AS Saint Etienne","02/25/2018 16:27:35","DANGER1",234,25
935662,"Olympique Lyonnais","AS Saint Etienne","02/25/2018 16:27:35","DAT1",235,25
935662,"Olympique Lyonnais","AS Saint Etienne","02/25/2018 16:27:44","BLOCKED1",236,25
935662,"Olympique Lyonnais","AS Saint Etienne","02/25/2018 16:27:54","SHG1",237,25
935662,"Olympique Lyonnais","AS Saint Etienne","02/25/2018 16:28:09","SAFE2",238,26
935662,"Olympique Lyonnais","AS Saint Etienne","02/25/2018 16:28:13","POSSIBLE_TI",239,26
935662,"Olympique Lyonnais","AS Saint Etienne","02/25/2018 16:28:17","TI2",240,26
935662,"Olympique Lyonnais","AS Saint Etienne","02/25/2018 16:28:33","Restart",241,26
935662,"Olympique Lyonnais","AS Saint Etienne","02/25/2018 16:28:36","AT2",242,26
935662,"Olympique Lyonnais","AS Saint Etienne","02/25/2018 16:28:43","DANGER2",243,26
935662,"Olympique Lyonnais","AS Saint Etienne","02/25/2018 16:28:43","DAT2",244,26
935662,"Olympique Lyonnais","AS Saint Etienne","02/25/2018 16:28:53","POSSIBLE_TI",245,26
935662,"Olympique Lyonnais","AS Saint Etienne","02/25/2018 16:29:05","TI2",246,27
935662,"Olympique Lyonnais","AS Saint Etienne","02/25/2018 16:29:09","Restart",247,27
935662,"Olympique Lyonnais","AS Saint Etienne","02/25/2018 16:29:16","PCR2",248,27
935662,"Olympique Lyonnais","AS Saint Etienne","02/25/2018 16:29:26","CR2",249,27
935662,"Olympique Lyonnais","AS Saint Etienne","02/25/2018 16:29:27","Ball Position",250,27
935662,"Olympique Lyonnais","AS Saint Etienne","02/25/2018 16:29:49","Restart",251,27
935662,"Olympique Lyonnais","AS Saint Etienne","02/25/2018 16:29:54","SHB2",252,27
935662,"Olympique Lyonnais","AS Saint Etienne","02/25/2018 16:30:04","SAFE1",253,28
935662,"Olympique Lyonnais","AS Saint Etienne","02/25/2018 16:30:05","GK1",254,28
935662,"Olympique Lyonnais","AS Saint Etienne","02/25/2018 16:30:08","Restart",255,28
935662,"Olympique Lyonnais","AS Saint Etienne","02/25/2018 16:30:27","Possible Free Kick",256,28
935662,"Olympique Lyonnais","AS Saint Etienne","02/25/2018 16:30:42","F2",258,28
935662,"Olympique Lyonnais","AS Saint Etienne","02/25/2018 16:30:42","FK1",259,28
935662,"Olympique Lyonnais","AS Saint Etienne","02/25/2018 16:30:43","Ball Position",260,28
935662,"Olympique Lyonnais","AS Saint Etienne","02/25/2018 16:30:45","CLS",261,28
935662,"Olympique Lyonnais","AS Saint Etienne","02/25/2018 16:30:47","F2",262,28
935662,"Olympique Lyonnais","AS Saint Etienne","02/25/2018 16:30:47","FK1",263,28
935662,"Olympique Lyonnais","AS Saint Etienne","02/25/2018 16:30:47","DANGER1",264,28
935662,"Olympique Lyonnais","AS Saint Etienne","02/25/2018 16:30:47","DFK1",265,28
935662,"Olympique Lyonnais","AS Saint Etienne","02/25/2018 16:30:47","Ball Position",266,28
935662,"Olympique Lyonnais","AS Saint Etienne","02/25/2018 16:30:48","Restart",267,28
935662,"Olympique Lyonnais","AS Saint Etienne","02/25/2018 16:31:01","SAFE1",268,28
935662,"Olympique Lyonnais","AS Saint Etienne","02/25/2018 16:31:06","AT1",269,29
935662,"Olympique Lyonnais","AS Saint Etienne","02/25/2018 16:31:10","Possible Free Kick",270,29
935662,"Olympique Lyonnais","AS Saint Etienne","02/25/2018 16:31:13","F2",272,29
935662,"Olympique Lyonnais","AS Saint Etienne","02/25/2018 16:31:13","FK1",273,29
935662,"Olympique Lyonnais","AS Saint Etienne","02/25/2018 16:31:13","DANGER1",274,29
935662,"Olympique Lyonnais","AS Saint Etienne","02/25/2018 16:31:13","DFK1",275,29
935662,"Olympique Lyonnais","AS Saint Etienne","02/25/2018 16:31:13","Ball Position",276,29
935662,"Olympique Lyonnais","AS Saint Etienne","02/25/2018 16:31:20","Restart",277,29
935662,"Olympique Lyonnais","AS Saint Etienne","02/25/2018 16:31:28","SAFE1",278,29
935662,"Olympique Lyonnais","AS Saint Etienne","02/25/2018 16:31:46","AT1",279,29
935662,"Olympique Lyonnais","AS Saint Etienne","02/25/2018 16:32:09","DANGER1",280,30
935662,"Olympique Lyonnais","AS Saint Etienne","02/25/2018 16:32:09","DAT1",281,30
935662,"Olympique Lyonnais","AS Saint Etienne","02/25/2018 16:32:29","POSSIBLE_TI",282,30
935662,"Olympique Lyonnais","AS Saint Etienne","02/25/2018 16:32:30","TI2",283,30
935662,"Olympique Lyonnais","AS Saint Etienne","02/25/2018 16:32:40","Restart",284,30
935662,"Olympique Lyonnais","AS Saint Etienne","02/25/2018 16:32:48","POSSIBLE_TI",285,30
935662,"Olympique Lyonnais","AS Saint Etienne","02/25/2018 16:32:50","TI2",286,30
935662,"Olympique Lyonnais","AS Saint Etienne","02/25/2018 16:32:54","Restart",287,30
935662,"Olympique Lyonnais","AS Saint Etienne","02/25/2018 16:32:57","POSSIBLE_TI",288,30
935662,"Olympique Lyonnais","AS Saint Etienne","02/25/2018 16:32:57","TI2",289,30
935662,"Olympique Lyonnais","AS Saint Etienne","02/25/2018 16:33:06","Restart",290,31
935662,"Olympique Lyonnais","AS Saint Etienne","02/25/2018 16:33:09","SAFE2",291,31
935662,"Olympique Lyonnais","AS Saint Etienne","02/25/2018 16:33:09","AT2",292,31
935662,"Olympique Lyonnais","AS Saint Etienne","02/25/2018 16:33:21","Possible Free Kick",293,31
935662,"Olympique Lyonnais","AS Saint Etienne","02/25/2018 16:33:22","POSSIBLE_CARDS",295,31
935662,"Olympique Lyonnais","AS Saint Etienne","02/25/2018 16:33:30","NO_Cards",296,31
935662,"Olympique Lyonnais","AS Saint Etienne","02/25/2018 16:33:33","F2",297,31
935662,"Olympique Lyonnais","AS Saint Etienne","02/25/2018 16:33:33","FK1",298,31
935662,"Olympique Lyonnais","AS Saint Etienne","02/25/2018 16:33:33","DANGER1",299,31
935662,"Olympique Lyonnais","AS Saint Etienne","02/25/2018 16:33:33","DFK1",300,31
935662,"Olympique Lyonnais","AS Saint Etienne","02/25/2018 16:33:33","Ball Position",301,31
935662,"Olympique Lyonnais","AS Saint Etienne","02/25/2018 16:33:34","Restart",302,31
935662,"Olympique Lyonnais","AS Saint Etienne","02/25/2018 16:34:15","POSSIBLE_TI",303,32
935662,"Olympique Lyonnais","AS Saint Etienne","02/25/2018 16:34:16","TI2",304,32
935662,"Olympique Lyonnais","AS Saint Etienne","02/25/2018 16:34:26","Restart",305,32
935662,"Olympique Lyonnais","AS Saint Etienne","02/25/2018 16:34:32","SAFE2",306,32
935662,"Olympique Lyonnais","AS Saint Etienne","02/25/2018 16:34:45","SAFE1",307,32
935662,"Olympique Lyonnais","AS Saint Etienne","02/25/2018 16:34:58","POSSIBLE_TI",308,32
935662,"Olympique Lyonnais","AS Saint Etienne","02/25/2018 16:34:59","TI1",309,32
935662,"Olympique Lyonnais","AS Saint Etienne","02/25/2018 16:35:06","Restart",310,33
935662,"Olympique Lyonnais","AS Saint Etienne","02/25/2018 16:35:22","Possible Free Kick",311,33
935662,"Olympique Lyonnais","AS Saint Etienne","02/25/2018 16:35:30","F2",313,33
935662,"Olympique Lyonnais","AS Saint Etienne","02/25/2018 16:35:30","FK1",314,33
935662,"Olympique Lyonnais","AS Saint Etienne","02/25/2018 16:35:30","Ball Position",315,33
935662,"Olympique Lyonnais","AS Saint Etienne","02/25/2018 16:35:31","Restart",316,33
935662,"Olympique Lyonnais","AS Saint Etienne","02/25/2018 16:35:42","AT1",317,33
935662,"Olympique Lyonnais","AS Saint Etienne","02/25/2018 16:36:17","POSSIBLE_TI",318,34
935662,"Olympique Lyonnais","AS Saint Etienne","02/25/2018 16:36:18","TI2",319,34
935662,"Olympique Lyonnais","AS Saint Etienne","02/25/2018 16:36:28","Restart",320,34
935662,"Olympique Lyonnais","AS Saint Etienne","02/25/2018 16:36:29","SAFE2",321,34
935662,"Olympique Lyonnais","AS Saint Etienne","02/25/2018 16:36:35","AT2",322,34
935662,"Olympique Lyonnais","AS Saint Etienne","02/25/2018 16:36:40","DANGER2",323,34
935662,"Olympique Lyonnais","AS Saint Etienne","02/25/2018 16:36:40","DAT2",324,34
935662,"Olympique Lyonnais","AS Saint Etienne","02/25/2018 16:36:56","Possible Free Kick",325,34
935662,"Olympique Lyonnais","AS Saint Etienne","02/25/2018 16:36:57","SAFE1",327,34
935662,"Olympique Lyonnais","AS Saint Etienne","02/25/2018 16:36:57","F2",328,34
935662,"Olympique Lyonnais","AS Saint Etienne","02/25/2018 16:36:57","FK1",329,34
935662,"Olympique Lyonnais","AS Saint Etienne","02/25/2018 16:36:57","Ball Position",330,34
935662,"Olympique Lyonnais","AS Saint Etienne","02/25/2018 16:37:07","Injury Break",331,35
935662,"Olympique Lyonnais","AS Saint Etienne","02/25/2018 16:38:24","SUB1",332,36
935662,"Olympique Lyonnais","AS Saint Etienne","02/25/2018 16:38:25","Restart",333,36
935662,"Olympique Lyonnais","AS Saint Etienne","02/25/2018 16:38:27","AT1",334,36
935662,"Olympique Lyonnais","AS Saint Etienne","02/25/2018 16:38:28","DANGER1",335,36
935662,"Olympique Lyonnais","AS Saint Etienne","02/25/2018 16:38:28","DAT1",336,36
935662,"Olympique Lyonnais","AS Saint Etienne","02/25/2018 16:38:38","POSSIBLE_TI",337,36
935662,"Olympique Lyonnais","AS Saint Etienne","02/25/2018 16:38:39","TI1",338,36
935662,"Olympique Lyonnais","AS Saint Etienne","02/25/2018 16:38:51","Restart",339,36
935662,"Olympique Lyonnais","AS Saint Etienne","02/25/2018 16:39:05","Player_DATA_CONFIRMED",340,37
935662,"Olympique Lyonnais","AS Saint Etienne","02/25/2018 16:39:12","SAFE2",341,37
935662,"Olympique Lyonnais","AS Saint Etienne","02/25/2018 16:39:15","AT2",342,37
935662,"Olympique Lyonnais","AS Saint Etienne","02/25/2018 16:39:22","SAFE1",343,37
935662,"Olympique Lyonnais","AS Saint Etienne","02/25/2018 16:39:32","AT1",344,37
935662,"Olympique Lyonnais","AS Saint Etienne","02/25/2018 16:39:37","DANGER1",345,37
935662,"Olympique Lyonnais","AS Saint Etienne","02/25/2018 16:39:37","DAT1",346,37
935662,"Olympique Lyonnais","AS Saint Etienne","02/25/2018 16:39:55","POSSIBLE_TI",347,37
935662,"Olympique Lyonnais","AS Saint Etienne","02/25/2018 16:39:57","TI2",348,37
935662,"Olympique Lyonnais","AS Saint Etienne","02/25/2018 16:40:00","Restart",349,37
935662,"Olympique Lyonnais","AS Saint Etienne","02/25/2018 16:40:06","SAFE2",350,38
935662,"Olympique Lyonnais","AS Saint Etienne","02/25/2018 16:40:12","AT2",351,38
935662,"Olympique Lyonnais","AS Saint Etienne","02/25/2018 16:40:23","SAFE1",352,38
935662,"Olympique Lyonnais","AS Saint Etienne","02/25/2018 16:40:25","AT1",353,38
935662,"Olympique Lyonnais","AS Saint Etienne","02/25/2018 16:40:37","DANGER1",354,38
935662,"Olympique Lyonnais","AS Saint Etienne","02/25/2018 16:40:37","DAT1",355,38
935662,"Olympique Lyonnais","AS Saint Etienne","02/25/2018 16:40:52","Possible Free Kick",356,38
935662,"Olympique Lyonnais","AS Saint Etienne","02/25/2018 16:41:11","F2",358,39
935662,"Olympique Lyonnais","AS Saint Etienne","02/25/2018 16:41:11","FK1",359,39
935662,"Olympique Lyonnais","AS Saint Etienne","02/25/2018 16:41:11","DFK1",360,39
935662,"Olympique Lyonnais","AS Saint Etienne","02/25/2018 16:41:11","Ball Position",361,39
935662,"Olympique Lyonnais","AS Saint Etienne","02/25/2018 16:41:12","Restart",362,39
935662,"Olympique Lyonnais","AS Saint Etienne","02/25/2018 16:41:18","SAFE1",363,39
935662,"Olympique Lyonnais","AS Saint Etienne","02/25/2018 16:41:25","AT1",364,39
935662,"Olympique Lyonnais","AS Saint Etienne","02/25/2018 16:41:37","SAFE2",365,39
935662,"Olympique Lyonnais","AS Saint Etienne","02/25/2018 16:41:40","AT2",366,39
935662,"Olympique Lyonnais","AS Saint Etienne","02/25/2018 16:41:43","SAFE1",367,39
935662,"Olympique Lyonnais","AS Saint Etienne","02/25/2018 16:41:49","AT1",368,39
935662,"Olympique Lyonnais","AS Saint Etienne","02/25/2018 16:41:51","DANGER1",369,39
935662,"Olympique Lyonnais","AS Saint Etienne","02/25/2018 16:41:51","DAT1",370,39
935662,"Olympique Lyonnais","AS Saint Etienne","02/25/2018 16:41:55","SHG1",371,39
935662,"Olympique Lyonnais","AS Saint Etienne","02/25/2018 16:42:16","SAFE2",372,40
935662,"Olympique Lyonnais","AS Saint Etienne","02/25/2018 16:42:16","AT2",373,40
935662,"Olympique Lyonnais","AS Saint Etienne","02/25/2018 16:42:26","DANGER2",374,40
935662,"Olympique Lyonnais","AS Saint Etienne","02/25/2018 16:42:26","DAT2",375,40
935662,"Olympique Lyonnais","AS Saint Etienne","02/25/2018 16:42:34","POSSIBLE_TI",376,40
935662,"Olympique Lyonnais","AS Saint Etienne","02/25/2018 16:42:35","TI2",377,40
935662,"Olympique Lyonnais","AS Saint Etienne","02/25/2018 16:42:40","Restart",378,40
935662,"Olympique Lyonnais","AS Saint Etienne","02/25/2018 16:42:45","POSSIBLE_TI",379,40
935662,"Olympique Lyonnais","AS Saint Etienne","02/25/2018 16:42:46","TI1",380,40
935662,"Olympique Lyonnais","AS Saint Etienne","02/25/2018 16:43:05","Restart",381,41
935662,"Olympique Lyonnais","AS Saint Etienne","02/25/2018 16:43:12","SAFE1",382,41
935662,"Olympique Lyonnais","AS Saint Etienne","02/25/2018 16:43:26","AT1",383,41
935662,"Olympique Lyonnais","AS Saint Etienne","02/25/2018 16:43:31","SAFE2",384,41
935662,"Olympique Lyonnais","AS Saint Etienne","02/25/2018 16:43:40","AT2",385,41
935662,"Olympique Lyonnais","AS Saint Etienne","02/25/2018 16:43:44","DANGER2",386,41
935662,"Olympique Lyonnais","AS Saint Etienne","02/25/2018 16:43:44","DAT2",387,41
935662,"Olympique Lyonnais","AS Saint Etienne","02/25/2018 16:43:50","SAFE1",388,41
935662,"Olympique Lyonnais","AS Saint Etienne","02/25/2018 16:44:04","AT1",389,42
935662,"Olympique Lyonnais","AS Saint Etienne","02/25/2018 16:44:08","SAFE2",390,42
935662,"Olympique Lyonnais","AS Saint Etienne","02/25/2018 16:44:20","AT2",391,42
935662,"Olympique Lyonnais","AS Saint Etienne","02/25/2018 16:44:36","Possible Free Kick",392,42
935662,"Olympique Lyonnais","AS Saint Etienne","02/25/2018 16:44:37","F2",394,42
935662,"Olympique Lyonnais","AS Saint Etienne","02/25/2018 16:44:37","FK1",395,42
935662,"Olympique Lyonnais","AS Saint Etienne","02/25/2018 16:44:37","DANGER1",396,42
935662,"Olympique Lyonnais","AS Saint Etienne","02/25/2018 16:44:37","DFK1",397,42
935662,"Olympique Lyonnais","AS Saint Etienne","02/25/2018 16:44:37","Ball Position",398,42
935662,"Olympique Lyonnais","AS Saint Etienne","02/25/2018 16:44:40","Restart",399,42
935662,"Olympique Lyonnais","AS Saint Etienne","02/25/2018 16:44:44","POSSIBLE_CARDS",400,42
935662,"Olympique Lyonnais","AS Saint Etienne","02/25/2018 16:44:48","YC2",401,42
935662,"Olympique Lyonnais","AS Saint Etienne","02/25/2018 16:44:51","CONF_YC2",402,42
935662,"Olympique Lyonnais","AS Saint Etienne","02/25/2018 16:44:56","Scorer",403,42
935662,"Olympique Lyonnais","AS Saint Etienne","02/25/2018 16:44:58","Possible Free Kick",404,42
935662,"Olympique Lyonnais","AS Saint Etienne","02/25/2018 16:44:59","F2",406,42
935662,"Olympique Lyonnais","AS Saint Etienne","02/25/2018 16:44:59","FK1",407,42
935662,"Olympique Lyonnais","AS Saint Etienne","02/25/2018 16:44:59","DFK1",408,42
935662,"Olympique Lyonnais","AS Saint Etienne","02/25/2018 16:44:59","Ball Position",409,42
935662,"Olympique Lyonnais","AS Saint Etienne","02/25/2018 16:45:06","Player_DATA_CONFIRMED",410,43
935662,"Olympique Lyonnais","AS Saint Etienne","02/25/2018 16:45:28","Restart",411,43
935662,"Olympique Lyonnais","AS Saint Etienne","02/25/2018 16:45:35","SAFE1",412,43
935662,"Olympique Lyonnais","AS Saint Etienne","02/25/2018 16:45:43","SAFE2",413,43
935662,"Olympique Lyonnais","AS Saint Etienne","02/25/2018 16:45:54","AT2",414,43
935662,"Olympique Lyonnais","AS Saint Etienne","02/25/2018 16:46:01","SAFE1",415,43
935662,"Olympique Lyonnais","AS Saint Etienne","02/25/2018 16:46:08","POSSIBLE_TI",416,44
935662,"Olympique Lyonnais","AS Saint Etienne","02/25/2018 16:46:08","TI1",417,44
935662,"Olympique Lyonnais","AS Saint Etienne","02/25/2018 16:46:25","Restart",418,44
935662,"Olympique Lyonnais","AS Saint Etienne","02/25/2018 16:46:33","POSSIBLE_TI",419,44
935662,"Olympique Lyonnais","AS Saint Etienne","02/25/2018 16:46:34","TI2",420,44
935662,"Olympique Lyonnais","AS Saint Etienne","02/25/2018 16:46:36","Restart",421,44
935662,"Olympique Lyonnais","AS Saint Etienne","02/25/2018 16:46:38","AT2",422,44
935662,"Olympique Lyonnais","AS Saint Etienne","02/25/2018 16:46:41","DANGER2",423,44
935662,"Olympique Lyonnais","AS Saint Etienne","02/25/2018 16:46:41","DAT2",424,44
935662,"Olympique Lyonnais","AS Saint Etienne","02/25/2018 16:46:57","POSSIBLE_TI",425,44
935662,"Olympique Lyonnais","AS Saint Etienne","02/25/2018 16:46:59","TI2",426,44
935662,"Olympique Lyonnais","AS Saint Etienne","02/25/2018 16:47:02","Restart",427,44
935662,"Olympique Lyonnais","AS Saint Etienne","02/25/2018 16:47:12","Possible Free Kick",428,45
935662,"Olympique Lyonnais","AS Saint Etienne","02/25/2018 16:47:15","SAFE1",430,45
935662,"Olympique Lyonnais","AS Saint Etienne","02/25/2018 16:47:15","O2",431,45
935662,"Olympique Lyonnais","AS Saint Etienne","02/25/2018 16:47:15","FK1",432,45
935662,"Olympique Lyonnais","AS Saint Etienne","02/25/2018 16:47:15","Ball Position",433,45
935662,"Olympique Lyonnais","AS Saint Etienne","02/25/2018 16:47:33","Restart",434,45
935662,"Olympique Lyonnais","AS Saint Etienne","02/25/2018 16:47:37","AT1",435,45
935662,"Olympique Lyonnais","AS Saint Etienne","02/25/2018 16:47:43","Possible Free Kick",436,45
935662,"Olympique Lyonnais","AS Saint Etienne","02/25/2018 16:47:45","SAFE1",438,45
935662,"Olympique Lyonnais","AS Saint Etienne","02/25/2018 16:47:45","F2",439,45
935662,"Olympique Lyonnais","AS Saint Etienne","02/25/2018 16:47:45","FK1",440,45
935662,"Olympique Lyonnais","AS Saint Etienne","02/25/2018 16:47:45","Ball Position",441,45
935662,"Olympique Lyonnais","AS Saint Etienne","02/25/2018 16:48:01","Extra Time",442,45
935662,"Olympique Lyonnais","AS Saint Etienne","02/25/2018 16:48:02","Restart",443,45
935662,"Olympique Lyonnais","AS Saint Etienne","02/25/2018 16:48:04","AT2",444,46
935662,"Olympique Lyonnais","AS Saint Etienne","02/25/2018 16:48:08","DANGER2",445,46
935662,"Olympique Lyonnais","AS Saint Etienne","02/25/2018 16:48:08","DAT2",446,46
935662,"Olympique Lyonnais","AS Saint Etienne","02/25/2018 16:48:29","POSSIBLE_TI",447,46
935662,"Olympique Lyonnais","AS Saint Etienne","02/25/2018 16:48:30","TI1",448,46
935662,"Olympique Lyonnais","AS Saint Etienne","02/25/2018 16:48:37","Restart",449,46
935662,"Olympique Lyonnais","AS Saint Etienne","02/25/2018 16:48:48","Possible Free Kick",450,46
935662,"Olympique Lyonnais","AS Saint Etienne","02/25/2018 16:48:51","SAFE2",452,46
935662,"Olympique Lyonnais","AS Saint Etienne","02/25/2018 16:48:51","F1",453,46
935662,"Olympique Lyonnais","AS Saint Etienne","02/25/2018 16:48:51","FK2",454,46
935662,"Olympique Lyonnais","AS Saint Etienne","02/25/2018 16:48:51","Ball Position",455,46
935662,"Olympique Lyonnais","AS Saint Etienne","02/25/2018 16:49:01","Restart",456,46
935662,"Olympique Lyonnais","AS Saint Etienne","02/25/2018 16:49:05","Stop RT1",457,46
935662,"Olympique Lyonnais","AS Saint Etienne","02/25/2018 16:49:23","CONF_PERIOD_SCORE",458,45
935662,"Olympique Lyonnais","AS Saint Etienne","02/25/2018 17:02:41","Players are coming out",459,45
935662,"Olympique Lyonnais","AS Saint Etienne","02/25/2018 17:04:05","SUB1",460,45
935662,"Olympique Lyonnais","AS Saint Etienne","02/25/2018 17:04:19","Player_DATA_CONFIRMED",461,45
935662,"Olympique Lyonnais","AS Saint Etienne","02/25/2018 17:04:40","Game about to start",462,45
935662,"Olympique Lyonnais","AS Saint Etienne","02/25/2018 17:05:13","Start RT2 Team 2",463,46
935662,"Olympique Lyonnais","AS Saint Etienne","02/25/2018 17:05:19","SAFE2",464,46
935662,"Olympique Lyonnais","AS Saint Etienne","02/25/2018 17:05:39","POSSIBLE_TI",465,46
935662,"Olympique Lyonnais","AS Saint Etienne","02/25/2018 17:05:41","TI2",466,46
935662,"Olympique Lyonnais","AS Saint Etienne","02/25/2018 17:05:45","Restart",467,46
935662,"Olympique Lyonnais","AS Saint Etienne","02/25/2018 17:05:52","AT2",468,46
935662,"Olympique Lyonnais","AS Saint Etienne","02/25/2018 17:06:18","SAFE1",469,47
935662,"Olympique Lyonnais","AS Saint Etienne","02/25/2018 17:06:48","AT1",470,47
935662,"Olympique Lyonnais","AS Saint Etienne","02/25/2018 17:06:54","DANGER1",471,47
935662,"Olympique Lyonnais","AS Saint Etienne","02/25/2018 17:06:54","DAT1",472,47
935662,"Olympique Lyonnais","AS Saint Etienne","02/25/2018 17:07:06","POSSIBLE_TI",473,47
935662,"Olympique Lyonnais","AS Saint Etienne","02/25/2018 17:07:08","TI2",474,47
935662,"Olympique Lyonnais","AS Saint Etienne","02/25/2018 17:07:13","Restart",475,48
935662,"Olympique Lyonnais","AS Saint Etienne","02/25/2018 17:07:23","POSSIBLE_TI",476,48
935662,"Olympique Lyonnais","AS Saint Etienne","02/25/2018 17:07:23","TI2",477,48
935662,"Olympique Lyonnais","AS Saint Etienne","02/25/2018 17:07:31","Restart",478,48
935662,"Olympique Lyonnais","AS Saint Etienne","02/25/2018 17:07:32","SAFE2",479,48
935662,"Olympique Lyonnais","AS Saint Etienne","02/25/2018 17:07:38","POSSIBLE_TI",480,48
935662,"Olympique Lyonnais","AS Saint Etienne","02/25/2018 17:07:39","TI1",481,48
935662,"Olympique Lyonnais","AS Saint Etienne","02/25/2018 17:07:46","CLS",482,48
935662,"Olympique Lyonnais","AS Saint Etienne","02/25/2018 17:07:48","NO_TI",483,48
935662,"Olympique Lyonnais","AS Saint Etienne","02/25/2018 17:07:49","Possible Free Kick",484,48
935662,"Olympique Lyonnais","AS Saint Etienne","02/25/2018 17:07:50","SAFE1",486,48
935662,"Olympique Lyonnais","AS Saint Etienne","02/25/2018 17:07:50","F2",487,48
935662,"Olympique Lyonnais","AS Saint Etienne","02/25/2018 17:07:50","FK1",488,48
935662,"Olympique Lyonnais","AS Saint Etienne","02/25/2018 17:07:51","Ball Position",489,48
935662,"Olympique Lyonnais","AS Saint Etienne","02/25/2018 17:07:51","Restart",490,48
935662,"Olympique Lyonnais","AS Saint Etienne","02/25/2018 17:07:59","Possible Free Kick",491,48
935662,"Olympique Lyonnais","AS Saint Etienne","02/25/2018 17:08:00","F2",493,48
935662,"Olympique Lyonnais","AS Saint Etienne","02/25/2018 17:08:00","FK1",494,48
935662,"Olympique Lyonnais","AS Saint Etienne","02/25/2018 17:08:00","Ball Position",495,48
935662,"Olympique Lyonnais","AS Saint Etienne","02/25/2018 17:08:08","Restart",496,48
935662,"Olympique Lyonnais","AS Saint Etienne","02/25/2018 17:08:29","AT1",497,49
935662,"Olympique Lyonnais","AS Saint Etienne","02/25/2018 17:08:36","SAFE2",498,49
935662,"Olympique Lyonnais","AS Saint Etienne","02/25/2018 17:08:39","AT2",499,49
935662,"Olympique Lyonnais","AS Saint Etienne","02/25/2018 17:08:43","SAFE1",500,49
935662,"Olympique Lyonnais","AS Saint Etienne","02/25/2018 17:08:50","AT2",501,49
935662,"Olympique Lyonnais","AS Saint Etienne","02/25/2018 17:08:57","DANGER2",502,49
935662,"Olympique Lyonnais","AS Saint Etienne","02/25/2018 17:08:57","DAT2",503,49
935662,"Olympique Lyonnais","AS Saint Etienne","02/25/2018 17:09:07","SAFE1",504,49
935662,"Olympique Lyonnais","AS Saint Etienne","02/25/2018 17:09:58","AT1",505,50
935662,"Olympique Lyonnais","AS Saint Etienne","02/25/2018 17:10:08","SAFE2",506,50
935662,"Olympique Lyonnais","AS Saint Etienne","02/25/2018 17:10:21","AT2",507,51
935662,"Olympique Lyonnais","AS Saint Etienne","02/25/2018 17:10:25","DANGER2",508,51
935662,"Olympique Lyonnais","AS Saint Etienne","02/25/2018 17:10:25","DAT2",509,51
935662,"Olympique Lyonnais","AS Saint Etienne","02/25/2018 17:10:30","PCR2",510,51
935662,"Olympique Lyonnais","AS Saint Etienne","02/25/2018 17:10:40","CR2",511,51
935662,"Olympique Lyonnais","AS Saint Etienne","02/25/2018 17:10:42","Ball Position",512,51
935662,"Olympique Lyonnais","AS Saint Etienne","02/25/2018 17:10:53","Restart",513,51
935662,"Olympique Lyonnais","AS Saint Etienne","02/25/2018 17:10:59","SHB2",514,51
935662,"Olympique Lyonnais","AS Saint Etienne","02/25/2018 17:11:09","SAFE1",515,51
935662,"Olympique Lyonnais","AS Saint Etienne","02/25/2018 17:11:09","GK1",516,51
935662,"Olympique Lyonnais","AS Saint Etienne","02/25/2018 17:11:10","Restart",517,51
935662,"Olympique Lyonnais","AS Saint Etienne","02/25/2018 17:11:44","SAFE2",518,52
935662,"Olympique Lyonnais","AS Saint Etienne","02/25/2018 17:11:47","AT2",519,52
935662,"Olympique Lyonnais","AS Saint Etienne","02/25/2018 17:11:52","POSSIBLE_TI",520,52
935662,"Olympique Lyonnais","AS Saint Etienne","02/25/2018 17:11:53","TI1",521,52
935662,"Olympique Lyonnais","AS Saint Etienne","02/25/2018 17:11:57","Restart",522,52
935662,"Olympique Lyonnais","AS Saint Etienne","02/25/2018 17:12:12","SAFE1",523,52
935662,"Olympique Lyonnais","AS Saint Etienne","02/25/2018 17:12:17","SAFE2",524,53
935662,"Olympique Lyonnais","AS Saint Etienne","02/25/2018 17:12:28","AT2",525,53
935662,"Olympique Lyonnais","AS Saint Etienne","02/25/2018 17:12:42","SAFE2",526,53
935662,"Olympique Lyonnais","AS Saint Etienne","02/25/2018 17:13:09","AT2",527,53
935662,"Olympique Lyonnais","AS Saint Etienne","02/25/2018 17:13:20","DANGER2",528,54
935662,"Olympique Lyonnais","AS Saint Etienne","02/25/2018 17:13:20","DAT2",529,54
935662,"Olympique Lyonnais","AS Saint Etienne","02/25/2018 17:13:28","SHB2",530,54
935662,"Olympique Lyonnais","AS Saint Etienne","02/25/2018 17:13:40","SAFE1",531,54
935662,"Olympique Lyonnais","AS Saint Etienne","02/25/2018 17:13:41","GK1",532,54
935662,"Olympique Lyonnais","AS Saint Etienne","02/25/2018 17:13:42","Restart",533,54
935662,"Olympique Lyonnais","AS Saint Etienne","02/25/2018 17:13:51","AT2",534,54
935662,"Olympique Lyonnais","AS Saint Etienne","02/25/2018 17:14:00","POSSIBLE_TI",535,54
935662,"Olympique Lyonnais","AS Saint Etienne","02/25/2018 17:14:01","TI2",536,54
935662,"Olympique Lyonnais","AS Saint Etienne","02/25/2018 17:14:03","Restart",537,54
935662,"Olympique Lyonnais","AS Saint Etienne","02/25/2018 17:14:04","DANGER2",538,54
935662,"Olympique Lyonnais","AS Saint Etienne","02/25/2018 17:14:04","DAT2",539,54
935662,"Olympique Lyonnais","AS Saint Etienne","02/25/2018 17:14:18","SAFE2",540,55
935662,"Olympique Lyonnais","AS Saint Etienne","02/25/2018 17:14:26","AT2",541,55
935662,"Olympique Lyonnais","AS Saint Etienne","02/25/2018 17:14:38","DANGER2",542,55
935662,"Olympique Lyonnais","AS Saint Etienne","02/25/2018 17:14:38","DAT2",543,55
935662,"Olympique Lyonnais","AS Saint Etienne","02/25/2018 17:14:56","SAFE1",544,55
935662,"Olympique Lyonnais","AS Saint Etienne","02/25/2018 17:14:57","GK1",545,55
935662,"Olympique Lyonnais","AS Saint Etienne","02/25/2018 17:15:00","Restart",546,55
935662,"Olympique Lyonnais","AS Saint Etienne","02/25/2018 17:15:07","AT1",547,55
935662,"Olympique Lyonnais","AS Saint Etienne","02/25/2018 17:15:09","DANGER1",548,55
935662,"Olympique Lyonnais","AS Saint Etienne","02/25/2018 17:15:09","DAT1",549,55
935662,"Olympique Lyonnais","AS Saint Etienne","02/25/2018 17:15:21","SAFE2",550,56
935662,"Olympique Lyonnais","AS Saint Etienne","02/25/2018 17:15:21","GK2",551,56
935662,"Olympique Lyonnais","AS Saint Etienne","02/25/2018 17:15:34","Restart",552,56
935662,"Olympique Lyonnais","AS Saint Etienne","02/25/2018 17:15:36","AT2",553,56
935662,"Olympique Lyonnais","AS Saint Etienne","02/25/2018 17:15:42","SAFE2",554,56
935662,"Olympique Lyonnais","AS Saint Etienne","02/25/2018 17:15:53","AT2",555,56
935662,"Olympique Lyonnais","AS Saint Etienne","02/25/2018 17:15:58","Possible Free Kick",556,56
935662,"Olympique Lyonnais","AS Saint Etienne","02/25/2018 17:15:59","SAFE1",558,56
935662,"Olympique Lyonnais","AS Saint Etienne","02/25/2018 17:15:59","F2",559,56
935662,"Olympique Lyonnais","AS Saint Etienne","02/25/2018 17:15:59","FK1",560,56
935662,"Olympique Lyonnais","AS Saint Etienne","02/25/2018 17:15:59","Ball Position",561,56
935662,"Olympique Lyonnais","AS Saint Etienne","02/25/2018 17:16:04","Restart",562,56
935662,"Olympique Lyonnais","AS Saint Etienne","02/25/2018 17:16:12","AT1",563,56
935662,"Olympique Lyonnais","AS Saint Etienne","02/25/2018 17:16:26","DANGER1",564,57
935662,"Olympique Lyonnais","AS Saint Etienne","02/25/2018 17:16:26","DAT1",565,57
935662,"Olympique Lyonnais","AS Saint Etienne","02/25/2018 17:16:32","SAFE2",566,57
935662,"Olympique Lyonnais","AS Saint Etienne","02/25/2018 17:17:00","Possible Free Kick",567,57
935662,"Olympique Lyonnais","AS Saint Etienne","02/25/2018 17:17:03","F1",569,57
935662,"Olympique Lyonnais","AS Saint Etienne","02/25/2018 17:17:03","FK2",570,57
935662,"Olympique Lyonnais","AS Saint Etienne","02/25/2018 17:17:03","Ball Position",571,57
935662,"Olympique Lyonnais","AS Saint Etienne","02/25/2018 17:17:04","Restart",572,57
935662,"Olympique Lyonnais","AS Saint Etienne","02/25/2018 17:17:08","POSSIBLE_TI",573,57
935662,"Olympique Lyonnais","AS Saint Etienne","02/25/2018 17:17:09","TI1",574,57
935662,"Olympique Lyonnais","AS Saint Etienne","02/25/2018 17:17:20","Restart",575,58
935662,"Olympique Lyonnais","AS Saint Etienne","02/25/2018 17:17:25","AT2",576,58
935662,"Olympique Lyonnais","AS Saint Etienne","02/25/2018 17:17:25","DANGER2",577,58
935662,"Olympique Lyonnais","AS Saint Etienne","02/25/2018 17:17:25","DAT2",578,58
935662,"Olympique Lyonnais","AS Saint Etienne","02/25/2018 17:18:10","SAFE1",579,58
935662,"Olympique Lyonnais","AS Saint Etienne","02/25/2018 17:18:16","AT1",580,59
935662,"Olympique Lyonnais","AS Saint Etienne","02/25/2018 17:18:21","POSSIBLE_TI",581,59
935662,"Olympique Lyonnais","AS Saint Etienne","02/25/2018 17:18:22","TI1",582,59
935662,"Olympique Lyonnais","AS Saint Etienne","02/25/2018 17:18:31","Restart",583,59
935662,"Olympique Lyonnais","AS Saint Etienne","02/25/2018 17:18:50","Possible Free Kick",584,59
935662,"Olympique Lyonnais","AS Saint Etienne","02/25/2018 17:18:52","F2",586,59
935662,"Olympique Lyonnais","AS Saint Etienne","02/25/2018 17:18:52","FK1",587,59
935662,"Olympique Lyonnais","AS Saint Etienne","02/25/2018 17:18:52","DANGER1",588,59
935662,"Olympique Lyonnais","AS Saint Etienne","02/25/2018 17:18:52","DFK1",589,59
935662,"Olympique Lyonnais","AS Saint Etienne","02/25/2018 17:18:52","Ball Position",590,59
935662,"Olympique Lyonnais","AS Saint Etienne","02/25/2018 17:19:03","Restart",591,59
935662,"Olympique Lyonnais","AS Saint Etienne","02/25/2018 17:19:14","SHB1",592,60
935662,"Olympique Lyonnais","AS Saint Etienne","02/25/2018 17:19:27","SAFE2",593,60
935662,"Olympique Lyonnais","AS Saint Etienne","02/25/2018 17:19:27","GK2",594,60
935662,"Olympique Lyonnais","AS Saint Etienne","02/25/2018 17:19:35","Restart",595,60
935662,"Olympique Lyonnais","AS Saint Etienne","02/25/2018 17:19:37","AT2",596,60
935662,"Olympique Lyonnais","AS Saint Etienne","02/25/2018 17:19:45","SAFE1",597,60
935662,"Olympique Lyonnais","AS Saint Etienne","02/25/2018 17:19:46","AT1",598,60
935662,"Olympique Lyonnais","AS Saint Etienne","02/25/2018 17:19:48","DANGER1",599,60
935662,"Olympique Lyonnais","AS Saint Etienne","02/25/2018 17:19:48","DAT1",600,60
935662,"Olympique Lyonnais","AS Saint Etienne","02/25/2018 17:19:52","SHG1",601,60
935662,"Olympique Lyonnais","AS Saint Etienne","02/25/2018 17:19:58","SAFE2",602,60
935662,"Olympique Lyonnais","AS Saint Etienne","02/25/2018 17:20:11","AT2",603,60
935662,"Olympique Lyonnais","AS Saint Etienne","02/25/2018 17:20:23","POSSIBLE_TI",604,61
935662,"Olympique Lyonnais","AS Saint Etienne","02/25/2018 17:20:24","TI2",605,61
935662,"Olympique Lyonnais","AS Saint Etienne","02/25/2018 17:20:27","Restart",606,61
935662,"Olympique Lyonnais","AS Saint Etienne","02/25/2018 17:20:34","DANGER2",607,61
935662,"Olympique Lyonnais","AS Saint Etienne","02/25/2018 17:20:34","DAT2",608,61
935662,"Olympique Lyonnais","AS Saint Etienne","02/25/2018 17:20:41","SHG2",609,61
935662,"Olympique Lyonnais","AS Saint Etienne","02/25/2018 17:20:48","SAFE1",610,61
935662,"Olympique Lyonnais","AS Saint Etienne","02/25/2018 17:20:49","AT1",611,61
935662,"Olympique Lyonnais","AS Saint Etienne","02/25/2018 17:20:52","DANGER1",612,61
935662,"Olympique Lyonnais","AS Saint Etienne","02/25/2018 17:20:52","DAT1",613,61
935662,"Olympique Lyonnais","AS Saint Etienne","02/25/2018 17:20:58","SAFE2",614,61
935662,"Olympique Lyonnais","AS Saint Etienne","02/25/2018 17:21:05","AT2",615,61
935662,"Olympique Lyonnais","AS Saint Etienne","02/25/2018 17:21:31","DANGER2",616,62
935662,"Olympique Lyonnais","AS Saint Etienne","02/25/2018 17:21:31","DAT2",617,62
935662,"Olympique Lyonnais","AS Saint Etienne","02/25/2018 17:21:38","Possible Free Kick",618,62
935662,"Olympique Lyonnais","AS Saint Etienne","02/25/2018 17:21:39","SAFE1",620,62
935662,"Olympique Lyonnais","AS Saint Etienne","02/25/2018 17:21:39","F2",621,62
935662,"Olympique Lyonnais","AS Saint Etienne","02/25/2018 17:21:39","FK1",622,62
935662,"Olympique Lyonnais","AS Saint Etienne","02/25/2018 17:21:39","Ball Position",623,62
935662,"Olympique Lyonnais","AS Saint Etienne","02/25/2018 17:22:07","SUB2",624,62
935662,"Olympique Lyonnais","AS Saint Etienne","02/25/2018 17:22:19","Injury Break",625,63
935662,"Olympique Lyonnais","AS Saint Etienne","02/25/2018 17:23:05","Player_DATA_CONFIRMED",626,63
935662,"Olympique Lyonnais","AS Saint Etienne","02/25/2018 17:23:09","Restart",627,63
935662,"Olympique Lyonnais","AS Saint Etienne","02/25/2018 17:23:18","AT1",628,64
935662,"Olympique Lyonnais","AS Saint Etienne","02/25/2018 17:23:22","SAFE2",629,64
935662,"Olympique Lyonnais","AS Saint Etienne","02/25/2018 17:23:26","AT2",630,64
935662,"Olympique Lyonnais","AS Saint Etienne","02/25/2018 17:23:34","POSSIBLE_TI",631,64
935662,"Olympique Lyonnais","AS Saint Etienne","02/25/2018 17:23:35","TI2",632,64
935662,"Olympique Lyonnais","AS Saint Etienne","02/25/2018 17:23:38","Restart",633,64
935662,"Olympique Lyonnais","AS Saint Etienne","02/25/2018 17:23:47","SAFE1",634,64
935662,"Olympique Lyonnais","AS Saint Etienne","02/25/2018 17:23:48","AT1",635,64
935662,"Olympique Lyonnais","AS Saint Etienne","02/25/2018 17:23:50","DANGER1",636,64
935662,"Olympique Lyonnais","AS Saint Etienne","02/25/2018 17:23:50","DAT1",637,64
935662,"Olympique Lyonnais","AS Saint Etienne","02/25/2018 17:24:02","SAFE2",638,64
935662,"Olympique Lyonnais","AS Saint Etienne","02/25/2018 17:24:30","AT2",639,65
935662,"Olympique Lyonnais","AS Saint Etienne","02/25/2018 17:24:36","DANGER2",640,65
935662,"Olympique Lyonnais","AS Saint Etienne","02/25/2018 17:24:36","DAT2",641,65
935662,"Olympique Lyonnais","AS Saint Etienne","02/25/2018 17:24:38","POSSIBLE_TI",642,65
935662,"Olympique Lyonnais","AS Saint Etienne","02/25/2018 17:24:40","TI1",643,65
935662,"Olympique Lyonnais","AS Saint Etienne","02/25/2018 17:24:49","Restart",644,65
935662,"Olympique Lyonnais","AS Saint Etienne","02/25/2018 17:24:55","Possible Free Kick",645,65
935662,"Olympique Lyonnais","AS Saint Etienne","02/25/2018 17:24:57","SAFE1",647,65
935662,"Olympique Lyonnais","AS Saint Etienne","02/25/2018 17:24:57","F2",648,65
935662,"Olympique Lyonnais","AS Saint Etienne","02/25/2018 17:24:57","FK1",649,65
935662,"Olympique Lyonnais","AS Saint Etienne","02/25/2018 17:24:57","Ball Position",650,65
935662,"Olympique Lyonnais","AS Saint Etienne","02/25/2018 17:25:15","Restart",651,66
935662,"Olympique Lyonnais","AS Saint Etienne","02/25/2018 17:25:16","AT1",652,66
935662,"Olympique Lyonnais","AS Saint Etienne","02/25/2018 17:25:20","POSSIBLE_TI",653,66
935662,"Olympique Lyonnais","AS Saint Etienne","02/25/2018 17:25:22","TI2",654,66
935662,"Olympique Lyonnais","AS Saint Etienne","02/25/2018 17:25:27","Restart",655,66
935662,"Olympique Lyonnais","AS Saint Etienne","02/25/2018 17:25:29","SAFE2",656,66
935662,"Olympique Lyonnais","AS Saint Etienne","02/25/2018 17:25:58","AT2",657,66
935662,"Olympique Lyonnais","AS Saint Etienne","02/25/2018 17:26:07","DANGER2",658,66
935662,"Olympique Lyonnais","AS Saint Etienne","02/25/2018 17:26:07","DAT2",659,66
935662,"Olympique Lyonnais","AS Saint Etienne","02/25/2018 17:26:36","Possible Free Kick",660,67
935662,"Olympique Lyonnais","AS Saint Etienne","02/25/2018 17:26:38","SAFE1",662,67
935662,"Olympique Lyonnais","AS Saint Etienne","02/25/2018 17:26:38","F2",663,67
935662,"Olympique Lyonnais","AS Saint Etienne","02/25/2018 17:26:38","FK1",664,67
935662,"Olympique Lyonnais","AS Saint Etienne","02/25/2018 17:26:38","Ball Position",665,67
935662,"Olympique Lyonnais","AS Saint Etienne","02/25/2018 17:26:49","SUB2",666,67
935662,"Olympique Lyonnais","AS Saint Etienne","02/25/2018 17:26:58","Restart",667,67
935662,"Olympique Lyonnais","AS Saint Etienne","02/25/2018 17:27:01","AT1",668,67
935662,"Olympique Lyonnais","AS Saint Etienne","02/25/2018 17:27:06","SAFE2",669,67
935662,"Olympique Lyonnais","AS Saint Etienne","02/25/2018 17:27:08","AT2",670,67
935662,"Olympique Lyonnais","AS Saint Etienne","02/25/2018 17:27:32","DANGER2",671,68
935662,"Olympique Lyonnais","AS Saint Etienne","02/25/2018 17:27:32","DAT2",672,68
935662,"Olympique Lyonnais","AS Saint Etienne","02/25/2018 17:27:35","POSSIBLE_TI",673,68
935662,"Olympique Lyonnais","AS Saint Etienne","02/25/2018 17:27:35","Player_DATA_CONFIRMED",674,68
935662,"Olympique Lyonnais","AS Saint Etienne","02/25/2018 17:27:36","TI2",675,68
935662,"Olympique Lyonnais","AS Saint Etienne","02/25/2018 17:27:44","Restart",676,68
935662,"Olympique Lyonnais","AS Saint Etienne","02/25/2018 17:27:59","Possible Free Kick",677,68
935662,"Olympique Lyonnais","AS Saint Etienne","02/25/2018 17:28:03","F1",679,68
935662,"Olympique Lyonnais","AS Saint Etienne","02/25/2018 17:28:03","FK2",680,68
935662,"Olympique Lyonnais","AS Saint Etienne","02/25/2018 17:28:03","DFK2",681,68
935662,"Olympique Lyonnais","AS Saint Etienne","02/25/2018 17:28:03","Ball Position",682,68
935662,"Olympique Lyonnais","AS Saint Etienne","02/25/2018 17:29:13","SUB1",683,70
935662,"Olympique Lyonnais","AS Saint Etienne","02/25/2018 17:29:41","Restart",684,70
935662,"Olympique Lyonnais","AS Saint Etienne","02/25/2018 17:29:50","SAFE1",685,70
935662,"Olympique Lyonnais","AS Saint Etienne","02/25/2018 17:29:51","AT1",686,70
935662,"Olympique Lyonnais","AS Saint Etienne","02/25/2018 17:30:10","SAFE2",687,70
935662,"Olympique Lyonnais","AS Saint Etienne","02/25/2018 17:30:16","AT2",688,71
935662,"Olympique Lyonnais","AS Saint Etienne","02/25/2018 17:30:23","DANGER2",689,71
935662,"Olympique Lyonnais","AS Saint Etienne","02/25/2018 17:30:23","DAT2",690,71
935662,"Olympique Lyonnais","AS Saint Etienne","02/25/2018 17:30:28","PCR2",691,71
935662,"Olympique Lyonnais","AS Saint Etienne","02/25/2018 17:30:38","CR2",692,71
935662,"Olympique Lyonnais","AS Saint Etienne","02/25/2018 17:30:39","Ball Position",693,71
935662,"Olympique Lyonnais","AS Saint Etienne","02/25/2018 17:30:49","Restart",694,71
935662,"Olympique Lyonnais","AS Saint Etienne","02/25/2018 17:31:11","SAFE1",695,71
935662,"Olympique Lyonnais","AS Saint Etienne","02/25/2018 17:31:13","AT1",696,72
935662,"Olympique Lyonnais","AS Saint Etienne","02/25/2018 17:31:21","DANGER1",697,72
935662,"Olympique Lyonnais","AS Saint Etienne","02/25/2018 17:31:21","DAT1",698,72
935662,"Olympique Lyonnais","AS Saint Etienne","02/25/2018 17:31:28","SAFE2",699,72
935662,"Olympique Lyonnais","AS Saint Etienne","02/25/2018 17:31:35","Player_DATA_CONFIRMED",700,72
935662,"Olympique Lyonnais","AS Saint Etienne","02/25/2018 17:31:48","AT2",701,72
935662,"Olympique Lyonnais","AS Saint Etienne","02/25/2018 17:32:13","SAFE1",702,73
935662,"Olympique Lyonnais","AS Saint Etienne","02/25/2018 17:32:15","AT1",703,73
935662,"Olympique Lyonnais","AS Saint Etienne","02/25/2018 17:32:19","SAFE2",704,73
935662,"Olympique Lyonnais","AS Saint Etienne","02/25/2018 17:32:28","POSSIBLE_TI",705,73
935662,"Olympique Lyonnais","AS Saint Etienne","02/25/2018 17:32:29","TI2",706,73
935662,"Olympique Lyonnais","AS Saint Etienne","02/25/2018 17:32:34","Restart",707,73
935662,"Olympique Lyonnais","AS Saint Etienne","02/25/2018 17:33:00","AT2",708,73
935662,"Olympique Lyonnais","AS Saint Etienne","02/25/2018 17:33:11","DANGER2",709,73
935662,"Olympique Lyonnais","AS Saint Etienne","02/25/2018 17:33:11","DAT2",710,73
935662,"Olympique Lyonnais","AS Saint Etienne","02/25/2018 17:33:20","PCR2",711,74
935662,"Olympique Lyonnais","AS Saint Etienne","02/25/2018 17:33:27","CR2",712,74
935662,"Olympique Lyonnais","AS Saint Etienne","02/25/2018 17:33:28","Ball Position",713,74
935662,"Olympique Lyonnais","AS Saint Etienne","02/25/2018 17:33:39","Restart",714,74
935662,"Olympique Lyonnais","AS Saint Etienne","02/25/2018 17:34:20","PCR2",715,75
935662,"Olympique Lyonnais","AS Saint Etienne","02/25/2018 17:34:22","SHG2",716,75
935662,"Olympique Lyonnais","AS Saint Etienne","02/25/2018 17:34:29","CR2",717,75
935662,"Olympique Lyonnais","AS Saint Etienne","02/25/2018 17:34:30","Ball Position",718,75
935662,"Olympique Lyonnais","AS Saint Etienne","02/25/2018 17:34:46","Restart",719,75
935662,"Olympique Lyonnais","AS Saint Etienne","02/25/2018 17:34:54","PCR2",720,75
935662,"Olympique Lyonnais","AS Saint Etienne","02/25/2018 17:34:56","SHG2",721,75
935662,"Olympique Lyonnais","AS Saint Etienne","02/25/2018 17:35:02","CR2",722,75
935662,"Olympique Lyonnais","AS Saint Etienne","02/25/2018 17:35:04","Ball Position",723,75
935662,"Olympique Lyonnais","AS Saint Etienne","02/25/2018 17:35:20","Restart",724,76
935662,"Olympique Lyonnais","AS Saint Etienne","02/25/2018 17:35:27","Possible Free Kick",725,76
935662,"Olympique Lyonnais","AS Saint Etienne","02/25/2018 17:35:35","No Free Kick",727,76
935662,"Olympique Lyonnais","AS Saint Etienne","02/25/2018 17:35:39","SAFE1",728,76
935662,"Olympique Lyonnais","AS Saint Etienne","02/25/2018 17:35:39","GK1",729,76
935662,"Olympique Lyonnais","AS Saint Etienne","02/25/2018 17:35:50","Restart",730,76
935662,"Olympique Lyonnais","AS Saint Etienne","02/25/2018 17:35:52","AT1",731,76
935662,"Olympique Lyonnais","AS Saint Etienne","02/25/2018 17:35:55","SAFE2",732,76
935662,"Olympique Lyonnais","AS Saint Etienne","02/25/2018 17:35:57","AT2",733,76
935662,"Olympique Lyonnais","AS Saint Etienne","02/25/2018 17:35:59","Possible Free Kick",734,76
935662,"Olympique Lyonnais","AS Saint Etienne","02/25/2018 17:36:04","F1",736,76
935662,"Olympique Lyonnais","AS Saint Etienne","02/25/2018 17:36:04","FK2",737,76
935662,"Olympique Lyonnais","AS Saint Etienne","02/25/2018 17:36:04","DANGER2",738,76
935662,"Olympique Lyonnais","AS Saint Etienne","02/25/2018 17:36:04","DFK2",739,76
935662,"Olympique Lyonnais","AS Saint Etienne","02/25/2018 17:36:04","Ball Position",740,76
935662,"Olympique Lyonnais","AS Saint Etienne","02/25/2018 17:36:04","Restart",741,76
935662,"Olympique Lyonnais","AS Saint Etienne","02/25/2018 17:36:06","POSSIBLE_TI",742,76
935662,"Olympique Lyonnais","AS Saint Etienne","02/25/2018 17:36:07","TI1",743,76
935662,"Olympique Lyonnais","AS Saint Etienne","02/25/2018 17:36:12","Restart",744,76
935662,"Olympique Lyonnais","AS Saint Etienne","02/25/2018 17:36:16","SAFE1",745,77
935662,"Olympique Lyonnais","AS Saint Etienne","02/25/2018 17:36:16","AT1",746,77
935662,"Olympique Lyonnais","AS Saint Etienne","02/25/2018 17:36:25","Possible Free Kick",747,77
935662,"Olympique Lyonnais","AS Saint Etienne","02/25/2018 17:36:29","SAFE2",749,77
935662,"Olympique Lyonnais","AS Saint Etienne","02/25/2018 17:36:29","F1",750,77
935662,"Olympique Lyonnais","AS Saint Etienne","02/25/2018 17:36:29","FK2",751,77
935662,"Olympique Lyonnais","AS Saint Etienne","02/25/2018 17:36:29","Ball Position",752,77
935662,"Olympique Lyonnais","AS Saint Etienne","02/25/2018 17:36:49","POSSIBLE_CARDS",753,77
935662,"Olympique Lyonnais","AS Saint Etienne","02/25/2018 17:36:51","YC1",754,77
935662,"Olympique Lyonnais","AS Saint Etienne","02/25/2018 17:36:54","CONF_YC1",755,77
935662,"Olympique Lyonnais","AS Saint Etienne","02/25/2018 17:36:57","Scorer",756,77
935662,"Olympique Lyonnais","AS Saint Etienne","02/25/2018 17:37:07","Restart",757,77
935662,"Olympique Lyonnais","AS Saint Etienne","02/25/2018 17:37:07","AT2",758,77
935662,"Olympique Lyonnais","AS Saint Etienne","02/25/2018 17:37:10","POSSIBLE_TI",759,77
935662,"Olympique Lyonnais","AS Saint Etienne","02/25/2018 17:37:10","TI2",760,77
935662,"Olympique Lyonnais","AS Saint Etienne","02/25/2018 17:37:14","Restart",761,78
935662,"Olympique Lyonnais","AS Saint Etienne","02/25/2018 17:37:30","POSSIBLE_TI",762,78
935662,"Olympique Lyonnais","AS Saint Etienne","02/25/2018 17:37:31","TI2",763,78
935662,"Olympique Lyonnais","AS Saint Etienne","02/25/2018 17:37:35","Restart",764,78
935662,"Olympique Lyonnais","AS Saint Etienne","02/25/2018 17:37:50","DANGER2",765,78
935662,"Olympique Lyonnais","AS Saint Etienne","02/25/2018 17:37:50","DAT2",766,78
935662,"Olympique Lyonnais","AS Saint Etienne","02/25/2018 17:38:00","SHB2",767,78
935662,"Olympique Lyonnais","AS Saint Etienne","02/25/2018 17:38:03","Possible Free Kick",768,78
935662,"Olympique Lyonnais","AS Saint Etienne","02/25/2018 17:38:05","Player_DATA_CONFIRMED",770,78
935662,"Olympique Lyonnais","AS Saint Etienne","02/25/2018 17:38:05","SAFE1",771,78
935662,"Olympique Lyonnais","AS Saint Etienne","02/25/2018 17:38:05","O2",772,78
935662,"Olympique Lyonnais","AS Saint Etienne","02/25/2018 17:38:05","FK1",773,78
935662,"Olympique Lyonnais","AS Saint Etienne","02/25/2018 17:38:05","Ball Position",774,78
935662,"Olympique Lyonnais","AS Saint Etienne","02/25/2018 17:38:24","Restart",775,79
935662,"Olympique Lyonnais","AS Saint Etienne","02/25/2018 17:38:26","AT1",776,79
935662,"Olympique Lyonnais","AS Saint Etienne","02/25/2018 17:38:30","SAFE2",777,79
935662,"Olympique Lyonnais","AS Saint Etienne","02/25/2018 17:38:33","AT2",778,79
935662,"Olympique Lyonnais","AS Saint Etienne","02/25/2018 17:38:36","DANGER2",779,79
935662,"Olympique Lyonnais","AS Saint Etienne","02/25/2018 17:38:36","DAT2",780,79
935662,"Olympique Lyonnais","AS Saint Etienne","02/25/2018 17:38:42","Possible Free Kick",781,79
935662,"Olympique Lyonnais","AS Saint Etienne","02/25/2018 17:38:47","F1",783,79
935662,"Olympique Lyonnais","AS Saint Etienne","02/25/2018 17:38:47","FK2",784,79
935662,"Olympique Lyonnais","AS Saint Etienne","02/25/2018 17:38:47","DFK2",785,79
935662,"Olympique Lyonnais","AS Saint Etienne","02/25/2018 17:38:47","Ball Position",786,79
935662,"Olympique Lyonnais","AS Saint Etienne","02/25/2018 17:39:09","Restart",787,79
935662,"Olympique Lyonnais","AS Saint Etienne","02/25/2018 17:39:45","POSSIBLE_TI",788,80
935662,"Olympique Lyonnais","AS Saint Etienne","02/25/2018 17:39:47","TI1",789,80
935662,"Olympique Lyonnais","AS Saint Etienne","02/25/2018 17:40:20","Restart",790,81
935662,"Olympique Lyonnais","AS Saint Etienne","02/25/2018 17:40:30","SAFE1",791,81
935662,"Olympique Lyonnais","AS Saint Etienne","02/25/2018 17:40:52","AT2",792,81
935662,"Olympique Lyonnais","AS Saint Etienne","02/25/2018 17:40:57","SAFE1",793,81
935662,"Olympique Lyonnais","AS Saint Etienne","02/25/2018 17:40:58","AT1",794,81
935662,"Olympique Lyonnais","AS Saint Etienne","02/25/2018 17:41:00","DANGER1",795,81
935662,"Olympique Lyonnais","AS Saint Etienne","02/25/2018 17:41:00","DAT1",796,81
935662,"Olympique Lyonnais","AS Saint Etienne","02/25/2018 17:41:08","BLOCKED1",797,81
935662,"Olympique Lyonnais","AS Saint Etienne","02/25/2018 17:41:17","SAFE2",798,82
935662,"Olympique Lyonnais","AS Saint Etienne","02/25/2018 17:41:18","AT2",799,82
935662,"Olympique Lyonnais","AS Saint Etienne","02/25/2018 17:41:23","DANGER2",800,82
935662,"Olympique Lyonnais","AS Saint Etienne","02/25/2018 17:41:23","DAT2",801,82
935662,"Olympique Lyonnais","AS Saint Etienne","02/25/2018 17:41:32","POSSIBLE_TI",802,82
935662,"Olympique Lyonnais","AS Saint Etienne","02/25/2018 17:41:34","TI2",803,82
935662,"Olympique Lyonnais","AS Saint Etienne","02/25/2018 17:41:41","Restart",804,82
935662,"Olympique Lyonnais","AS Saint Etienne","02/25/2018 17:41:48","Possible Free Kick",805,82
935662,"Olympique Lyonnais","AS Saint Etienne","02/25/2018 17:41:50","F1",807,82
935662,"Olympique Lyonnais","AS Saint Etienne","02/25/2018 17:41:50","FK2",808,82
935662,"Olympique Lyonnais","AS Saint Etienne","02/25/2018 17:41:50","DFK2",809,82
935662,"Olympique Lyonnais","AS Saint Etienne","02/25/2018 17:41:50","Ball Position",810,82
935662,"Olympique Lyonnais","AS Saint Etienne","02/25/2018 17:42:15","Restart",811,83
935662,"Olympique Lyonnais","AS Saint Etienne","02/25/2018 17:42:21","SAFE1",812,83
935662,"Olympique Lyonnais","AS Saint Etienne","02/25/2018 17:42:28","SAFE2",813,83
935662,"Olympique Lyonnais","AS Saint Etienne","02/25/2018 17:42:37","AT2",814,83
935662,"Olympique Lyonnais","AS Saint Etienne","02/25/2018 17:42:53","SAFE2",815,83
935662,"Olympique Lyonnais","AS Saint Etienne","02/25/2018 17:43:06","AT2",816,83
935662,"Olympique Lyonnais","AS Saint Etienne","02/25/2018 17:43:18","DANGER2",817,84
935662,"Olympique Lyonnais","AS Saint Etienne","02/25/2018 17:43:18","DAT2",818,84
935662,"Olympique Lyonnais","AS Saint Etienne","02/25/2018 17:43:22","SAFE1",819,84
935662,"Olympique Lyonnais","AS Saint Etienne","02/25/2018 17:43:23","AT1",820,84
935662,"Olympique Lyonnais","AS Saint Etienne","02/25/2018 17:43:26","DANGER1",821,84
935662,"Olympique Lyonnais","AS Saint Etienne","02/25/2018 17:43:26","DAT1",822,84
935662,"Olympique Lyonnais","AS Saint Etienne","02/25/2018 17:43:31","Possible Free Kick",823,84
935662,"Olympique Lyonnais","AS Saint Etienne","02/25/2018 17:43:33","F2",825,84
935662,"Olympique Lyonnais","AS Saint Etienne","02/25/2018 17:43:33","FK1",826,84
935662,"Olympique Lyonnais","AS Saint Etienne","02/25/2018 17:43:33","DFK1",827,84
935662,"Olympique Lyonnais","AS Saint Etienne","02/25/2018 17:43:33","Ball Position",828,84
935662,"Olympique Lyonnais","AS Saint Etienne","02/25/2018 17:43:42","POSSIBLE_CARDS",829,84
935662,"Olympique Lyonnais","AS Saint Etienne","02/25/2018 17:43:45","YC2",830,84
935662,"Olympique Lyonnais","AS Saint Etienne","02/25/2018 17:43:48","CONF_YC2",831,84
935662,"Olympique Lyonnais","AS Saint Etienne","02/25/2018 17:43:53","Scorer",832,84
935662,"Olympique Lyonnais","AS Saint Etienne","02/25/2018 17:44:10","Player_DATA_CONFIRMED",833,84
935662,"Olympique Lyonnais","AS Saint Etienne","02/25/2018 17:44:54","Restart",834,85
935662,"Olympique Lyonnais","AS Saint Etienne","02/25/2018 17:44:57","SHG1",835,85
935662,"Olympique Lyonnais","AS Saint Etienne","02/25/2018 17:45:02","POSSIBLE_TI",836,85
935662,"Olympique Lyonnais","AS Saint Etienne","02/25/2018 17:45:03","TI1",837,85
935662,"Olympique Lyonnais","AS Saint Etienne","02/25/2018 17:45:13","Restart",838,85
935662,"Olympique Lyonnais","AS Saint Etienne","02/25/2018 17:45:20","Possible Free Kick",839,86
935662,"Olympique Lyonnais","AS Saint Etienne","02/25/2018 17:45:22","SAFE2",841,86
935662,"Olympique Lyonnais","AS Saint Etienne","02/25/2018 17:45:22","O1",842,86
935662,"Olympique Lyonnais","AS Saint Etienne","02/25/2018 17:45:22","FK2",843,86
935662,"Olympique Lyonnais","AS Saint Etienne","02/25/2018 17:45:22","Ball Position",844,86
935662,"Olympique Lyonnais","AS Saint Etienne","02/25/2018 17:45:32","Restart",845,86
935662,"Olympique Lyonnais","AS Saint Etienne","02/25/2018 17:45:38","AT2",846,86
935662,"Olympique Lyonnais","AS Saint Etienne","02/25/2018 17:45:54","DANGER2",847,86
935662,"Olympique Lyonnais","AS Saint Etienne","02/25/2018 17:45:54","DAT2",848,86
935662,"Olympique Lyonnais","AS Saint Etienne","02/25/2018 17:45:57","SAFE1",849,86
935662,"Olympique Lyonnais","AS Saint Etienne","02/25/2018 17:46:07","AT1",850,86
935662,"Olympique Lyonnais","AS Saint Etienne","02/25/2018 17:46:10","SAFE2",851,86
935662,"Olympique Lyonnais","AS Saint Etienne","02/25/2018 17:46:19","AT2",852,87
935662,"Olympique Lyonnais","AS Saint Etienne","02/25/2018 17:46:41","DANGER2",853,87
935662,"Olympique Lyonnais","AS Saint Etienne","02/25/2018 17:46:41","DAT2",854,87
935662,"Olympique Lyonnais","AS Saint Etienne","02/25/2018 17:47:07","SAFE1",855,87
935662,"Olympique Lyonnais","AS Saint Etienne","02/25/2018 17:47:07","GK1",856,87
935662,"Olympique Lyonnais","AS Saint Etienne","02/25/2018 17:47:28","SUB2",857,88
935662,"Olympique Lyonnais","AS Saint Etienne","02/25/2018 17:47:40","Restart",858,88
935662,"Olympique Lyonnais","AS Saint Etienne","02/25/2018 17:47:43","AT1",859,88
935662,"Olympique Lyonnais","AS Saint Etienne","02/25/2018 17:47:46","POSSIBLE_TI",860,88
935662,"Olympique Lyonnais","AS Saint Etienne","02/25/2018 17:47:46","TI1",861,88
935662,"Olympique Lyonnais","AS Saint Etienne","02/25/2018 17:48:00","Restart",862,88
935662,"Olympique Lyonnais","AS Saint Etienne","02/25/2018 17:48:05","Player_DATA_CONFIRMED",863,88
935662,"Olympique Lyonnais","AS Saint Etienne","02/25/2018 17:48:08","SAFE2",864,88
935662,"Olympique Lyonnais","AS Saint Etienne","02/25/2018 17:48:08","GK2",865,88
935662,"Olympique Lyonnais","AS Saint Etienne","02/25/2018 17:48:19","Restart",866,89
935662,"Olympique Lyonnais","AS Saint Etienne","02/25/2018 17:48:21","AT2",867,89
935662,"Olympique Lyonnais","AS Saint Etienne","02/25/2018 17:48:35","SAFE1",868,89
935662,"Olympique Lyonnais","AS Saint Etienne","02/25/2018 17:48:41","Possible Free Kick",869,89
935662,"Olympique Lyonnais","AS Saint Etienne","02/25/2018 17:48:44","F2",871,89
935662,"Olympique Lyonnais","AS Saint Etienne","02/25/2018 17:48:44","FK1",872,89
935662,"Olympique Lyonnais","AS Saint Etienne","02/25/2018 17:48:44","Ball Position",873,89
935662,"Olympique Lyonnais","AS Saint Etienne","02/25/2018 17:48:54","Restart",874,89
935662,"Olympique Lyonnais","AS Saint Etienne","02/25/2018 17:49:07","POSSIBLE_TI",875,89
935662,"Olympique Lyonnais","AS Saint Etienne","02/25/2018 17:49:08","TI2",876,89
935662,"Olympique Lyonnais","AS Saint Etienne","02/25/2018 17:49:10","Restart",877,89
935662,"Olympique Lyonnais","AS Saint Etienne","02/25/2018 17:49:12","SAFE2",878,89
935662,"Olympique Lyonnais","AS Saint Etienne","02/25/2018 17:49:18","AT2",879,90
935662,"Olympique Lyonnais","AS Saint Etienne","02/25/2018 17:49:22","DANGER2",880,90
935662,"Olympique Lyonnais","AS Saint Etienne","02/25/2018 17:49:22","DAT2",881,90
935662,"Olympique Lyonnais","AS Saint Etienne","02/25/2018 17:49:31","GOAL2",882,90
935662,"Olympique Lyonnais","AS Saint Etienne","02/25/2018 17:49:38","Scorer",883,90
935662,"Olympique Lyonnais","AS Saint Etienne","02/25/2018 17:50:22","CONF_GOAL2",884,91
935662,"Olympique Lyonnais","AS Saint Etienne","02/25/2018 17:50:25","Extra Time",885,91
935662,"Olympique Lyonnais","AS Saint Etienne","02/25/2018 17:50:39","Player_DATA_CONFIRMED",886,91
935662,"Olympique Lyonnais","AS Saint Etienne","02/25/2018 17:50:40","KO1",887,91
935662,"Olympique Lyonnais","AS Saint Etienne","02/25/2018 17:50:40","SAFE1",888,91
935662,"Olympique Lyonnais","AS Saint Etienne","02/25/2018 17:50:49","AT1",889,91
935662,"Olympique Lyonnais","AS Saint Etienne","02/25/2018 17:51:00","POSSIBLE_TI",890,91
935662,"Olympique Lyonnais","AS Saint Etienne","02/25/2018 17:51:01","TI2",891,91
935662,"Olympique Lyonnais","AS Saint Etienne","02/25/2018 17:51:14","Restart",892,92
935662,"Olympique Lyonnais","AS Saint Etienne","02/25/2018 17:51:15","SAFE2",893,92
935662,"Olympique Lyonnais","AS Saint Etienne","02/25/2018 17:51:25","AT2",894,92
935662,"Olympique Lyonnais","AS Saint Etienne","02/25/2018 17:51:35","Assist",895,92
935662,"Olympique Lyonnais","AS Saint Etienne","02/25/2018 17:51:37","DANGER2",896,92
935662,"Olympique Lyonnais","AS Saint Etienne","02/25/2018 17:51:37","DAT2",897,92
935662,"Olympique Lyonnais","AS Saint Etienne","02/25/2018 17:51:50","Possible Free Kick",898,92
935662,"Olympique Lyonnais","AS Saint Etienne","02/25/2018 17:51:51","SAFE1",900,92
935662,"Olympique Lyonnais","AS Saint Etienne","02/25/2018 17:51:51","F2",901,92
935662,"Olympique Lyonnais","AS Saint Etienne","02/25/2018 17:51:51","FK1",902,92
935662,"Olympique Lyonnais","AS Saint Etienne","02/25/2018 17:51:51","Ball Position",903,92
935662,"Olympique Lyonnais","AS Saint Etienne","02/25/2018 17:52:03","Restart",904,92
935662,"Olympique Lyonnais","AS Saint Etienne","02/25/2018 17:52:04","AT1",905,92
935662,"Olympique Lyonnais","AS Saint Etienne","02/25/2018 17:52:08","SAFE2",906,92
935662,"Olympique Lyonnais","AS Saint Etienne","02/25/2018 17:52:08","AT2",907,92
935662,"Olympique Lyonnais","AS Saint Etienne","02/25/2018 17:52:23","Possible Free Kick",908,93
935662,"Olympique Lyonnais","AS Saint Etienne","02/25/2018 17:52:27","POSSIBLE_CARDS",910,93
935662,"Olympique Lyonnais","AS Saint Etienne","02/25/2018 17:52:39","YC2",911,93
935662,"Olympique Lyonnais","AS Saint Etienne","02/25/2018 17:52:41","CONF_YC2",912,93
935662,"Olympique Lyonnais","AS Saint Etienne","02/25/2018 17:52:45","Scorer",913,93
935662,"Olympique Lyonnais","AS Saint Etienne","02/25/2018 17:52:47","SAFE1",914,93
935662,"Olympique Lyonnais","AS Saint Etienne","02/25/2018 17:52:47","F2",915,93
935662,"Olympique Lyonnais","AS Saint Etienne","02/25/2018 17:52:47","FK1",916,93
935662,"Olympique Lyonnais","AS Saint Etienne","02/25/2018 17:52:47","Ball Position",917,93
935662,"Olympique Lyonnais","AS Saint Etienne","02/25/2018 17:52:55","Restart",918,93
935662,"Olympique Lyonnais","AS Saint Etienne","02/25/2018 17:52:56","AT1",919,93
935662,"Olympique Lyonnais","AS Saint Etienne","02/25/2018 17:52:58","DANGER1",920,93
935662,"Olympique Lyonnais","AS Saint Etienne","02/25/2018 17:52:58","DAT1",921,93
935662,"Olympique Lyonnais","AS Saint Etienne","02/25/2018 17:53:01","SHB1",922,93
935662,"Olympique Lyonnais","AS Saint Etienne","02/25/2018 17:53:11","SAFE2",923,93
935662,"Olympique Lyonnais","AS Saint Etienne","02/25/2018 17:53:12","GK2",924,93
935662,"Olympique Lyonnais","AS Saint Etienne","02/25/2018 17:53:24","CLS",925,94
935662,"Olympique Lyonnais","AS Saint Etienne","02/25/2018 17:53:29","Stop RT2",926,94
935662,"Olympique Lyonnais","AS Saint Etienne","02/25/2018 17:53:29","Stop Game",927,94
935662,"Olympique Lyonnais","AS Saint Etienne","02/25/2018 17:53:35","Player_DATA_CONFIRMED",928,93
935662,"Olympique Lyonnais","AS Saint Etienne","02/25/2018 17:53:43","CONF_PERIOD_SCORE",929,93
