"RBallID","HomeTeam","AwayTeam","Timestamp","Incident","IncidentNumber","Minute"
932106,"AS Monaco FC","Dijon FCO","02/16/2018 18:51:24","Lineup changed",0,0
932106,"AS Monaco FC","Dijon FCO","02/16/2018 18:51:43","Transmission Online",1,0
932106,"AS Monaco FC","Dijon FCO","02/16/2018 18:51:43","Scout in Stadion",2,0
932106,"AS Monaco FC","Dijon FCO","02/16/2018 19:01:22","GCC",3,0
932106,"AS Monaco FC","Dijon FCO","02/16/2018 19:43:04","Players are coming out",4,0
932106,"AS Monaco FC","Dijon FCO","02/16/2018 19:44:10","Players lined up",5,0
932106,"AS Monaco FC","Dijon FCO","02/16/2018 19:44:20","Shake hands",6,0
932106,"AS Monaco FC","Dijon FCO","02/16/2018 19:45:04","Jersey Changed",7,0
932106,"AS Monaco FC","Dijon FCO","02/16/2018 19:45:04","Jersey Changed",8,0
932106,"AS Monaco FC","Dijon FCO","02/16/2018 19:45:04","Flip coin",9,0
932106,"AS Monaco FC","Dijon FCO","02/16/2018 19:46:02","System Message",10,0
932106,"AS Monaco FC","Dijon FCO","02/16/2018 19:46:14","Game about to start",11,0
932106,"AS Monaco FC","Dijon FCO","02/16/2018 19:46:31","Start RT1 Team 1",12,1
932106,"AS Monaco FC","Dijon FCO","02/16/2018 19:46:47","AT1",13,1
932106,"AS Monaco FC","Dijon FCO","02/16/2018 19:46:53","DANGER1",14,1
932106,"AS Monaco FC","Dijon FCO","02/16/2018 19:46:53","DAT1",15,1
932106,"AS Monaco FC","Dijon FCO","02/16/2018 19:47:09","SAFE1",16,1
932106,"AS Monaco FC","Dijon FCO","02/16/2018 19:47:45","AT1",17,2
932106,"AS Monaco FC","Dijon FCO","02/16/2018 19:47:57","SAFE1",18,2
932106,"AS Monaco FC","Dijon FCO","02/16/2018 19:48:05","AT1",19,2
932106,"AS Monaco FC","Dijon FCO","02/16/2018 19:48:21","DANGER1",20,2
932106,"AS Monaco FC","Dijon FCO","02/16/2018 19:48:21","DAT1",21,2
932106,"AS Monaco FC","Dijon FCO","02/16/2018 19:48:29","SHB1",22,2
932106,"AS Monaco FC","Dijon FCO","02/16/2018 19:48:32","SAFE2",23,3
932106,"AS Monaco FC","Dijon FCO","02/16/2018 19:48:32","GK2",24,3
932106,"AS Monaco FC","Dijon FCO","02/16/2018 19:48:45","Restart",25,3
932106,"AS Monaco FC","Dijon FCO","02/16/2018 19:48:54","AT1",26,3
932106,"AS Monaco FC","Dijon FCO","02/16/2018 19:48:58","DANGER1",27,3
932106,"AS Monaco FC","Dijon FCO","02/16/2018 19:48:58","DAT1",28,3
932106,"AS Monaco FC","Dijon FCO","02/16/2018 19:49:12","POSSIBLE_TI",29,3
932106,"AS Monaco FC","Dijon FCO","02/16/2018 19:49:12","TI2",30,3
932106,"AS Monaco FC","Dijon FCO","02/16/2018 19:49:25","Restart",31,3
932106,"AS Monaco FC","Dijon FCO","02/16/2018 19:49:51","Possible Free Kick",32,4
932106,"AS Monaco FC","Dijon FCO","02/16/2018 19:49:53","F2",34,4
932106,"AS Monaco FC","Dijon FCO","02/16/2018 19:49:53","FK1",35,4
932106,"AS Monaco FC","Dijon FCO","02/16/2018 19:49:53","DFK1",36,4
932106,"AS Monaco FC","Dijon FCO","02/16/2018 19:49:53","Ball Position",37,4
932106,"AS Monaco FC","Dijon FCO","02/16/2018 19:50:22","Scout offline",38,4
932106,"AS Monaco FC","Dijon FCO","02/16/2018 19:50:54","Transmission Online",39,5
932106,"AS Monaco FC","Dijon FCO","02/16/2018 19:50:54","Start score update",40,5
932106,"AS Monaco FC","Dijon FCO","02/16/2018 19:50:54","Statistic confirmation",41,5
932106,"AS Monaco FC","Dijon FCO","02/16/2018 19:50:54","Score update finished",42,5
932106,"AS Monaco FC","Dijon FCO","02/16/2018 19:50:55","SAFE2",43,5
932106,"AS Monaco FC","Dijon FCO","02/16/2018 19:51:01","System Message",44,5
932106,"AS Monaco FC","Dijon FCO","02/16/2018 19:51:05","AT2",45,5
932106,"AS Monaco FC","Dijon FCO","02/16/2018 19:51:13","Lineup changed",46,5
932106,"AS Monaco FC","Dijon FCO","02/16/2018 19:51:23","DANGER2",47,5
932106,"AS Monaco FC","Dijon FCO","02/16/2018 19:51:23","DAT2",48,5
932106,"AS Monaco FC","Dijon FCO","02/16/2018 19:51:28","SHB2",49,5
932106,"AS Monaco FC","Dijon FCO","02/16/2018 19:51:30","SAFE1",50,5
932106,"AS Monaco FC","Dijon FCO","02/16/2018 19:51:30","GK1",51,5
932106,"AS Monaco FC","Dijon FCO","02/16/2018 19:51:43","Restart",52,6
932106,"AS Monaco FC","Dijon FCO","02/16/2018 19:51:56","Start score update",53,6
932106,"AS Monaco FC","Dijon FCO","02/16/2018 19:51:56","Statistic confirmation",54,6
932106,"AS Monaco FC","Dijon FCO","02/16/2018 19:51:56","Score update finished",55,6
932106,"AS Monaco FC","Dijon FCO","02/16/2018 19:51:59","SAFE1",56,6
932106,"AS Monaco FC","Dijon FCO","02/16/2018 19:52:00","GK1",57,6
932106,"AS Monaco FC","Dijon FCO","02/16/2018 19:52:09","Restart",58,6
932106,"AS Monaco FC","Dijon FCO","02/16/2018 19:52:15","AT2",59,6
932106,"AS Monaco FC","Dijon FCO","02/16/2018 19:52:18","DANGER2",60,6
932106,"AS Monaco FC","Dijon FCO","02/16/2018 19:52:18","DAT2",61,6
932106,"AS Monaco FC","Dijon FCO","02/16/2018 19:52:23","System Message",62,6
932106,"AS Monaco FC","Dijon FCO","02/16/2018 19:52:43","SAFE1",63,7
932106,"AS Monaco FC","Dijon FCO","02/16/2018 19:53:28","AT1",64,7
932106,"AS Monaco FC","Dijon FCO","02/16/2018 19:53:31","DANGER1",65,7
932106,"AS Monaco FC","Dijon FCO","02/16/2018 19:53:31","DAT1",66,7
932106,"AS Monaco FC","Dijon FCO","02/16/2018 19:53:36","PCR1",67,8
932106,"AS Monaco FC","Dijon FCO","02/16/2018 19:53:39","NCR1",68,8
932106,"AS Monaco FC","Dijon FCO","02/16/2018 19:53:40","SAFE2",69,8
932106,"AS Monaco FC","Dijon FCO","02/16/2018 19:53:41","GK2",70,8
932106,"AS Monaco FC","Dijon FCO","02/16/2018 19:53:56","Restart",71,8
932106,"AS Monaco FC","Dijon FCO","02/16/2018 19:54:31","AT2",72,9
932106,"AS Monaco FC","Dijon FCO","02/16/2018 19:54:37","POSSIBLE_TI",73,9
932106,"AS Monaco FC","Dijon FCO","02/16/2018 19:54:39","TI2",74,9
932106,"AS Monaco FC","Dijon FCO","02/16/2018 19:54:59","Danger",75,9
932106,"AS Monaco FC","Dijon FCO","02/16/2018 19:54:59","Scout offline",76,9
932106,"AS Monaco FC","Dijon FCO","02/16/2018 19:55:21","Transmission Online",77,9
932106,"AS Monaco FC","Dijon FCO","02/16/2018 19:55:21","Start score update",78,9
932106,"AS Monaco FC","Dijon FCO","02/16/2018 19:55:21","Statistic confirmation",79,9
932106,"AS Monaco FC","Dijon FCO","02/16/2018 19:55:21","Score update finished",80,9
932106,"AS Monaco FC","Dijon FCO","02/16/2018 19:55:22","SAFE1",81,9
932106,"AS Monaco FC","Dijon FCO","02/16/2018 19:55:24","POSSIBLE_TI",82,9
932106,"AS Monaco FC","Dijon FCO","02/16/2018 19:55:27","TI2",83,9
932106,"AS Monaco FC","Dijon FCO","02/16/2018 19:55:32","Restart",84,10
932106,"AS Monaco FC","Dijon FCO","02/16/2018 19:55:40","AT2",85,10
932106,"AS Monaco FC","Dijon FCO","02/16/2018 19:55:56","DANGER2",86,10
932106,"AS Monaco FC","Dijon FCO","02/16/2018 19:55:56","DAT2",87,10
932106,"AS Monaco FC","Dijon FCO","02/16/2018 19:56:08","System Message",88,10
932106,"AS Monaco FC","Dijon FCO","02/16/2018 19:56:11","Possible Free Kick",89,10
932106,"AS Monaco FC","Dijon FCO","02/16/2018 19:56:14","SAFE1",91,10
932106,"AS Monaco FC","Dijon FCO","02/16/2018 19:56:14","F2",92,10
932106,"AS Monaco FC","Dijon FCO","02/16/2018 19:56:14","FK1",93,10
932106,"AS Monaco FC","Dijon FCO","02/16/2018 19:56:15","Ball Position",94,10
932106,"AS Monaco FC","Dijon FCO","02/16/2018 19:56:15","Lineup changed",95,10
932106,"AS Monaco FC","Dijon FCO","02/16/2018 19:56:21","Restart",96,10
932106,"AS Monaco FC","Dijon FCO","02/16/2018 19:56:29","AT1",97,10
932106,"AS Monaco FC","Dijon FCO","02/16/2018 19:56:38","SAFE2",98,11
932106,"AS Monaco FC","Dijon FCO","02/16/2018 19:56:50","AT2",99,11
932106,"AS Monaco FC","Dijon FCO","02/16/2018 19:56:56","DANGER2",100,11
932106,"AS Monaco FC","Dijon FCO","02/16/2018 19:56:56","DAT2",101,11
932106,"AS Monaco FC","Dijon FCO","02/16/2018 19:57:13","SAFE2",102,11
932106,"AS Monaco FC","Dijon FCO","02/16/2018 19:57:32","Possible Free Kick",103,12
932106,"AS Monaco FC","Dijon FCO","02/16/2018 19:57:35","F1",105,12
932106,"AS Monaco FC","Dijon FCO","02/16/2018 19:57:35","FK2",106,12
932106,"AS Monaco FC","Dijon FCO","02/16/2018 19:57:35","DANGER2",107,12
932106,"AS Monaco FC","Dijon FCO","02/16/2018 19:57:35","DFK2",108,12
932106,"AS Monaco FC","Dijon FCO","02/16/2018 19:57:35","Ball Position",109,12
932106,"AS Monaco FC","Dijon FCO","02/16/2018 19:57:39","Restart",110,12
932106,"AS Monaco FC","Dijon FCO","02/16/2018 19:58:04","SAFE1",111,12
932106,"AS Monaco FC","Dijon FCO","02/16/2018 19:58:19","AT1",112,12
932106,"AS Monaco FC","Dijon FCO","02/16/2018 19:58:24","DANGER1",113,12
932106,"AS Monaco FC","Dijon FCO","02/16/2018 19:58:24","DAT1",114,12
932106,"AS Monaco FC","Dijon FCO","02/16/2018 19:58:29","Start score update",115,12
932106,"AS Monaco FC","Dijon FCO","02/16/2018 19:58:29","Statistic confirmation",116,12
932106,"AS Monaco FC","Dijon FCO","02/16/2018 19:58:29","Score update finished",117,12
932106,"AS Monaco FC","Dijon FCO","02/16/2018 19:58:30","POSSIBLE_TI",118,12
932106,"AS Monaco FC","Dijon FCO","02/16/2018 19:58:30","TI1",119,12
932106,"AS Monaco FC","Dijon FCO","02/16/2018 19:58:36","Restart",120,13
932106,"AS Monaco FC","Dijon FCO","02/16/2018 19:58:45","BLOCKED1",121,13
932106,"AS Monaco FC","Dijon FCO","02/16/2018 19:59:01","SAFE1",122,13
932106,"AS Monaco FC","Dijon FCO","02/16/2018 19:59:12","SAFE1",123,13
932106,"AS Monaco FC","Dijon FCO","02/16/2018 19:59:16","AT1",124,13
932106,"AS Monaco FC","Dijon FCO","02/16/2018 19:59:18","DANGER1",125,13
932106,"AS Monaco FC","Dijon FCO","02/16/2018 19:59:18","DAT1",126,13
932106,"AS Monaco FC","Dijon FCO","02/16/2018 19:59:22","GOAL1",127,13
932106,"AS Monaco FC","Dijon FCO","02/16/2018 20:00:12","Scorer",128,14
932106,"AS Monaco FC","Dijon FCO","02/16/2018 20:00:12","CONF_GOAL1",129,14
932106,"AS Monaco FC","Dijon FCO","02/16/2018 20:00:23","KO2",130,14
932106,"AS Monaco FC","Dijon FCO","02/16/2018 20:00:23","SAFE2",131,14
932106,"AS Monaco FC","Dijon FCO","02/16/2018 20:00:35","System Message",132,15
932106,"AS Monaco FC","Dijon FCO","02/16/2018 20:00:45","AT2",133,15
932106,"AS Monaco FC","Dijon FCO","02/16/2018 20:00:45","DANGER2",134,15
932106,"AS Monaco FC","Dijon FCO","02/16/2018 20:00:45","DAT2",135,15
932106,"AS Monaco FC","Dijon FCO","02/16/2018 20:00:55","SHB2",136,15
932106,"AS Monaco FC","Dijon FCO","02/16/2018 20:00:58","Player_DATA_CONFIRMED",137,15
932106,"AS Monaco FC","Dijon FCO","02/16/2018 20:01:01","SAFE1",138,15
932106,"AS Monaco FC","Dijon FCO","02/16/2018 20:01:01","GK1",139,15
932106,"AS Monaco FC","Dijon FCO","02/16/2018 20:01:22","Restart",140,15
932106,"AS Monaco FC","Dijon FCO","02/16/2018 20:01:28","AT1",141,15
932106,"AS Monaco FC","Dijon FCO","02/16/2018 20:01:30","POSSIBLE_TI",142,15
932106,"AS Monaco FC","Dijon FCO","02/16/2018 20:01:32","TI1",143,16
932106,"AS Monaco FC","Dijon FCO","02/16/2018 20:01:42","Restart",144,16
932106,"AS Monaco FC","Dijon FCO","02/16/2018 20:01:42","DANGER1",145,16
932106,"AS Monaco FC","Dijon FCO","02/16/2018 20:01:42","DAT1",146,16
932106,"AS Monaco FC","Dijon FCO","02/16/2018 20:01:52","SAFE2",147,16
932106,"AS Monaco FC","Dijon FCO","02/16/2018 20:01:53","GK2",148,16
932106,"AS Monaco FC","Dijon FCO","02/16/2018 20:02:07","Restart",149,16
932106,"AS Monaco FC","Dijon FCO","02/16/2018 20:02:07","AT2",150,16
932106,"AS Monaco FC","Dijon FCO","02/16/2018 20:02:11","DANGER2",151,16
932106,"AS Monaco FC","Dijon FCO","02/16/2018 20:02:11","DAT2",152,16
932106,"AS Monaco FC","Dijon FCO","02/16/2018 20:02:39","Assist",153,17
932106,"AS Monaco FC","Dijon FCO","02/16/2018 20:02:54","POSSIBLE_TI",154,17
932106,"AS Monaco FC","Dijon FCO","02/16/2018 20:02:56","TI1",155,17
932106,"AS Monaco FC","Dijon FCO","02/16/2018 20:03:00","Restart",156,17
932106,"AS Monaco FC","Dijon FCO","02/16/2018 20:03:19","SAFE1",157,17
932106,"AS Monaco FC","Dijon FCO","02/16/2018 20:03:30","AT2",158,17
932106,"AS Monaco FC","Dijon FCO","02/16/2018 20:03:31","Possible Free Kick",159,18
932106,"AS Monaco FC","Dijon FCO","02/16/2018 20:03:41","SAFE1",161,18
932106,"AS Monaco FC","Dijon FCO","02/16/2018 20:03:41","F2",162,18
932106,"AS Monaco FC","Dijon FCO","02/16/2018 20:03:41","FK1",163,18
932106,"AS Monaco FC","Dijon FCO","02/16/2018 20:03:41","Ball Position",164,18
932106,"AS Monaco FC","Dijon FCO","02/16/2018 20:03:52","Restart",165,18
932106,"AS Monaco FC","Dijon FCO","02/16/2018 20:04:18","AT1",166,18
932106,"AS Monaco FC","Dijon FCO","02/16/2018 20:04:21","POSSIBLE_TI",167,18
932106,"AS Monaco FC","Dijon FCO","02/16/2018 20:04:22","TI1",168,18
932106,"AS Monaco FC","Dijon FCO","02/16/2018 20:04:23","Restart",169,18
932106,"AS Monaco FC","Dijon FCO","02/16/2018 20:04:45","DANGER1",170,19
932106,"AS Monaco FC","Dijon FCO","02/16/2018 20:04:45","DAT1",171,19
932106,"AS Monaco FC","Dijon FCO","02/16/2018 20:04:56","POSSIBLE_TI",172,19
932106,"AS Monaco FC","Dijon FCO","02/16/2018 20:04:56","TI1",173,19
932106,"AS Monaco FC","Dijon FCO","02/16/2018 20:04:58","Restart",174,19
932106,"AS Monaco FC","Dijon FCO","02/16/2018 20:05:43","PCR1",175,20
932106,"AS Monaco FC","Dijon FCO","02/16/2018 20:05:46","NCR1",176,20
932106,"AS Monaco FC","Dijon FCO","02/16/2018 20:05:50","PCR1",177,20
932106,"AS Monaco FC","Dijon FCO","02/16/2018 20:06:01","CR1",178,20
932106,"AS Monaco FC","Dijon FCO","02/16/2018 20:06:01","Ball Position",179,20
932106,"AS Monaco FC","Dijon FCO","02/16/2018 20:06:14","Restart",180,20
932106,"AS Monaco FC","Dijon FCO","02/16/2018 20:06:38","SAFE2",181,21
932106,"AS Monaco FC","Dijon FCO","02/16/2018 20:06:39","GK2",182,21
932106,"AS Monaco FC","Dijon FCO","02/16/2018 20:07:09","Restart",183,21
932106,"AS Monaco FC","Dijon FCO","02/16/2018 20:07:19","AT1",184,21
932106,"AS Monaco FC","Dijon FCO","02/16/2018 20:07:20","DANGER1",185,21
932106,"AS Monaco FC","Dijon FCO","02/16/2018 20:07:20","DAT1",186,21
932106,"AS Monaco FC","Dijon FCO","02/16/2018 20:07:34","Possible Free Kick",187,22
932106,"AS Monaco FC","Dijon FCO","02/16/2018 20:07:37","SAFE2",189,22
932106,"AS Monaco FC","Dijon FCO","02/16/2018 20:07:37","F1",190,22
932106,"AS Monaco FC","Dijon FCO","02/16/2018 20:07:37","FK2",191,22
932106,"AS Monaco FC","Dijon FCO","02/16/2018 20:07:37","Ball Position",192,22
932106,"AS Monaco FC","Dijon FCO","02/16/2018 20:07:40","Restart",193,22
932106,"AS Monaco FC","Dijon FCO","02/16/2018 20:07:43","CLS",194,22
932106,"AS Monaco FC","Dijon FCO","02/16/2018 20:08:05","Restart",195,22
932106,"AS Monaco FC","Dijon FCO","02/16/2018 20:08:27","AT2",196,22
932106,"AS Monaco FC","Dijon FCO","02/16/2018 20:08:47","DANGER2",197,23
932106,"AS Monaco FC","Dijon FCO","02/16/2018 20:08:47","DAT2",198,23
932106,"AS Monaco FC","Dijon FCO","02/16/2018 20:08:58","SAFE1",199,23
932106,"AS Monaco FC","Dijon FCO","02/16/2018 20:08:58","AT1",200,23
932106,"AS Monaco FC","Dijon FCO","02/16/2018 20:08:59","DANGER1",201,23
932106,"AS Monaco FC","Dijon FCO","02/16/2018 20:08:59","DAT1",202,23
932106,"AS Monaco FC","Dijon FCO","02/16/2018 20:09:00","Possible Free Kick",203,23
932106,"AS Monaco FC","Dijon FCO","02/16/2018 20:09:01","SAFE2",205,23
932106,"AS Monaco FC","Dijon FCO","02/16/2018 20:09:01","O1",206,23
932106,"AS Monaco FC","Dijon FCO","02/16/2018 20:09:01","FK2",207,23
932106,"AS Monaco FC","Dijon FCO","02/16/2018 20:09:02","Ball Position",208,23
932106,"AS Monaco FC","Dijon FCO","02/16/2018 20:09:12","Restart",209,23
932106,"AS Monaco FC","Dijon FCO","02/16/2018 20:09:59","AT2",210,24
932106,"AS Monaco FC","Dijon FCO","02/16/2018 20:10:10","SAFE1",211,24
932106,"AS Monaco FC","Dijon FCO","02/16/2018 20:10:10","AT1",212,24
932106,"AS Monaco FC","Dijon FCO","02/16/2018 20:10:12","DANGER1",213,24
932106,"AS Monaco FC","Dijon FCO","02/16/2018 20:10:12","DAT1",214,24
932106,"AS Monaco FC","Dijon FCO","02/16/2018 20:10:15","PCR1",215,24
932106,"AS Monaco FC","Dijon FCO","02/16/2018 20:10:19","CR1",216,24
932106,"AS Monaco FC","Dijon FCO","02/16/2018 20:10:21","SHB1",217,24
932106,"AS Monaco FC","Dijon FCO","02/16/2018 20:10:22","Ball Position",218,24
932106,"AS Monaco FC","Dijon FCO","02/16/2018 20:10:47","Restart",219,25
932106,"AS Monaco FC","Dijon FCO","02/16/2018 20:10:56","SAFE2",220,25
932106,"AS Monaco FC","Dijon FCO","02/16/2018 20:11:00","AT2",221,25
932106,"AS Monaco FC","Dijon FCO","02/16/2018 20:11:07","DANGER2",222,25
932106,"AS Monaco FC","Dijon FCO","02/16/2018 20:11:07","DAT2",223,25
932106,"AS Monaco FC","Dijon FCO","02/16/2018 20:11:28","SAFE2",224,25
932106,"AS Monaco FC","Dijon FCO","02/16/2018 20:11:44","AT2",225,26
932106,"AS Monaco FC","Dijon FCO","02/16/2018 20:12:05","SAFE1",226,26
932106,"AS Monaco FC","Dijon FCO","02/16/2018 20:12:07","POSSIBLE_TI",227,26
932106,"AS Monaco FC","Dijon FCO","02/16/2018 20:12:10","TI2",228,26
932106,"AS Monaco FC","Dijon FCO","02/16/2018 20:12:21","Restart",229,26
932106,"AS Monaco FC","Dijon FCO","02/16/2018 20:12:43","AT2",230,27
932106,"AS Monaco FC","Dijon FCO","02/16/2018 20:12:45","DANGER2",231,27
932106,"AS Monaco FC","Dijon FCO","02/16/2018 20:12:45","DAT2",232,27
932106,"AS Monaco FC","Dijon FCO","02/16/2018 20:12:50","Possible Free Kick",233,27
932106,"AS Monaco FC","Dijon FCO","02/16/2018 20:12:53","SAFE1",235,27
932106,"AS Monaco FC","Dijon FCO","02/16/2018 20:12:53","O2",236,27
932106,"AS Monaco FC","Dijon FCO","02/16/2018 20:12:53","FK1",237,27
932106,"AS Monaco FC","Dijon FCO","02/16/2018 20:12:53","Ball Position",238,27
932106,"AS Monaco FC","Dijon FCO","02/16/2018 20:13:18","Restart",239,27
932106,"AS Monaco FC","Dijon FCO","02/16/2018 20:13:22","AT1",240,27
932106,"AS Monaco FC","Dijon FCO","02/16/2018 20:13:44","SAFE2",241,28
932106,"AS Monaco FC","Dijon FCO","02/16/2018 20:13:55","POSSIBLE_TI",242,28
932106,"AS Monaco FC","Dijon FCO","02/16/2018 20:13:56","TI1",243,28
932106,"AS Monaco FC","Dijon FCO","02/16/2018 20:13:58","Restart",244,28
932106,"AS Monaco FC","Dijon FCO","02/16/2018 20:14:18","AT1",245,28
932106,"AS Monaco FC","Dijon FCO","02/16/2018 20:14:30","DANGER1",246,28
932106,"AS Monaco FC","Dijon FCO","02/16/2018 20:14:30","DAT1",247,28
932106,"AS Monaco FC","Dijon FCO","02/16/2018 20:14:43","SAFE2",248,29
932106,"AS Monaco FC","Dijon FCO","02/16/2018 20:14:43","GK2",249,29
932106,"AS Monaco FC","Dijon FCO","02/16/2018 20:14:48","Restart",250,29
932106,"AS Monaco FC","Dijon FCO","02/16/2018 20:14:59","AT1",251,29
932106,"AS Monaco FC","Dijon FCO","02/16/2018 20:15:09","SAFE2",252,29
932106,"AS Monaco FC","Dijon FCO","02/16/2018 20:15:09","AT2",253,29
932106,"AS Monaco FC","Dijon FCO","02/16/2018 20:15:12","DANGER2",254,29
932106,"AS Monaco FC","Dijon FCO","02/16/2018 20:15:12","DAT2",255,29
932106,"AS Monaco FC","Dijon FCO","02/16/2018 20:15:26","SHG2",256,29
932106,"AS Monaco FC","Dijon FCO","02/16/2018 20:15:27","SAFE1",257,29
932106,"AS Monaco FC","Dijon FCO","02/16/2018 20:15:43","AT1",258,30
932106,"AS Monaco FC","Dijon FCO","02/16/2018 20:15:45","DANGER1",259,30
932106,"AS Monaco FC","Dijon FCO","02/16/2018 20:15:45","DAT1",260,30
932106,"AS Monaco FC","Dijon FCO","02/16/2018 20:16:43","SAFE1",261,31
932106,"AS Monaco FC","Dijon FCO","02/16/2018 20:17:04","AT2",262,31
932106,"AS Monaco FC","Dijon FCO","02/16/2018 20:17:18","Possible Free Kick",263,31
932106,"AS Monaco FC","Dijon FCO","02/16/2018 20:17:23","F1",265,31
932106,"AS Monaco FC","Dijon FCO","02/16/2018 20:17:23","FK2",266,31
932106,"AS Monaco FC","Dijon FCO","02/16/2018 20:17:23","DANGER2",267,31
932106,"AS Monaco FC","Dijon FCO","02/16/2018 20:17:23","DFK2",268,31
932106,"AS Monaco FC","Dijon FCO","02/16/2018 20:17:23","Ball Position",269,31
932106,"AS Monaco FC","Dijon FCO","02/16/2018 20:18:04","Restart",270,32
932106,"AS Monaco FC","Dijon FCO","02/16/2018 20:18:20","POSSIBLE_TI",271,32
932106,"AS Monaco FC","Dijon FCO","02/16/2018 20:18:28","TI2",272,32
932106,"AS Monaco FC","Dijon FCO","02/16/2018 20:18:46","POSSIBLE_TI",273,33
932106,"AS Monaco FC","Dijon FCO","02/16/2018 20:18:47","Restart",274,33
932106,"AS Monaco FC","Dijon FCO","02/16/2018 20:18:47","NO_TI",275,33
932106,"AS Monaco FC","Dijon FCO","02/16/2018 20:19:17","SAFE1",276,33
932106,"AS Monaco FC","Dijon FCO","02/16/2018 20:19:28","AT1",277,33
932106,"AS Monaco FC","Dijon FCO","02/16/2018 20:19:32","DANGER1",278,34
932106,"AS Monaco FC","Dijon FCO","02/16/2018 20:19:32","DAT1",279,34
932106,"AS Monaco FC","Dijon FCO","02/16/2018 20:19:36","SAFE2",280,34
932106,"AS Monaco FC","Dijon FCO","02/16/2018 20:19:47","AT1",281,34
932106,"AS Monaco FC","Dijon FCO","02/16/2018 20:19:47","DANGER1",282,34
932106,"AS Monaco FC","Dijon FCO","02/16/2018 20:19:47","DAT1",283,34
932106,"AS Monaco FC","Dijon FCO","02/16/2018 20:19:53","POSSIBLE_TI",284,34
932106,"AS Monaco FC","Dijon FCO","02/16/2018 20:19:53","TI1",285,34
932106,"AS Monaco FC","Dijon FCO","02/16/2018 20:20:19","Restart",286,34
932106,"AS Monaco FC","Dijon FCO","02/16/2018 20:20:24","SAFE2",287,34
932106,"AS Monaco FC","Dijon FCO","02/16/2018 20:20:44","AT2",288,35
932106,"AS Monaco FC","Dijon FCO","02/16/2018 20:20:57","POSSIBLE_TI",289,35
932106,"AS Monaco FC","Dijon FCO","02/16/2018 20:20:57","TI1",290,35
932106,"AS Monaco FC","Dijon FCO","02/16/2018 20:21:08","Restart",291,35
932106,"AS Monaco FC","Dijon FCO","02/16/2018 20:21:29","SAFE2",292,35
932106,"AS Monaco FC","Dijon FCO","02/16/2018 20:21:34","AT1",293,36
932106,"AS Monaco FC","Dijon FCO","02/16/2018 20:21:36","DANGER1",294,36
932106,"AS Monaco FC","Dijon FCO","02/16/2018 20:21:36","DAT1",295,36
932106,"AS Monaco FC","Dijon FCO","02/16/2018 20:21:39","Possible Free Kick",296,36
932106,"AS Monaco FC","Dijon FCO","02/16/2018 20:21:48","SAFE2",298,36
932106,"AS Monaco FC","Dijon FCO","02/16/2018 20:21:48","O1",299,36
932106,"AS Monaco FC","Dijon FCO","02/16/2018 20:21:48","FK2",300,36
932106,"AS Monaco FC","Dijon FCO","02/16/2018 20:21:48","Ball Position",301,36
932106,"AS Monaco FC","Dijon FCO","02/16/2018 20:22:03","Restart",302,36
932106,"AS Monaco FC","Dijon FCO","02/16/2018 20:22:13","AT2",303,36
932106,"AS Monaco FC","Dijon FCO","02/16/2018 20:22:22","Possible Free Kick",304,36
932106,"AS Monaco FC","Dijon FCO","02/16/2018 20:22:23","F1",306,36
932106,"AS Monaco FC","Dijon FCO","02/16/2018 20:22:23","FK2",307,36
932106,"AS Monaco FC","Dijon FCO","02/16/2018 20:22:23","DANGER2",308,36
932106,"AS Monaco FC","Dijon FCO","02/16/2018 20:22:23","DFK2",309,36
932106,"AS Monaco FC","Dijon FCO","02/16/2018 20:22:23","Ball Position",310,36
932106,"AS Monaco FC","Dijon FCO","02/16/2018 20:22:25","Restart",311,36
932106,"AS Monaco FC","Dijon FCO","02/16/2018 20:22:46","POSSIBLE_TI",312,37
932106,"AS Monaco FC","Dijon FCO","02/16/2018 20:22:48","TI2",313,37
932106,"AS Monaco FC","Dijon FCO","02/16/2018 20:22:50","POSSIBLE_CARDS",314,37
932106,"AS Monaco FC","Dijon FCO","02/16/2018 20:22:52","NO_Cards",315,37
932106,"AS Monaco FC","Dijon FCO","02/16/2018 20:22:54","Restart",316,37
932106,"AS Monaco FC","Dijon FCO","02/16/2018 20:23:14","SAFE2",317,37
932106,"AS Monaco FC","Dijon FCO","02/16/2018 20:23:27","AT2",318,37
932106,"AS Monaco FC","Dijon FCO","02/16/2018 20:23:31","DANGER2",319,37
932106,"AS Monaco FC","Dijon FCO","02/16/2018 20:23:31","DAT2",320,37
932106,"AS Monaco FC","Dijon FCO","02/16/2018 20:23:33","SAFE1",321,38
932106,"AS Monaco FC","Dijon FCO","02/16/2018 20:23:55","AT1",322,38
932106,"AS Monaco FC","Dijon FCO","02/16/2018 20:24:10","SAFE2",323,38
932106,"AS Monaco FC","Dijon FCO","02/16/2018 20:24:20","AT2",324,38
932106,"AS Monaco FC","Dijon FCO","02/16/2018 20:24:22","Possible Free Kick",325,38
932106,"AS Monaco FC","Dijon FCO","02/16/2018 20:24:23","POSSIBLE_CARDS",327,38
932106,"AS Monaco FC","Dijon FCO","02/16/2018 20:24:27","YC1",328,38
932106,"AS Monaco FC","Dijon FCO","02/16/2018 20:24:29","CONF_YC1",329,38
932106,"AS Monaco FC","Dijon FCO","02/16/2018 20:24:40","Scorer",330,39
932106,"AS Monaco FC","Dijon FCO","02/16/2018 20:24:44","F1",331,39
932106,"AS Monaco FC","Dijon FCO","02/16/2018 20:24:44","FK2",332,39
932106,"AS Monaco FC","Dijon FCO","02/16/2018 20:24:44","DANGER2",333,39
932106,"AS Monaco FC","Dijon FCO","02/16/2018 20:24:44","DFK2",334,39
932106,"AS Monaco FC","Dijon FCO","02/16/2018 20:24:44","Ball Position",335,39
932106,"AS Monaco FC","Dijon FCO","02/16/2018 20:24:49","Player_DATA_CONFIRMED",336,39
932106,"AS Monaco FC","Dijon FCO","02/16/2018 20:25:07","Restart",337,39
932106,"AS Monaco FC","Dijon FCO","02/16/2018 20:25:09","PCR2",338,39
932106,"AS Monaco FC","Dijon FCO","02/16/2018 20:25:19","NCR2",339,39
932106,"AS Monaco FC","Dijon FCO","02/16/2018 20:25:20","SAFE1",340,39
932106,"AS Monaco FC","Dijon FCO","02/16/2018 20:25:20","GK1",341,39
932106,"AS Monaco FC","Dijon FCO","02/16/2018 20:25:20","Restart",342,39
932106,"AS Monaco FC","Dijon FCO","02/16/2018 20:25:33","POSSIBLE_TI",343,40
932106,"AS Monaco FC","Dijon FCO","02/16/2018 20:25:35","TI1",344,40
932106,"AS Monaco FC","Dijon FCO","02/16/2018 20:25:38","Restart",345,40
932106,"AS Monaco FC","Dijon FCO","02/16/2018 20:26:31","SAFE2",346,41
932106,"AS Monaco FC","Dijon FCO","02/16/2018 20:26:32","AT2",347,41
932106,"AS Monaco FC","Dijon FCO","02/16/2018 20:26:35","DANGER2",348,41
932106,"AS Monaco FC","Dijon FCO","02/16/2018 20:26:35","DAT2",349,41
932106,"AS Monaco FC","Dijon FCO","02/16/2018 20:26:39","PCR2",350,41
932106,"AS Monaco FC","Dijon FCO","02/16/2018 20:26:49","CR2",351,41
932106,"AS Monaco FC","Dijon FCO","02/16/2018 20:26:50","Ball Position",352,41
932106,"AS Monaco FC","Dijon FCO","02/16/2018 20:27:11","Restart",353,41
932106,"AS Monaco FC","Dijon FCO","02/16/2018 20:27:32","Possible Free Kick",354,42
932106,"AS Monaco FC","Dijon FCO","02/16/2018 20:27:43","SAFE1",356,42
932106,"AS Monaco FC","Dijon FCO","02/16/2018 20:27:43","O2",357,42
932106,"AS Monaco FC","Dijon FCO","02/16/2018 20:27:43","FK1",358,42
932106,"AS Monaco FC","Dijon FCO","02/16/2018 20:27:43","Ball Position",359,42
932106,"AS Monaco FC","Dijon FCO","02/16/2018 20:28:07","Restart",360,42
932106,"AS Monaco FC","Dijon FCO","02/16/2018 20:28:19","AT1",361,42
932106,"AS Monaco FC","Dijon FCO","02/16/2018 20:28:30","SAFE2",362,42
932106,"AS Monaco FC","Dijon FCO","02/16/2018 20:28:54","AT1",363,43
932106,"AS Monaco FC","Dijon FCO","02/16/2018 20:28:56","DANGER1",364,43
932106,"AS Monaco FC","Dijon FCO","02/16/2018 20:28:56","DAT1",365,43
932106,"AS Monaco FC","Dijon FCO","02/16/2018 20:29:06","SAFE2",366,43
932106,"AS Monaco FC","Dijon FCO","02/16/2018 20:29:07","GK2",367,43
932106,"AS Monaco FC","Dijon FCO","02/16/2018 20:29:39","Restart",368,44
932106,"AS Monaco FC","Dijon FCO","02/16/2018 20:29:41","AT1",369,44
932106,"AS Monaco FC","Dijon FCO","02/16/2018 20:29:51","DANGER1",370,44
932106,"AS Monaco FC","Dijon FCO","02/16/2018 20:29:51","DAT1",371,44
932106,"AS Monaco FC","Dijon FCO","02/16/2018 20:29:52","Possible Free Kick",372,44
932106,"AS Monaco FC","Dijon FCO","02/16/2018 20:29:52","POSSIBLE_CARDS",374,44
932106,"AS Monaco FC","Dijon FCO","02/16/2018 20:30:04","NO_Cards",375,44
932106,"AS Monaco FC","Dijon FCO","02/16/2018 20:30:05","F2",376,44
932106,"AS Monaco FC","Dijon FCO","02/16/2018 20:30:05","FK1",377,44
932106,"AS Monaco FC","Dijon FCO","02/16/2018 20:30:05","DFK1",378,44
932106,"AS Monaco FC","Dijon FCO","02/16/2018 20:30:05","Ball Position",379,44
932106,"AS Monaco FC","Dijon FCO","02/16/2018 20:30:53","Restart",380,45
932106,"AS Monaco FC","Dijon FCO","02/16/2018 20:30:55","PCR1",381,45
932106,"AS Monaco FC","Dijon FCO","02/16/2018 20:31:01","CR1",382,45
932106,"AS Monaco FC","Dijon FCO","02/16/2018 20:31:04","SHB1",383,45
932106,"AS Monaco FC","Dijon FCO","02/16/2018 20:31:05","Ball Position",384,45
932106,"AS Monaco FC","Dijon FCO","02/16/2018 20:31:15","Restart",385,45
932106,"AS Monaco FC","Dijon FCO","02/16/2018 20:31:25","POSSIBLE_TI",386,45
932106,"AS Monaco FC","Dijon FCO","02/16/2018 20:31:27","TI1",387,45
932106,"AS Monaco FC","Dijon FCO","02/16/2018 20:31:36","Restart",388,46
932106,"AS Monaco FC","Dijon FCO","02/16/2018 20:31:38","Stop RT1",389,46
932106,"AS Monaco FC","Dijon FCO","02/16/2018 20:31:43","CONF_PERIOD_SCORE",390,45
932106,"AS Monaco FC","Dijon FCO","02/16/2018 20:45:39","Players are coming out",391,45
932106,"AS Monaco FC","Dijon FCO","02/16/2018 20:47:45","Game about to start",392,45
932106,"AS Monaco FC","Dijon FCO","02/16/2018 20:47:56","Start RT2 Team 2",393,46
932106,"AS Monaco FC","Dijon FCO","02/16/2018 20:48:05","AT2",394,46
932106,"AS Monaco FC","Dijon FCO","02/16/2018 20:48:10","POSSIBLE_TI",395,46
932106,"AS Monaco FC","Dijon FCO","02/16/2018 20:48:17","TI1",396,46
932106,"AS Monaco FC","Dijon FCO","02/16/2018 20:48:19","Restart",397,46
932106,"AS Monaco FC","Dijon FCO","02/16/2018 20:48:29","SAFE2",398,46
932106,"AS Monaco FC","Dijon FCO","02/16/2018 20:48:51","AT2",399,46
932106,"AS Monaco FC","Dijon FCO","02/16/2018 20:49:15","SAFE2",400,47
932106,"AS Monaco FC","Dijon FCO","02/16/2018 20:49:39","AT1",401,47
932106,"AS Monaco FC","Dijon FCO","02/16/2018 20:49:42","DANGER1",402,47
932106,"AS Monaco FC","Dijon FCO","02/16/2018 20:49:42","DAT1",403,47
932106,"AS Monaco FC","Dijon FCO","02/16/2018 20:49:47","PCR1",404,47
932106,"AS Monaco FC","Dijon FCO","02/16/2018 20:49:59","CR1",405,48
932106,"AS Monaco FC","Dijon FCO","02/16/2018 20:50:00","Ball Position",406,48
932106,"AS Monaco FC","Dijon FCO","02/16/2018 20:50:11","Restart",407,48
932106,"AS Monaco FC","Dijon FCO","02/16/2018 20:50:17","SAFE2",408,48
932106,"AS Monaco FC","Dijon FCO","02/16/2018 20:50:17","GK2",409,48
932106,"AS Monaco FC","Dijon FCO","02/16/2018 20:50:26","Restart",410,48
932106,"AS Monaco FC","Dijon FCO","02/16/2018 20:50:48","AT1",411,48
932106,"AS Monaco FC","Dijon FCO","02/16/2018 20:50:59","SAFE2",412,49
932106,"AS Monaco FC","Dijon FCO","02/16/2018 20:51:24","POSSIBLE_TI",413,49
932106,"AS Monaco FC","Dijon FCO","02/16/2018 20:51:27","TI2",414,49
932106,"AS Monaco FC","Dijon FCO","02/16/2018 20:51:42","Restart",415,49
932106,"AS Monaco FC","Dijon FCO","02/16/2018 20:51:55","AT2",416,49
932106,"AS Monaco FC","Dijon FCO","02/16/2018 20:51:58","POSSIBLE_TI",417,50
932106,"AS Monaco FC","Dijon FCO","02/16/2018 20:51:59","TI1",418,50
932106,"AS Monaco FC","Dijon FCO","02/16/2018 20:52:12","Restart",419,50
932106,"AS Monaco FC","Dijon FCO","02/16/2018 20:52:22","SAFE2",420,50
932106,"AS Monaco FC","Dijon FCO","02/16/2018 20:52:37","POSSIBLE_TI",421,50
932106,"AS Monaco FC","Dijon FCO","02/16/2018 20:52:38","TI2",422,50
932106,"AS Monaco FC","Dijon FCO","02/16/2018 20:52:52","Restart",423,50
932106,"AS Monaco FC","Dijon FCO","02/16/2018 20:52:55","AT2",424,50
932106,"AS Monaco FC","Dijon FCO","02/16/2018 20:53:00","POSSIBLE_TI",425,51
932106,"AS Monaco FC","Dijon FCO","02/16/2018 20:53:01","TI1",426,51
932106,"AS Monaco FC","Dijon FCO","02/16/2018 20:53:10","Restart",427,51
932106,"AS Monaco FC","Dijon FCO","02/16/2018 20:53:11","Possible Free Kick",428,51
932106,"AS Monaco FC","Dijon FCO","02/16/2018 20:53:14","SAFE1",430,51
932106,"AS Monaco FC","Dijon FCO","02/16/2018 20:53:14","F2",431,51
932106,"AS Monaco FC","Dijon FCO","02/16/2018 20:53:14","FK1",432,51
932106,"AS Monaco FC","Dijon FCO","02/16/2018 20:53:14","Ball Position",433,51
932106,"AS Monaco FC","Dijon FCO","02/16/2018 20:53:23","Restart",434,51
932106,"AS Monaco FC","Dijon FCO","02/16/2018 20:53:29","AT1",435,51
932106,"AS Monaco FC","Dijon FCO","02/16/2018 20:53:31","DANGER1",436,51
932106,"AS Monaco FC","Dijon FCO","02/16/2018 20:53:31","DAT1",437,51
932106,"AS Monaco FC","Dijon FCO","02/16/2018 20:53:53","SAFE2",438,51
932106,"AS Monaco FC","Dijon FCO","02/16/2018 20:54:13","AT2",439,52
932106,"AS Monaco FC","Dijon FCO","02/16/2018 20:54:15","DANGER2",440,52
932106,"AS Monaco FC","Dijon FCO","02/16/2018 20:54:15","DAT2",441,52
932106,"AS Monaco FC","Dijon FCO","02/16/2018 20:54:26","Possible Free Kick",442,52
932106,"AS Monaco FC","Dijon FCO","02/16/2018 20:54:29","F1",444,52
932106,"AS Monaco FC","Dijon FCO","02/16/2018 20:54:29","FK2",445,52
932106,"AS Monaco FC","Dijon FCO","02/16/2018 20:54:29","DFK2",446,52
932106,"AS Monaco FC","Dijon FCO","02/16/2018 20:54:29","Ball Position",447,52
932106,"AS Monaco FC","Dijon FCO","02/16/2018 20:55:26","Restart",448,53
932106,"AS Monaco FC","Dijon FCO","02/16/2018 20:55:29","SHG2",449,53
932106,"AS Monaco FC","Dijon FCO","02/16/2018 20:55:31","SAFE1",450,53
932106,"AS Monaco FC","Dijon FCO","02/16/2018 20:56:01","AT1",451,54
932106,"AS Monaco FC","Dijon FCO","02/16/2018 20:56:10","SAFE2",452,54
932106,"AS Monaco FC","Dijon FCO","02/16/2018 20:56:16","AT1",453,54
932106,"AS Monaco FC","Dijon FCO","02/16/2018 20:56:17","DANGER1",454,54
932106,"AS Monaco FC","Dijon FCO","02/16/2018 20:56:17","DAT1",455,54
932106,"AS Monaco FC","Dijon FCO","02/16/2018 20:56:21","PCR1",456,54
932106,"AS Monaco FC","Dijon FCO","02/16/2018 20:56:27","CR1",457,54
932106,"AS Monaco FC","Dijon FCO","02/16/2018 20:56:29","SHB1",458,54
932106,"AS Monaco FC","Dijon FCO","02/16/2018 20:56:32","Ball Position",459,54
932106,"AS Monaco FC","Dijon FCO","02/16/2018 20:56:54","Restart",460,54
932106,"AS Monaco FC","Dijon FCO","02/16/2018 20:57:04","Possible Free Kick",461,55
932106,"AS Monaco FC","Dijon FCO","02/16/2018 20:57:07","SAFE2",463,55
932106,"AS Monaco FC","Dijon FCO","02/16/2018 20:57:07","O1",464,55
932106,"AS Monaco FC","Dijon FCO","02/16/2018 20:57:07","FK2",465,55
932106,"AS Monaco FC","Dijon FCO","02/16/2018 20:57:07","Ball Position",466,55
932106,"AS Monaco FC","Dijon FCO","02/16/2018 20:57:23","Restart",467,55
932106,"AS Monaco FC","Dijon FCO","02/16/2018 20:57:30","Possible Free Kick",468,55
932106,"AS Monaco FC","Dijon FCO","02/16/2018 20:57:34","F1",470,55
932106,"AS Monaco FC","Dijon FCO","02/16/2018 20:57:34","FK2",471,55
932106,"AS Monaco FC","Dijon FCO","02/16/2018 20:57:34","DANGER2",472,55
932106,"AS Monaco FC","Dijon FCO","02/16/2018 20:57:34","DFK2",473,55
932106,"AS Monaco FC","Dijon FCO","02/16/2018 20:57:34","Ball Position",474,55
932106,"AS Monaco FC","Dijon FCO","02/16/2018 20:58:00","Restart",475,56
932106,"AS Monaco FC","Dijon FCO","02/16/2018 20:58:03","PCR2",476,56
932106,"AS Monaco FC","Dijon FCO","02/16/2018 20:58:05","CR2",477,56
932106,"AS Monaco FC","Dijon FCO","02/16/2018 20:58:07","SHG2",478,56
932106,"AS Monaco FC","Dijon FCO","02/16/2018 20:58:33","POSSIBLE_CARDS",479,56
932106,"AS Monaco FC","Dijon FCO","02/16/2018 20:58:42","YC1",480,56
932106,"AS Monaco FC","Dijon FCO","02/16/2018 20:58:43","CONF_YC1",481,56
932106,"AS Monaco FC","Dijon FCO","02/16/2018 20:58:53","Scorer",482,56
932106,"AS Monaco FC","Dijon FCO","02/16/2018 20:59:02","Ball Position",483,57
932106,"AS Monaco FC","Dijon FCO","02/16/2018 20:59:02","Restart",484,57
932106,"AS Monaco FC","Dijon FCO","02/16/2018 20:59:06","Possible Free Kick",485,57
932106,"AS Monaco FC","Dijon FCO","02/16/2018 20:59:20","SAFE1",487,57
932106,"AS Monaco FC","Dijon FCO","02/16/2018 20:59:21","F2",488,57
932106,"AS Monaco FC","Dijon FCO","02/16/2018 20:59:21","FK1",489,57
932106,"AS Monaco FC","Dijon FCO","02/16/2018 20:59:21","Ball Position",490,57
932106,"AS Monaco FC","Dijon FCO","02/16/2018 20:59:24","Restart",491,57
932106,"AS Monaco FC","Dijon FCO","02/16/2018 20:59:25","Player_DATA_CONFIRMED",492,57
932106,"AS Monaco FC","Dijon FCO","02/16/2018 20:59:29","Possible Free Kick",493,57
932106,"AS Monaco FC","Dijon FCO","02/16/2018 20:59:31","POSSIBLE_CARDS",495,57
932106,"AS Monaco FC","Dijon FCO","02/16/2018 21:00:05","NO_Cards",496,58
932106,"AS Monaco FC","Dijon FCO","02/16/2018 21:00:08","F2",497,58
932106,"AS Monaco FC","Dijon FCO","02/16/2018 21:00:08","FK1",498,58
932106,"AS Monaco FC","Dijon FCO","02/16/2018 21:00:08","Ball Position",499,58
932106,"AS Monaco FC","Dijon FCO","02/16/2018 21:00:09","Restart",500,58
932106,"AS Monaco FC","Dijon FCO","02/16/2018 21:00:10","AT1",501,58
932106,"AS Monaco FC","Dijon FCO","02/16/2018 21:00:21","POSSIBLE_TI",502,58
932106,"AS Monaco FC","Dijon FCO","02/16/2018 21:00:21","TI1",503,58
932106,"AS Monaco FC","Dijon FCO","02/16/2018 21:00:32","Restart",504,58
932106,"AS Monaco FC","Dijon FCO","02/16/2018 21:00:37","DANGER1",505,58
932106,"AS Monaco FC","Dijon FCO","02/16/2018 21:00:37","DAT1",506,58
932106,"AS Monaco FC","Dijon FCO","02/16/2018 21:00:47","SAFE2",507,58
932106,"AS Monaco FC","Dijon FCO","02/16/2018 21:01:09","POSSIBLE_TI",508,59
932106,"AS Monaco FC","Dijon FCO","02/16/2018 21:01:09","TI2",509,59
932106,"AS Monaco FC","Dijon FCO","02/16/2018 21:01:15","Restart",510,59
932106,"AS Monaco FC","Dijon FCO","02/16/2018 21:01:16","AT2",511,59
932106,"AS Monaco FC","Dijon FCO","02/16/2018 21:01:18","Possible Free Kick",512,59
932106,"AS Monaco FC","Dijon FCO","02/16/2018 21:01:21","F1",514,59
932106,"AS Monaco FC","Dijon FCO","02/16/2018 21:01:21","FK2",515,59
932106,"AS Monaco FC","Dijon FCO","02/16/2018 21:01:21","DANGER2",516,59
932106,"AS Monaco FC","Dijon FCO","02/16/2018 21:01:21","DFK2",517,59
932106,"AS Monaco FC","Dijon FCO","02/16/2018 21:01:21","Ball Position",518,59
932106,"AS Monaco FC","Dijon FCO","02/16/2018 21:01:53","Restart",519,59
932106,"AS Monaco FC","Dijon FCO","02/16/2018 21:01:53","PCR2",520,59
932106,"AS Monaco FC","Dijon FCO","02/16/2018 21:02:03","CR2",521,60
932106,"AS Monaco FC","Dijon FCO","02/16/2018 21:02:03","Ball Position",522,60
932106,"AS Monaco FC","Dijon FCO","02/16/2018 21:02:04","Restart",523,60
932106,"AS Monaco FC","Dijon FCO","02/16/2018 21:02:14","SAFE1",524,60
932106,"AS Monaco FC","Dijon FCO","02/16/2018 21:02:44","POSSIBLE_TI",525,60
932106,"AS Monaco FC","Dijon FCO","02/16/2018 21:02:45","TI1",526,60
932106,"AS Monaco FC","Dijon FCO","02/16/2018 21:03:00","SUB2",527,61
932106,"AS Monaco FC","Dijon FCO","02/16/2018 21:03:07","Player_DATA_CONFIRMED",528,61
932106,"AS Monaco FC","Dijon FCO","02/16/2018 21:03:21","SUB1",529,61
932106,"AS Monaco FC","Dijon FCO","02/16/2018 21:03:28","Player_DATA_CONFIRMED",530,61
932106,"AS Monaco FC","Dijon FCO","02/16/2018 21:03:32","Restart",531,61
932106,"AS Monaco FC","Dijon FCO","02/16/2018 21:04:08","POSSIBLE_TI",532,62
932106,"AS Monaco FC","Dijon FCO","02/16/2018 21:04:08","TI1",533,62
932106,"AS Monaco FC","Dijon FCO","02/16/2018 21:04:08","Restart",534,62
932106,"AS Monaco FC","Dijon FCO","02/16/2018 21:04:12","AT1",535,62
932106,"AS Monaco FC","Dijon FCO","02/16/2018 21:04:23","DANGER1",536,62
932106,"AS Monaco FC","Dijon FCO","02/16/2018 21:04:23","DAT1",537,62
932106,"AS Monaco FC","Dijon FCO","02/16/2018 21:04:48","SAFE2",538,62
932106,"AS Monaco FC","Dijon FCO","02/16/2018 21:04:48","AT2",539,62
932106,"AS Monaco FC","Dijon FCO","02/16/2018 21:04:48","SAFE1",540,62
932106,"AS Monaco FC","Dijon FCO","02/16/2018 21:05:03","AT2",541,63
932106,"AS Monaco FC","Dijon FCO","02/16/2018 21:05:05","DANGER2",542,63
932106,"AS Monaco FC","Dijon FCO","02/16/2018 21:05:05","DAT2",543,63
932106,"AS Monaco FC","Dijon FCO","02/16/2018 21:05:14","SHB2",544,63
932106,"AS Monaco FC","Dijon FCO","02/16/2018 21:05:15","SAFE1",545,63
932106,"AS Monaco FC","Dijon FCO","02/16/2018 21:05:16","GK1",546,63
932106,"AS Monaco FC","Dijon FCO","02/16/2018 21:05:27","Restart",547,63
932106,"AS Monaco FC","Dijon FCO","02/16/2018 21:05:40","POSSIBLE_TI",548,63
932106,"AS Monaco FC","Dijon FCO","02/16/2018 21:05:41","TI1",549,63
932106,"AS Monaco FC","Dijon FCO","02/16/2018 21:05:43","Restart",550,63
932106,"AS Monaco FC","Dijon FCO","02/16/2018 21:05:56","AT1",551,63
932106,"AS Monaco FC","Dijon FCO","02/16/2018 21:06:17","DANGER1",552,64
932106,"AS Monaco FC","Dijon FCO","02/16/2018 21:06:17","DAT1",553,64
932106,"AS Monaco FC","Dijon FCO","02/16/2018 21:06:19","PPEN",554,64
932106,"AS Monaco FC","Dijon FCO","02/16/2018 21:06:19","PPEN1",555,64
932106,"AS Monaco FC","Dijon FCO","02/16/2018 21:06:25","No PEN",556,64
932106,"AS Monaco FC","Dijon FCO","02/16/2018 21:06:25","Possible Free Kick",557,64
932106,"AS Monaco FC","Dijon FCO","02/16/2018 21:06:28","POSSIBLE_CARDS",559,64
932106,"AS Monaco FC","Dijon FCO","02/16/2018 21:06:30","PRC",560,64
932106,"AS Monaco FC","Dijon FCO","02/16/2018 21:07:13","YC2",561,65
932106,"AS Monaco FC","Dijon FCO","02/16/2018 21:07:14","CONF_YC2",562,65
932106,"AS Monaco FC","Dijon FCO","02/16/2018 21:07:16","Scorer",563,65
932106,"AS Monaco FC","Dijon FCO","02/16/2018 21:07:27","No RC",564,65
932106,"AS Monaco FC","Dijon FCO","02/16/2018 21:07:27","F2",565,65
932106,"AS Monaco FC","Dijon FCO","02/16/2018 21:07:27","FK1",566,65
932106,"AS Monaco FC","Dijon FCO","02/16/2018 21:07:27","DFK1",567,65
932106,"AS Monaco FC","Dijon FCO","02/16/2018 21:07:27","Ball Position",568,65
932106,"AS Monaco FC","Dijon FCO","02/16/2018 21:07:47","Restart",569,65
932106,"AS Monaco FC","Dijon FCO","02/16/2018 21:07:52","SAFE2",570,65
932106,"AS Monaco FC","Dijon FCO","02/16/2018 21:08:02","AT2",571,66
932106,"AS Monaco FC","Dijon FCO","02/16/2018 21:08:05","POSSIBLE_TI",572,66
932106,"AS Monaco FC","Dijon FCO","02/16/2018 21:08:06","TI1",573,66
932106,"AS Monaco FC","Dijon FCO","02/16/2018 21:08:27","Restart",574,66
932106,"AS Monaco FC","Dijon FCO","02/16/2018 21:08:41","Possible Free Kick",575,66
932106,"AS Monaco FC","Dijon FCO","02/16/2018 21:08:42","SAFE1",578,66
932106,"AS Monaco FC","Dijon FCO","02/16/2018 21:08:42","F2",579,66
932106,"AS Monaco FC","Dijon FCO","02/16/2018 21:08:42","FK1",580,66
932106,"AS Monaco FC","Dijon FCO","02/16/2018 21:08:42","Ball Position",581,66
932106,"AS Monaco FC","Dijon FCO","02/16/2018 21:08:54","Restart",582,66
932106,"AS Monaco FC","Dijon FCO","02/16/2018 21:08:55","AT1",583,66
932106,"AS Monaco FC","Dijon FCO","02/16/2018 21:09:00","POSSIBLE_TI",584,67
932106,"AS Monaco FC","Dijon FCO","02/16/2018 21:09:02","TI1",585,67
932106,"AS Monaco FC","Dijon FCO","02/16/2018 21:09:06","Restart",586,67
932106,"AS Monaco FC","Dijon FCO","02/16/2018 21:09:26","DANGER1",587,67
932106,"AS Monaco FC","Dijon FCO","02/16/2018 21:09:26","DAT1",588,67
932106,"AS Monaco FC","Dijon FCO","02/16/2018 21:09:35","PPEN",589,67
932106,"AS Monaco FC","Dijon FCO","02/16/2018 21:09:35","PPEN1",590,67
932106,"AS Monaco FC","Dijon FCO","02/16/2018 21:09:45","POSSIBLE_CARDS",591,67
932106,"AS Monaco FC","Dijon FCO","02/16/2018 21:09:59","Injury Break",592,68
932106,"AS Monaco FC","Dijon FCO","02/16/2018 21:10:09","Player_DATA_CONFIRMED",593,68
932106,"AS Monaco FC","Dijon FCO","02/16/2018 21:10:10","NO_Cards",594,68
932106,"AS Monaco FC","Dijon FCO","02/16/2018 21:10:10","Restart",595,68
932106,"AS Monaco FC","Dijon FCO","02/16/2018 21:10:11","PEN1",596,68
932106,"AS Monaco FC","Dijon FCO","02/16/2018 21:11:17","Scorer",597,69
932106,"AS Monaco FC","Dijon FCO","02/16/2018 21:11:28","GOAL1",598,69
932106,"AS Monaco FC","Dijon FCO","02/16/2018 21:11:28","Scorer",599,69
932106,"AS Monaco FC","Dijon FCO","02/16/2018 21:11:39","CONF_GOAL1",600,69
932106,"AS Monaco FC","Dijon FCO","02/16/2018 21:12:00","SUB2",601,70
932106,"AS Monaco FC","Dijon FCO","02/16/2018 21:12:08","Player_DATA_CONFIRMED",602,70
932106,"AS Monaco FC","Dijon FCO","02/16/2018 21:12:13","KO2",603,70
932106,"AS Monaco FC","Dijon FCO","02/16/2018 21:12:13","SAFE2",604,70
932106,"AS Monaco FC","Dijon FCO","02/16/2018 21:12:38","AT2",605,70
932106,"AS Monaco FC","Dijon FCO","02/16/2018 21:13:10","DANGER2",606,71
932106,"AS Monaco FC","Dijon FCO","02/16/2018 21:13:10","DAT2",607,71
932106,"AS Monaco FC","Dijon FCO","02/16/2018 21:13:24","PCR2",608,71
932106,"AS Monaco FC","Dijon FCO","02/16/2018 21:13:33","CR2",609,71
932106,"AS Monaco FC","Dijon FCO","02/16/2018 21:13:33","Ball Position",610,71
932106,"AS Monaco FC","Dijon FCO","02/16/2018 21:13:34","Restart",611,71
932106,"AS Monaco FC","Dijon FCO","02/16/2018 21:13:38","PCR2",612,71
932106,"AS Monaco FC","Dijon FCO","02/16/2018 21:13:39","Player_DATA_CONFIRMED",613,71
932106,"AS Monaco FC","Dijon FCO","02/16/2018 21:13:41","NCR2",614,71
932106,"AS Monaco FC","Dijon FCO","02/16/2018 21:13:43","Possible Free Kick",615,71
932106,"AS Monaco FC","Dijon FCO","02/16/2018 21:13:44","SAFE1",617,71
932106,"AS Monaco FC","Dijon FCO","02/16/2018 21:13:44","O2",618,71
932106,"AS Monaco FC","Dijon FCO","02/16/2018 21:13:44","FK1",619,71
932106,"AS Monaco FC","Dijon FCO","02/16/2018 21:13:44","Ball Position",620,71
932106,"AS Monaco FC","Dijon FCO","02/16/2018 21:14:06","Restart",621,72
932106,"AS Monaco FC","Dijon FCO","02/16/2018 21:14:20","SAFE2",622,72
932106,"AS Monaco FC","Dijon FCO","02/16/2018 21:14:31","AT1",623,72
932106,"AS Monaco FC","Dijon FCO","02/16/2018 21:14:33","DANGER1",624,72
932106,"AS Monaco FC","Dijon FCO","02/16/2018 21:14:33","DAT1",625,72
932106,"AS Monaco FC","Dijon FCO","02/16/2018 21:14:48","SAFE2",626,72
932106,"AS Monaco FC","Dijon FCO","02/16/2018 21:15:02","AT2",627,73
932106,"AS Monaco FC","Dijon FCO","02/16/2018 21:15:22","DANGER2",628,73
932106,"AS Monaco FC","Dijon FCO","02/16/2018 21:15:22","DAT2",629,73
932106,"AS Monaco FC","Dijon FCO","02/16/2018 21:15:26","Possible Free Kick",630,73
932106,"AS Monaco FC","Dijon FCO","02/16/2018 21:15:28","F1",632,73
932106,"AS Monaco FC","Dijon FCO","02/16/2018 21:15:28","FK2",633,73
932106,"AS Monaco FC","Dijon FCO","02/16/2018 21:15:28","DFK2",634,73
932106,"AS Monaco FC","Dijon FCO","02/16/2018 21:15:28","Ball Position",635,73
932106,"AS Monaco FC","Dijon FCO","02/16/2018 21:16:00","Restart",636,74
932106,"AS Monaco FC","Dijon FCO","02/16/2018 21:16:02","SHG2",637,74
932106,"AS Monaco FC","Dijon FCO","02/16/2018 21:16:03","SAFE1",638,74
932106,"AS Monaco FC","Dijon FCO","02/16/2018 21:16:14","POSSIBLE_TI",639,74
932106,"AS Monaco FC","Dijon FCO","02/16/2018 21:16:15","TI1",640,74
932106,"AS Monaco FC","Dijon FCO","02/16/2018 21:16:25","System Message",641,74
932106,"AS Monaco FC","Dijon FCO","02/16/2018 21:16:30","Restart",642,74
932106,"AS Monaco FC","Dijon FCO","02/16/2018 21:16:33","AT2",643,74
932106,"AS Monaco FC","Dijon FCO","02/16/2018 21:16:43","DANGER2",644,74
932106,"AS Monaco FC","Dijon FCO","02/16/2018 21:16:43","DAT2",645,74
932106,"AS Monaco FC","Dijon FCO","02/16/2018 21:16:48","PCR2",646,74
932106,"AS Monaco FC","Dijon FCO","02/16/2018 21:17:00","NCR2",647,75
932106,"AS Monaco FC","Dijon FCO","02/16/2018 21:17:01","SAFE1",648,75
932106,"AS Monaco FC","Dijon FCO","02/16/2018 21:17:01","GK1",649,75
932106,"AS Monaco FC","Dijon FCO","02/16/2018 21:17:10","Restart",650,75
932106,"AS Monaco FC","Dijon FCO","02/16/2018 21:17:14","AT2",651,75
932106,"AS Monaco FC","Dijon FCO","02/16/2018 21:17:14","DANGER2",652,75
932106,"AS Monaco FC","Dijon FCO","02/16/2018 21:17:14","DAT2",653,75
932106,"AS Monaco FC","Dijon FCO","02/16/2018 21:17:15","PCR2",654,75
932106,"AS Monaco FC","Dijon FCO","02/16/2018 21:17:26","CR2",655,75
932106,"AS Monaco FC","Dijon FCO","02/16/2018 21:17:27","Ball Position",656,75
932106,"AS Monaco FC","Dijon FCO","02/16/2018 21:17:38","Restart",657,75
932106,"AS Monaco FC","Dijon FCO","02/16/2018 21:18:03","POSSIBLE_TI",658,76
932106,"AS Monaco FC","Dijon FCO","02/16/2018 21:18:05","TI2",659,76
932106,"AS Monaco FC","Dijon FCO","02/16/2018 21:18:06","Restart",660,76
932106,"AS Monaco FC","Dijon FCO","02/16/2018 21:18:11","POSSIBLE_TI",661,76
932106,"AS Monaco FC","Dijon FCO","02/16/2018 21:18:11","TI2",662,76
932106,"AS Monaco FC","Dijon FCO","02/16/2018 21:18:15","Restart",663,76
932106,"AS Monaco FC","Dijon FCO","02/16/2018 21:18:44","System Message",664,76
932106,"AS Monaco FC","Dijon FCO","02/16/2018 21:18:47","SAFE2",665,76
932106,"AS Monaco FC","Dijon FCO","02/16/2018 21:19:02","AT2",666,77
932106,"AS Monaco FC","Dijon FCO","02/16/2018 21:19:23","DANGER2",667,77
932106,"AS Monaco FC","Dijon FCO","02/16/2018 21:19:23","DAT2",668,77
932106,"AS Monaco FC","Dijon FCO","02/16/2018 21:19:32","SAFE1",669,77
932106,"AS Monaco FC","Dijon FCO","02/16/2018 21:19:35","AT1",670,77
932106,"AS Monaco FC","Dijon FCO","02/16/2018 21:19:41","DANGER1",671,77
932106,"AS Monaco FC","Dijon FCO","02/16/2018 21:19:41","DAT1",672,77
932106,"AS Monaco FC","Dijon FCO","02/16/2018 21:19:43","SAFE2",673,77
932106,"AS Monaco FC","Dijon FCO","02/16/2018 21:19:55","AT1",674,77
932106,"AS Monaco FC","Dijon FCO","02/16/2018 21:19:58","DANGER1",675,78
932106,"AS Monaco FC","Dijon FCO","02/16/2018 21:19:58","DAT1",676,78
932106,"AS Monaco FC","Dijon FCO","02/16/2018 21:20:12","Possible Free Kick",677,78
932106,"AS Monaco FC","Dijon FCO","02/16/2018 21:20:12","SAFE2",679,78
932106,"AS Monaco FC","Dijon FCO","02/16/2018 21:20:12","O1",680,78
932106,"AS Monaco FC","Dijon FCO","02/16/2018 21:20:12","FK2",681,78
932106,"AS Monaco FC","Dijon FCO","02/16/2018 21:20:12","Ball Position",682,78
932106,"AS Monaco FC","Dijon FCO","02/16/2018 21:20:37","Restart",683,78
932106,"AS Monaco FC","Dijon FCO","02/16/2018 21:20:48","AT2",684,78
932106,"AS Monaco FC","Dijon FCO","02/16/2018 21:20:52","Possible Free Kick",685,78
932106,"AS Monaco FC","Dijon FCO","02/16/2018 21:20:56","F1",687,78
932106,"AS Monaco FC","Dijon FCO","02/16/2018 21:20:56","FK2",688,78
932106,"AS Monaco FC","Dijon FCO","02/16/2018 21:20:56","DANGER2",689,78
932106,"AS Monaco FC","Dijon FCO","02/16/2018 21:20:56","DFK2",690,78
932106,"AS Monaco FC","Dijon FCO","02/16/2018 21:20:56","Ball Position",691,78
932106,"AS Monaco FC","Dijon FCO","02/16/2018 21:21:07","SUB1",692,79
932106,"AS Monaco FC","Dijon FCO","02/16/2018 21:21:33","Player_DATA_CONFIRMED",693,79
932106,"AS Monaco FC","Dijon FCO","02/16/2018 21:21:39","Restart",694,79
932106,"AS Monaco FC","Dijon FCO","02/16/2018 21:21:53","SAFE1",695,79
932106,"AS Monaco FC","Dijon FCO","02/16/2018 21:21:56","Possible Free Kick",696,79
932106,"AS Monaco FC","Dijon FCO","02/16/2018 21:22:07","POSSIBLE_CARDS",698,80
932106,"AS Monaco FC","Dijon FCO","02/16/2018 21:22:18","NO_Cards",699,80
932106,"AS Monaco FC","Dijon FCO","02/16/2018 21:22:18","F2",700,80
932106,"AS Monaco FC","Dijon FCO","02/16/2018 21:22:18","FK1",701,80
932106,"AS Monaco FC","Dijon FCO","02/16/2018 21:22:18","Ball Position",702,80
932106,"AS Monaco FC","Dijon FCO","02/16/2018 21:22:21","Restart",703,80
932106,"AS Monaco FC","Dijon FCO","02/16/2018 21:22:32","AT2",704,80
932106,"AS Monaco FC","Dijon FCO","02/16/2018 21:23:02","DANGER2",705,81
932106,"AS Monaco FC","Dijon FCO","02/16/2018 21:23:02","DAT2",706,81
932106,"AS Monaco FC","Dijon FCO","02/16/2018 21:23:17","SAFE1",707,81
932106,"AS Monaco FC","Dijon FCO","02/16/2018 21:23:18","GK1",708,81
932106,"AS Monaco FC","Dijon FCO","02/16/2018 21:23:40","Restart",709,81
932106,"AS Monaco FC","Dijon FCO","02/16/2018 21:23:45","AT2",710,81
932106,"AS Monaco FC","Dijon FCO","02/16/2018 21:23:55","SAFE1",711,81
932106,"AS Monaco FC","Dijon FCO","02/16/2018 21:23:56","AT1",712,81
932106,"AS Monaco FC","Dijon FCO","02/16/2018 21:23:59","POSSIBLE_TI",713,82
932106,"AS Monaco FC","Dijon FCO","02/16/2018 21:24:00","TI1",714,82
932106,"AS Monaco FC","Dijon FCO","02/16/2018 21:24:06","Restart",715,82
932106,"AS Monaco FC","Dijon FCO","02/16/2018 21:24:31","Possible Free Kick",716,82
932106,"AS Monaco FC","Dijon FCO","02/16/2018 21:24:41","F2",718,82
932106,"AS Monaco FC","Dijon FCO","02/16/2018 21:24:41","FK1",719,82
932106,"AS Monaco FC","Dijon FCO","02/16/2018 21:24:41","DANGER1",720,82
932106,"AS Monaco FC","Dijon FCO","02/16/2018 21:24:41","DFK1",721,82
932106,"AS Monaco FC","Dijon FCO","02/16/2018 21:24:41","Ball Position",722,82
932106,"AS Monaco FC","Dijon FCO","02/16/2018 21:24:45","Restart",723,82
932106,"AS Monaco FC","Dijon FCO","02/16/2018 21:24:59","SAFE2",724,83
932106,"AS Monaco FC","Dijon FCO","02/16/2018 21:24:59","AT2",725,83
932106,"AS Monaco FC","Dijon FCO","02/16/2018 21:24:59","POSSIBLE_TI",726,83
932106,"AS Monaco FC","Dijon FCO","02/16/2018 21:25:08","NO_TI",727,83
932106,"AS Monaco FC","Dijon FCO","02/16/2018 21:25:08","Possible Free Kick",728,83
932106,"AS Monaco FC","Dijon FCO","02/16/2018 21:25:08","F1",730,83
932106,"AS Monaco FC","Dijon FCO","02/16/2018 21:25:08","FK2",731,83
932106,"AS Monaco FC","Dijon FCO","02/16/2018 21:25:08","DANGER2",732,83
932106,"AS Monaco FC","Dijon FCO","02/16/2018 21:25:08","DFK2",733,83
932106,"AS Monaco FC","Dijon FCO","02/16/2018 21:25:08","Ball Position",734,83
932106,"AS Monaco FC","Dijon FCO","02/16/2018 21:25:22","Restart",735,83
932106,"AS Monaco FC","Dijon FCO","02/16/2018 21:25:41","SAFE1",736,83
932106,"AS Monaco FC","Dijon FCO","02/16/2018 21:25:42","AT1",737,83
932106,"AS Monaco FC","Dijon FCO","02/16/2018 21:25:45","DANGER1",738,83
932106,"AS Monaco FC","Dijon FCO","02/16/2018 21:25:45","DAT1",739,83
932106,"AS Monaco FC","Dijon FCO","02/16/2018 21:25:47","POSSIBLE_TI",740,83
932106,"AS Monaco FC","Dijon FCO","02/16/2018 21:25:48","TI1",741,83
932106,"AS Monaco FC","Dijon FCO","02/16/2018 21:25:51","CLS",742,83
932106,"AS Monaco FC","Dijon FCO","02/16/2018 21:25:52","NO_TI",743,83
932106,"AS Monaco FC","Dijon FCO","02/16/2018 21:26:24","BLOCKED1",744,84
932106,"AS Monaco FC","Dijon FCO","02/16/2018 21:26:33","POSSIBLE_TI",745,84
932106,"AS Monaco FC","Dijon FCO","02/16/2018 21:26:33","TI1",746,84
932106,"AS Monaco FC","Dijon FCO","02/16/2018 21:26:34","Restart",747,84
932106,"AS Monaco FC","Dijon FCO","02/16/2018 21:26:43","SAFE2",748,84
932106,"AS Monaco FC","Dijon FCO","02/16/2018 21:26:43","AT2",749,84
932106,"AS Monaco FC","Dijon FCO","02/16/2018 21:26:45","POSSIBLE_TI",750,84
932106,"AS Monaco FC","Dijon FCO","02/16/2018 21:26:47","TI2",751,84
932106,"AS Monaco FC","Dijon FCO","02/16/2018 21:26:48","Restart",752,84
932106,"AS Monaco FC","Dijon FCO","02/16/2018 21:26:59","DANGER2",753,85
932106,"AS Monaco FC","Dijon FCO","02/16/2018 21:26:59","DAT2",754,85
932106,"AS Monaco FC","Dijon FCO","02/16/2018 21:27:08","SAFE1",755,85
932106,"AS Monaco FC","Dijon FCO","02/16/2018 21:27:22","POSSIBLE_TI",756,85
932106,"AS Monaco FC","Dijon FCO","02/16/2018 21:27:22","TI2",757,85
932106,"AS Monaco FC","Dijon FCO","02/16/2018 21:27:32","SUB2",758,85
932106,"AS Monaco FC","Dijon FCO","02/16/2018 21:27:44","SUB1",759,85
932106,"AS Monaco FC","Dijon FCO","02/16/2018 21:28:36","Restart",760,86
932106,"AS Monaco FC","Dijon FCO","02/16/2018 21:28:36","AT2",761,86
932106,"AS Monaco FC","Dijon FCO","02/16/2018 21:28:38","Player_DATA_CONFIRMED",762,86
932106,"AS Monaco FC","Dijon FCO","02/16/2018 21:28:57","SAFE1",763,87
932106,"AS Monaco FC","Dijon FCO","02/16/2018 21:28:58","AT1",764,87
932106,"AS Monaco FC","Dijon FCO","02/16/2018 21:29:08","SAFE2",765,87
932106,"AS Monaco FC","Dijon FCO","02/16/2018 21:29:10","AT2",766,87
932106,"AS Monaco FC","Dijon FCO","02/16/2018 21:29:35","SAFE1",767,87
932106,"AS Monaco FC","Dijon FCO","02/16/2018 21:29:37","AT1",768,87
932106,"AS Monaco FC","Dijon FCO","02/16/2018 21:29:38","DANGER1",769,87
932106,"AS Monaco FC","Dijon FCO","02/16/2018 21:29:38","DAT1",770,87
932106,"AS Monaco FC","Dijon FCO","02/16/2018 21:29:38","Player_DATA_CONFIRMED",771,87
932106,"AS Monaco FC","Dijon FCO","02/16/2018 21:29:48","GOAL1",772,87
932106,"AS Monaco FC","Dijon FCO","02/16/2018 21:30:03","Scorer",773,88
932106,"AS Monaco FC","Dijon FCO","02/16/2018 21:30:32","CONF_GOAL1",774,88
932106,"AS Monaco FC","Dijon FCO","02/16/2018 21:30:43","KO2",775,88
932106,"AS Monaco FC","Dijon FCO","02/16/2018 21:30:43","SAFE2",776,88
932106,"AS Monaco FC","Dijon FCO","02/16/2018 21:31:05","POSSIBLE_TI",777,89
932106,"AS Monaco FC","Dijon FCO","02/16/2018 21:31:05","Player_DATA_CONFIRMED",778,89
932106,"AS Monaco FC","Dijon FCO","02/16/2018 21:31:08","TI1",779,89
932106,"AS Monaco FC","Dijon FCO","02/16/2018 21:31:13","Restart",780,89
932106,"AS Monaco FC","Dijon FCO","02/16/2018 21:31:23","POSSIBLE_TI",781,89
932106,"AS Monaco FC","Dijon FCO","02/16/2018 21:31:23","TI2",782,89
932106,"AS Monaco FC","Dijon FCO","02/16/2018 21:31:37","Restart",783,89
932106,"AS Monaco FC","Dijon FCO","02/16/2018 21:31:57","AT1",784,90
932106,"AS Monaco FC","Dijon FCO","02/16/2018 21:32:08","POSSIBLE_TI",785,90
932106,"AS Monaco FC","Dijon FCO","02/16/2018 21:32:11","TI2",786,90
932106,"AS Monaco FC","Dijon FCO","02/16/2018 21:32:13","Restart",787,90
932106,"AS Monaco FC","Dijon FCO","02/16/2018 21:32:16","SAFE2",788,90
932106,"AS Monaco FC","Dijon FCO","02/16/2018 21:32:30","AT2",789,90
932106,"AS Monaco FC","Dijon FCO","02/16/2018 21:32:51","Extra Time",790,90
932106,"AS Monaco FC","Dijon FCO","02/16/2018 21:32:56","DANGER2",791,90
932106,"AS Monaco FC","Dijon FCO","02/16/2018 21:32:56","DAT2",792,90
932106,"AS Monaco FC","Dijon FCO","02/16/2018 21:33:07","SAFE1",793,91
932106,"AS Monaco FC","Dijon FCO","02/16/2018 21:33:39","AT1",794,91
932106,"AS Monaco FC","Dijon FCO","02/16/2018 21:34:09","POSSIBLE_TI",795,92
932106,"AS Monaco FC","Dijon FCO","02/16/2018 21:34:09","TI2",796,92
932106,"AS Monaco FC","Dijon FCO","02/16/2018 21:34:14","Restart",797,92
932106,"AS Monaco FC","Dijon FCO","02/16/2018 21:34:25","SAFE1",798,92
932106,"AS Monaco FC","Dijon FCO","02/16/2018 21:34:25","AT1",799,92
932106,"AS Monaco FC","Dijon FCO","02/16/2018 21:34:34","Possible Free Kick",800,92
932106,"AS Monaco FC","Dijon FCO","02/16/2018 21:34:35","F2",802,92
932106,"AS Monaco FC","Dijon FCO","02/16/2018 21:34:35","FK1",803,92
932106,"AS Monaco FC","Dijon FCO","02/16/2018 21:34:35","DANGER1",804,92
932106,"AS Monaco FC","Dijon FCO","02/16/2018 21:34:35","DFK1",805,92
932106,"AS Monaco FC","Dijon FCO","02/16/2018 21:34:35","Ball Position",806,92
932106,"AS Monaco FC","Dijon FCO","02/16/2018 21:34:46","Restart",807,92
932106,"AS Monaco FC","Dijon FCO","02/16/2018 21:34:56","GOAL1",808,92
932106,"AS Monaco FC","Dijon FCO","02/16/2018 21:35:00","Scorer",809,93
932106,"AS Monaco FC","Dijon FCO","02/16/2018 21:35:15","CONF_GOAL1",810,93
932106,"AS Monaco FC","Dijon FCO","02/16/2018 21:35:23","Stop RT2",811,93
932106,"AS Monaco FC","Dijon FCO","02/16/2018 21:35:23","Stop Game",812,93
932106,"AS Monaco FC","Dijon FCO","02/16/2018 21:35:29","CONF_PERIOD_SCORE",813,92
932106,"AS Monaco FC","Dijon FCO","02/16/2018 21:36:38","Player_DATA_CONFIRMED",814,92
932106,"AS Monaco FC","Dijon FCO","02/16/2018 21:36:38","Assist",815,92
