"RBallID","HomeTeam","AwayTeam","Timestamp","Incident","IncidentNumber","Minute"
976186,"RCS Strasbourg","Olympique Lyonnais","05/12/2018 17:48:53","Transmission Online",0,0
976186,"RCS Strasbourg","Olympique Lyonnais","05/12/2018 17:49:06","GCC",1,0
976186,"RCS Strasbourg","Olympique Lyonnais","05/12/2018 18:00:43","Lineup changed",2,0
976186,"RCS Strasbourg","Olympique Lyonnais","05/12/2018 18:01:36","Scout in Stadion",3,0
976186,"RCS Strasbourg","Olympique Lyonnais","05/12/2018 18:26:50","GCC",4,0
976186,"RCS Strasbourg","Olympique Lyonnais","05/12/2018 18:27:29","GCC",5,0
976186,"RCS Strasbourg","Olympique Lyonnais","05/12/2018 18:40:38","GCC",6,0
976186,"RCS Strasbourg","Olympique Lyonnais","05/12/2018 18:56:08","Players are coming out",7,0
976186,"RCS Strasbourg","Olympique Lyonnais","05/12/2018 18:56:25","Players lined up",8,0
976186,"RCS Strasbourg","Olympique Lyonnais","05/12/2018 18:56:43","Shake hands",9,0
976186,"RCS Strasbourg","Olympique Lyonnais","05/12/2018 18:57:17","Flip coin",10,0
976186,"RCS Strasbourg","Olympique Lyonnais","05/12/2018 18:57:37","Jersey Changed",11,0
976186,"RCS Strasbourg","Olympique Lyonnais","05/12/2018 18:57:37","Jersey Changed",12,0
976186,"RCS Strasbourg","Olympique Lyonnais","05/12/2018 18:58:19","Game about to start",13,0
976186,"RCS Strasbourg","Olympique Lyonnais","05/12/2018 19:00:01","Start RT1 Team 1",14,1
976186,"RCS Strasbourg","Olympique Lyonnais","05/12/2018 19:00:07","AT1",15,1
976186,"RCS Strasbourg","Olympique Lyonnais","05/12/2018 19:00:10","SAFE2",16,1
976186,"RCS Strasbourg","Olympique Lyonnais","05/12/2018 19:00:24","AT2",17,1
976186,"RCS Strasbourg","Olympique Lyonnais","05/12/2018 19:00:25","SAFE2",18,1
976186,"RCS Strasbourg","Olympique Lyonnais","05/12/2018 19:00:29","AT1",19,1
976186,"RCS Strasbourg","Olympique Lyonnais","05/12/2018 19:00:29","DANGER1",20,1
976186,"RCS Strasbourg","Olympique Lyonnais","05/12/2018 19:00:29","DAT1",21,1
976186,"RCS Strasbourg","Olympique Lyonnais","05/12/2018 19:00:39","SAFE2",22,1
976186,"RCS Strasbourg","Olympique Lyonnais","05/12/2018 19:00:44","AT1",23,1
976186,"RCS Strasbourg","Olympique Lyonnais","05/12/2018 19:00:44","DANGER1",24,1
976186,"RCS Strasbourg","Olympique Lyonnais","05/12/2018 19:00:44","DAT1",25,1
976186,"RCS Strasbourg","Olympique Lyonnais","05/12/2018 19:01:17","SAFE1",26,2
976186,"RCS Strasbourg","Olympique Lyonnais","05/12/2018 19:01:23","AT2",27,2
976186,"RCS Strasbourg","Olympique Lyonnais","05/12/2018 19:01:34","POSSIBLE_TI",28,2
976186,"RCS Strasbourg","Olympique Lyonnais","05/12/2018 19:01:34","TI2",29,2
976186,"RCS Strasbourg","Olympique Lyonnais","05/12/2018 19:01:37","Restart",30,2
976186,"RCS Strasbourg","Olympique Lyonnais","05/12/2018 19:01:44","SAFE1",31,2
976186,"RCS Strasbourg","Olympique Lyonnais","05/12/2018 19:01:51","AT1",32,2
976186,"RCS Strasbourg","Olympique Lyonnais","05/12/2018 19:01:51","POSSIBLE_TI",33,2
976186,"RCS Strasbourg","Olympique Lyonnais","05/12/2018 19:01:52","TI1",34,2
976186,"RCS Strasbourg","Olympique Lyonnais","05/12/2018 19:01:53","Restart",35,2
976186,"RCS Strasbourg","Olympique Lyonnais","05/12/2018 19:02:00","DANGER1",36,2
976186,"RCS Strasbourg","Olympique Lyonnais","05/12/2018 19:02:00","DAT1",37,2
976186,"RCS Strasbourg","Olympique Lyonnais","05/12/2018 19:02:01","POSSIBLE_TI",38,2
976186,"RCS Strasbourg","Olympique Lyonnais","05/12/2018 19:02:03","TI1",39,3
976186,"RCS Strasbourg","Olympique Lyonnais","05/12/2018 19:02:11","Restart",40,3
976186,"RCS Strasbourg","Olympique Lyonnais","05/12/2018 19:02:21","SAFE1",41,3
976186,"RCS Strasbourg","Olympique Lyonnais","05/12/2018 19:02:25","AT1",42,3
976186,"RCS Strasbourg","Olympique Lyonnais","05/12/2018 19:02:29","SAFE2",43,3
976186,"RCS Strasbourg","Olympique Lyonnais","05/12/2018 19:02:35","Possible Free Kick",44,3
976186,"RCS Strasbourg","Olympique Lyonnais","05/12/2018 19:02:37","F1",46,3
976186,"RCS Strasbourg","Olympique Lyonnais","05/12/2018 19:02:37","FK2",47,3
976186,"RCS Strasbourg","Olympique Lyonnais","05/12/2018 19:02:37","Ball Position",48,3
976186,"RCS Strasbourg","Olympique Lyonnais","05/12/2018 19:02:50","Restart",49,3
976186,"RCS Strasbourg","Olympique Lyonnais","05/12/2018 19:02:59","AT2",50,3
976186,"RCS Strasbourg","Olympique Lyonnais","05/12/2018 19:03:07","SAFE1",51,4
976186,"RCS Strasbourg","Olympique Lyonnais","05/12/2018 19:03:08","POSSIBLE_TI",52,4
976186,"RCS Strasbourg","Olympique Lyonnais","05/12/2018 19:03:08","TI1",53,4
976186,"RCS Strasbourg","Olympique Lyonnais","05/12/2018 19:03:23","Restart",54,4
976186,"RCS Strasbourg","Olympique Lyonnais","05/12/2018 19:03:43","AT2",55,4
976186,"RCS Strasbourg","Olympique Lyonnais","05/12/2018 19:03:43","POSSIBLE_TI",56,4
976186,"RCS Strasbourg","Olympique Lyonnais","05/12/2018 19:03:44","TI2",57,4
976186,"RCS Strasbourg","Olympique Lyonnais","05/12/2018 19:03:47","Restart",58,4
976186,"RCS Strasbourg","Olympique Lyonnais","05/12/2018 19:03:50","SAFE2",59,4
976186,"RCS Strasbourg","Olympique Lyonnais","05/12/2018 19:03:56","AT2",60,4
976186,"RCS Strasbourg","Olympique Lyonnais","05/12/2018 19:04:01","DANGER2",61,4
976186,"RCS Strasbourg","Olympique Lyonnais","05/12/2018 19:04:01","DAT2",62,4
976186,"RCS Strasbourg","Olympique Lyonnais","05/12/2018 19:04:07","SHB2",63,5
976186,"RCS Strasbourg","Olympique Lyonnais","05/12/2018 19:04:08","SAFE1",64,5
976186,"RCS Strasbourg","Olympique Lyonnais","05/12/2018 19:04:09","GK1",65,5
976186,"RCS Strasbourg","Olympique Lyonnais","05/12/2018 19:04:44","Restart",66,5
976186,"RCS Strasbourg","Olympique Lyonnais","05/12/2018 19:04:48","AT1",67,5
976186,"RCS Strasbourg","Olympique Lyonnais","05/12/2018 19:04:51","SAFE2",68,5
976186,"RCS Strasbourg","Olympique Lyonnais","05/12/2018 19:04:56","AT1",69,5
976186,"RCS Strasbourg","Olympique Lyonnais","05/12/2018 19:04:56","DANGER1",70,5
976186,"RCS Strasbourg","Olympique Lyonnais","05/12/2018 19:04:56","DAT1",71,5
976186,"RCS Strasbourg","Olympique Lyonnais","05/12/2018 19:05:00","POSSIBLE_TI",72,5
976186,"RCS Strasbourg","Olympique Lyonnais","05/12/2018 19:05:10","TI1",73,6
976186,"RCS Strasbourg","Olympique Lyonnais","05/12/2018 19:05:11","Restart",74,6
976186,"RCS Strasbourg","Olympique Lyonnais","05/12/2018 19:05:14","PCR1",75,6
976186,"RCS Strasbourg","Olympique Lyonnais","05/12/2018 19:05:27","CR1",76,6
976186,"RCS Strasbourg","Olympique Lyonnais","05/12/2018 19:05:28","Ball Position",77,6
976186,"RCS Strasbourg","Olympique Lyonnais","05/12/2018 19:05:35","Restart",78,6
976186,"RCS Strasbourg","Olympique Lyonnais","05/12/2018 19:05:56","SAFE2",79,6
976186,"RCS Strasbourg","Olympique Lyonnais","05/12/2018 19:05:57","GK2",80,6
976186,"RCS Strasbourg","Olympique Lyonnais","05/12/2018 19:06:07","Restart",81,7
976186,"RCS Strasbourg","Olympique Lyonnais","05/12/2018 19:06:23","AT2",82,7
976186,"RCS Strasbourg","Olympique Lyonnais","05/12/2018 19:06:26","Possible Free Kick",83,7
976186,"RCS Strasbourg","Olympique Lyonnais","05/12/2018 19:06:32","F1",85,7
976186,"RCS Strasbourg","Olympique Lyonnais","05/12/2018 19:06:32","FK2",86,7
976186,"RCS Strasbourg","Olympique Lyonnais","05/12/2018 19:06:32","DANGER2",87,7
976186,"RCS Strasbourg","Olympique Lyonnais","05/12/2018 19:06:32","DFK2",88,7
976186,"RCS Strasbourg","Olympique Lyonnais","05/12/2018 19:06:32","Ball Position",89,7
976186,"RCS Strasbourg","Olympique Lyonnais","05/12/2018 19:06:36","Restart",90,7
976186,"RCS Strasbourg","Olympique Lyonnais","05/12/2018 19:06:38","SAFE2",91,7
976186,"RCS Strasbourg","Olympique Lyonnais","05/12/2018 19:06:52","AT2",92,7
976186,"RCS Strasbourg","Olympique Lyonnais","05/12/2018 19:06:53","SAFE1",93,7
976186,"RCS Strasbourg","Olympique Lyonnais","05/12/2018 19:07:00","AT1",94,7
976186,"RCS Strasbourg","Olympique Lyonnais","05/12/2018 19:07:02","SAFE1",95,8
976186,"RCS Strasbourg","Olympique Lyonnais","05/12/2018 19:07:16","AT2",96,8
976186,"RCS Strasbourg","Olympique Lyonnais","05/12/2018 19:07:16","POSSIBLE_TI",97,8
976186,"RCS Strasbourg","Olympique Lyonnais","05/12/2018 19:07:18","TI2",98,8
976186,"RCS Strasbourg","Olympique Lyonnais","05/12/2018 19:07:20","Restart",99,8
976186,"RCS Strasbourg","Olympique Lyonnais","05/12/2018 19:07:22","SAFE2",100,8
976186,"RCS Strasbourg","Olympique Lyonnais","05/12/2018 19:07:24","SAFE1",101,8
976186,"RCS Strasbourg","Olympique Lyonnais","05/12/2018 19:07:25","AT1",102,8
976186,"RCS Strasbourg","Olympique Lyonnais","05/12/2018 19:07:30","DANGER1",103,8
976186,"RCS Strasbourg","Olympique Lyonnais","05/12/2018 19:07:30","DAT1",104,8
976186,"RCS Strasbourg","Olympique Lyonnais","05/12/2018 19:07:34","SAFE2",105,8
976186,"RCS Strasbourg","Olympique Lyonnais","05/12/2018 19:07:35","GK2",106,8
976186,"RCS Strasbourg","Olympique Lyonnais","05/12/2018 19:07:47","Restart",107,8
976186,"RCS Strasbourg","Olympique Lyonnais","05/12/2018 19:08:20","AT2",108,9
976186,"RCS Strasbourg","Olympique Lyonnais","05/12/2018 19:08:22","DANGER2",109,9
976186,"RCS Strasbourg","Olympique Lyonnais","05/12/2018 19:08:22","DAT2",110,9
976186,"RCS Strasbourg","Olympique Lyonnais","05/12/2018 19:08:34","SAFE1",111,9
976186,"RCS Strasbourg","Olympique Lyonnais","05/12/2018 19:08:35","GK1",112,9
976186,"RCS Strasbourg","Olympique Lyonnais","05/12/2018 19:09:14","Restart",113,10
976186,"RCS Strasbourg","Olympique Lyonnais","05/12/2018 19:09:19","AT1",114,10
976186,"RCS Strasbourg","Olympique Lyonnais","05/12/2018 19:09:21","DANGER1",115,10
976186,"RCS Strasbourg","Olympique Lyonnais","05/12/2018 19:09:21","DAT1",116,10
976186,"RCS Strasbourg","Olympique Lyonnais","05/12/2018 19:09:26","POSSIBLE_TI",117,10
976186,"RCS Strasbourg","Olympique Lyonnais","05/12/2018 19:09:27","TI1",118,10
976186,"RCS Strasbourg","Olympique Lyonnais","05/12/2018 19:09:29","Restart",119,10
976186,"RCS Strasbourg","Olympique Lyonnais","05/12/2018 19:09:32","Possible Free Kick",120,10
976186,"RCS Strasbourg","Olympique Lyonnais","05/12/2018 19:09:39","F2",122,10
976186,"RCS Strasbourg","Olympique Lyonnais","05/12/2018 19:09:39","FK1",123,10
976186,"RCS Strasbourg","Olympique Lyonnais","05/12/2018 19:09:39","DFK1",124,10
976186,"RCS Strasbourg","Olympique Lyonnais","05/12/2018 19:09:39","Ball Position",125,10
976186,"RCS Strasbourg","Olympique Lyonnais","05/12/2018 19:10:06","Restart",126,11
976186,"RCS Strasbourg","Olympique Lyonnais","05/12/2018 19:10:12","Possible Free Kick",127,11
976186,"RCS Strasbourg","Olympique Lyonnais","05/12/2018 19:10:15","SAFE2",129,11
976186,"RCS Strasbourg","Olympique Lyonnais","05/12/2018 19:10:15","O1",130,11
976186,"RCS Strasbourg","Olympique Lyonnais","05/12/2018 19:10:15","FK2",131,11
976186,"RCS Strasbourg","Olympique Lyonnais","05/12/2018 19:10:15","Ball Position",132,11
976186,"RCS Strasbourg","Olympique Lyonnais","05/12/2018 19:10:22","Restart",133,11
976186,"RCS Strasbourg","Olympique Lyonnais","05/12/2018 19:10:41","Possible Free Kick",134,11
976186,"RCS Strasbourg","Olympique Lyonnais","05/12/2018 19:10:42","F1",136,11
976186,"RCS Strasbourg","Olympique Lyonnais","05/12/2018 19:10:42","FK2",137,11
976186,"RCS Strasbourg","Olympique Lyonnais","05/12/2018 19:10:42","Ball Position",138,11
976186,"RCS Strasbourg","Olympique Lyonnais","05/12/2018 19:11:15","Restart",139,12
976186,"RCS Strasbourg","Olympique Lyonnais","05/12/2018 19:11:20","AT2",140,12
976186,"RCS Strasbourg","Olympique Lyonnais","05/12/2018 19:11:23","Possible Free Kick",141,12
976186,"RCS Strasbourg","Olympique Lyonnais","05/12/2018 19:11:33","POSSIBLE_CARDS",143,12
976186,"RCS Strasbourg","Olympique Lyonnais","05/12/2018 19:11:39","YC1",144,12
976186,"RCS Strasbourg","Olympique Lyonnais","05/12/2018 19:11:42","CONF_YC1",145,12
976186,"RCS Strasbourg","Olympique Lyonnais","05/12/2018 19:11:48","Scorer",146,12
976186,"RCS Strasbourg","Olympique Lyonnais","05/12/2018 19:11:55","SAFE2",147,12
976186,"RCS Strasbourg","Olympique Lyonnais","05/12/2018 19:11:55","F1",148,12
976186,"RCS Strasbourg","Olympique Lyonnais","05/12/2018 19:11:55","FK2",149,12
976186,"RCS Strasbourg","Olympique Lyonnais","05/12/2018 19:11:55","Ball Position",150,12
976186,"RCS Strasbourg","Olympique Lyonnais","05/12/2018 19:12:08","Player_DATA_CONFIRMED",151,13
976186,"RCS Strasbourg","Olympique Lyonnais","05/12/2018 19:12:17","Restart",152,13
976186,"RCS Strasbourg","Olympique Lyonnais","05/12/2018 19:12:18","AT2",153,13
976186,"RCS Strasbourg","Olympique Lyonnais","05/12/2018 19:12:19","SAFE2",154,13
976186,"RCS Strasbourg","Olympique Lyonnais","05/12/2018 19:12:29","AT2",155,13
976186,"RCS Strasbourg","Olympique Lyonnais","05/12/2018 19:12:32","SAFE2",156,13
976186,"RCS Strasbourg","Olympique Lyonnais","05/12/2018 19:12:35","AT1",157,13
976186,"RCS Strasbourg","Olympique Lyonnais","05/12/2018 19:12:37","SAFE2",158,13
976186,"RCS Strasbourg","Olympique Lyonnais","05/12/2018 19:12:45","SAFE1",159,13
976186,"RCS Strasbourg","Olympique Lyonnais","05/12/2018 19:13:05","AT1",160,14
976186,"RCS Strasbourg","Olympique Lyonnais","05/12/2018 19:13:07","SAFE2",161,14
976186,"RCS Strasbourg","Olympique Lyonnais","05/12/2018 19:13:13","AT2",162,14
976186,"RCS Strasbourg","Olympique Lyonnais","05/12/2018 19:13:14","SAFE1",163,14
976186,"RCS Strasbourg","Olympique Lyonnais","05/12/2018 19:13:19","AT1",164,14
976186,"RCS Strasbourg","Olympique Lyonnais","05/12/2018 19:13:24","SAFE2",165,14
976186,"RCS Strasbourg","Olympique Lyonnais","05/12/2018 19:13:33","Possible Free Kick",166,14
976186,"RCS Strasbourg","Olympique Lyonnais","05/12/2018 19:13:38","F1",168,14
976186,"RCS Strasbourg","Olympique Lyonnais","05/12/2018 19:13:38","FK2",169,14
976186,"RCS Strasbourg","Olympique Lyonnais","05/12/2018 19:13:38","Ball Position",170,14
976186,"RCS Strasbourg","Olympique Lyonnais","05/12/2018 19:13:45","Restart",171,14
976186,"RCS Strasbourg","Olympique Lyonnais","05/12/2018 19:13:50","AT2",172,14
976186,"RCS Strasbourg","Olympique Lyonnais","05/12/2018 19:13:53","SAFE1",173,14
976186,"RCS Strasbourg","Olympique Lyonnais","05/12/2018 19:13:55","AT1",174,14
976186,"RCS Strasbourg","Olympique Lyonnais","05/12/2018 19:14:05","DANGER1",175,15
976186,"RCS Strasbourg","Olympique Lyonnais","05/12/2018 19:14:05","DAT1",176,15
976186,"RCS Strasbourg","Olympique Lyonnais","05/12/2018 19:14:09","SAFE2",177,15
976186,"RCS Strasbourg","Olympique Lyonnais","05/12/2018 19:14:16","AT2",178,15
976186,"RCS Strasbourg","Olympique Lyonnais","05/12/2018 19:14:17","Possible Free Kick",179,15
976186,"RCS Strasbourg","Olympique Lyonnais","05/12/2018 19:14:26","SAFE1",182,15
976186,"RCS Strasbourg","Olympique Lyonnais","05/12/2018 19:14:26","F2",183,15
976186,"RCS Strasbourg","Olympique Lyonnais","05/12/2018 19:14:26","FK1",184,15
976186,"RCS Strasbourg","Olympique Lyonnais","05/12/2018 19:14:26","Ball Position",185,15
976186,"RCS Strasbourg","Olympique Lyonnais","05/12/2018 19:14:29","Restart",186,15
976186,"RCS Strasbourg","Olympique Lyonnais","05/12/2018 19:14:29","AT1",187,15
976186,"RCS Strasbourg","Olympique Lyonnais","05/12/2018 19:14:36","SAFE1",188,15
976186,"RCS Strasbourg","Olympique Lyonnais","05/12/2018 19:14:42","AT2",189,15
976186,"RCS Strasbourg","Olympique Lyonnais","05/12/2018 19:14:42","POSSIBLE_TI",190,15
976186,"RCS Strasbourg","Olympique Lyonnais","05/12/2018 19:14:44","TI2",191,15
976186,"RCS Strasbourg","Olympique Lyonnais","05/12/2018 19:14:50","Restart",192,15
976186,"RCS Strasbourg","Olympique Lyonnais","05/12/2018 19:14:50","SAFE2",193,15
976186,"RCS Strasbourg","Olympique Lyonnais","05/12/2018 19:15:01","AT2",194,16
976186,"RCS Strasbourg","Olympique Lyonnais","05/12/2018 19:15:03","SAFE2",195,16
976186,"RCS Strasbourg","Olympique Lyonnais","05/12/2018 19:15:07","AT2",196,16
976186,"RCS Strasbourg","Olympique Lyonnais","05/12/2018 19:15:12","SAFE1",197,16
976186,"RCS Strasbourg","Olympique Lyonnais","05/12/2018 19:15:14","AT2",198,16
976186,"RCS Strasbourg","Olympique Lyonnais","05/12/2018 19:15:14","DANGER2",199,16
976186,"RCS Strasbourg","Olympique Lyonnais","05/12/2018 19:15:14","DAT2",200,16
976186,"RCS Strasbourg","Olympique Lyonnais","05/12/2018 19:15:17","POSSIBLE_TI",201,16
976186,"RCS Strasbourg","Olympique Lyonnais","05/12/2018 19:15:19","TI2",202,16
976186,"RCS Strasbourg","Olympique Lyonnais","05/12/2018 19:15:25","Restart",203,16
976186,"RCS Strasbourg","Olympique Lyonnais","05/12/2018 19:15:32","SAFE2",204,16
976186,"RCS Strasbourg","Olympique Lyonnais","05/12/2018 19:15:34","AT2",205,16
976186,"RCS Strasbourg","Olympique Lyonnais","05/12/2018 19:15:39","SAFE1",206,16
976186,"RCS Strasbourg","Olympique Lyonnais","05/12/2018 19:15:58","AT1",207,16
976186,"RCS Strasbourg","Olympique Lyonnais","05/12/2018 19:16:04","SAFE1",208,17
976186,"RCS Strasbourg","Olympique Lyonnais","05/12/2018 19:16:12","AT1",209,17
976186,"RCS Strasbourg","Olympique Lyonnais","05/12/2018 19:16:14","DANGER1",210,17
976186,"RCS Strasbourg","Olympique Lyonnais","05/12/2018 19:16:14","DAT1",211,17
976186,"RCS Strasbourg","Olympique Lyonnais","05/12/2018 19:16:24","POSSIBLE_TI",212,17
976186,"RCS Strasbourg","Olympique Lyonnais","05/12/2018 19:16:24","TI2",213,17
976186,"RCS Strasbourg","Olympique Lyonnais","05/12/2018 19:16:25","SAFE2",214,17
976186,"RCS Strasbourg","Olympique Lyonnais","05/12/2018 19:16:33","Restart",215,17
976186,"RCS Strasbourg","Olympique Lyonnais","05/12/2018 19:16:47","AT1",216,17
976186,"RCS Strasbourg","Olympique Lyonnais","05/12/2018 19:16:50","DANGER1",217,17
976186,"RCS Strasbourg","Olympique Lyonnais","05/12/2018 19:16:50","DAT1",218,17
976186,"RCS Strasbourg","Olympique Lyonnais","05/12/2018 19:16:51","Possible Free Kick",219,17
976186,"RCS Strasbourg","Olympique Lyonnais","05/12/2018 19:16:58","F2",221,17
976186,"RCS Strasbourg","Olympique Lyonnais","05/12/2018 19:16:58","FK1",222,17
976186,"RCS Strasbourg","Olympique Lyonnais","05/12/2018 19:16:58","DFK1",223,17
976186,"RCS Strasbourg","Olympique Lyonnais","05/12/2018 19:16:58","Ball Position",224,17
976186,"RCS Strasbourg","Olympique Lyonnais","05/12/2018 19:17:49","Restart",225,18
976186,"RCS Strasbourg","Olympique Lyonnais","05/12/2018 19:17:51","SHG1",226,18
976186,"RCS Strasbourg","Olympique Lyonnais","05/12/2018 19:17:53","SAFE2",227,18
976186,"RCS Strasbourg","Olympique Lyonnais","05/12/2018 19:18:08","AT2",228,19
976186,"RCS Strasbourg","Olympique Lyonnais","05/12/2018 19:18:12","SAFE2",229,19
976186,"RCS Strasbourg","Olympique Lyonnais","05/12/2018 19:18:21","AT2",230,19
976186,"RCS Strasbourg","Olympique Lyonnais","05/12/2018 19:18:27","DANGER2",231,19
976186,"RCS Strasbourg","Olympique Lyonnais","05/12/2018 19:18:27","DAT2",232,19
976186,"RCS Strasbourg","Olympique Lyonnais","05/12/2018 19:18:28","Possible Free Kick",233,19
976186,"RCS Strasbourg","Olympique Lyonnais","05/12/2018 19:18:34","SAFE1",236,19
976186,"RCS Strasbourg","Olympique Lyonnais","05/12/2018 19:18:34","F2",237,19
976186,"RCS Strasbourg","Olympique Lyonnais","05/12/2018 19:18:34","FK1",238,19
976186,"RCS Strasbourg","Olympique Lyonnais","05/12/2018 19:18:34","Ball Position",239,19
976186,"RCS Strasbourg","Olympique Lyonnais","05/12/2018 19:19:03","Restart",240,20
976186,"RCS Strasbourg","Olympique Lyonnais","05/12/2018 19:19:07","AT1",241,20
976186,"RCS Strasbourg","Olympique Lyonnais","05/12/2018 19:19:07","DANGER1",242,20
976186,"RCS Strasbourg","Olympique Lyonnais","05/12/2018 19:19:07","DAT1",243,20
976186,"RCS Strasbourg","Olympique Lyonnais","05/12/2018 19:19:15","Possible Free Kick",244,20
976186,"RCS Strasbourg","Olympique Lyonnais","05/12/2018 19:19:36","SAFE2",247,20
976186,"RCS Strasbourg","Olympique Lyonnais","05/12/2018 19:19:36","F1",248,20
976186,"RCS Strasbourg","Olympique Lyonnais","05/12/2018 19:19:36","FK2",249,20
976186,"RCS Strasbourg","Olympique Lyonnais","05/12/2018 19:19:36","Ball Position",250,20
976186,"RCS Strasbourg","Olympique Lyonnais","05/12/2018 19:19:46","Restart",251,20
976186,"RCS Strasbourg","Olympique Lyonnais","05/12/2018 19:19:50","AT2",252,20
976186,"RCS Strasbourg","Olympique Lyonnais","05/12/2018 19:19:54","SAFE2",253,20
976186,"RCS Strasbourg","Olympique Lyonnais","05/12/2018 19:20:02","AT2",254,21
976186,"RCS Strasbourg","Olympique Lyonnais","05/12/2018 19:20:06","SAFE2",255,21
976186,"RCS Strasbourg","Olympique Lyonnais","05/12/2018 19:20:08","AT2",256,21
976186,"RCS Strasbourg","Olympique Lyonnais","05/12/2018 19:20:16","DANGER2",257,21
976186,"RCS Strasbourg","Olympique Lyonnais","05/12/2018 19:20:16","DAT2",258,21
976186,"RCS Strasbourg","Olympique Lyonnais","05/12/2018 19:20:26","SAFE2",259,21
976186,"RCS Strasbourg","Olympique Lyonnais","05/12/2018 19:20:34","AT2",260,21
976186,"RCS Strasbourg","Olympique Lyonnais","05/12/2018 19:20:48","SAFE1",261,21
976186,"RCS Strasbourg","Olympique Lyonnais","05/12/2018 19:20:50","AT2",262,21
976186,"RCS Strasbourg","Olympique Lyonnais","05/12/2018 19:20:52","DANGER2",263,21
976186,"RCS Strasbourg","Olympique Lyonnais","05/12/2018 19:20:52","DAT2",264,21
976186,"RCS Strasbourg","Olympique Lyonnais","05/12/2018 19:20:58","SAFE1",265,21
976186,"RCS Strasbourg","Olympique Lyonnais","05/12/2018 19:20:59","GK1",266,21
976186,"RCS Strasbourg","Olympique Lyonnais","05/12/2018 19:21:07","Restart",267,22
976186,"RCS Strasbourg","Olympique Lyonnais","05/12/2018 19:21:09","CLS",268,22
976186,"RCS Strasbourg","Olympique Lyonnais","05/12/2018 19:21:31","Restart",269,22
976186,"RCS Strasbourg","Olympique Lyonnais","05/12/2018 19:21:37","AT1",270,22
976186,"RCS Strasbourg","Olympique Lyonnais","05/12/2018 19:21:41","DANGER1",271,22
976186,"RCS Strasbourg","Olympique Lyonnais","05/12/2018 19:21:41","DAT1",272,22
976186,"RCS Strasbourg","Olympique Lyonnais","05/12/2018 19:21:41","BREAKAWAY1",273,22
976186,"RCS Strasbourg","Olympique Lyonnais","05/12/2018 19:21:44","GOAL1",274,22
976186,"RCS Strasbourg","Olympique Lyonnais","05/12/2018 19:21:51","Scorer",275,22
976186,"RCS Strasbourg","Olympique Lyonnais","05/12/2018 19:22:18","CONF_GOAL1",276,23
976186,"RCS Strasbourg","Olympique Lyonnais","05/12/2018 19:22:29","Player_DATA_CONFIRMED",277,23
976186,"RCS Strasbourg","Olympique Lyonnais","05/12/2018 19:22:38","KO2",278,23
976186,"RCS Strasbourg","Olympique Lyonnais","05/12/2018 19:22:38","SAFE2",279,23
976186,"RCS Strasbourg","Olympique Lyonnais","05/12/2018 19:22:58","AT2",280,23
976186,"RCS Strasbourg","Olympique Lyonnais","05/12/2018 19:23:01","SAFE1",281,23
976186,"RCS Strasbourg","Olympique Lyonnais","05/12/2018 19:23:09","AT1",282,24
976186,"RCS Strasbourg","Olympique Lyonnais","05/12/2018 19:23:11","SAFE2",283,24
976186,"RCS Strasbourg","Olympique Lyonnais","05/12/2018 19:23:16","AT2",284,24
976186,"RCS Strasbourg","Olympique Lyonnais","05/12/2018 19:23:25","SAFE1",285,24
976186,"RCS Strasbourg","Olympique Lyonnais","05/12/2018 19:23:25","POSSIBLE_TI",286,24
976186,"RCS Strasbourg","Olympique Lyonnais","05/12/2018 19:23:26","TI1",287,24
976186,"RCS Strasbourg","Olympique Lyonnais","05/12/2018 19:23:34","Restart",288,24
976186,"RCS Strasbourg","Olympique Lyonnais","05/12/2018 19:23:42","AT1",289,24
976186,"RCS Strasbourg","Olympique Lyonnais","05/12/2018 19:23:47","Possible Free Kick",290,24
976186,"RCS Strasbourg","Olympique Lyonnais","05/12/2018 19:23:54","F2",292,24
976186,"RCS Strasbourg","Olympique Lyonnais","05/12/2018 19:23:54","FK1",293,24
976186,"RCS Strasbourg","Olympique Lyonnais","05/12/2018 19:23:54","DANGER1",294,24
976186,"RCS Strasbourg","Olympique Lyonnais","05/12/2018 19:23:54","DFK1",295,24
976186,"RCS Strasbourg","Olympique Lyonnais","05/12/2018 19:23:54","Ball Position",296,24
976186,"RCS Strasbourg","Olympique Lyonnais","05/12/2018 19:23:56","Restart",297,24
976186,"RCS Strasbourg","Olympique Lyonnais","05/12/2018 19:23:56","SAFE1",298,24
976186,"RCS Strasbourg","Olympique Lyonnais","05/12/2018 19:24:01","AT1",299,25
976186,"RCS Strasbourg","Olympique Lyonnais","05/12/2018 19:24:07","SAFE1",300,25
976186,"RCS Strasbourg","Olympique Lyonnais","05/12/2018 19:24:20","AT1",301,25
976186,"RCS Strasbourg","Olympique Lyonnais","05/12/2018 19:24:23","SAFE2",302,25
976186,"RCS Strasbourg","Olympique Lyonnais","05/12/2018 19:24:24","POSSIBLE_TI",303,25
976186,"RCS Strasbourg","Olympique Lyonnais","05/12/2018 19:24:24","TI2",304,25
976186,"RCS Strasbourg","Olympique Lyonnais","05/12/2018 19:24:27","Restart",305,25
976186,"RCS Strasbourg","Olympique Lyonnais","05/12/2018 19:24:40","AT2",306,25
976186,"RCS Strasbourg","Olympique Lyonnais","05/12/2018 19:24:42","DANGER2",307,25
976186,"RCS Strasbourg","Olympique Lyonnais","05/12/2018 19:24:42","DAT2",308,25
976186,"RCS Strasbourg","Olympique Lyonnais","05/12/2018 19:24:45","Possible Free Kick",309,25
976186,"RCS Strasbourg","Olympique Lyonnais","05/12/2018 19:24:59","F1",311,25
976186,"RCS Strasbourg","Olympique Lyonnais","05/12/2018 19:24:59","FK2",312,25
976186,"RCS Strasbourg","Olympique Lyonnais","05/12/2018 19:24:59","DFK2",313,25
976186,"RCS Strasbourg","Olympique Lyonnais","05/12/2018 19:25:00","Ball Position",314,25
976186,"RCS Strasbourg","Olympique Lyonnais","05/12/2018 19:25:33","Restart",315,26
976186,"RCS Strasbourg","Olympique Lyonnais","05/12/2018 19:25:40","SAFE1",316,26
976186,"RCS Strasbourg","Olympique Lyonnais","05/12/2018 19:25:42","SAFE2",317,26
976186,"RCS Strasbourg","Olympique Lyonnais","05/12/2018 19:25:58","AT2",318,26
976186,"RCS Strasbourg","Olympique Lyonnais","05/12/2018 19:26:08","DANGER2",319,27
976186,"RCS Strasbourg","Olympique Lyonnais","05/12/2018 19:26:08","DAT2",320,27
976186,"RCS Strasbourg","Olympique Lyonnais","05/12/2018 19:26:21","SAFE1",321,27
976186,"RCS Strasbourg","Olympique Lyonnais","05/12/2018 19:26:23","AT1",322,27
976186,"RCS Strasbourg","Olympique Lyonnais","05/12/2018 19:26:41","SAFE1",323,27
976186,"RCS Strasbourg","Olympique Lyonnais","05/12/2018 19:26:53","AT1",324,27
976186,"RCS Strasbourg","Olympique Lyonnais","05/12/2018 19:26:57","Possible Free Kick",325,27
976186,"RCS Strasbourg","Olympique Lyonnais","05/12/2018 19:27:03","F2",327,28
976186,"RCS Strasbourg","Olympique Lyonnais","05/12/2018 19:27:03","FK1",328,28
976186,"RCS Strasbourg","Olympique Lyonnais","05/12/2018 19:27:03","DANGER1",329,28
976186,"RCS Strasbourg","Olympique Lyonnais","05/12/2018 19:27:03","DFK1",330,28
976186,"RCS Strasbourg","Olympique Lyonnais","05/12/2018 19:27:03","Ball Position",331,28
976186,"RCS Strasbourg","Olympique Lyonnais","05/12/2018 19:27:09","Injury Break",332,28
976186,"RCS Strasbourg","Olympique Lyonnais","05/12/2018 19:29:10","System Message",333,30
976186,"RCS Strasbourg","Olympique Lyonnais","05/12/2018 19:29:10","Game suspended",334,30
976186,"RCS Strasbourg","Olympique Lyonnais","05/12/2018 19:29:11","Restart",335,30
976186,"RCS Strasbourg","Olympique Lyonnais","05/12/2018 19:29:17","System Message",336,30
976186,"RCS Strasbourg","Olympique Lyonnais","05/12/2018 19:29:24","PCR1",337,30
976186,"RCS Strasbourg","Olympique Lyonnais","05/12/2018 19:29:33","CR1",338,30
976186,"RCS Strasbourg","Olympique Lyonnais","05/12/2018 19:29:34","Ball Position",339,30
976186,"RCS Strasbourg","Olympique Lyonnais","05/12/2018 19:29:58","Restart",340,30
976186,"RCS Strasbourg","Olympique Lyonnais","05/12/2018 19:30:07","PCR1",341,31
976186,"RCS Strasbourg","Olympique Lyonnais","05/12/2018 19:30:16","SHW1",342,31
976186,"RCS Strasbourg","Olympique Lyonnais","05/12/2018 19:30:21","NCR1",343,31
976186,"RCS Strasbourg","Olympique Lyonnais","05/12/2018 19:30:25","SHB1",344,31
976186,"RCS Strasbourg","Olympique Lyonnais","05/12/2018 19:30:28","SAFE2",345,31
976186,"RCS Strasbourg","Olympique Lyonnais","05/12/2018 19:30:28","GK2",346,31
976186,"RCS Strasbourg","Olympique Lyonnais","05/12/2018 19:30:37","Restart",347,31
976186,"RCS Strasbourg","Olympique Lyonnais","05/12/2018 19:30:43","SAFE1",348,31
976186,"RCS Strasbourg","Olympique Lyonnais","05/12/2018 19:30:43","AT1",349,31
976186,"RCS Strasbourg","Olympique Lyonnais","05/12/2018 19:30:45","SAFE1",350,31
976186,"RCS Strasbourg","Olympique Lyonnais","05/12/2018 19:30:48","SAFE2",351,31
976186,"RCS Strasbourg","Olympique Lyonnais","05/12/2018 19:31:01","SAFE1",352,31
976186,"RCS Strasbourg","Olympique Lyonnais","05/12/2018 19:31:02","SAFE2",353,32
976186,"RCS Strasbourg","Olympique Lyonnais","05/12/2018 19:31:09","AT2",354,32
976186,"RCS Strasbourg","Olympique Lyonnais","05/12/2018 19:31:12","DANGER2",355,32
976186,"RCS Strasbourg","Olympique Lyonnais","05/12/2018 19:31:12","DAT2",356,32
976186,"RCS Strasbourg","Olympique Lyonnais","05/12/2018 19:31:12","Possible Free Kick",357,32
976186,"RCS Strasbourg","Olympique Lyonnais","05/12/2018 19:31:48","F1",359,32
976186,"RCS Strasbourg","Olympique Lyonnais","05/12/2018 19:31:48","FK2",360,32
976186,"RCS Strasbourg","Olympique Lyonnais","05/12/2018 19:31:48","DFK2",361,32
976186,"RCS Strasbourg","Olympique Lyonnais","05/12/2018 19:31:48","Ball Position",362,32
976186,"RCS Strasbourg","Olympique Lyonnais","05/12/2018 19:32:18","Restart",363,33
976186,"RCS Strasbourg","Olympique Lyonnais","05/12/2018 19:32:22","SHG2",364,33
976186,"RCS Strasbourg","Olympique Lyonnais","05/12/2018 19:32:22","SAFE1",365,33
976186,"RCS Strasbourg","Olympique Lyonnais","05/12/2018 19:32:39","SAFE2",366,33
976186,"RCS Strasbourg","Olympique Lyonnais","05/12/2018 19:32:40","POSSIBLE_TI",367,33
976186,"RCS Strasbourg","Olympique Lyonnais","05/12/2018 19:32:41","TI2",368,33
976186,"RCS Strasbourg","Olympique Lyonnais","05/12/2018 19:32:49","Restart",369,33
976186,"RCS Strasbourg","Olympique Lyonnais","05/12/2018 19:33:07","AT2",370,34
976186,"RCS Strasbourg","Olympique Lyonnais","05/12/2018 19:33:11","Possible Free Kick",371,34
976186,"RCS Strasbourg","Olympique Lyonnais","05/12/2018 19:33:15","SAFE1",373,34
976186,"RCS Strasbourg","Olympique Lyonnais","05/12/2018 19:33:15","O2",374,34
976186,"RCS Strasbourg","Olympique Lyonnais","05/12/2018 19:33:15","FK1",375,34
976186,"RCS Strasbourg","Olympique Lyonnais","05/12/2018 19:33:15","Ball Position",376,34
976186,"RCS Strasbourg","Olympique Lyonnais","05/12/2018 19:33:48","Restart",377,34
976186,"RCS Strasbourg","Olympique Lyonnais","05/12/2018 19:33:54","AT1",378,34
976186,"RCS Strasbourg","Olympique Lyonnais","05/12/2018 19:33:59","SAFE1",379,34
976186,"RCS Strasbourg","Olympique Lyonnais","05/12/2018 19:34:02","Possible Free Kick",380,35
976186,"RCS Strasbourg","Olympique Lyonnais","05/12/2018 19:34:04","SAFE2",382,35
976186,"RCS Strasbourg","Olympique Lyonnais","05/12/2018 19:34:04","F1",383,35
976186,"RCS Strasbourg","Olympique Lyonnais","05/12/2018 19:34:04","FK2",384,35
976186,"RCS Strasbourg","Olympique Lyonnais","05/12/2018 19:34:04","Ball Position",385,35
976186,"RCS Strasbourg","Olympique Lyonnais","05/12/2018 19:34:11","Restart",386,35
976186,"RCS Strasbourg","Olympique Lyonnais","05/12/2018 19:34:12","AT2",387,35
976186,"RCS Strasbourg","Olympique Lyonnais","05/12/2018 19:34:18","DANGER2",388,35
976186,"RCS Strasbourg","Olympique Lyonnais","05/12/2018 19:34:18","DAT2",389,35
976186,"RCS Strasbourg","Olympique Lyonnais","05/12/2018 19:34:24","BLOCKED2",390,35
976186,"RCS Strasbourg","Olympique Lyonnais","05/12/2018 19:34:30","Possible Free Kick",391,35
976186,"RCS Strasbourg","Olympique Lyonnais","05/12/2018 19:34:32","F1",393,35
976186,"RCS Strasbourg","Olympique Lyonnais","05/12/2018 19:34:32","FK2",394,35
976186,"RCS Strasbourg","Olympique Lyonnais","05/12/2018 19:34:32","DFK2",395,35
976186,"RCS Strasbourg","Olympique Lyonnais","05/12/2018 19:34:32","Ball Position",396,35
976186,"RCS Strasbourg","Olympique Lyonnais","05/12/2018 19:35:09","Restart",397,36
976186,"RCS Strasbourg","Olympique Lyonnais","05/12/2018 19:35:14","SAFE1",398,36
976186,"RCS Strasbourg","Olympique Lyonnais","05/12/2018 19:35:15","GK1",399,36
976186,"RCS Strasbourg","Olympique Lyonnais","05/12/2018 19:35:42","Restart",400,36
976186,"RCS Strasbourg","Olympique Lyonnais","05/12/2018 19:35:47","AT1",401,36
976186,"RCS Strasbourg","Olympique Lyonnais","05/12/2018 19:35:52","SAFE2",402,36
976186,"RCS Strasbourg","Olympique Lyonnais","05/12/2018 19:35:55","AT2",403,36
976186,"RCS Strasbourg","Olympique Lyonnais","05/12/2018 19:36:01","POSSIBLE_TI",404,36
976186,"RCS Strasbourg","Olympique Lyonnais","05/12/2018 19:36:04","TI2",405,37
976186,"RCS Strasbourg","Olympique Lyonnais","05/12/2018 19:36:20","Restart",406,37
976186,"RCS Strasbourg","Olympique Lyonnais","05/12/2018 19:36:24","DANGER2",407,37
976186,"RCS Strasbourg","Olympique Lyonnais","05/12/2018 19:36:24","DAT2",408,37
976186,"RCS Strasbourg","Olympique Lyonnais","05/12/2018 19:36:28","SAFE1",409,37
976186,"RCS Strasbourg","Olympique Lyonnais","05/12/2018 19:36:29","GK1",410,37
976186,"RCS Strasbourg","Olympique Lyonnais","05/12/2018 19:36:59","Restart",411,37
976186,"RCS Strasbourg","Olympique Lyonnais","05/12/2018 19:37:11","Possible Free Kick",412,38
976186,"RCS Strasbourg","Olympique Lyonnais","05/12/2018 19:37:18","F2",414,38
976186,"RCS Strasbourg","Olympique Lyonnais","05/12/2018 19:37:18","FK1",415,38
976186,"RCS Strasbourg","Olympique Lyonnais","05/12/2018 19:37:18","DANGER1",416,38
976186,"RCS Strasbourg","Olympique Lyonnais","05/12/2018 19:37:18","DFK1",417,38
976186,"RCS Strasbourg","Olympique Lyonnais","05/12/2018 19:37:18","Ball Position",418,38
976186,"RCS Strasbourg","Olympique Lyonnais","05/12/2018 19:37:19","Restart",419,38
976186,"RCS Strasbourg","Olympique Lyonnais","05/12/2018 19:37:20","SAFE1",420,38
976186,"RCS Strasbourg","Olympique Lyonnais","05/12/2018 19:37:26","AT1",421,38
976186,"RCS Strasbourg","Olympique Lyonnais","05/12/2018 19:37:29","DANGER1",422,38
976186,"RCS Strasbourg","Olympique Lyonnais","05/12/2018 19:37:29","DAT1",423,38
976186,"RCS Strasbourg","Olympique Lyonnais","05/12/2018 19:37:37","POSSIBLE_TI",424,38
976186,"RCS Strasbourg","Olympique Lyonnais","05/12/2018 19:37:39","TI1",425,38
976186,"RCS Strasbourg","Olympique Lyonnais","05/12/2018 19:37:42","Restart",426,38
976186,"RCS Strasbourg","Olympique Lyonnais","05/12/2018 19:37:52","Possible Free Kick",427,38
976186,"RCS Strasbourg","Olympique Lyonnais","05/12/2018 19:38:02","SAFE2",429,39
976186,"RCS Strasbourg","Olympique Lyonnais","05/12/2018 19:38:02","F1",430,39
976186,"RCS Strasbourg","Olympique Lyonnais","05/12/2018 19:38:02","FK2",431,39
976186,"RCS Strasbourg","Olympique Lyonnais","05/12/2018 19:38:02","Ball Position",432,39
976186,"RCS Strasbourg","Olympique Lyonnais","05/12/2018 19:38:03","Restart",433,39
976186,"RCS Strasbourg","Olympique Lyonnais","05/12/2018 19:38:21","AT2",434,39
976186,"RCS Strasbourg","Olympique Lyonnais","05/12/2018 19:38:23","SAFE1",435,39
976186,"RCS Strasbourg","Olympique Lyonnais","05/12/2018 19:38:23","AT1",436,39
976186,"RCS Strasbourg","Olympique Lyonnais","05/12/2018 19:38:25","DANGER1",437,39
976186,"RCS Strasbourg","Olympique Lyonnais","05/12/2018 19:38:25","DAT1",438,39
976186,"RCS Strasbourg","Olympique Lyonnais","05/12/2018 19:38:31","PCR1",439,39
976186,"RCS Strasbourg","Olympique Lyonnais","05/12/2018 19:38:36","SHB1",440,39
976186,"RCS Strasbourg","Olympique Lyonnais","05/12/2018 19:38:38","NCR1",441,39
976186,"RCS Strasbourg","Olympique Lyonnais","05/12/2018 19:38:39","SAFE2",442,39
976186,"RCS Strasbourg","Olympique Lyonnais","05/12/2018 19:38:39","GK2",443,39
976186,"RCS Strasbourg","Olympique Lyonnais","05/12/2018 19:38:41","Restart",444,39
976186,"RCS Strasbourg","Olympique Lyonnais","05/12/2018 19:38:55","Possible Free Kick",445,39
976186,"RCS Strasbourg","Olympique Lyonnais","05/12/2018 19:39:02","F1",447,40
976186,"RCS Strasbourg","Olympique Lyonnais","05/12/2018 19:39:02","FK2",448,40
976186,"RCS Strasbourg","Olympique Lyonnais","05/12/2018 19:39:02","Ball Position",449,40
976186,"RCS Strasbourg","Olympique Lyonnais","05/12/2018 19:39:02","Restart",450,40
976186,"RCS Strasbourg","Olympique Lyonnais","05/12/2018 19:39:05","AT2",451,40
976186,"RCS Strasbourg","Olympique Lyonnais","05/12/2018 19:39:07","SAFE1",452,40
976186,"RCS Strasbourg","Olympique Lyonnais","05/12/2018 19:39:08","GK1",453,40
976186,"RCS Strasbourg","Olympique Lyonnais","05/12/2018 19:39:36","Restart",454,40
976186,"RCS Strasbourg","Olympique Lyonnais","05/12/2018 19:39:40","AT1",455,40
976186,"RCS Strasbourg","Olympique Lyonnais","05/12/2018 19:39:46","Possible Free Kick",456,40
976186,"RCS Strasbourg","Olympique Lyonnais","05/12/2018 19:39:51","SAFE2",458,40
976186,"RCS Strasbourg","Olympique Lyonnais","05/12/2018 19:39:51","F1",459,40
976186,"RCS Strasbourg","Olympique Lyonnais","05/12/2018 19:39:51","FK2",460,40
976186,"RCS Strasbourg","Olympique Lyonnais","05/12/2018 19:39:51","Ball Position",461,40
976186,"RCS Strasbourg","Olympique Lyonnais","05/12/2018 19:39:56","Restart",462,40
976186,"RCS Strasbourg","Olympique Lyonnais","05/12/2018 19:40:17","AT2",463,41
976186,"RCS Strasbourg","Olympique Lyonnais","05/12/2018 19:40:23","DANGER2",464,41
976186,"RCS Strasbourg","Olympique Lyonnais","05/12/2018 19:40:23","DAT2",465,41
976186,"RCS Strasbourg","Olympique Lyonnais","05/12/2018 19:40:27","SAFE1",466,41
976186,"RCS Strasbourg","Olympique Lyonnais","05/12/2018 19:40:55","AT1",467,41
976186,"RCS Strasbourg","Olympique Lyonnais","05/12/2018 19:40:59","POSSIBLE_TI",468,41
976186,"RCS Strasbourg","Olympique Lyonnais","05/12/2018 19:41:00","TI1",469,41
976186,"RCS Strasbourg","Olympique Lyonnais","05/12/2018 19:41:12","Restart",470,42
976186,"RCS Strasbourg","Olympique Lyonnais","05/12/2018 19:41:17","SAFE2",471,42
976186,"RCS Strasbourg","Olympique Lyonnais","05/12/2018 19:41:18","AT2",472,42
976186,"RCS Strasbourg","Olympique Lyonnais","05/12/2018 19:41:23","SAFE1",473,42
976186,"RCS Strasbourg","Olympique Lyonnais","05/12/2018 19:41:28","POSSIBLE_TI",474,42
976186,"RCS Strasbourg","Olympique Lyonnais","05/12/2018 19:41:28","TI1",475,42
976186,"RCS Strasbourg","Olympique Lyonnais","05/12/2018 19:41:40","Restart",476,42
976186,"RCS Strasbourg","Olympique Lyonnais","05/12/2018 19:41:45","SAFE2",477,42
976186,"RCS Strasbourg","Olympique Lyonnais","05/12/2018 19:41:47","AT1",478,42
976186,"RCS Strasbourg","Olympique Lyonnais","05/12/2018 19:41:51","DANGER1",479,42
976186,"RCS Strasbourg","Olympique Lyonnais","05/12/2018 19:41:51","DAT1",480,42
976186,"RCS Strasbourg","Olympique Lyonnais","05/12/2018 19:41:59","SHG1",481,42
976186,"RCS Strasbourg","Olympique Lyonnais","05/12/2018 19:42:02","SAFE2",482,43
976186,"RCS Strasbourg","Olympique Lyonnais","05/12/2018 19:42:10","SAFE1",483,43
976186,"RCS Strasbourg","Olympique Lyonnais","05/12/2018 19:42:11","POSSIBLE_TI",484,43
976186,"RCS Strasbourg","Olympique Lyonnais","05/12/2018 19:42:14","TI2",485,43
976186,"RCS Strasbourg","Olympique Lyonnais","05/12/2018 19:42:31","Restart",486,43
976186,"RCS Strasbourg","Olympique Lyonnais","05/12/2018 19:42:40","Referee Ball",487,43
976186,"RCS Strasbourg","Olympique Lyonnais","05/12/2018 19:42:48","Injury Break",488,43
976186,"RCS Strasbourg","Olympique Lyonnais","05/12/2018 19:43:15","SUB1",489,44
976186,"RCS Strasbourg","Olympique Lyonnais","05/12/2018 19:43:30","Restart",490,44
976186,"RCS Strasbourg","Olympique Lyonnais","05/12/2018 19:43:31","SAFE2",491,44
976186,"RCS Strasbourg","Olympique Lyonnais","05/12/2018 19:43:41","AT2",492,44
976186,"RCS Strasbourg","Olympique Lyonnais","05/12/2018 19:43:49","DANGER2",493,44
976186,"RCS Strasbourg","Olympique Lyonnais","05/12/2018 19:43:49","DAT2",494,44
976186,"RCS Strasbourg","Olympique Lyonnais","05/12/2018 19:43:49","Possible Free Kick",495,44
976186,"RCS Strasbourg","Olympique Lyonnais","05/12/2018 19:43:58","Player_DATA_CONFIRMED",498,44
976186,"RCS Strasbourg","Olympique Lyonnais","05/12/2018 19:44:00","SAFE1",499,44
976186,"RCS Strasbourg","Olympique Lyonnais","05/12/2018 19:44:00","F2",500,44
976186,"RCS Strasbourg","Olympique Lyonnais","05/12/2018 19:44:00","FK1",501,44
976186,"RCS Strasbourg","Olympique Lyonnais","05/12/2018 19:44:00","Ball Position",502,44
976186,"RCS Strasbourg","Olympique Lyonnais","05/12/2018 19:44:27","Restart",503,45
976186,"RCS Strasbourg","Olympique Lyonnais","05/12/2018 19:44:33","SAFE2",504,45
976186,"RCS Strasbourg","Olympique Lyonnais","05/12/2018 19:44:34","POSSIBLE_TI",505,45
976186,"RCS Strasbourg","Olympique Lyonnais","05/12/2018 19:44:34","TI2",506,45
976186,"RCS Strasbourg","Olympique Lyonnais","05/12/2018 19:44:41","Restart",507,45
976186,"RCS Strasbourg","Olympique Lyonnais","05/12/2018 19:44:54","AT2",508,45
976186,"RCS Strasbourg","Olympique Lyonnais","05/12/2018 19:44:57","DANGER2",509,45
976186,"RCS Strasbourg","Olympique Lyonnais","05/12/2018 19:44:57","DAT2",510,45
976186,"RCS Strasbourg","Olympique Lyonnais","05/12/2018 19:45:04","SAFE1",511,46
976186,"RCS Strasbourg","Olympique Lyonnais","05/12/2018 19:45:05","GK1",512,46
976186,"RCS Strasbourg","Olympique Lyonnais","05/12/2018 19:45:07","Extra Time",513,46
976186,"RCS Strasbourg","Olympique Lyonnais","05/12/2018 19:45:28","Restart",514,46
976186,"RCS Strasbourg","Olympique Lyonnais","05/12/2018 19:45:32","AT1",515,46
976186,"RCS Strasbourg","Olympique Lyonnais","05/12/2018 19:45:34","SAFE2",516,46
976186,"RCS Strasbourg","Olympique Lyonnais","05/12/2018 19:45:44","AT2",517,46
976186,"RCS Strasbourg","Olympique Lyonnais","05/12/2018 19:45:49","SAFE2",518,46
976186,"RCS Strasbourg","Olympique Lyonnais","05/12/2018 19:45:52","AT2",519,46
976186,"RCS Strasbourg","Olympique Lyonnais","05/12/2018 19:45:55","DANGER2",520,46
976186,"RCS Strasbourg","Olympique Lyonnais","05/12/2018 19:45:55","DAT2",521,46
976186,"RCS Strasbourg","Olympique Lyonnais","05/12/2018 19:46:24","POSSIBLE_TI",522,47
976186,"RCS Strasbourg","Olympique Lyonnais","05/12/2018 19:46:28","TI2",523,47
976186,"RCS Strasbourg","Olympique Lyonnais","05/12/2018 19:46:31","Restart",524,47
976186,"RCS Strasbourg","Olympique Lyonnais","05/12/2018 19:46:37","PCR2",525,47
976186,"RCS Strasbourg","Olympique Lyonnais","05/12/2018 19:46:43","POSSIBLE_CARDS",526,47
976186,"RCS Strasbourg","Olympique Lyonnais","05/12/2018 19:46:56","SHB2",527,47
976186,"RCS Strasbourg","Olympique Lyonnais","05/12/2018 19:47:05","CR2",528,48
976186,"RCS Strasbourg","Olympique Lyonnais","05/12/2018 19:47:06","Ball Position",529,48
976186,"RCS Strasbourg","Olympique Lyonnais","05/12/2018 19:47:07","NO_Cards",530,48
976186,"RCS Strasbourg","Olympique Lyonnais","05/12/2018 19:47:14","Restart",531,48
976186,"RCS Strasbourg","Olympique Lyonnais","05/12/2018 19:47:23","PCR2",532,48
976186,"RCS Strasbourg","Olympique Lyonnais","05/12/2018 19:47:33","SHB2",533,48
976186,"RCS Strasbourg","Olympique Lyonnais","05/12/2018 19:47:42","NCR2",534,48
976186,"RCS Strasbourg","Olympique Lyonnais","05/12/2018 19:47:43","SAFE1",535,48
976186,"RCS Strasbourg","Olympique Lyonnais","05/12/2018 19:47:44","GK1",536,48
976186,"RCS Strasbourg","Olympique Lyonnais","05/12/2018 19:48:05","Restart",537,49
976186,"RCS Strasbourg","Olympique Lyonnais","05/12/2018 19:48:09","AT1",538,49
976186,"RCS Strasbourg","Olympique Lyonnais","05/12/2018 19:48:16","Stop RT1",539,49
976186,"RCS Strasbourg","Olympique Lyonnais","05/12/2018 19:48:24","CONF_PERIOD_SCORE",540,45
976186,"RCS Strasbourg","Olympique Lyonnais","05/12/2018 19:59:16","Players are coming out",541,45
976186,"RCS Strasbourg","Olympique Lyonnais","05/12/2018 20:00:16","Game about to start",542,45
976186,"RCS Strasbourg","Olympique Lyonnais","05/12/2018 20:01:45","Start RT2 Team 2",543,46
976186,"RCS Strasbourg","Olympique Lyonnais","05/12/2018 20:01:53","AT2",544,46
976186,"RCS Strasbourg","Olympique Lyonnais","05/12/2018 20:01:56","Possible Free Kick",545,46
976186,"RCS Strasbourg","Olympique Lyonnais","05/12/2018 20:01:58","F1",547,46
976186,"RCS Strasbourg","Olympique Lyonnais","05/12/2018 20:01:58","FK2",548,46
976186,"RCS Strasbourg","Olympique Lyonnais","05/12/2018 20:01:58","DANGER2",549,46
976186,"RCS Strasbourg","Olympique Lyonnais","05/12/2018 20:01:58","DFK2",550,46
976186,"RCS Strasbourg","Olympique Lyonnais","05/12/2018 20:01:58","Ball Position",551,46
976186,"RCS Strasbourg","Olympique Lyonnais","05/12/2018 20:02:02","Restart",552,46
976186,"RCS Strasbourg","Olympique Lyonnais","05/12/2018 20:02:03","SAFE2",553,46
976186,"RCS Strasbourg","Olympique Lyonnais","05/12/2018 20:02:22","AT2",554,46
976186,"RCS Strasbourg","Olympique Lyonnais","05/12/2018 20:02:25","SAFE1",555,46
976186,"RCS Strasbourg","Olympique Lyonnais","05/12/2018 20:02:27","AT2",556,46
976186,"RCS Strasbourg","Olympique Lyonnais","05/12/2018 20:02:29","DANGER2",557,46
976186,"RCS Strasbourg","Olympique Lyonnais","05/12/2018 20:02:29","DAT2",558,46
976186,"RCS Strasbourg","Olympique Lyonnais","05/12/2018 20:02:32","SAFE1",559,46
976186,"RCS Strasbourg","Olympique Lyonnais","05/12/2018 20:02:38","SAFE2",560,46
976186,"RCS Strasbourg","Olympique Lyonnais","05/12/2018 20:02:48","AT2",561,47
976186,"RCS Strasbourg","Olympique Lyonnais","05/12/2018 20:02:50","SAFE2",562,47
976186,"RCS Strasbourg","Olympique Lyonnais","05/12/2018 20:02:52","AT2",563,47
976186,"RCS Strasbourg","Olympique Lyonnais","05/12/2018 20:02:55","Possible Free Kick",564,47
976186,"RCS Strasbourg","Olympique Lyonnais","05/12/2018 20:02:56","F1",566,47
976186,"RCS Strasbourg","Olympique Lyonnais","05/12/2018 20:02:56","FK2",567,47
976186,"RCS Strasbourg","Olympique Lyonnais","05/12/2018 20:02:56","DANGER2",568,47
976186,"RCS Strasbourg","Olympique Lyonnais","05/12/2018 20:02:56","DFK2",569,47
976186,"RCS Strasbourg","Olympique Lyonnais","05/12/2018 20:02:56","Ball Position",570,47
976186,"RCS Strasbourg","Olympique Lyonnais","05/12/2018 20:03:07","Restart",571,47
976186,"RCS Strasbourg","Olympique Lyonnais","05/12/2018 20:03:07","SAFE2",572,47
976186,"RCS Strasbourg","Olympique Lyonnais","05/12/2018 20:03:11","AT2",573,47
976186,"RCS Strasbourg","Olympique Lyonnais","05/12/2018 20:03:17","DANGER2",574,47
976186,"RCS Strasbourg","Olympique Lyonnais","05/12/2018 20:03:17","DAT2",575,47
976186,"RCS Strasbourg","Olympique Lyonnais","05/12/2018 20:03:23","SAFE1",576,47
976186,"RCS Strasbourg","Olympique Lyonnais","05/12/2018 20:03:26","GK1",577,47
976186,"RCS Strasbourg","Olympique Lyonnais","05/12/2018 20:03:56","Restart",578,48
976186,"RCS Strasbourg","Olympique Lyonnais","05/12/2018 20:04:01","AT1",579,48
976186,"RCS Strasbourg","Olympique Lyonnais","05/12/2018 20:04:04","SAFE2",580,48
976186,"RCS Strasbourg","Olympique Lyonnais","05/12/2018 20:04:05","AT2",581,48
976186,"RCS Strasbourg","Olympique Lyonnais","05/12/2018 20:04:07","DANGER2",582,48
976186,"RCS Strasbourg","Olympique Lyonnais","05/12/2018 20:04:07","DAT2",583,48
976186,"RCS Strasbourg","Olympique Lyonnais","05/12/2018 20:04:12","PPEN",584,48
976186,"RCS Strasbourg","Olympique Lyonnais","05/12/2018 20:04:12","PPEN2",585,48
976186,"RCS Strasbourg","Olympique Lyonnais","05/12/2018 20:04:28","POSSIBLE_CARDS",586,48
976186,"RCS Strasbourg","Olympique Lyonnais","05/12/2018 20:04:34","YC1",587,48
976186,"RCS Strasbourg","Olympique Lyonnais","05/12/2018 20:04:43","CONF_YC1",588,48
976186,"RCS Strasbourg","Olympique Lyonnais","05/12/2018 20:04:51","Scorer",589,49
976186,"RCS Strasbourg","Olympique Lyonnais","05/12/2018 20:04:59","Player_DATA_CONFIRMED",590,49
976186,"RCS Strasbourg","Olympique Lyonnais","05/12/2018 20:05:00","PEN2",591,49
976186,"RCS Strasbourg","Olympique Lyonnais","05/12/2018 20:05:03","Scorer",592,49
976186,"RCS Strasbourg","Olympique Lyonnais","05/12/2018 20:06:11","GOAL2",593,50
976186,"RCS Strasbourg","Olympique Lyonnais","05/12/2018 20:06:11","Scorer",594,50
976186,"RCS Strasbourg","Olympique Lyonnais","05/12/2018 20:06:32","CONF_GOAL2",595,50
976186,"RCS Strasbourg","Olympique Lyonnais","05/12/2018 20:06:51","Player_DATA_CONFIRMED",596,51
976186,"RCS Strasbourg","Olympique Lyonnais","05/12/2018 20:07:09","KO1",597,51
976186,"RCS Strasbourg","Olympique Lyonnais","05/12/2018 20:07:09","SAFE1",598,51
976186,"RCS Strasbourg","Olympique Lyonnais","05/12/2018 20:07:11","AT1",599,51
976186,"RCS Strasbourg","Olympique Lyonnais","05/12/2018 20:07:14","SAFE2",600,51
976186,"RCS Strasbourg","Olympique Lyonnais","05/12/2018 20:07:16","AT1",601,51
976186,"RCS Strasbourg","Olympique Lyonnais","05/12/2018 20:07:18","Possible Free Kick",602,51
976186,"RCS Strasbourg","Olympique Lyonnais","05/12/2018 20:07:24","F2",604,51
976186,"RCS Strasbourg","Olympique Lyonnais","05/12/2018 20:07:24","FK1",605,51
976186,"RCS Strasbourg","Olympique Lyonnais","05/12/2018 20:07:24","DANGER1",606,51
976186,"RCS Strasbourg","Olympique Lyonnais","05/12/2018 20:07:24","DFK1",607,51
976186,"RCS Strasbourg","Olympique Lyonnais","05/12/2018 20:07:24","Ball Position",608,51
976186,"RCS Strasbourg","Olympique Lyonnais","05/12/2018 20:07:38","Restart",609,51
976186,"RCS Strasbourg","Olympique Lyonnais","05/12/2018 20:07:44","POSSIBLE_TI",610,51
976186,"RCS Strasbourg","Olympique Lyonnais","05/12/2018 20:07:45","TI1",611,52
976186,"RCS Strasbourg","Olympique Lyonnais","05/12/2018 20:07:58","Restart",612,52
976186,"RCS Strasbourg","Olympique Lyonnais","05/12/2018 20:08:11","SAFE2",613,52
976186,"RCS Strasbourg","Olympique Lyonnais","05/12/2018 20:08:14","SAFE1",614,52
976186,"RCS Strasbourg","Olympique Lyonnais","05/12/2018 20:08:14","Possible Free Kick",615,52
976186,"RCS Strasbourg","Olympique Lyonnais","05/12/2018 20:08:18","F2",617,52
976186,"RCS Strasbourg","Olympique Lyonnais","05/12/2018 20:08:18","FK1",618,52
976186,"RCS Strasbourg","Olympique Lyonnais","05/12/2018 20:08:19","Ball Position",619,52
976186,"RCS Strasbourg","Olympique Lyonnais","05/12/2018 20:08:32","Restart",620,52
976186,"RCS Strasbourg","Olympique Lyonnais","05/12/2018 20:08:39","AT1",621,52
976186,"RCS Strasbourg","Olympique Lyonnais","05/12/2018 20:08:44","DANGER1",622,52
976186,"RCS Strasbourg","Olympique Lyonnais","05/12/2018 20:08:44","DAT1",623,52
976186,"RCS Strasbourg","Olympique Lyonnais","05/12/2018 20:08:47","POSSIBLE_TI",624,53
976186,"RCS Strasbourg","Olympique Lyonnais","05/12/2018 20:08:49","TI1",625,53
976186,"RCS Strasbourg","Olympique Lyonnais","05/12/2018 20:08:49","Restart",626,53
976186,"RCS Strasbourg","Olympique Lyonnais","05/12/2018 20:08:56","Possible Free Kick",627,53
976186,"RCS Strasbourg","Olympique Lyonnais","05/12/2018 20:09:03","F2",629,53
976186,"RCS Strasbourg","Olympique Lyonnais","05/12/2018 20:09:03","FK1",630,53
976186,"RCS Strasbourg","Olympique Lyonnais","05/12/2018 20:09:03","DFK1",631,53
976186,"RCS Strasbourg","Olympique Lyonnais","05/12/2018 20:09:03","Ball Position",632,53
976186,"RCS Strasbourg","Olympique Lyonnais","05/12/2018 20:09:28","Restart",633,53
976186,"RCS Strasbourg","Olympique Lyonnais","05/12/2018 20:09:35","SHB1",634,53
976186,"RCS Strasbourg","Olympique Lyonnais","05/12/2018 20:09:38","SAFE2",635,53
976186,"RCS Strasbourg","Olympique Lyonnais","05/12/2018 20:09:38","GK2",636,53
976186,"RCS Strasbourg","Olympique Lyonnais","05/12/2018 20:09:41","Restart",637,53
976186,"RCS Strasbourg","Olympique Lyonnais","05/12/2018 20:10:02","AT2",638,54
976186,"RCS Strasbourg","Olympique Lyonnais","05/12/2018 20:10:09","POSSIBLE_TI",639,54
976186,"RCS Strasbourg","Olympique Lyonnais","05/12/2018 20:10:14","TI2",640,54
976186,"RCS Strasbourg","Olympique Lyonnais","05/12/2018 20:10:16","Restart",641,54
976186,"RCS Strasbourg","Olympique Lyonnais","05/12/2018 20:10:17","SAFE2",642,54
976186,"RCS Strasbourg","Olympique Lyonnais","05/12/2018 20:10:23","AT2",643,54
976186,"RCS Strasbourg","Olympique Lyonnais","05/12/2018 20:10:29","SAFE1",644,54
976186,"RCS Strasbourg","Olympique Lyonnais","05/12/2018 20:10:30","POSSIBLE_TI",645,54
976186,"RCS Strasbourg","Olympique Lyonnais","05/12/2018 20:10:33","TI1",646,54
976186,"RCS Strasbourg","Olympique Lyonnais","05/12/2018 20:10:37","Injury Break",647,54
976186,"RCS Strasbourg","Olympique Lyonnais","05/12/2018 20:11:51","SUB1",648,56
976186,"RCS Strasbourg","Olympique Lyonnais","05/12/2018 20:12:17","Restart",649,56
976186,"RCS Strasbourg","Olympique Lyonnais","05/12/2018 20:12:22","SAFE1",650,56
976186,"RCS Strasbourg","Olympique Lyonnais","05/12/2018 20:12:25","AT1",651,56
976186,"RCS Strasbourg","Olympique Lyonnais","05/12/2018 20:12:34","Possible Free Kick",652,56
976186,"RCS Strasbourg","Olympique Lyonnais","05/12/2018 20:12:38","SAFE2",654,56
976186,"RCS Strasbourg","Olympique Lyonnais","05/12/2018 20:12:38","F1",655,56
976186,"RCS Strasbourg","Olympique Lyonnais","05/12/2018 20:12:38","FK2",656,56
976186,"RCS Strasbourg","Olympique Lyonnais","05/12/2018 20:12:38","Ball Position",657,56
976186,"RCS Strasbourg","Olympique Lyonnais","05/12/2018 20:12:42","Restart",658,56
976186,"RCS Strasbourg","Olympique Lyonnais","05/12/2018 20:12:52","Player_DATA_CONFIRMED",659,57
976186,"RCS Strasbourg","Olympique Lyonnais","05/12/2018 20:12:57","AT2",660,57
976186,"RCS Strasbourg","Olympique Lyonnais","05/12/2018 20:13:01","SAFE1",661,57
976186,"RCS Strasbourg","Olympique Lyonnais","05/12/2018 20:13:04","Possible Free Kick",662,57
976186,"RCS Strasbourg","Olympique Lyonnais","05/12/2018 20:13:08","F2",664,57
976186,"RCS Strasbourg","Olympique Lyonnais","05/12/2018 20:13:08","FK1",665,57
976186,"RCS Strasbourg","Olympique Lyonnais","05/12/2018 20:13:08","Ball Position",666,57
976186,"RCS Strasbourg","Olympique Lyonnais","05/12/2018 20:13:20","Restart",667,57
976186,"RCS Strasbourg","Olympique Lyonnais","05/12/2018 20:13:21","AT1",668,57
976186,"RCS Strasbourg","Olympique Lyonnais","05/12/2018 20:13:24","SAFE2",669,57
976186,"RCS Strasbourg","Olympique Lyonnais","05/12/2018 20:13:44","AT2",670,57
976186,"RCS Strasbourg","Olympique Lyonnais","05/12/2018 20:13:48","DANGER2",671,58
976186,"RCS Strasbourg","Olympique Lyonnais","05/12/2018 20:13:48","DAT2",672,58
976186,"RCS Strasbourg","Olympique Lyonnais","05/12/2018 20:13:54","SAFE1",673,58
976186,"RCS Strasbourg","Olympique Lyonnais","05/12/2018 20:14:11","AT1",674,58
976186,"RCS Strasbourg","Olympique Lyonnais","05/12/2018 20:14:12","SAFE1",675,58
976186,"RCS Strasbourg","Olympique Lyonnais","05/12/2018 20:14:15","AT1",676,58
976186,"RCS Strasbourg","Olympique Lyonnais","05/12/2018 20:14:21","POSSIBLE_TI",677,58
976186,"RCS Strasbourg","Olympique Lyonnais","05/12/2018 20:14:21","TI1",678,58
976186,"RCS Strasbourg","Olympique Lyonnais","05/12/2018 20:14:31","Restart",679,58
976186,"RCS Strasbourg","Olympique Lyonnais","05/12/2018 20:14:36","SAFE2",680,58
976186,"RCS Strasbourg","Olympique Lyonnais","05/12/2018 20:14:37","AT2",681,58
976186,"RCS Strasbourg","Olympique Lyonnais","05/12/2018 20:14:39","DANGER2",682,58
976186,"RCS Strasbourg","Olympique Lyonnais","05/12/2018 20:14:39","DAT2",683,58
976186,"RCS Strasbourg","Olympique Lyonnais","05/12/2018 20:14:46","PCR2",684,59
976186,"RCS Strasbourg","Olympique Lyonnais","05/12/2018 20:14:51","NCR2",685,59
976186,"RCS Strasbourg","Olympique Lyonnais","05/12/2018 20:14:52","SAFE1",686,59
976186,"RCS Strasbourg","Olympique Lyonnais","05/12/2018 20:14:52","GK1",687,59
976186,"RCS Strasbourg","Olympique Lyonnais","05/12/2018 20:15:21","Restart",688,59
976186,"RCS Strasbourg","Olympique Lyonnais","05/12/2018 20:15:26","AT1",689,59
976186,"RCS Strasbourg","Olympique Lyonnais","05/12/2018 20:15:27","Possible Free Kick",690,59
976186,"RCS Strasbourg","Olympique Lyonnais","05/12/2018 20:15:29","F2",692,59
976186,"RCS Strasbourg","Olympique Lyonnais","05/12/2018 20:15:29","FK1",693,59
976186,"RCS Strasbourg","Olympique Lyonnais","05/12/2018 20:15:29","DANGER1",694,59
976186,"RCS Strasbourg","Olympique Lyonnais","05/12/2018 20:15:29","DFK1",695,59
976186,"RCS Strasbourg","Olympique Lyonnais","05/12/2018 20:15:29","Ball Position",696,59
976186,"RCS Strasbourg","Olympique Lyonnais","05/12/2018 20:15:51","Restart",697,60
976186,"RCS Strasbourg","Olympique Lyonnais","05/12/2018 20:16:00","Possible Free Kick",698,60
976186,"RCS Strasbourg","Olympique Lyonnais","05/12/2018 20:16:02","SAFE2",700,60
976186,"RCS Strasbourg","Olympique Lyonnais","05/12/2018 20:16:02","F1",701,60
976186,"RCS Strasbourg","Olympique Lyonnais","05/12/2018 20:16:02","FK2",702,60
976186,"RCS Strasbourg","Olympique Lyonnais","05/12/2018 20:16:02","Ball Position",703,60
976186,"RCS Strasbourg","Olympique Lyonnais","05/12/2018 20:16:07","Restart",704,60
976186,"RCS Strasbourg","Olympique Lyonnais","05/12/2018 20:16:16","AT2",705,60
976186,"RCS Strasbourg","Olympique Lyonnais","05/12/2018 20:16:24","POSSIBLE_TI",706,60
976186,"RCS Strasbourg","Olympique Lyonnais","05/12/2018 20:16:25","TI1",707,60
976186,"RCS Strasbourg","Olympique Lyonnais","05/12/2018 20:16:25","SAFE1",708,60
976186,"RCS Strasbourg","Olympique Lyonnais","05/12/2018 20:16:38","Restart",709,60
976186,"RCS Strasbourg","Olympique Lyonnais","05/12/2018 20:16:42","POSSIBLE_TI",710,60
976186,"RCS Strasbourg","Olympique Lyonnais","05/12/2018 20:16:44","TI1",711,60
976186,"RCS Strasbourg","Olympique Lyonnais","05/12/2018 20:16:47","Restart",712,61
976186,"RCS Strasbourg","Olympique Lyonnais","05/12/2018 20:16:51","SAFE2",713,61
976186,"RCS Strasbourg","Olympique Lyonnais","05/12/2018 20:16:55","Possible Free Kick",714,61
976186,"RCS Strasbourg","Olympique Lyonnais","05/12/2018 20:17:01","Injury Break",716,61
976186,"RCS Strasbourg","Olympique Lyonnais","05/12/2018 20:17:43","Restart",717,61
976186,"RCS Strasbourg","Olympique Lyonnais","05/12/2018 20:17:43","F1",718,61
976186,"RCS Strasbourg","Olympique Lyonnais","05/12/2018 20:17:43","FK2",719,61
976186,"RCS Strasbourg","Olympique Lyonnais","05/12/2018 20:17:43","Ball Position",720,61
976186,"RCS Strasbourg","Olympique Lyonnais","05/12/2018 20:18:20","Restart",721,62
976186,"RCS Strasbourg","Olympique Lyonnais","05/12/2018 20:18:36","AT2",722,62
976186,"RCS Strasbourg","Olympique Lyonnais","05/12/2018 20:18:40","SAFE1",723,62
976186,"RCS Strasbourg","Olympique Lyonnais","05/12/2018 20:18:51","AT1",724,63
976186,"RCS Strasbourg","Olympique Lyonnais","05/12/2018 20:18:56","SAFE2",725,63
976186,"RCS Strasbourg","Olympique Lyonnais","05/12/2018 20:19:16","AT2",726,63
976186,"RCS Strasbourg","Olympique Lyonnais","05/12/2018 20:19:17","Possible Free Kick",727,63
976186,"RCS Strasbourg","Olympique Lyonnais","05/12/2018 20:19:20","No Free Kick",729,63
976186,"RCS Strasbourg","Olympique Lyonnais","05/12/2018 20:19:21","POSSIBLE_TI",730,63
976186,"RCS Strasbourg","Olympique Lyonnais","05/12/2018 20:19:31","TI2",731,63
976186,"RCS Strasbourg","Olympique Lyonnais","05/12/2018 20:19:47","Restart",732,64
976186,"RCS Strasbourg","Olympique Lyonnais","05/12/2018 20:19:52","DANGER2",733,64
976186,"RCS Strasbourg","Olympique Lyonnais","05/12/2018 20:19:52","DAT2",734,64
976186,"RCS Strasbourg","Olympique Lyonnais","05/12/2018 20:19:52","POSSIBLE_TI",735,64
976186,"RCS Strasbourg","Olympique Lyonnais","05/12/2018 20:19:53","TI2",736,64
976186,"RCS Strasbourg","Olympique Lyonnais","05/12/2018 20:19:59","Restart",737,64
976186,"RCS Strasbourg","Olympique Lyonnais","05/12/2018 20:20:13","Possible Free Kick",738,64
976186,"RCS Strasbourg","Olympique Lyonnais","05/12/2018 20:20:23","SAFE1",740,64
976186,"RCS Strasbourg","Olympique Lyonnais","05/12/2018 20:20:23","F2",741,64
976186,"RCS Strasbourg","Olympique Lyonnais","05/12/2018 20:20:23","FK1",742,64
976186,"RCS Strasbourg","Olympique Lyonnais","05/12/2018 20:20:23","Ball Position",743,64
976186,"RCS Strasbourg","Olympique Lyonnais","05/12/2018 20:20:42","Restart",744,64
976186,"RCS Strasbourg","Olympique Lyonnais","05/12/2018 20:20:44","AT1",745,64
976186,"RCS Strasbourg","Olympique Lyonnais","05/12/2018 20:20:44","DANGER1",746,64
976186,"RCS Strasbourg","Olympique Lyonnais","05/12/2018 20:20:44","DAT1",747,64
976186,"RCS Strasbourg","Olympique Lyonnais","05/12/2018 20:20:56","SAFE2",748,65
976186,"RCS Strasbourg","Olympique Lyonnais","05/12/2018 20:21:00","AT2",749,65
976186,"RCS Strasbourg","Olympique Lyonnais","05/12/2018 20:21:05","SAFE1",750,65
976186,"RCS Strasbourg","Olympique Lyonnais","05/12/2018 20:21:16","POSSIBLE_TI",751,65
976186,"RCS Strasbourg","Olympique Lyonnais","05/12/2018 20:21:18","TI1",752,65
976186,"RCS Strasbourg","Olympique Lyonnais","05/12/2018 20:21:24","Restart",753,65
976186,"RCS Strasbourg","Olympique Lyonnais","05/12/2018 20:21:26","AT1",754,65
976186,"RCS Strasbourg","Olympique Lyonnais","05/12/2018 20:21:33","SAFE2",755,65
976186,"RCS Strasbourg","Olympique Lyonnais","05/12/2018 20:21:52","AT2",756,66
976186,"RCS Strasbourg","Olympique Lyonnais","05/12/2018 20:21:58","DANGER2",757,66
976186,"RCS Strasbourg","Olympique Lyonnais","05/12/2018 20:21:58","DAT2",758,66
976186,"RCS Strasbourg","Olympique Lyonnais","05/12/2018 20:22:35","SAFE1",759,66
976186,"RCS Strasbourg","Olympique Lyonnais","05/12/2018 20:22:40","AT1",760,66
976186,"RCS Strasbourg","Olympique Lyonnais","05/12/2018 20:22:40","DANGER1",761,66
976186,"RCS Strasbourg","Olympique Lyonnais","05/12/2018 20:22:40","DAT1",762,66
976186,"RCS Strasbourg","Olympique Lyonnais","05/12/2018 20:22:45","SAFE2",763,66
976186,"RCS Strasbourg","Olympique Lyonnais","05/12/2018 20:22:58","AT2",764,67
976186,"RCS Strasbourg","Olympique Lyonnais","05/12/2018 20:23:03","SAFE1",765,67
976186,"RCS Strasbourg","Olympique Lyonnais","05/12/2018 20:23:04","POSSIBLE_TI",766,67
976186,"RCS Strasbourg","Olympique Lyonnais","05/12/2018 20:23:04","TI1",767,67
976186,"RCS Strasbourg","Olympique Lyonnais","05/12/2018 20:23:09","Restart",768,67
976186,"RCS Strasbourg","Olympique Lyonnais","05/12/2018 20:23:10","CLS",769,67
976186,"RCS Strasbourg","Olympique Lyonnais","05/12/2018 20:23:16","Restart",770,67
976186,"RCS Strasbourg","Olympique Lyonnais","05/12/2018 20:23:24","POSSIBLE_TI",771,67
976186,"RCS Strasbourg","Olympique Lyonnais","05/12/2018 20:23:30","TI1",772,67
976186,"RCS Strasbourg","Olympique Lyonnais","05/12/2018 20:23:46","Restart",773,68
976186,"RCS Strasbourg","Olympique Lyonnais","05/12/2018 20:23:47","Possible Free Kick",774,68
976186,"RCS Strasbourg","Olympique Lyonnais","05/12/2018 20:23:48","F2",776,68
976186,"RCS Strasbourg","Olympique Lyonnais","05/12/2018 20:23:48","FK1",777,68
976186,"RCS Strasbourg","Olympique Lyonnais","05/12/2018 20:23:48","Ball Position",778,68
976186,"RCS Strasbourg","Olympique Lyonnais","05/12/2018 20:23:53","Restart",779,68
976186,"RCS Strasbourg","Olympique Lyonnais","05/12/2018 20:23:59","AT1",780,68
976186,"RCS Strasbourg","Olympique Lyonnais","05/12/2018 20:24:06","DANGER1",781,68
976186,"RCS Strasbourg","Olympique Lyonnais","05/12/2018 20:24:06","DAT1",782,68
976186,"RCS Strasbourg","Olympique Lyonnais","05/12/2018 20:24:09","SHG1",783,68
976186,"RCS Strasbourg","Olympique Lyonnais","05/12/2018 20:24:12","SAFE2",784,68
976186,"RCS Strasbourg","Olympique Lyonnais","05/12/2018 20:24:27","AT2",785,68
976186,"RCS Strasbourg","Olympique Lyonnais","05/12/2018 20:24:40","Possible Free Kick",786,68
976186,"RCS Strasbourg","Olympique Lyonnais","05/12/2018 20:24:49","SAFE1",788,69
976186,"RCS Strasbourg","Olympique Lyonnais","05/12/2018 20:24:49","F2",789,69
976186,"RCS Strasbourg","Olympique Lyonnais","05/12/2018 20:24:49","FK1",790,69
976186,"RCS Strasbourg","Olympique Lyonnais","05/12/2018 20:24:49","Ball Position",791,69
976186,"RCS Strasbourg","Olympique Lyonnais","05/12/2018 20:25:19","Restart",792,69
976186,"RCS Strasbourg","Olympique Lyonnais","05/12/2018 20:25:26","SAFE2",793,69
976186,"RCS Strasbourg","Olympique Lyonnais","05/12/2018 20:25:26","POSSIBLE_TI",794,69
976186,"RCS Strasbourg","Olympique Lyonnais","05/12/2018 20:25:29","TI2",795,69
976186,"RCS Strasbourg","Olympique Lyonnais","05/12/2018 20:25:32","Restart",796,69
976186,"RCS Strasbourg","Olympique Lyonnais","05/12/2018 20:25:45","Possible Free Kick",797,70
976186,"RCS Strasbourg","Olympique Lyonnais","05/12/2018 20:25:48","POSSIBLE_CARDS",799,70
976186,"RCS Strasbourg","Olympique Lyonnais","05/12/2018 20:25:51","YC1",800,70
976186,"RCS Strasbourg","Olympique Lyonnais","05/12/2018 20:25:54","CONF_YC1",801,70
976186,"RCS Strasbourg","Olympique Lyonnais","05/12/2018 20:26:08","Scorer",802,70
976186,"RCS Strasbourg","Olympique Lyonnais","05/12/2018 20:26:10","F1",803,70
976186,"RCS Strasbourg","Olympique Lyonnais","05/12/2018 20:26:10","FK2",804,70
976186,"RCS Strasbourg","Olympique Lyonnais","05/12/2018 20:26:10","Ball Position",805,70
976186,"RCS Strasbourg","Olympique Lyonnais","05/12/2018 20:26:12","Restart",806,70
976186,"RCS Strasbourg","Olympique Lyonnais","05/12/2018 20:26:18","AT2",807,70
976186,"RCS Strasbourg","Olympique Lyonnais","05/12/2018 20:26:21","Player_DATA_CONFIRMED",808,70
976186,"RCS Strasbourg","Olympique Lyonnais","05/12/2018 20:26:25","DANGER2",809,70
976186,"RCS Strasbourg","Olympique Lyonnais","05/12/2018 20:26:25","DAT2",810,70
976186,"RCS Strasbourg","Olympique Lyonnais","05/12/2018 20:26:34","SAFE1",811,70
976186,"RCS Strasbourg","Olympique Lyonnais","05/12/2018 20:26:52","AT1",812,71
976186,"RCS Strasbourg","Olympique Lyonnais","05/12/2018 20:27:01","DANGER1",813,71
976186,"RCS Strasbourg","Olympique Lyonnais","05/12/2018 20:27:01","DAT1",814,71
976186,"RCS Strasbourg","Olympique Lyonnais","05/12/2018 20:27:05","SAFE2",815,71
976186,"RCS Strasbourg","Olympique Lyonnais","05/12/2018 20:27:13","AT2",816,71
976186,"RCS Strasbourg","Olympique Lyonnais","05/12/2018 20:27:15","DANGER2",817,71
976186,"RCS Strasbourg","Olympique Lyonnais","05/12/2018 20:27:15","DAT2",818,71
976186,"RCS Strasbourg","Olympique Lyonnais","05/12/2018 20:27:34","PCR2",819,71
976186,"RCS Strasbourg","Olympique Lyonnais","05/12/2018 20:27:37","NCR2",820,71
976186,"RCS Strasbourg","Olympique Lyonnais","05/12/2018 20:27:38","SHB2",821,71
976186,"RCS Strasbourg","Olympique Lyonnais","05/12/2018 20:27:40","SAFE1",822,71
976186,"RCS Strasbourg","Olympique Lyonnais","05/12/2018 20:27:41","GK1",823,71
976186,"RCS Strasbourg","Olympique Lyonnais","05/12/2018 20:28:12","Restart",824,72
976186,"RCS Strasbourg","Olympique Lyonnais","05/12/2018 20:28:18","AT2",825,72
976186,"RCS Strasbourg","Olympique Lyonnais","05/12/2018 20:28:21","POSSIBLE_TI",826,72
976186,"RCS Strasbourg","Olympique Lyonnais","05/12/2018 20:28:22","TI2",827,72
976186,"RCS Strasbourg","Olympique Lyonnais","05/12/2018 20:28:23","Restart",828,72
976186,"RCS Strasbourg","Olympique Lyonnais","05/12/2018 20:28:29","DANGER2",829,72
976186,"RCS Strasbourg","Olympique Lyonnais","05/12/2018 20:28:29","DAT2",830,72
976186,"RCS Strasbourg","Olympique Lyonnais","05/12/2018 20:28:31","SAFE1",831,72
976186,"RCS Strasbourg","Olympique Lyonnais","05/12/2018 20:28:39","AT1",832,72
976186,"RCS Strasbourg","Olympique Lyonnais","05/12/2018 20:28:42","DANGER1",833,72
976186,"RCS Strasbourg","Olympique Lyonnais","05/12/2018 20:28:42","DAT1",834,72
976186,"RCS Strasbourg","Olympique Lyonnais","05/12/2018 20:29:02","SAFE2",835,73
976186,"RCS Strasbourg","Olympique Lyonnais","05/12/2018 20:29:04","AT1",836,73
976186,"RCS Strasbourg","Olympique Lyonnais","05/12/2018 20:29:10","SAFE2",837,73
976186,"RCS Strasbourg","Olympique Lyonnais","05/12/2018 20:29:14","AT2",838,73
976186,"RCS Strasbourg","Olympique Lyonnais","05/12/2018 20:29:19","DANGER2",839,73
976186,"RCS Strasbourg","Olympique Lyonnais","05/12/2018 20:29:19","DAT2",840,73
976186,"RCS Strasbourg","Olympique Lyonnais","05/12/2018 20:29:21","GOAL2",841,73
976186,"RCS Strasbourg","Olympique Lyonnais","05/12/2018 20:29:33","Scorer",842,73
976186,"RCS Strasbourg","Olympique Lyonnais","05/12/2018 20:29:56","CONF_GOAL2",843,74
976186,"RCS Strasbourg","Olympique Lyonnais","05/12/2018 20:30:29","Player_DATA_CONFIRMED",844,74
976186,"RCS Strasbourg","Olympique Lyonnais","05/12/2018 20:30:29","Assist",845,74
976186,"RCS Strasbourg","Olympique Lyonnais","05/12/2018 20:30:40","KO1",846,74
976186,"RCS Strasbourg","Olympique Lyonnais","05/12/2018 20:30:40","SAFE1",847,74
976186,"RCS Strasbourg","Olympique Lyonnais","05/12/2018 20:30:45","AT1",848,74
976186,"RCS Strasbourg","Olympique Lyonnais","05/12/2018 20:30:48","SAFE1",849,75
976186,"RCS Strasbourg","Olympique Lyonnais","05/12/2018 20:30:52","AT1",850,75
976186,"RCS Strasbourg","Olympique Lyonnais","05/12/2018 20:30:56","DANGER1",851,75
976186,"RCS Strasbourg","Olympique Lyonnais","05/12/2018 20:30:56","DAT1",852,75
976186,"RCS Strasbourg","Olympique Lyonnais","05/12/2018 20:31:13","SAFE2",853,75
976186,"RCS Strasbourg","Olympique Lyonnais","05/12/2018 20:31:29","AT2",854,75
976186,"RCS Strasbourg","Olympique Lyonnais","05/12/2018 20:31:29","DANGER2",855,75
976186,"RCS Strasbourg","Olympique Lyonnais","05/12/2018 20:31:29","DAT2",856,75
976186,"RCS Strasbourg","Olympique Lyonnais","05/12/2018 20:31:36","POSSIBLE_TI",857,75
976186,"RCS Strasbourg","Olympique Lyonnais","05/12/2018 20:31:46","TI2",858,76
976186,"RCS Strasbourg","Olympique Lyonnais","05/12/2018 20:31:53","Restart",859,76
976186,"RCS Strasbourg","Olympique Lyonnais","05/12/2018 20:32:08","SAFE1",860,76
976186,"RCS Strasbourg","Olympique Lyonnais","05/12/2018 20:32:09","GK1",861,76
976186,"RCS Strasbourg","Olympique Lyonnais","05/12/2018 20:32:21","Restart",862,76
976186,"RCS Strasbourg","Olympique Lyonnais","05/12/2018 20:32:26","AT1",863,76
976186,"RCS Strasbourg","Olympique Lyonnais","05/12/2018 20:32:29","SAFE2",864,76
976186,"RCS Strasbourg","Olympique Lyonnais","05/12/2018 20:32:33","AT2",865,76
976186,"RCS Strasbourg","Olympique Lyonnais","05/12/2018 20:32:35","Possible Free Kick",866,76
976186,"RCS Strasbourg","Olympique Lyonnais","05/12/2018 20:32:46","F1",868,77
976186,"RCS Strasbourg","Olympique Lyonnais","05/12/2018 20:32:46","FK2",869,77
976186,"RCS Strasbourg","Olympique Lyonnais","05/12/2018 20:32:46","DANGER2",870,77
976186,"RCS Strasbourg","Olympique Lyonnais","05/12/2018 20:32:46","DFK2",871,77
976186,"RCS Strasbourg","Olympique Lyonnais","05/12/2018 20:32:46","Ball Position",872,77
976186,"RCS Strasbourg","Olympique Lyonnais","05/12/2018 20:32:55","Restart",873,77
976186,"RCS Strasbourg","Olympique Lyonnais","05/12/2018 20:33:10","Possible Free Kick",874,77
976186,"RCS Strasbourg","Olympique Lyonnais","05/12/2018 20:33:25","F1",876,77
976186,"RCS Strasbourg","Olympique Lyonnais","05/12/2018 20:33:25","FK2",877,77
976186,"RCS Strasbourg","Olympique Lyonnais","05/12/2018 20:33:25","DFK2",878,77
976186,"RCS Strasbourg","Olympique Lyonnais","05/12/2018 20:33:25","Ball Position",879,77
976186,"RCS Strasbourg","Olympique Lyonnais","05/12/2018 20:33:51","Restart",880,78
976186,"RCS Strasbourg","Olympique Lyonnais","05/12/2018 20:33:54","BLOCKED2",881,78
976186,"RCS Strasbourg","Olympique Lyonnais","05/12/2018 20:33:55","SAFE2",882,78
976186,"RCS Strasbourg","Olympique Lyonnais","05/12/2018 20:33:56","AT2",883,78
976186,"RCS Strasbourg","Olympique Lyonnais","05/12/2018 20:34:03","SAFE2",884,78
976186,"RCS Strasbourg","Olympique Lyonnais","05/12/2018 20:34:06","AT2",885,78
976186,"RCS Strasbourg","Olympique Lyonnais","05/12/2018 20:34:14","SAFE1",886,78
976186,"RCS Strasbourg","Olympique Lyonnais","05/12/2018 20:34:15","POSSIBLE_TI",887,78
976186,"RCS Strasbourg","Olympique Lyonnais","05/12/2018 20:34:16","TI1",888,78
976186,"RCS Strasbourg","Olympique Lyonnais","05/12/2018 20:34:28","Restart",889,78
976186,"RCS Strasbourg","Olympique Lyonnais","05/12/2018 20:34:32","AT2",890,78
976186,"RCS Strasbourg","Olympique Lyonnais","05/12/2018 20:34:32","POSSIBLE_TI",891,78
976186,"RCS Strasbourg","Olympique Lyonnais","05/12/2018 20:34:34","TI2",892,78
976186,"RCS Strasbourg","Olympique Lyonnais","05/12/2018 20:34:48","SUB1",893,79
976186,"RCS Strasbourg","Olympique Lyonnais","05/12/2018 20:35:06","Restart",894,79
976186,"RCS Strasbourg","Olympique Lyonnais","05/12/2018 20:35:06","DANGER2",895,79
976186,"RCS Strasbourg","Olympique Lyonnais","05/12/2018 20:35:06","DAT2",896,79
976186,"RCS Strasbourg","Olympique Lyonnais","05/12/2018 20:35:13","SAFE1",897,79
976186,"RCS Strasbourg","Olympique Lyonnais","05/12/2018 20:35:17","SAFE2",898,79
976186,"RCS Strasbourg","Olympique Lyonnais","05/12/2018 20:35:35","AT2",899,79
976186,"RCS Strasbourg","Olympique Lyonnais","05/12/2018 20:35:39","SAFE1",900,79
976186,"RCS Strasbourg","Olympique Lyonnais","05/12/2018 20:35:50","AT1",901,80
976186,"RCS Strasbourg","Olympique Lyonnais","05/12/2018 20:35:57","DANGER1",902,80
976186,"RCS Strasbourg","Olympique Lyonnais","05/12/2018 20:35:57","DAT1",903,80
976186,"RCS Strasbourg","Olympique Lyonnais","05/12/2018 20:36:06","SAFE2",904,80
976186,"RCS Strasbourg","Olympique Lyonnais","05/12/2018 20:36:10","AT2",905,80
976186,"RCS Strasbourg","Olympique Lyonnais","05/12/2018 20:36:17","DANGER2",906,80
976186,"RCS Strasbourg","Olympique Lyonnais","05/12/2018 20:36:17","DAT2",907,80
976186,"RCS Strasbourg","Olympique Lyonnais","05/12/2018 20:36:21","SAFE2",908,80
976186,"RCS Strasbourg","Olympique Lyonnais","05/12/2018 20:36:23","AT2",909,80
976186,"RCS Strasbourg","Olympique Lyonnais","05/12/2018 20:36:36","POSSIBLE_TI",910,80
976186,"RCS Strasbourg","Olympique Lyonnais","05/12/2018 20:36:39","TI2",911,80
976186,"RCS Strasbourg","Olympique Lyonnais","05/12/2018 20:36:40","Restart",912,80
976186,"RCS Strasbourg","Olympique Lyonnais","05/12/2018 20:36:45","SAFE1",913,81
976186,"RCS Strasbourg","Olympique Lyonnais","05/12/2018 20:36:53","AT1",914,81
976186,"RCS Strasbourg","Olympique Lyonnais","05/12/2018 20:36:53","Player_DATA_CONFIRMED",915,81
976186,"RCS Strasbourg","Olympique Lyonnais","05/12/2018 20:37:05","SAFE2",916,81
976186,"RCS Strasbourg","Olympique Lyonnais","05/12/2018 20:37:13","Possible Free Kick",917,81
976186,"RCS Strasbourg","Olympique Lyonnais","05/12/2018 20:37:17","F1",919,81
976186,"RCS Strasbourg","Olympique Lyonnais","05/12/2018 20:37:17","FK2",920,81
976186,"RCS Strasbourg","Olympique Lyonnais","05/12/2018 20:37:17","Ball Position",921,81
976186,"RCS Strasbourg","Olympique Lyonnais","05/12/2018 20:37:33","Restart",922,81
976186,"RCS Strasbourg","Olympique Lyonnais","05/12/2018 20:37:49","AT2",923,82
976186,"RCS Strasbourg","Olympique Lyonnais","05/12/2018 20:37:57","Possible Free Kick",924,82
976186,"RCS Strasbourg","Olympique Lyonnais","05/12/2018 20:37:58","SAFE1",926,82
976186,"RCS Strasbourg","Olympique Lyonnais","05/12/2018 20:37:58","F2",927,82
976186,"RCS Strasbourg","Olympique Lyonnais","05/12/2018 20:37:58","FK1",928,82
976186,"RCS Strasbourg","Olympique Lyonnais","05/12/2018 20:37:58","Ball Position",929,82
976186,"RCS Strasbourg","Olympique Lyonnais","05/12/2018 20:38:22","Restart",930,82
976186,"RCS Strasbourg","Olympique Lyonnais","05/12/2018 20:38:25","AT1",931,82
976186,"RCS Strasbourg","Olympique Lyonnais","05/12/2018 20:38:33","SAFE1",932,82
976186,"RCS Strasbourg","Olympique Lyonnais","05/12/2018 20:38:36","AT1",933,82
976186,"RCS Strasbourg","Olympique Lyonnais","05/12/2018 20:38:41","SAFE2",934,82
976186,"RCS Strasbourg","Olympique Lyonnais","05/12/2018 20:38:44","AT1",935,82
976186,"RCS Strasbourg","Olympique Lyonnais","05/12/2018 20:38:47","Possible Free Kick",936,83
976186,"RCS Strasbourg","Olympique Lyonnais","05/12/2018 20:38:49","POSSIBLE_CARDS",938,83
976186,"RCS Strasbourg","Olympique Lyonnais","05/12/2018 20:38:56","YC2",939,83
976186,"RCS Strasbourg","Olympique Lyonnais","05/12/2018 20:39:02","CONF_YC2",940,83
976186,"RCS Strasbourg","Olympique Lyonnais","05/12/2018 20:39:07","Scorer",941,83
976186,"RCS Strasbourg","Olympique Lyonnais","05/12/2018 20:39:09","F2",942,83
976186,"RCS Strasbourg","Olympique Lyonnais","05/12/2018 20:39:09","FK1",943,83
976186,"RCS Strasbourg","Olympique Lyonnais","05/12/2018 20:39:09","DANGER1",944,83
976186,"RCS Strasbourg","Olympique Lyonnais","05/12/2018 20:39:09","DFK1",945,83
976186,"RCS Strasbourg","Olympique Lyonnais","05/12/2018 20:39:09","Ball Position",946,83
976186,"RCS Strasbourg","Olympique Lyonnais","05/12/2018 20:39:13","Player_DATA_CONFIRMED",947,83
976186,"RCS Strasbourg","Olympique Lyonnais","05/12/2018 20:39:37","SUB2",948,83
976186,"RCS Strasbourg","Olympique Lyonnais","05/12/2018 20:39:43","Player_DATA_CONFIRMED",949,83
976186,"RCS Strasbourg","Olympique Lyonnais","05/12/2018 20:39:53","Restart",950,84
976186,"RCS Strasbourg","Olympique Lyonnais","05/12/2018 20:39:59","SAFE2",951,84
976186,"RCS Strasbourg","Olympique Lyonnais","05/12/2018 20:40:11","AT1",952,84
976186,"RCS Strasbourg","Olympique Lyonnais","05/12/2018 20:40:14","DANGER1",953,84
976186,"RCS Strasbourg","Olympique Lyonnais","05/12/2018 20:40:14","DAT1",954,84
976186,"RCS Strasbourg","Olympique Lyonnais","05/12/2018 20:40:20","SAFE2",955,84
976186,"RCS Strasbourg","Olympique Lyonnais","05/12/2018 20:40:24","AT2",956,84
976186,"RCS Strasbourg","Olympique Lyonnais","05/12/2018 20:40:36","DANGER2",957,84
976186,"RCS Strasbourg","Olympique Lyonnais","05/12/2018 20:40:36","DAT2",958,84
976186,"RCS Strasbourg","Olympique Lyonnais","05/12/2018 20:41:00","SAFE1",959,85
976186,"RCS Strasbourg","Olympique Lyonnais","05/12/2018 20:41:05","Possible Free Kick",960,85
976186,"RCS Strasbourg","Olympique Lyonnais","05/12/2018 20:41:07","POSSIBLE_CARDS",962,85
976186,"RCS Strasbourg","Olympique Lyonnais","05/12/2018 20:41:12","YC1",963,85
976186,"RCS Strasbourg","Olympique Lyonnais","05/12/2018 20:41:18","CONF_YC1",964,85
976186,"RCS Strasbourg","Olympique Lyonnais","05/12/2018 20:41:26","Scorer",965,85
976186,"RCS Strasbourg","Olympique Lyonnais","05/12/2018 20:41:32","Player_DATA_CONFIRMED",966,85
976186,"RCS Strasbourg","Olympique Lyonnais","05/12/2018 20:41:38","SAFE2",967,85
976186,"RCS Strasbourg","Olympique Lyonnais","05/12/2018 20:41:38","F1",968,85
976186,"RCS Strasbourg","Olympique Lyonnais","05/12/2018 20:41:38","FK2",969,85
976186,"RCS Strasbourg","Olympique Lyonnais","05/12/2018 20:41:38","Ball Position",970,85
976186,"RCS Strasbourg","Olympique Lyonnais","05/12/2018 20:41:44","Restart",971,85
976186,"RCS Strasbourg","Olympique Lyonnais","05/12/2018 20:41:45","AT2",972,86
976186,"RCS Strasbourg","Olympique Lyonnais","05/12/2018 20:41:48","SAFE1",973,86
976186,"RCS Strasbourg","Olympique Lyonnais","05/12/2018 20:41:55","SAFE2",974,86
976186,"RCS Strasbourg","Olympique Lyonnais","05/12/2018 20:42:06","AT2",975,86
976186,"RCS Strasbourg","Olympique Lyonnais","05/12/2018 20:42:17","SAFE1",976,86
976186,"RCS Strasbourg","Olympique Lyonnais","05/12/2018 20:42:28","AT1",977,86
976186,"RCS Strasbourg","Olympique Lyonnais","05/12/2018 20:42:41","POSSIBLE_TI",978,86
976186,"RCS Strasbourg","Olympique Lyonnais","05/12/2018 20:42:42","TI1",979,86
976186,"RCS Strasbourg","Olympique Lyonnais","05/12/2018 20:42:43","Restart",980,86
976186,"RCS Strasbourg","Olympique Lyonnais","05/12/2018 20:42:52","DANGER1",981,87
976186,"RCS Strasbourg","Olympique Lyonnais","05/12/2018 20:42:52","DAT1",982,87
976186,"RCS Strasbourg","Olympique Lyonnais","05/12/2018 20:43:01","SAFE2",983,87
976186,"RCS Strasbourg","Olympique Lyonnais","05/12/2018 20:43:04","AT2",984,87
976186,"RCS Strasbourg","Olympique Lyonnais","05/12/2018 20:43:08","SAFE2",985,87
976186,"RCS Strasbourg","Olympique Lyonnais","05/12/2018 20:43:12","AT2",986,87
976186,"RCS Strasbourg","Olympique Lyonnais","05/12/2018 20:43:23","SAFE2",987,87
976186,"RCS Strasbourg","Olympique Lyonnais","05/12/2018 20:43:28","AT2",988,87
976186,"RCS Strasbourg","Olympique Lyonnais","05/12/2018 20:43:30","Possible Free Kick",989,87
976186,"RCS Strasbourg","Olympique Lyonnais","05/12/2018 20:43:32","F1",991,87
976186,"RCS Strasbourg","Olympique Lyonnais","05/12/2018 20:43:32","FK2",992,87
976186,"RCS Strasbourg","Olympique Lyonnais","05/12/2018 20:43:32","DANGER2",993,87
976186,"RCS Strasbourg","Olympique Lyonnais","05/12/2018 20:43:32","DFK2",994,87
976186,"RCS Strasbourg","Olympique Lyonnais","05/12/2018 20:43:32","Ball Position",995,87
976186,"RCS Strasbourg","Olympique Lyonnais","05/12/2018 20:43:46","SUB2",996,88
976186,"RCS Strasbourg","Olympique Lyonnais","05/12/2018 20:43:57","Player_DATA_CONFIRMED",997,88
976186,"RCS Strasbourg","Olympique Lyonnais","05/12/2018 20:44:01","Restart",998,88
976186,"RCS Strasbourg","Olympique Lyonnais","05/12/2018 20:44:07","SAFE1",999,88
976186,"RCS Strasbourg","Olympique Lyonnais","05/12/2018 20:44:10","AT1",1000,88
976186,"RCS Strasbourg","Olympique Lyonnais","05/12/2018 20:44:17","POSSIBLE_TI",1001,88
976186,"RCS Strasbourg","Olympique Lyonnais","05/12/2018 20:44:18","TI1",1002,88
976186,"RCS Strasbourg","Olympique Lyonnais","05/12/2018 20:44:20","Restart",1003,88
976186,"RCS Strasbourg","Olympique Lyonnais","05/12/2018 20:44:27","DANGER1",1004,88
976186,"RCS Strasbourg","Olympique Lyonnais","05/12/2018 20:44:27","DAT1",1005,88
976186,"RCS Strasbourg","Olympique Lyonnais","05/12/2018 20:44:31","SAFE2",1006,88
976186,"RCS Strasbourg","Olympique Lyonnais","05/12/2018 20:44:33","AT1",1007,88
976186,"RCS Strasbourg","Olympique Lyonnais","05/12/2018 20:44:35","DANGER1",1008,88
976186,"RCS Strasbourg","Olympique Lyonnais","05/12/2018 20:44:35","DAT1",1009,88
976186,"RCS Strasbourg","Olympique Lyonnais","05/12/2018 20:44:39","GOAL1",1010,88
976186,"RCS Strasbourg","Olympique Lyonnais","05/12/2018 20:44:54","Scorer",1011,89
976186,"RCS Strasbourg","Olympique Lyonnais","05/12/2018 20:45:06","CONF_GOAL1",1012,89
976186,"RCS Strasbourg","Olympique Lyonnais","05/12/2018 20:45:50","Scorer",1013,90
976186,"RCS Strasbourg","Olympique Lyonnais","05/12/2018 20:45:51","KO2",1014,90
976186,"RCS Strasbourg","Olympique Lyonnais","05/12/2018 20:45:51","SAFE2",1015,90
976186,"RCS Strasbourg","Olympique Lyonnais","05/12/2018 20:46:04","Player_DATA_CONFIRMED",1016,90
976186,"RCS Strasbourg","Olympique Lyonnais","05/12/2018 20:46:11","AT2",1017,90
976186,"RCS Strasbourg","Olympique Lyonnais","05/12/2018 20:46:11","DANGER2",1018,90
976186,"RCS Strasbourg","Olympique Lyonnais","05/12/2018 20:46:11","DAT2",1019,90
976186,"RCS Strasbourg","Olympique Lyonnais","05/12/2018 20:46:14","SAFE1",1020,90
976186,"RCS Strasbourg","Olympique Lyonnais","05/12/2018 20:46:16","AT2",1021,90
976186,"RCS Strasbourg","Olympique Lyonnais","05/12/2018 20:46:17","POSSIBLE_TI",1022,90
976186,"RCS Strasbourg","Olympique Lyonnais","05/12/2018 20:46:18","TI2",1023,90
976186,"RCS Strasbourg","Olympique Lyonnais","05/12/2018 20:46:26","Restart",1024,90
976186,"RCS Strasbourg","Olympique Lyonnais","05/12/2018 20:46:28","POSSIBLE_TI",1025,90
976186,"RCS Strasbourg","Olympique Lyonnais","05/12/2018 20:46:29","TI2",1026,90
976186,"RCS Strasbourg","Olympique Lyonnais","05/12/2018 20:46:33","Restart",1027,90
976186,"RCS Strasbourg","Olympique Lyonnais","05/12/2018 20:46:38","DANGER2",1028,90
976186,"RCS Strasbourg","Olympique Lyonnais","05/12/2018 20:46:38","DAT2",1029,90
976186,"RCS Strasbourg","Olympique Lyonnais","05/12/2018 20:46:47","SHG2",1030,91
976186,"RCS Strasbourg","Olympique Lyonnais","05/12/2018 20:46:48","SAFE1",1031,91
976186,"RCS Strasbourg","Olympique Lyonnais","05/12/2018 20:46:52","Extra Time",1032,91
976186,"RCS Strasbourg","Olympique Lyonnais","05/12/2018 20:47:07","AT1",1033,91
976186,"RCS Strasbourg","Olympique Lyonnais","05/12/2018 20:47:15","SAFE2",1034,91
976186,"RCS Strasbourg","Olympique Lyonnais","05/12/2018 20:47:18","AT2",1035,91
976186,"RCS Strasbourg","Olympique Lyonnais","05/12/2018 20:47:20","DANGER2",1036,91
976186,"RCS Strasbourg","Olympique Lyonnais","05/12/2018 20:47:20","DAT2",1037,91
976186,"RCS Strasbourg","Olympique Lyonnais","05/12/2018 20:47:23","Assist",1038,91
976186,"RCS Strasbourg","Olympique Lyonnais","05/12/2018 20:47:30","POSSIBLE_TI",1039,91
976186,"RCS Strasbourg","Olympique Lyonnais","05/12/2018 20:47:36","TI1",1040,91
976186,"RCS Strasbourg","Olympique Lyonnais","05/12/2018 20:47:45","POSSIBLE_TI",1041,92
976186,"RCS Strasbourg","Olympique Lyonnais","05/12/2018 20:47:46","NO_TI",1042,92
976186,"RCS Strasbourg","Olympique Lyonnais","05/12/2018 20:47:48","Restart",1043,92
976186,"RCS Strasbourg","Olympique Lyonnais","05/12/2018 20:48:06","SAFE1",1044,92
976186,"RCS Strasbourg","Olympique Lyonnais","05/12/2018 20:48:10","AT1",1045,92
976186,"RCS Strasbourg","Olympique Lyonnais","05/12/2018 20:48:10","DANGER1",1046,92
976186,"RCS Strasbourg","Olympique Lyonnais","05/12/2018 20:48:10","DAT1",1047,92
976186,"RCS Strasbourg","Olympique Lyonnais","05/12/2018 20:48:17","PPEN",1048,92
976186,"RCS Strasbourg","Olympique Lyonnais","05/12/2018 20:48:17","PPEN1",1049,92
976186,"RCS Strasbourg","Olympique Lyonnais","05/12/2018 20:48:30","No PEN",1050,92
976186,"RCS Strasbourg","Olympique Lyonnais","05/12/2018 20:48:31","Possible Free Kick",1051,92
976186,"RCS Strasbourg","Olympique Lyonnais","05/12/2018 20:48:34","F2",1053,92
976186,"RCS Strasbourg","Olympique Lyonnais","05/12/2018 20:48:34","FK1",1054,92
976186,"RCS Strasbourg","Olympique Lyonnais","05/12/2018 20:48:34","DFK1",1055,92
976186,"RCS Strasbourg","Olympique Lyonnais","05/12/2018 20:48:34","Ball Position",1056,92
976186,"RCS Strasbourg","Olympique Lyonnais","05/12/2018 20:49:47","Restart",1057,94
976186,"RCS Strasbourg","Olympique Lyonnais","05/12/2018 20:49:50","GOAL1",1058,94
976186,"RCS Strasbourg","Olympique Lyonnais","05/12/2018 20:50:09","Scorer",1059,94
976186,"RCS Strasbourg","Olympique Lyonnais","05/12/2018 20:50:27","CONF_GOAL1",1060,94
976186,"RCS Strasbourg","Olympique Lyonnais","05/12/2018 20:51:03","Scorer",1061,95
976186,"RCS Strasbourg","Olympique Lyonnais","05/12/2018 20:51:03","KO2",1062,95
976186,"RCS Strasbourg","Olympique Lyonnais","05/12/2018 20:51:03","SAFE2",1063,95
976186,"RCS Strasbourg","Olympique Lyonnais","05/12/2018 20:51:08","AT2",1064,95
976186,"RCS Strasbourg","Olympique Lyonnais","05/12/2018 20:51:08","DANGER2",1065,95
976186,"RCS Strasbourg","Olympique Lyonnais","05/12/2018 20:51:08","DAT2",1066,95
976186,"RCS Strasbourg","Olympique Lyonnais","05/12/2018 20:51:15","POSSIBLE_TI",1067,95
976186,"RCS Strasbourg","Olympique Lyonnais","05/12/2018 20:51:16","TI2",1068,95
976186,"RCS Strasbourg","Olympique Lyonnais","05/12/2018 20:51:18","Restart",1069,95
976186,"RCS Strasbourg","Olympique Lyonnais","05/12/2018 20:51:23","Possible Free Kick",1070,95
976186,"RCS Strasbourg","Olympique Lyonnais","05/12/2018 20:51:23","Player_DATA_CONFIRMED",1072,95
976186,"RCS Strasbourg","Olympique Lyonnais","05/12/2018 20:51:27","SAFE1",1073,95
976186,"RCS Strasbourg","Olympique Lyonnais","05/12/2018 20:51:27","F2",1074,95
976186,"RCS Strasbourg","Olympique Lyonnais","05/12/2018 20:51:27","FK1",1075,95
976186,"RCS Strasbourg","Olympique Lyonnais","05/12/2018 20:51:27","Ball Position",1076,95
976186,"RCS Strasbourg","Olympique Lyonnais","05/12/2018 20:52:00","POSSIBLE_CARDS",1077,96
976186,"RCS Strasbourg","Olympique Lyonnais","05/12/2018 20:52:07","YC1",1078,96
976186,"RCS Strasbourg","Olympique Lyonnais","05/12/2018 20:52:08","CONF_YC1",1079,96
976186,"RCS Strasbourg","Olympique Lyonnais","05/12/2018 20:52:13","Scorer",1080,96
976186,"RCS Strasbourg","Olympique Lyonnais","05/12/2018 20:52:15","Restart",1081,96
976186,"RCS Strasbourg","Olympique Lyonnais","05/12/2018 20:52:17","Stop RT2",1082,96
976186,"RCS Strasbourg","Olympique Lyonnais","05/12/2018 20:52:17","Stop Game",1083,96
976186,"RCS Strasbourg","Olympique Lyonnais","05/12/2018 20:52:25","CONF_PERIOD_SCORE",1084,95
976186,"RCS Strasbourg","Olympique Lyonnais","05/12/2018 20:54:05","Scorer",1085,95
976186,"RCS Strasbourg","Olympique Lyonnais","05/12/2018 20:54:05","Player_DATA_CONFIRMED",1086,95
