"RBallID","HomeTeam","AwayTeam","Timestamp","Incident","IncidentNumber","Minute"
1025772,"Angers SCO","RCS Strasbourg","10/06/2018 17:05:30","Lineup changed",0,0
1025772,"Angers SCO","RCS Strasbourg","10/06/2018 17:06:07","Transmission Online",1,0
1025772,"Angers SCO","RCS Strasbourg","10/06/2018 17:06:07","Scout in Stadion",2,0
1025772,"Angers SCO","RCS Strasbourg","10/06/2018 17:21:24","GCC",3,0
1025772,"Angers SCO","RCS Strasbourg","10/06/2018 17:40:42","GCC",4,0
1025772,"Angers SCO","RCS Strasbourg","10/06/2018 17:53:19","GCC",5,0
1025772,"Angers SCO","RCS Strasbourg","10/06/2018 17:56:20","Jersey Changed",6,0
1025772,"Angers SCO","RCS Strasbourg","10/06/2018 17:56:20","Jersey Changed",7,0
1025772,"Angers SCO","RCS Strasbourg","10/06/2018 17:56:52","Players are coming out",8,0
1025772,"Angers SCO","RCS Strasbourg","10/06/2018 17:57:05","Players lined up",9,0
1025772,"Angers SCO","RCS Strasbourg","10/06/2018 17:57:27","Shake hands",10,0
1025772,"Angers SCO","RCS Strasbourg","10/06/2018 17:58:09","Flip coin",11,0
1025772,"Angers SCO","RCS Strasbourg","10/06/2018 17:59:41","Game about to start",12,0
1025772,"Angers SCO","RCS Strasbourg","10/06/2018 18:00:21","Start RT1 Team 1",13,1
1025772,"Angers SCO","RCS Strasbourg","10/06/2018 18:00:32","AT1",14,1
1025772,"Angers SCO","RCS Strasbourg","10/06/2018 18:00:32","DANGER1",15,1
1025772,"Angers SCO","RCS Strasbourg","10/06/2018 18:00:32","DAT1",16,1
1025772,"Angers SCO","RCS Strasbourg","10/06/2018 18:00:42","Possible Free Kick",17,1
1025772,"Angers SCO","RCS Strasbourg","10/06/2018 18:00:48","SAFE2",19,1
1025772,"Angers SCO","RCS Strasbourg","10/06/2018 18:00:48","F1",20,1
1025772,"Angers SCO","RCS Strasbourg","10/06/2018 18:00:48","FK2",21,1
1025772,"Angers SCO","RCS Strasbourg","10/06/2018 18:00:48","Ball Position",22,1
1025772,"Angers SCO","RCS Strasbourg","10/06/2018 18:01:00","Restart",23,1
1025772,"Angers SCO","RCS Strasbourg","10/06/2018 18:01:09","Possible Free Kick",24,1
1025772,"Angers SCO","RCS Strasbourg","10/06/2018 18:01:19","POSSIBLE_CARDS",26,1
1025772,"Angers SCO","RCS Strasbourg","10/06/2018 18:01:54","NO_Cards",27,2
1025772,"Angers SCO","RCS Strasbourg","10/06/2018 18:01:56","F1",28,2
1025772,"Angers SCO","RCS Strasbourg","10/06/2018 18:01:56","FK2",29,2
1025772,"Angers SCO","RCS Strasbourg","10/06/2018 18:01:56","DANGER2",30,2
1025772,"Angers SCO","RCS Strasbourg","10/06/2018 18:01:56","DFK2",31,2
1025772,"Angers SCO","RCS Strasbourg","10/06/2018 18:01:56","Ball Position",32,2
1025772,"Angers SCO","RCS Strasbourg","10/06/2018 18:01:57","Restart",33,2
1025772,"Angers SCO","RCS Strasbourg","10/06/2018 18:02:10","GOAL2",34,2
1025772,"Angers SCO","RCS Strasbourg","10/06/2018 18:02:20","Scorer",35,2
1025772,"Angers SCO","RCS Strasbourg","10/06/2018 18:02:36","GCC",36,3
1025772,"Angers SCO","RCS Strasbourg","10/06/2018 18:03:08","CONF_GOAL2",37,3
1025772,"Angers SCO","RCS Strasbourg","10/06/2018 18:03:08","KO1",38,3
1025772,"Angers SCO","RCS Strasbourg","10/06/2018 18:03:08","SAFE1",39,3
1025772,"Angers SCO","RCS Strasbourg","10/06/2018 18:03:13","AT1",40,3
1025772,"Angers SCO","RCS Strasbourg","10/06/2018 18:03:15","DANGER1",41,3
1025772,"Angers SCO","RCS Strasbourg","10/06/2018 18:03:15","DAT1",42,3
1025772,"Angers SCO","RCS Strasbourg","10/06/2018 18:03:20","Player_DATA_CONFIRMED",43,3
1025772,"Angers SCO","RCS Strasbourg","10/06/2018 18:03:20","Assist",44,3
1025772,"Angers SCO","RCS Strasbourg","10/06/2018 18:03:22","SAFE2",45,4
1025772,"Angers SCO","RCS Strasbourg","10/06/2018 18:03:29","POSSIBLE_TI",46,4
1025772,"Angers SCO","RCS Strasbourg","10/06/2018 18:03:30","TI1",47,4
1025772,"Angers SCO","RCS Strasbourg","10/06/2018 18:03:31","Restart",48,4
1025772,"Angers SCO","RCS Strasbourg","10/06/2018 18:03:31","AT1",49,4
1025772,"Angers SCO","RCS Strasbourg","10/06/2018 18:03:45","SAFE2",50,4
1025772,"Angers SCO","RCS Strasbourg","10/06/2018 18:04:21","POSSIBLE_TI",51,4
1025772,"Angers SCO","RCS Strasbourg","10/06/2018 18:04:24","TI2",52,5
1025772,"Angers SCO","RCS Strasbourg","10/06/2018 18:04:35","Restart",53,5
1025772,"Angers SCO","RCS Strasbourg","10/06/2018 18:04:35","AT2",54,5
1025772,"Angers SCO","RCS Strasbourg","10/06/2018 18:04:39","DANGER2",55,5
1025772,"Angers SCO","RCS Strasbourg","10/06/2018 18:04:39","DAT2",56,5
1025772,"Angers SCO","RCS Strasbourg","10/06/2018 18:04:39","POSSIBLE_TI",57,5
1025772,"Angers SCO","RCS Strasbourg","10/06/2018 18:04:40","TI2",58,5
1025772,"Angers SCO","RCS Strasbourg","10/06/2018 18:04:47","Restart",59,5
1025772,"Angers SCO","RCS Strasbourg","10/06/2018 18:04:50","SAFE2",60,5
1025772,"Angers SCO","RCS Strasbourg","10/06/2018 18:04:56","AT2",61,5
1025772,"Angers SCO","RCS Strasbourg","10/06/2018 18:05:24","DANGER2",62,6
1025772,"Angers SCO","RCS Strasbourg","10/06/2018 18:05:24","DAT2",63,6
1025772,"Angers SCO","RCS Strasbourg","10/06/2018 18:05:24","POSSIBLE_TI",64,6
1025772,"Angers SCO","RCS Strasbourg","10/06/2018 18:05:25","TI2",65,6
1025772,"Angers SCO","RCS Strasbourg","10/06/2018 18:05:34","Restart",66,6
1025772,"Angers SCO","RCS Strasbourg","10/06/2018 18:06:04","SAFE2",67,6
1025772,"Angers SCO","RCS Strasbourg","10/06/2018 18:06:15","AT2",68,6
1025772,"Angers SCO","RCS Strasbourg","10/06/2018 18:06:17","DANGER2",69,6
1025772,"Angers SCO","RCS Strasbourg","10/06/2018 18:06:17","DAT2",70,6
1025772,"Angers SCO","RCS Strasbourg","10/06/2018 18:06:25","SAFE1",71,7
1025772,"Angers SCO","RCS Strasbourg","10/06/2018 18:06:28","AT1",72,7
1025772,"Angers SCO","RCS Strasbourg","10/06/2018 18:06:32","DANGER1",73,7
1025772,"Angers SCO","RCS Strasbourg","10/06/2018 18:06:32","DAT1",74,7
1025772,"Angers SCO","RCS Strasbourg","10/06/2018 18:06:42","SAFE2",75,7
1025772,"Angers SCO","RCS Strasbourg","10/06/2018 18:06:44","AT1",76,7
1025772,"Angers SCO","RCS Strasbourg","10/06/2018 18:07:24","SAFE2",77,8
1025772,"Angers SCO","RCS Strasbourg","10/06/2018 18:07:25","AT2",78,8
1025772,"Angers SCO","RCS Strasbourg","10/06/2018 18:07:30","POSSIBLE_TI",79,8
1025772,"Angers SCO","RCS Strasbourg","10/06/2018 18:07:31","TI2",80,8
1025772,"Angers SCO","RCS Strasbourg","10/06/2018 18:07:47","Restart",81,8
1025772,"Angers SCO","RCS Strasbourg","10/06/2018 18:07:58","SAFE1",82,8
1025772,"Angers SCO","RCS Strasbourg","10/06/2018 18:07:59","GK1",83,8
1025772,"Angers SCO","RCS Strasbourg","10/06/2018 18:08:18","Restart",84,8
1025772,"Angers SCO","RCS Strasbourg","10/06/2018 18:08:20","AT1",85,8
1025772,"Angers SCO","RCS Strasbourg","10/06/2018 18:08:20","DANGER1",86,8
1025772,"Angers SCO","RCS Strasbourg","10/06/2018 18:08:20","DAT1",87,8
1025772,"Angers SCO","RCS Strasbourg","10/06/2018 18:08:26","SAFE2",88,9
1025772,"Angers SCO","RCS Strasbourg","10/06/2018 18:08:27","AT1",89,9
1025772,"Angers SCO","RCS Strasbourg","10/06/2018 18:08:27","POSSIBLE_TI",90,9
1025772,"Angers SCO","RCS Strasbourg","10/06/2018 18:08:29","TI1",91,9
1025772,"Angers SCO","RCS Strasbourg","10/06/2018 18:08:36","Restart",92,9
1025772,"Angers SCO","RCS Strasbourg","10/06/2018 18:08:47","POSSIBLE_TI",93,9
1025772,"Angers SCO","RCS Strasbourg","10/06/2018 18:08:48","TI1",94,9
1025772,"Angers SCO","RCS Strasbourg","10/06/2018 18:08:48","Restart",95,9
1025772,"Angers SCO","RCS Strasbourg","10/06/2018 18:09:13","DANGER1",96,9
1025772,"Angers SCO","RCS Strasbourg","10/06/2018 18:09:13","DAT1",97,9
1025772,"Angers SCO","RCS Strasbourg","10/06/2018 18:09:34","Scout offline",98,10
1025772,"Angers SCO","RCS Strasbourg","10/06/2018 18:09:55","Transmission Online",99,10
1025772,"Angers SCO","RCS Strasbourg","10/06/2018 18:09:55","Start score update",100,10
1025772,"Angers SCO","RCS Strasbourg","10/06/2018 18:09:56","PEN1",101,10
1025772,"Angers SCO","RCS Strasbourg","10/06/2018 18:10:19","CPEN1",102,10
1025772,"Angers SCO","RCS Strasbourg","10/06/2018 18:10:25","PEN1",103,11
1025772,"Angers SCO","RCS Strasbourg","10/06/2018 18:11:12","MPEN1",104,11
1025772,"Angers SCO","RCS Strasbourg","10/06/2018 18:11:18","Score update finished",105,11
1025772,"Angers SCO","RCS Strasbourg","10/06/2018 18:11:25","AT2",106,12
1025772,"Angers SCO","RCS Strasbourg","10/06/2018 18:11:34","SAFE1",107,12
1025772,"Angers SCO","RCS Strasbourg","10/06/2018 18:11:35","POSSIBLE_TI",108,12
1025772,"Angers SCO","RCS Strasbourg","10/06/2018 18:11:36","TI1",109,12
1025772,"Angers SCO","RCS Strasbourg","10/06/2018 18:11:42","Restart",110,12
1025772,"Angers SCO","RCS Strasbourg","10/06/2018 18:12:05","AT2",111,12
1025772,"Angers SCO","RCS Strasbourg","10/06/2018 18:12:08","DANGER2",112,12
1025772,"Angers SCO","RCS Strasbourg","10/06/2018 18:12:08","DAT2",113,12
1025772,"Angers SCO","RCS Strasbourg","10/06/2018 18:12:11","POSSIBLE_TI",114,12
1025772,"Angers SCO","RCS Strasbourg","10/06/2018 18:12:12","TI2",115,12
1025772,"Angers SCO","RCS Strasbourg","10/06/2018 18:12:20","Restart",116,12
1025772,"Angers SCO","RCS Strasbourg","10/06/2018 18:12:28","SAFE1",117,13
1025772,"Angers SCO","RCS Strasbourg","10/06/2018 18:12:31","AT1",118,13
1025772,"Angers SCO","RCS Strasbourg","10/06/2018 18:12:31","DANGER1",119,13
1025772,"Angers SCO","RCS Strasbourg","10/06/2018 18:12:31","DAT1",120,13
1025772,"Angers SCO","RCS Strasbourg","10/06/2018 18:12:34","SAFE2",121,13
1025772,"Angers SCO","RCS Strasbourg","10/06/2018 18:12:35","GK2",122,13
1025772,"Angers SCO","RCS Strasbourg","10/06/2018 18:12:58","Restart",123,13
1025772,"Angers SCO","RCS Strasbourg","10/06/2018 18:13:04","SAFE1",124,13
1025772,"Angers SCO","RCS Strasbourg","10/06/2018 18:13:04","POSSIBLE_TI",125,13
1025772,"Angers SCO","RCS Strasbourg","10/06/2018 18:13:05","TI1",126,13
1025772,"Angers SCO","RCS Strasbourg","10/06/2018 18:13:09","Restart",127,13
1025772,"Angers SCO","RCS Strasbourg","10/06/2018 18:13:32","AT1",128,14
1025772,"Angers SCO","RCS Strasbourg","10/06/2018 18:13:36","DANGER1",129,14
1025772,"Angers SCO","RCS Strasbourg","10/06/2018 18:13:36","DAT1",130,14
1025772,"Angers SCO","RCS Strasbourg","10/06/2018 18:13:43","SAFE2",131,14
1025772,"Angers SCO","RCS Strasbourg","10/06/2018 18:13:43","SAFE1",132,14
1025772,"Angers SCO","RCS Strasbourg","10/06/2018 18:13:50","AT1",133,14
1025772,"Angers SCO","RCS Strasbourg","10/06/2018 18:13:56","DANGER1",134,14
1025772,"Angers SCO","RCS Strasbourg","10/06/2018 18:13:56","DAT1",135,14
1025772,"Angers SCO","RCS Strasbourg","10/06/2018 18:14:02","SAFE2",136,14
1025772,"Angers SCO","RCS Strasbourg","10/06/2018 18:14:14","SAFE1",137,14
1025772,"Angers SCO","RCS Strasbourg","10/06/2018 18:14:15","AT1",138,14
1025772,"Angers SCO","RCS Strasbourg","10/06/2018 18:14:22","SAFE2",139,15
1025772,"Angers SCO","RCS Strasbourg","10/06/2018 18:14:26","POSSIBLE_TI",140,15
1025772,"Angers SCO","RCS Strasbourg","10/06/2018 18:14:27","TI1",141,15
1025772,"Angers SCO","RCS Strasbourg","10/06/2018 18:14:28","Restart",142,15
1025772,"Angers SCO","RCS Strasbourg","10/06/2018 18:14:28","AT1",143,15
1025772,"Angers SCO","RCS Strasbourg","10/06/2018 18:14:33","DANGER1",144,15
1025772,"Angers SCO","RCS Strasbourg","10/06/2018 18:14:33","DAT1",145,15
1025772,"Angers SCO","RCS Strasbourg","10/06/2018 18:14:45","POSSIBLE_TI",146,15
1025772,"Angers SCO","RCS Strasbourg","10/06/2018 18:14:46","TI1",147,15
1025772,"Angers SCO","RCS Strasbourg","10/06/2018 18:14:49","Restart",148,15
1025772,"Angers SCO","RCS Strasbourg","10/06/2018 18:15:21","SAFE2",149,15
1025772,"Angers SCO","RCS Strasbourg","10/06/2018 18:15:22","GK2",150,16
1025772,"Angers SCO","RCS Strasbourg","10/06/2018 18:15:38","Restart",151,16
1025772,"Angers SCO","RCS Strasbourg","10/06/2018 18:15:45","AT1",152,16
1025772,"Angers SCO","RCS Strasbourg","10/06/2018 18:15:47","DANGER1",153,16
1025772,"Angers SCO","RCS Strasbourg","10/06/2018 18:15:47","DAT1",154,16
1025772,"Angers SCO","RCS Strasbourg","10/06/2018 18:15:54","BLOCKED1",155,16
1025772,"Angers SCO","RCS Strasbourg","10/06/2018 18:16:01","PCR1",156,16
1025772,"Angers SCO","RCS Strasbourg","10/06/2018 18:16:04","CR1",157,16
1025772,"Angers SCO","RCS Strasbourg","10/06/2018 18:16:08","SHG1",158,16
1025772,"Angers SCO","RCS Strasbourg","10/06/2018 18:16:09","Ball Position",159,16
1025772,"Angers SCO","RCS Strasbourg","10/06/2018 18:16:18","Restart",160,16
1025772,"Angers SCO","RCS Strasbourg","10/06/2018 18:16:25","SHB1",161,17
1025772,"Angers SCO","RCS Strasbourg","10/06/2018 18:16:26","SAFE2",162,17
1025772,"Angers SCO","RCS Strasbourg","10/06/2018 18:16:27","GK2",163,17
1025772,"Angers SCO","RCS Strasbourg","10/06/2018 18:16:48","Restart",164,17
1025772,"Angers SCO","RCS Strasbourg","10/06/2018 18:16:56","AT2",165,17
1025772,"Angers SCO","RCS Strasbourg","10/06/2018 18:17:00","SAFE1",166,17
1025772,"Angers SCO","RCS Strasbourg","10/06/2018 18:17:05","AT2",167,17
1025772,"Angers SCO","RCS Strasbourg","10/06/2018 18:17:17","DANGER2",168,17
1025772,"Angers SCO","RCS Strasbourg","10/06/2018 18:17:17","DAT2",169,17
1025772,"Angers SCO","RCS Strasbourg","10/06/2018 18:17:28","SAFE1",170,18
1025772,"Angers SCO","RCS Strasbourg","10/06/2018 18:17:38","AT1",171,18
1025772,"Angers SCO","RCS Strasbourg","10/06/2018 18:17:48","SAFE2",172,18
1025772,"Angers SCO","RCS Strasbourg","10/06/2018 18:17:49","GK2",173,18
1025772,"Angers SCO","RCS Strasbourg","10/06/2018 18:18:11","Restart",174,18
1025772,"Angers SCO","RCS Strasbourg","10/06/2018 18:18:19","Possible Free Kick",175,18
1025772,"Angers SCO","RCS Strasbourg","10/06/2018 18:18:21","SAFE1",177,19
1025772,"Angers SCO","RCS Strasbourg","10/06/2018 18:18:21","F2",178,19
1025772,"Angers SCO","RCS Strasbourg","10/06/2018 18:18:21","FK1",179,19
1025772,"Angers SCO","RCS Strasbourg","10/06/2018 18:18:22","Ball Position",180,19
1025772,"Angers SCO","RCS Strasbourg","10/06/2018 18:18:25","Restart",181,19
1025772,"Angers SCO","RCS Strasbourg","10/06/2018 18:18:35","AT1",182,19
1025772,"Angers SCO","RCS Strasbourg","10/06/2018 18:19:02","DANGER1",183,19
1025772,"Angers SCO","RCS Strasbourg","10/06/2018 18:19:02","DAT1",184,19
1025772,"Angers SCO","RCS Strasbourg","10/06/2018 18:19:10","SAFE2",185,19
1025772,"Angers SCO","RCS Strasbourg","10/06/2018 18:19:16","AT2",186,19
1025772,"Angers SCO","RCS Strasbourg","10/06/2018 18:19:16","DANGER2",187,19
1025772,"Angers SCO","RCS Strasbourg","10/06/2018 18:19:16","DAT2",188,19
1025772,"Angers SCO","RCS Strasbourg","10/06/2018 18:19:28","SAFE1",189,20
1025772,"Angers SCO","RCS Strasbourg","10/06/2018 18:19:36","POSSIBLE_TI",190,20
1025772,"Angers SCO","RCS Strasbourg","10/06/2018 18:19:37","TI2",191,20
1025772,"Angers SCO","RCS Strasbourg","10/06/2018 18:19:47","Restart",192,20
1025772,"Angers SCO","RCS Strasbourg","10/06/2018 18:19:47","AT2",193,20
1025772,"Angers SCO","RCS Strasbourg","10/06/2018 18:19:52","SAFE1",194,20
1025772,"Angers SCO","RCS Strasbourg","10/06/2018 18:20:08","AT1",195,20
1025772,"Angers SCO","RCS Strasbourg","10/06/2018 18:20:13","DANGER1",196,20
1025772,"Angers SCO","RCS Strasbourg","10/06/2018 18:20:13","DAT1",197,20
1025772,"Angers SCO","RCS Strasbourg","10/06/2018 18:20:28","SHB1",198,21
1025772,"Angers SCO","RCS Strasbourg","10/06/2018 18:20:32","SAFE2",199,21
1025772,"Angers SCO","RCS Strasbourg","10/06/2018 18:20:56","AT2",200,21
1025772,"Angers SCO","RCS Strasbourg","10/06/2018 18:20:57","DANGER2",201,21
1025772,"Angers SCO","RCS Strasbourg","10/06/2018 18:20:57","DAT2",202,21
1025772,"Angers SCO","RCS Strasbourg","10/06/2018 18:21:08","SAFE1",203,21
1025772,"Angers SCO","RCS Strasbourg","10/06/2018 18:21:09","GK1",204,21
1025772,"Angers SCO","RCS Strasbourg","10/06/2018 18:21:30","Restart",205,22
1025772,"Angers SCO","RCS Strasbourg","10/06/2018 18:21:35","AT1",206,22
1025772,"Angers SCO","RCS Strasbourg","10/06/2018 18:21:35","DANGER1",207,22
1025772,"Angers SCO","RCS Strasbourg","10/06/2018 18:21:35","DAT1",208,22
1025772,"Angers SCO","RCS Strasbourg","10/06/2018 18:21:39","PCR1",209,22
1025772,"Angers SCO","RCS Strasbourg","10/06/2018 18:21:42","CR1",210,22
1025772,"Angers SCO","RCS Strasbourg","10/06/2018 18:21:44","Ball Position",211,22
1025772,"Angers SCO","RCS Strasbourg","10/06/2018 18:21:59","Restart",212,22
1025772,"Angers SCO","RCS Strasbourg","10/06/2018 18:22:07","SHG1",213,22
1025772,"Angers SCO","RCS Strasbourg","10/06/2018 18:22:11","SHG1",214,22
1025772,"Angers SCO","RCS Strasbourg","10/06/2018 18:22:15","POSSIBLE_TI",215,22
1025772,"Angers SCO","RCS Strasbourg","10/06/2018 18:22:17","TI1",216,22
1025772,"Angers SCO","RCS Strasbourg","10/06/2018 18:22:18","Restart",217,22
1025772,"Angers SCO","RCS Strasbourg","10/06/2018 18:22:20","SAFE1",218,22
1025772,"Angers SCO","RCS Strasbourg","10/06/2018 18:22:28","AT1",219,23
1025772,"Angers SCO","RCS Strasbourg","10/06/2018 18:22:34","DANGER1",220,23
1025772,"Angers SCO","RCS Strasbourg","10/06/2018 18:22:34","DAT1",221,23
1025772,"Angers SCO","RCS Strasbourg","10/06/2018 18:22:49","SAFE2",222,23
1025772,"Angers SCO","RCS Strasbourg","10/06/2018 18:22:58","POSSIBLE_TI",223,23
1025772,"Angers SCO","RCS Strasbourg","10/06/2018 18:22:59","TI1",224,23
1025772,"Angers SCO","RCS Strasbourg","10/06/2018 18:23:02","Restart",225,23
1025772,"Angers SCO","RCS Strasbourg","10/06/2018 18:23:09","SAFE1",226,23
1025772,"Angers SCO","RCS Strasbourg","10/06/2018 18:23:22","AT1",227,24
1025772,"Angers SCO","RCS Strasbourg","10/06/2018 18:23:24","DANGER1",228,24
1025772,"Angers SCO","RCS Strasbourg","10/06/2018 18:23:24","DAT1",229,24
1025772,"Angers SCO","RCS Strasbourg","10/06/2018 18:23:33","SAFE2",230,24
1025772,"Angers SCO","RCS Strasbourg","10/06/2018 18:23:39","AT2",231,24
1025772,"Angers SCO","RCS Strasbourg","10/06/2018 18:23:42","DANGER2",232,24
1025772,"Angers SCO","RCS Strasbourg","10/06/2018 18:23:42","DAT2",233,24
1025772,"Angers SCO","RCS Strasbourg","10/06/2018 18:23:54","SAFE1",234,24
1025772,"Angers SCO","RCS Strasbourg","10/06/2018 18:23:59","SAFE2",235,24
1025772,"Angers SCO","RCS Strasbourg","10/06/2018 18:24:07","AT2",236,24
1025772,"Angers SCO","RCS Strasbourg","10/06/2018 18:24:09","SAFE1",237,24
1025772,"Angers SCO","RCS Strasbourg","10/06/2018 18:24:32","AT1",238,25
1025772,"Angers SCO","RCS Strasbourg","10/06/2018 18:24:35","DANGER1",239,25
1025772,"Angers SCO","RCS Strasbourg","10/06/2018 18:24:35","DAT1",240,25
1025772,"Angers SCO","RCS Strasbourg","10/06/2018 18:24:55","PCR1",241,25
1025772,"Angers SCO","RCS Strasbourg","10/06/2018 18:25:00","NCR1",242,25
1025772,"Angers SCO","RCS Strasbourg","10/06/2018 18:25:03","SAFE2",243,25
1025772,"Angers SCO","RCS Strasbourg","10/06/2018 18:25:04","GK2",244,25
1025772,"Angers SCO","RCS Strasbourg","10/06/2018 18:25:26","Restart",245,26
1025772,"Angers SCO","RCS Strasbourg","10/06/2018 18:25:37","AT2",246,26
1025772,"Angers SCO","RCS Strasbourg","10/06/2018 18:25:45","POSSIBLE_TI",247,26
1025772,"Angers SCO","RCS Strasbourg","10/06/2018 18:25:46","TI1",248,26
1025772,"Angers SCO","RCS Strasbourg","10/06/2018 18:25:49","Restart",249,26
1025772,"Angers SCO","RCS Strasbourg","10/06/2018 18:25:50","SAFE1",250,26
1025772,"Angers SCO","RCS Strasbourg","10/06/2018 18:25:59","AT1",251,26
1025772,"Angers SCO","RCS Strasbourg","10/06/2018 18:26:07","DANGER1",252,26
1025772,"Angers SCO","RCS Strasbourg","10/06/2018 18:26:07","DAT1",253,26
1025772,"Angers SCO","RCS Strasbourg","10/06/2018 18:26:15","SHG1",254,26
1025772,"Angers SCO","RCS Strasbourg","10/06/2018 18:26:16","CLS",255,26
1025772,"Angers SCO","RCS Strasbourg","10/06/2018 18:26:20","SHB1",256,26
1025772,"Angers SCO","RCS Strasbourg","10/06/2018 18:26:23","SAFE2",257,27
1025772,"Angers SCO","RCS Strasbourg","10/06/2018 18:26:25","GK2",258,27
1025772,"Angers SCO","RCS Strasbourg","10/06/2018 18:26:34","Restart",259,27
1025772,"Angers SCO","RCS Strasbourg","10/06/2018 18:26:43","AT2",260,27
1025772,"Angers SCO","RCS Strasbourg","10/06/2018 18:26:48","Possible Free Kick",261,27
1025772,"Angers SCO","RCS Strasbourg","10/06/2018 18:26:52","F1",263,27
1025772,"Angers SCO","RCS Strasbourg","10/06/2018 18:26:52","FK2",264,27
1025772,"Angers SCO","RCS Strasbourg","10/06/2018 18:26:52","DANGER2",265,27
1025772,"Angers SCO","RCS Strasbourg","10/06/2018 18:26:52","DFK2",266,27
1025772,"Angers SCO","RCS Strasbourg","10/06/2018 18:26:52","Ball Position",267,27
1025772,"Angers SCO","RCS Strasbourg","10/06/2018 18:27:05","Restart",268,27
1025772,"Angers SCO","RCS Strasbourg","10/06/2018 18:27:23","SAFE1",269,28
1025772,"Angers SCO","RCS Strasbourg","10/06/2018 18:27:31","AT1",270,28
1025772,"Angers SCO","RCS Strasbourg","10/06/2018 18:27:34","DANGER1",271,28
1025772,"Angers SCO","RCS Strasbourg","10/06/2018 18:27:34","DAT1",272,28
1025772,"Angers SCO","RCS Strasbourg","10/06/2018 18:27:56","SAFE2",273,28
1025772,"Angers SCO","RCS Strasbourg","10/06/2018 18:27:59","POSSIBLE_TI",274,28
1025772,"Angers SCO","RCS Strasbourg","10/06/2018 18:28:00","TI1",275,28
1025772,"Angers SCO","RCS Strasbourg","10/06/2018 18:28:02","Restart",276,28
1025772,"Angers SCO","RCS Strasbourg","10/06/2018 18:28:04","SAFE1",277,28
1025772,"Angers SCO","RCS Strasbourg","10/06/2018 18:28:09","AT1",278,28
1025772,"Angers SCO","RCS Strasbourg","10/06/2018 18:28:28","DANGER1",279,29
1025772,"Angers SCO","RCS Strasbourg","10/06/2018 18:28:28","DAT1",280,29
1025772,"Angers SCO","RCS Strasbourg","10/06/2018 18:28:42","SAFE2",281,29
1025772,"Angers SCO","RCS Strasbourg","10/06/2018 18:28:44","AT2",282,29
1025772,"Angers SCO","RCS Strasbourg","10/06/2018 18:28:49","SAFE1",283,29
1025772,"Angers SCO","RCS Strasbourg","10/06/2018 18:28:51","SAFE2",284,29
1025772,"Angers SCO","RCS Strasbourg","10/06/2018 18:29:00","SAFE1",285,29
1025772,"Angers SCO","RCS Strasbourg","10/06/2018 18:29:01","AT1",286,29
1025772,"Angers SCO","RCS Strasbourg","10/06/2018 18:29:06","Possible Free Kick",287,29
1025772,"Angers SCO","RCS Strasbourg","10/06/2018 18:29:31","F2",289,30
1025772,"Angers SCO","RCS Strasbourg","10/06/2018 18:29:31","FK1",290,30
1025772,"Angers SCO","RCS Strasbourg","10/06/2018 18:29:31","DANGER1",291,30
1025772,"Angers SCO","RCS Strasbourg","10/06/2018 18:29:31","DFK1",292,30
1025772,"Angers SCO","RCS Strasbourg","10/06/2018 18:29:31","Ball Position",293,30
1025772,"Angers SCO","RCS Strasbourg","10/06/2018 18:29:50","Restart",294,30
1025772,"Angers SCO","RCS Strasbourg","10/06/2018 18:30:02","SHB1",295,30
1025772,"Angers SCO","RCS Strasbourg","10/06/2018 18:30:04","SAFE2",296,30
1025772,"Angers SCO","RCS Strasbourg","10/06/2018 18:30:10","AT2",297,30
1025772,"Angers SCO","RCS Strasbourg","10/06/2018 18:30:18","DANGER2",298,30
1025772,"Angers SCO","RCS Strasbourg","10/06/2018 18:30:18","DAT2",299,30
1025772,"Angers SCO","RCS Strasbourg","10/06/2018 18:30:26","SAFE1",300,31
1025772,"Angers SCO","RCS Strasbourg","10/06/2018 18:30:37","AT1",301,31
1025772,"Angers SCO","RCS Strasbourg","10/06/2018 18:30:46","DANGER1",302,31
1025772,"Angers SCO","RCS Strasbourg","10/06/2018 18:30:46","DAT1",303,31
1025772,"Angers SCO","RCS Strasbourg","10/06/2018 18:30:56","SAFE2",304,31
1025772,"Angers SCO","RCS Strasbourg","10/06/2018 18:31:02","AT2",305,31
1025772,"Angers SCO","RCS Strasbourg","10/06/2018 18:31:05","DANGER2",306,31
1025772,"Angers SCO","RCS Strasbourg","10/06/2018 18:31:05","DAT2",307,31
1025772,"Angers SCO","RCS Strasbourg","10/06/2018 18:31:11","BLOCKED2",308,31
1025772,"Angers SCO","RCS Strasbourg","10/06/2018 18:31:13","SAFE1",309,31
1025772,"Angers SCO","RCS Strasbourg","10/06/2018 18:31:21","AT1",310,32
1025772,"Angers SCO","RCS Strasbourg","10/06/2018 18:31:27","Possible Free Kick",311,32
1025772,"Angers SCO","RCS Strasbourg","10/06/2018 18:31:37","SAFE2",313,32
1025772,"Angers SCO","RCS Strasbourg","10/06/2018 18:31:37","F1",314,32
1025772,"Angers SCO","RCS Strasbourg","10/06/2018 18:31:37","FK2",315,32
1025772,"Angers SCO","RCS Strasbourg","10/06/2018 18:31:37","Ball Position",316,32
1025772,"Angers SCO","RCS Strasbourg","10/06/2018 18:31:57","Restart",317,32
1025772,"Angers SCO","RCS Strasbourg","10/06/2018 18:32:15","POSSIBLE_TI",318,32
1025772,"Angers SCO","RCS Strasbourg","10/06/2018 18:32:16","TI1",319,32
1025772,"Angers SCO","RCS Strasbourg","10/06/2018 18:32:20","Restart",320,32
1025772,"Angers SCO","RCS Strasbourg","10/06/2018 18:32:20","SAFE1",321,32
1025772,"Angers SCO","RCS Strasbourg","10/06/2018 18:32:30","AT1",322,33
1025772,"Angers SCO","RCS Strasbourg","10/06/2018 18:32:41","DANGER1",323,33
1025772,"Angers SCO","RCS Strasbourg","10/06/2018 18:32:41","DAT1",324,33
1025772,"Angers SCO","RCS Strasbourg","10/06/2018 18:32:46","SAFE2",325,33
1025772,"Angers SCO","RCS Strasbourg","10/06/2018 18:32:48","AT2",326,33
1025772,"Angers SCO","RCS Strasbourg","10/06/2018 18:32:52","DANGER2",327,33
1025772,"Angers SCO","RCS Strasbourg","10/06/2018 18:32:52","DAT2",328,33
1025772,"Angers SCO","RCS Strasbourg","10/06/2018 18:33:04","SHG2",329,33
1025772,"Angers SCO","RCS Strasbourg","10/06/2018 18:33:07","SAFE1",330,33
1025772,"Angers SCO","RCS Strasbourg","10/06/2018 18:33:21","AT1",331,34
1025772,"Angers SCO","RCS Strasbourg","10/06/2018 18:33:37","DANGER1",332,34
1025772,"Angers SCO","RCS Strasbourg","10/06/2018 18:33:37","DAT1",333,34
1025772,"Angers SCO","RCS Strasbourg","10/06/2018 18:34:11","SAFE2",334,34
1025772,"Angers SCO","RCS Strasbourg","10/06/2018 18:34:14","GK2",335,34
1025772,"Angers SCO","RCS Strasbourg","10/06/2018 18:34:28","Restart",336,35
1025772,"Angers SCO","RCS Strasbourg","10/06/2018 18:34:48","Possible Free Kick",337,35
1025772,"Angers SCO","RCS Strasbourg","10/06/2018 18:34:49","POSSIBLE_CARDS",339,35
1025772,"Angers SCO","RCS Strasbourg","10/06/2018 18:35:11","NO_Cards",340,35
1025772,"Angers SCO","RCS Strasbourg","10/06/2018 18:35:13","F1",341,35
1025772,"Angers SCO","RCS Strasbourg","10/06/2018 18:35:13","FK2",342,35
1025772,"Angers SCO","RCS Strasbourg","10/06/2018 18:35:13","DANGER2",343,35
1025772,"Angers SCO","RCS Strasbourg","10/06/2018 18:35:13","DFK2",344,35
1025772,"Angers SCO","RCS Strasbourg","10/06/2018 18:35:13","Ball Position",345,35
1025772,"Angers SCO","RCS Strasbourg","10/06/2018 18:35:19","Restart",346,35
1025772,"Angers SCO","RCS Strasbourg","10/06/2018 18:35:42","SAFE1",347,36
1025772,"Angers SCO","RCS Strasbourg","10/06/2018 18:35:46","SAFE2",348,36
1025772,"Angers SCO","RCS Strasbourg","10/06/2018 18:35:58","AT2",349,36
1025772,"Angers SCO","RCS Strasbourg","10/06/2018 18:36:03","DANGER2",350,36
1025772,"Angers SCO","RCS Strasbourg","10/06/2018 18:36:03","DAT2",351,36
1025772,"Angers SCO","RCS Strasbourg","10/06/2018 18:36:12","SAFE1",352,36
1025772,"Angers SCO","RCS Strasbourg","10/06/2018 18:36:14","AT2",353,36
1025772,"Angers SCO","RCS Strasbourg","10/06/2018 18:36:19","DANGER2",354,36
1025772,"Angers SCO","RCS Strasbourg","10/06/2018 18:36:19","DAT2",355,36
1025772,"Angers SCO","RCS Strasbourg","10/06/2018 18:36:26","SAFE1",356,37
1025772,"Angers SCO","RCS Strasbourg","10/06/2018 18:36:30","Possible Free Kick",357,37
1025772,"Angers SCO","RCS Strasbourg","10/06/2018 18:36:31","POSSIBLE_CARDS",359,37
1025772,"Angers SCO","RCS Strasbourg","10/06/2018 18:37:07","NO_Cards",360,37
1025772,"Angers SCO","RCS Strasbourg","10/06/2018 18:37:11","F2",361,37
1025772,"Angers SCO","RCS Strasbourg","10/06/2018 18:37:11","FK1",362,37
1025772,"Angers SCO","RCS Strasbourg","10/06/2018 18:37:11","Ball Position",363,37
1025772,"Angers SCO","RCS Strasbourg","10/06/2018 18:37:12","Restart",364,37
1025772,"Angers SCO","RCS Strasbourg","10/06/2018 18:37:13","AT1",365,37
1025772,"Angers SCO","RCS Strasbourg","10/06/2018 18:37:36","DANGER1",366,38
1025772,"Angers SCO","RCS Strasbourg","10/06/2018 18:37:36","DAT1",367,38
1025772,"Angers SCO","RCS Strasbourg","10/06/2018 18:37:41","SAFE2",368,38
1025772,"Angers SCO","RCS Strasbourg","10/06/2018 18:37:43","AT2",369,38
1025772,"Angers SCO","RCS Strasbourg","10/06/2018 18:37:45","SAFE1",370,38
1025772,"Angers SCO","RCS Strasbourg","10/06/2018 18:37:58","AT1",371,38
1025772,"Angers SCO","RCS Strasbourg","10/06/2018 18:38:14","DANGER1",372,38
1025772,"Angers SCO","RCS Strasbourg","10/06/2018 18:38:14","DAT1",373,38
1025772,"Angers SCO","RCS Strasbourg","10/06/2018 18:38:18","PCR1",374,38
1025772,"Angers SCO","RCS Strasbourg","10/06/2018 18:38:21","CR1",375,39
1025772,"Angers SCO","RCS Strasbourg","10/06/2018 18:38:24","Ball Position",376,39
1025772,"Angers SCO","RCS Strasbourg","10/06/2018 18:38:38","Restart",377,39
1025772,"Angers SCO","RCS Strasbourg","10/06/2018 18:38:50","SAFE2",378,39
1025772,"Angers SCO","RCS Strasbourg","10/06/2018 18:39:09","AT1",379,39
1025772,"Angers SCO","RCS Strasbourg","10/06/2018 18:39:29","SAFE2",380,40
1025772,"Angers SCO","RCS Strasbourg","10/06/2018 18:39:34","AT1",381,40
1025772,"Angers SCO","RCS Strasbourg","10/06/2018 18:39:38","SAFE2",382,40
1025772,"Angers SCO","RCS Strasbourg","10/06/2018 18:39:39","AT2",383,40
1025772,"Angers SCO","RCS Strasbourg","10/06/2018 18:39:41","DANGER2",384,40
1025772,"Angers SCO","RCS Strasbourg","10/06/2018 18:39:41","DAT2",385,40
1025772,"Angers SCO","RCS Strasbourg","10/06/2018 18:39:45","GOAL2",386,40
1025772,"Angers SCO","RCS Strasbourg","10/06/2018 18:40:11","Scorer",387,40
1025772,"Angers SCO","RCS Strasbourg","10/06/2018 18:40:49","Player_DATA_CONFIRMED",388,41
1025772,"Angers SCO","RCS Strasbourg","10/06/2018 18:40:49","Assist",389,41
1025772,"Angers SCO","RCS Strasbourg","10/06/2018 18:40:59","CONF_GOAL2",390,41
1025772,"Angers SCO","RCS Strasbourg","10/06/2018 18:40:59","KO1",391,41
1025772,"Angers SCO","RCS Strasbourg","10/06/2018 18:40:59","SAFE1",392,41
1025772,"Angers SCO","RCS Strasbourg","10/06/2018 18:41:13","AT1",393,41
1025772,"Angers SCO","RCS Strasbourg","10/06/2018 18:41:28","DANGER1",394,42
1025772,"Angers SCO","RCS Strasbourg","10/06/2018 18:41:28","DAT1",395,42
1025772,"Angers SCO","RCS Strasbourg","10/06/2018 18:41:33","Possible Free Kick",396,42
1025772,"Angers SCO","RCS Strasbourg","10/06/2018 18:41:57","F2",398,42
1025772,"Angers SCO","RCS Strasbourg","10/06/2018 18:41:57","FK1",399,42
1025772,"Angers SCO","RCS Strasbourg","10/06/2018 18:41:57","DFK1",400,42
1025772,"Angers SCO","RCS Strasbourg","10/06/2018 18:41:57","Ball Position",401,42
1025772,"Angers SCO","RCS Strasbourg","10/06/2018 18:42:20","Restart",402,42
1025772,"Angers SCO","RCS Strasbourg","10/06/2018 18:42:27","SHB1",403,43
1025772,"Angers SCO","RCS Strasbourg","10/06/2018 18:42:30","SAFE2",404,43
1025772,"Angers SCO","RCS Strasbourg","10/06/2018 18:42:31","GK2",405,43
1025772,"Angers SCO","RCS Strasbourg","10/06/2018 18:42:44","Restart",406,43
1025772,"Angers SCO","RCS Strasbourg","10/06/2018 18:42:50","SAFE1",407,43
1025772,"Angers SCO","RCS Strasbourg","10/06/2018 18:42:58","AT1",408,43
1025772,"Angers SCO","RCS Strasbourg","10/06/2018 18:43:07","DANGER1",409,43
1025772,"Angers SCO","RCS Strasbourg","10/06/2018 18:43:07","DAT1",410,43
1025772,"Angers SCO","RCS Strasbourg","10/06/2018 18:43:16","BLOCKED1",411,43
1025772,"Angers SCO","RCS Strasbourg","10/06/2018 18:43:19","Possible Free Kick",412,43
1025772,"Angers SCO","RCS Strasbourg","10/06/2018 18:43:21","POSSIBLE_CARDS",414,43
1025772,"Angers SCO","RCS Strasbourg","10/06/2018 18:43:28","PRC",415,44
1025772,"Angers SCO","RCS Strasbourg","10/06/2018 18:43:38","Injury Break",416,44
1025772,"Angers SCO","RCS Strasbourg","10/06/2018 18:44:34","GCC",417,45
1025772,"Angers SCO","RCS Strasbourg","10/06/2018 18:44:47","YC2",418,45
1025772,"Angers SCO","RCS Strasbourg","10/06/2018 18:44:49","CONF_YC2",419,45
1025772,"Angers SCO","RCS Strasbourg","10/06/2018 18:45:07","Scorer",420,45
1025772,"Angers SCO","RCS Strasbourg","10/06/2018 18:45:23","No RC",421,46
1025772,"Angers SCO","RCS Strasbourg","10/06/2018 18:45:28","Restart",422,46
1025772,"Angers SCO","RCS Strasbourg","10/06/2018 18:45:28","F2",423,46
1025772,"Angers SCO","RCS Strasbourg","10/06/2018 18:45:28","FK1",424,46
1025772,"Angers SCO","RCS Strasbourg","10/06/2018 18:45:28","DFK1",425,46
1025772,"Angers SCO","RCS Strasbourg","10/06/2018 18:45:28","Ball Position",426,46
1025772,"Angers SCO","RCS Strasbourg","10/06/2018 18:45:37","Extra Time",427,46
1025772,"Angers SCO","RCS Strasbourg","10/06/2018 18:46:00","Restart",428,46
1025772,"Angers SCO","RCS Strasbourg","10/06/2018 18:46:06","SHB1",429,46
1025772,"Angers SCO","RCS Strasbourg","10/06/2018 18:46:08","SAFE2",430,46
1025772,"Angers SCO","RCS Strasbourg","10/06/2018 18:46:09","GK2",431,46
1025772,"Angers SCO","RCS Strasbourg","10/06/2018 18:46:29","Restart",432,47
1025772,"Angers SCO","RCS Strasbourg","10/06/2018 18:46:42","AT1",433,47
1025772,"Angers SCO","RCS Strasbourg","10/06/2018 18:46:44","DANGER1",434,47
1025772,"Angers SCO","RCS Strasbourg","10/06/2018 18:46:44","DAT1",435,47
1025772,"Angers SCO","RCS Strasbourg","10/06/2018 18:46:53","SAFE2",436,47
1025772,"Angers SCO","RCS Strasbourg","10/06/2018 18:47:06","POSSIBLE_TI",437,47
1025772,"Angers SCO","RCS Strasbourg","10/06/2018 18:47:08","TI1",438,47
1025772,"Angers SCO","RCS Strasbourg","10/06/2018 18:47:13","Injury Break",439,47
1025772,"Angers SCO","RCS Strasbourg","10/06/2018 18:47:25","Player_DATA_CONFIRMED",440,48
1025772,"Angers SCO","RCS Strasbourg","10/06/2018 18:48:05","Restart",441,48
1025772,"Angers SCO","RCS Strasbourg","10/06/2018 18:48:12","POSSIBLE_TI",442,48
1025772,"Angers SCO","RCS Strasbourg","10/06/2018 18:48:19","TI2",443,48
1025772,"Angers SCO","RCS Strasbourg","10/06/2018 18:48:22","Restart",444,49
1025772,"Angers SCO","RCS Strasbourg","10/06/2018 18:48:27","Stop RT1",445,49
1025772,"Angers SCO","RCS Strasbourg","10/06/2018 18:48:44","CONF_PERIOD_SCORE",446,45
1025772,"Angers SCO","RCS Strasbourg","10/06/2018 19:00:20","Players are coming out",447,45
1025772,"Angers SCO","RCS Strasbourg","10/06/2018 19:02:58","Game about to start",448,45
1025772,"Angers SCO","RCS Strasbourg","10/06/2018 19:03:10","Start RT2 Team 2",449,46
1025772,"Angers SCO","RCS Strasbourg","10/06/2018 19:03:12","SAFE2",450,46
1025772,"Angers SCO","RCS Strasbourg","10/06/2018 19:03:17","AT2",451,46
1025772,"Angers SCO","RCS Strasbourg","10/06/2018 19:03:17","DANGER2",452,46
1025772,"Angers SCO","RCS Strasbourg","10/06/2018 19:03:17","DAT2",453,46
1025772,"Angers SCO","RCS Strasbourg","10/06/2018 19:03:47","SUB1",454,46
1025772,"Angers SCO","RCS Strasbourg","10/06/2018 19:03:58","SUB1",455,46
1025772,"Angers SCO","RCS Strasbourg","10/06/2018 19:04:01","SAFE1",456,46
1025772,"Angers SCO","RCS Strasbourg","10/06/2018 19:04:01","AT1",457,46
1025772,"Angers SCO","RCS Strasbourg","10/06/2018 19:04:01","DANGER1",458,46
1025772,"Angers SCO","RCS Strasbourg","10/06/2018 19:04:01","DAT1",459,46
1025772,"Angers SCO","RCS Strasbourg","10/06/2018 19:04:12","SHG1",460,47
1025772,"Angers SCO","RCS Strasbourg","10/06/2018 19:04:15","POSSIBLE_TI",461,47
1025772,"Angers SCO","RCS Strasbourg","10/06/2018 19:04:16","TI1",462,47
1025772,"Angers SCO","RCS Strasbourg","10/06/2018 19:04:17","Restart",463,47
1025772,"Angers SCO","RCS Strasbourg","10/06/2018 19:04:39","SAFE2",464,47
1025772,"Angers SCO","RCS Strasbourg","10/06/2018 19:04:45","AT2",465,47
1025772,"Angers SCO","RCS Strasbourg","10/06/2018 19:04:47","SUB_UPDATE",466,47
1025772,"Angers SCO","RCS Strasbourg","10/06/2018 19:04:47","Player_DATA_CONFIRMED",467,47
1025772,"Angers SCO","RCS Strasbourg","10/06/2018 19:04:50","SAFE1",468,47
1025772,"Angers SCO","RCS Strasbourg","10/06/2018 19:04:51","POSSIBLE_TI",469,47
1025772,"Angers SCO","RCS Strasbourg","10/06/2018 19:04:52","TI1",470,47
1025772,"Angers SCO","RCS Strasbourg","10/06/2018 19:04:56","Restart",471,47
1025772,"Angers SCO","RCS Strasbourg","10/06/2018 19:04:57","SUB_UPDATE",472,47
1025772,"Angers SCO","RCS Strasbourg","10/06/2018 19:04:57","Player_DATA_CONFIRMED",473,47
1025772,"Angers SCO","RCS Strasbourg","10/06/2018 19:05:20","AT1",474,48
1025772,"Angers SCO","RCS Strasbourg","10/06/2018 19:05:20","DANGER1",475,48
1025772,"Angers SCO","RCS Strasbourg","10/06/2018 19:05:20","DAT1",476,48
1025772,"Angers SCO","RCS Strasbourg","10/06/2018 19:05:22","POSSIBLE_TI",477,48
1025772,"Angers SCO","RCS Strasbourg","10/06/2018 19:05:22","TI1",478,48
1025772,"Angers SCO","RCS Strasbourg","10/06/2018 19:05:29","Restart",479,48
1025772,"Angers SCO","RCS Strasbourg","10/06/2018 19:05:48","BLOCKED1",480,48
1025772,"Angers SCO","RCS Strasbourg","10/06/2018 19:05:54","Possible Free Kick",481,48
1025772,"Angers SCO","RCS Strasbourg","10/06/2018 19:05:58","SAFE2",483,48
1025772,"Angers SCO","RCS Strasbourg","10/06/2018 19:05:58","FK2",484,48
1025772,"Angers SCO","RCS Strasbourg","10/06/2018 19:05:58","Ball Position",485,48
1025772,"Angers SCO","RCS Strasbourg","10/06/2018 19:06:14","Restart",486,49
1025772,"Angers SCO","RCS Strasbourg","10/06/2018 19:06:16","AT2",487,49
1025772,"Angers SCO","RCS Strasbourg","10/06/2018 19:06:20","DANGER2",488,49
1025772,"Angers SCO","RCS Strasbourg","10/06/2018 19:06:20","DAT2",489,49
1025772,"Angers SCO","RCS Strasbourg","10/06/2018 19:06:26","SAFE1",490,49
1025772,"Angers SCO","RCS Strasbourg","10/06/2018 19:06:36","Possible Free Kick",491,49
1025772,"Angers SCO","RCS Strasbourg","10/06/2018 19:06:37","POSSIBLE_CARDS",493,49
1025772,"Angers SCO","RCS Strasbourg","10/06/2018 19:06:41","YC2",494,49
1025772,"Angers SCO","RCS Strasbourg","10/06/2018 19:06:42","CONF_YC2",495,49
1025772,"Angers SCO","RCS Strasbourg","10/06/2018 19:06:47","Scorer",496,49
1025772,"Angers SCO","RCS Strasbourg","10/06/2018 19:06:51","F2",497,49
1025772,"Angers SCO","RCS Strasbourg","10/06/2018 19:06:51","FK1",498,49
1025772,"Angers SCO","RCS Strasbourg","10/06/2018 19:06:51","DANGER1",499,49
1025772,"Angers SCO","RCS Strasbourg","10/06/2018 19:06:51","DFK1",500,49
1025772,"Angers SCO","RCS Strasbourg","10/06/2018 19:06:51","Ball Position",501,49
1025772,"Angers SCO","RCS Strasbourg","10/06/2018 19:07:08","Player_DATA_CONFIRMED",502,49
1025772,"Angers SCO","RCS Strasbourg","10/06/2018 19:07:13","Restart",503,50
1025772,"Angers SCO","RCS Strasbourg","10/06/2018 19:07:18","PCR1",504,50
1025772,"Angers SCO","RCS Strasbourg","10/06/2018 19:07:22","CR1",505,50
1025772,"Angers SCO","RCS Strasbourg","10/06/2018 19:07:27","SHG1",506,50
1025772,"Angers SCO","RCS Strasbourg","10/06/2018 19:07:28","Ball Position",507,50
1025772,"Angers SCO","RCS Strasbourg","10/06/2018 19:07:37","Restart",508,50
1025772,"Angers SCO","RCS Strasbourg","10/06/2018 19:07:44","SHB1",509,50
1025772,"Angers SCO","RCS Strasbourg","10/06/2018 19:07:45","SAFE2",510,50
1025772,"Angers SCO","RCS Strasbourg","10/06/2018 19:07:46","GK2",511,50
1025772,"Angers SCO","RCS Strasbourg","10/06/2018 19:08:05","Restart",512,50
1025772,"Angers SCO","RCS Strasbourg","10/06/2018 19:08:12","POSSIBLE_TI",513,51
1025772,"Angers SCO","RCS Strasbourg","10/06/2018 19:08:12","TI1",514,51
1025772,"Angers SCO","RCS Strasbourg","10/06/2018 19:08:14","Restart",515,51
1025772,"Angers SCO","RCS Strasbourg","10/06/2018 19:08:15","SAFE1",516,51
1025772,"Angers SCO","RCS Strasbourg","10/06/2018 19:08:27","AT1",517,51
1025772,"Angers SCO","RCS Strasbourg","10/06/2018 19:08:30","SAFE2",518,51
1025772,"Angers SCO","RCS Strasbourg","10/06/2018 19:08:33","Possible Free Kick",519,51
1025772,"Angers SCO","RCS Strasbourg","10/06/2018 19:08:38","F1",521,51
1025772,"Angers SCO","RCS Strasbourg","10/06/2018 19:08:38","FK2",522,51
1025772,"Angers SCO","RCS Strasbourg","10/06/2018 19:08:38","Ball Position",523,51
1025772,"Angers SCO","RCS Strasbourg","10/06/2018 19:08:54","Restart",524,51
1025772,"Angers SCO","RCS Strasbourg","10/06/2018 19:09:01","AT2",525,51
1025772,"Angers SCO","RCS Strasbourg","10/06/2018 19:09:05","DANGER2",526,51
1025772,"Angers SCO","RCS Strasbourg","10/06/2018 19:09:05","DAT2",527,51
1025772,"Angers SCO","RCS Strasbourg","10/06/2018 19:09:12","PCR2",528,52
1025772,"Angers SCO","RCS Strasbourg","10/06/2018 19:09:23","NCR2",529,52
1025772,"Angers SCO","RCS Strasbourg","10/06/2018 19:09:27","SHG2",530,52
1025772,"Angers SCO","RCS Strasbourg","10/06/2018 19:09:34","SHW2",531,52
1025772,"Angers SCO","RCS Strasbourg","10/06/2018 19:09:36","SAFE1",532,52
1025772,"Angers SCO","RCS Strasbourg","10/06/2018 19:09:46","AT1",533,52
1025772,"Angers SCO","RCS Strasbourg","10/06/2018 19:09:51","DANGER1",534,52
1025772,"Angers SCO","RCS Strasbourg","10/06/2018 19:09:51","DAT1",535,52
1025772,"Angers SCO","RCS Strasbourg","10/06/2018 19:09:59","Possible Free Kick",536,52
1025772,"Angers SCO","RCS Strasbourg","10/06/2018 19:10:06","F2",538,52
1025772,"Angers SCO","RCS Strasbourg","10/06/2018 19:10:06","FK1",539,52
1025772,"Angers SCO","RCS Strasbourg","10/06/2018 19:10:06","DFK1",540,52
1025772,"Angers SCO","RCS Strasbourg","10/06/2018 19:10:06","Ball Position",541,52
1025772,"Angers SCO","RCS Strasbourg","10/06/2018 19:10:54","Restart",542,53
1025772,"Angers SCO","RCS Strasbourg","10/06/2018 19:10:59","BLOCKED1",543,53
1025772,"Angers SCO","RCS Strasbourg","10/06/2018 19:11:03","SHB1",544,53
1025772,"Angers SCO","RCS Strasbourg","10/06/2018 19:11:14","SAFE2",545,54
1025772,"Angers SCO","RCS Strasbourg","10/06/2018 19:11:15","GK2",546,54
1025772,"Angers SCO","RCS Strasbourg","10/06/2018 19:11:23","Restart",547,54
1025772,"Angers SCO","RCS Strasbourg","10/06/2018 19:11:28","Possible Free Kick",548,54
1025772,"Angers SCO","RCS Strasbourg","10/06/2018 19:11:49","SAFE1",550,54
1025772,"Angers SCO","RCS Strasbourg","10/06/2018 19:11:49","F2",551,54
1025772,"Angers SCO","RCS Strasbourg","10/06/2018 19:11:49","FK1",552,54
1025772,"Angers SCO","RCS Strasbourg","10/06/2018 19:11:49","Ball Position",553,54
1025772,"Angers SCO","RCS Strasbourg","10/06/2018 19:11:53","Restart",554,54
1025772,"Angers SCO","RCS Strasbourg","10/06/2018 19:11:55","AT1",555,54
1025772,"Angers SCO","RCS Strasbourg","10/06/2018 19:11:59","DANGER1",556,54
1025772,"Angers SCO","RCS Strasbourg","10/06/2018 19:11:59","DAT1",557,54
1025772,"Angers SCO","RCS Strasbourg","10/06/2018 19:12:04","SAFE2",558,54
1025772,"Angers SCO","RCS Strasbourg","10/06/2018 19:12:11","SAFE1",559,55
1025772,"Angers SCO","RCS Strasbourg","10/06/2018 19:12:20","AT1",560,55
1025772,"Angers SCO","RCS Strasbourg","10/06/2018 19:12:26","Possible Free Kick",561,55
1025772,"Angers SCO","RCS Strasbourg","10/06/2018 19:12:32","F2",563,55
1025772,"Angers SCO","RCS Strasbourg","10/06/2018 19:12:32","FK1",564,55
1025772,"Angers SCO","RCS Strasbourg","10/06/2018 19:12:32","DANGER1",565,55
1025772,"Angers SCO","RCS Strasbourg","10/06/2018 19:12:32","DFK1",566,55
1025772,"Angers SCO","RCS Strasbourg","10/06/2018 19:12:32","Ball Position",567,55
1025772,"Angers SCO","RCS Strasbourg","10/06/2018 19:12:44","Restart",568,55
1025772,"Angers SCO","RCS Strasbourg","10/06/2018 19:12:54","SHB1",569,55
1025772,"Angers SCO","RCS Strasbourg","10/06/2018 19:12:55","SAFE2",570,55
1025772,"Angers SCO","RCS Strasbourg","10/06/2018 19:13:10","AT1",571,56
1025772,"Angers SCO","RCS Strasbourg","10/06/2018 19:13:22","SAFE2",572,56
1025772,"Angers SCO","RCS Strasbourg","10/06/2018 19:13:40","AT1",573,56
1025772,"Angers SCO","RCS Strasbourg","10/06/2018 19:13:40","DANGER1",574,56
1025772,"Angers SCO","RCS Strasbourg","10/06/2018 19:13:40","DAT1",575,56
1025772,"Angers SCO","RCS Strasbourg","10/06/2018 19:14:02","SAFE2",576,56
1025772,"Angers SCO","RCS Strasbourg","10/06/2018 19:14:08","POSSIBLE_TI",577,56
1025772,"Angers SCO","RCS Strasbourg","10/06/2018 19:14:10","TI2",578,56
1025772,"Angers SCO","RCS Strasbourg","10/06/2018 19:14:29","Restart",579,57
1025772,"Angers SCO","RCS Strasbourg","10/06/2018 19:14:38","SAFE1",580,57
1025772,"Angers SCO","RCS Strasbourg","10/06/2018 19:14:43","AT1",581,57
1025772,"Angers SCO","RCS Strasbourg","10/06/2018 19:14:46","POSSIBLE_TI",582,57
1025772,"Angers SCO","RCS Strasbourg","10/06/2018 19:14:49","TI2",583,57
1025772,"Angers SCO","RCS Strasbourg","10/06/2018 19:14:51","Restart",584,57
1025772,"Angers SCO","RCS Strasbourg","10/06/2018 19:15:08","SAFE2",585,57
1025772,"Angers SCO","RCS Strasbourg","10/06/2018 19:15:10","AT2",586,58
1025772,"Angers SCO","RCS Strasbourg","10/06/2018 19:15:10","DANGER2",587,58
1025772,"Angers SCO","RCS Strasbourg","10/06/2018 19:15:10","DAT2",588,58
1025772,"Angers SCO","RCS Strasbourg","10/06/2018 19:15:18","BLOCKED2",589,58
1025772,"Angers SCO","RCS Strasbourg","10/06/2018 19:15:37","SAFE1",590,58
1025772,"Angers SCO","RCS Strasbourg","10/06/2018 19:15:37","GK1",591,58
1025772,"Angers SCO","RCS Strasbourg","10/06/2018 19:15:41","Restart",592,58
1025772,"Angers SCO","RCS Strasbourg","10/06/2018 19:15:50","AT1",593,58
1025772,"Angers SCO","RCS Strasbourg","10/06/2018 19:15:50","DANGER1",594,58
1025772,"Angers SCO","RCS Strasbourg","10/06/2018 19:15:50","DAT1",595,58
1025772,"Angers SCO","RCS Strasbourg","10/06/2018 19:16:01","GOAL1",596,58
1025772,"Angers SCO","RCS Strasbourg","10/06/2018 19:16:43","Scorer",597,59
1025772,"Angers SCO","RCS Strasbourg","10/06/2018 19:16:49","CONF_GOAL1",598,59
1025772,"Angers SCO","RCS Strasbourg","10/06/2018 19:16:49","KO2",599,59
1025772,"Angers SCO","RCS Strasbourg","10/06/2018 19:16:49","SAFE2",600,59
1025772,"Angers SCO","RCS Strasbourg","10/06/2018 19:17:09","Possible Free Kick",601,59
1025772,"Angers SCO","RCS Strasbourg","10/06/2018 19:17:12","SAFE1",603,60
1025772,"Angers SCO","RCS Strasbourg","10/06/2018 19:17:12","F2",604,60
1025772,"Angers SCO","RCS Strasbourg","10/06/2018 19:17:12","FK1",605,60
1025772,"Angers SCO","RCS Strasbourg","10/06/2018 19:17:12","Ball Position",606,60
1025772,"Angers SCO","RCS Strasbourg","10/06/2018 19:17:14","Restart",607,60
1025772,"Angers SCO","RCS Strasbourg","10/06/2018 19:17:20","Player_DATA_CONFIRMED",608,60
1025772,"Angers SCO","RCS Strasbourg","10/06/2018 19:17:20","Assist",609,60
1025772,"Angers SCO","RCS Strasbourg","10/06/2018 19:17:21","POSSIBLE_TI",610,60
1025772,"Angers SCO","RCS Strasbourg","10/06/2018 19:17:24","TI1",611,60
1025772,"Angers SCO","RCS Strasbourg","10/06/2018 19:17:42","Restart",612,60
1025772,"Angers SCO","RCS Strasbourg","10/06/2018 19:17:50","AT1",613,60
1025772,"Angers SCO","RCS Strasbourg","10/06/2018 19:17:50","DANGER1",614,60
1025772,"Angers SCO","RCS Strasbourg","10/06/2018 19:17:50","DAT1",615,60
1025772,"Angers SCO","RCS Strasbourg","10/06/2018 19:17:57","Possible Free Kick",616,60
1025772,"Angers SCO","RCS Strasbourg","10/06/2018 19:18:03","POSSIBLE_CARDS",618,60
1025772,"Angers SCO","RCS Strasbourg","10/06/2018 19:18:04","PRC",619,60
1025772,"Angers SCO","RCS Strasbourg","10/06/2018 19:18:49","YC2",620,61
1025772,"Angers SCO","RCS Strasbourg","10/06/2018 19:18:50","CONF_YC2",621,61
1025772,"Angers SCO","RCS Strasbourg","10/06/2018 19:18:54","Scorer",622,61
1025772,"Angers SCO","RCS Strasbourg","10/06/2018 19:18:55","YC1",623,61
1025772,"Angers SCO","RCS Strasbourg","10/06/2018 19:18:56","CONF_YC1",624,61
1025772,"Angers SCO","RCS Strasbourg","10/06/2018 19:19:02","Scorer",625,61
1025772,"Angers SCO","RCS Strasbourg","10/06/2018 19:19:06","No RC",626,61
1025772,"Angers SCO","RCS Strasbourg","10/06/2018 19:19:12","SAFE2",627,62
1025772,"Angers SCO","RCS Strasbourg","10/06/2018 19:19:12","F1",628,62
1025772,"Angers SCO","RCS Strasbourg","10/06/2018 19:19:12","FK2",629,62
1025772,"Angers SCO","RCS Strasbourg","10/06/2018 19:19:12","Ball Position",630,62
1025772,"Angers SCO","RCS Strasbourg","10/06/2018 19:19:20","Player_DATA_CONFIRMED",631,62
1025772,"Angers SCO","RCS Strasbourg","10/06/2018 19:19:20","Player_DATA_CONFIRMED",632,62
1025772,"Angers SCO","RCS Strasbourg","10/06/2018 19:19:34","Restart",633,62
1025772,"Angers SCO","RCS Strasbourg","10/06/2018 19:19:36","AT2",634,62
1025772,"Angers SCO","RCS Strasbourg","10/06/2018 19:19:37","POSSIBLE_TI",635,62
1025772,"Angers SCO","RCS Strasbourg","10/06/2018 19:19:38","TI2",636,62
1025772,"Angers SCO","RCS Strasbourg","10/06/2018 19:19:40","Restart",637,62
1025772,"Angers SCO","RCS Strasbourg","10/06/2018 19:19:59","POSSIBLE_TI",638,62
1025772,"Angers SCO","RCS Strasbourg","10/06/2018 19:20:00","TI2",639,62
1025772,"Angers SCO","RCS Strasbourg","10/06/2018 19:20:01","DANGER2",640,62
1025772,"Angers SCO","RCS Strasbourg","10/06/2018 19:20:01","DAT2",641,62
1025772,"Angers SCO","RCS Strasbourg","10/06/2018 19:20:06","Restart",642,62
1025772,"Angers SCO","RCS Strasbourg","10/06/2018 19:20:20","SAFE2",643,63
1025772,"Angers SCO","RCS Strasbourg","10/06/2018 19:20:26","SAFE1",644,63
1025772,"Angers SCO","RCS Strasbourg","10/06/2018 19:20:35","AT1",645,63
1025772,"Angers SCO","RCS Strasbourg","10/06/2018 19:20:43","DANGER1",646,63
1025772,"Angers SCO","RCS Strasbourg","10/06/2018 19:20:43","DAT1",647,63
1025772,"Angers SCO","RCS Strasbourg","10/06/2018 19:21:02","SAFE1",648,63
1025772,"Angers SCO","RCS Strasbourg","10/06/2018 19:21:09","AT1",649,63
1025772,"Angers SCO","RCS Strasbourg","10/06/2018 19:21:13","DANGER1",650,64
1025772,"Angers SCO","RCS Strasbourg","10/06/2018 19:21:13","DAT1",651,64
1025772,"Angers SCO","RCS Strasbourg","10/06/2018 19:21:22","SAFE2",652,64
1025772,"Angers SCO","RCS Strasbourg","10/06/2018 19:21:25","AT1",653,64
1025772,"Angers SCO","RCS Strasbourg","10/06/2018 19:21:30","DANGER1",654,64
1025772,"Angers SCO","RCS Strasbourg","10/06/2018 19:21:30","DAT1",655,64
1025772,"Angers SCO","RCS Strasbourg","10/06/2018 19:21:35","POSSIBLE_TI",656,64
1025772,"Angers SCO","RCS Strasbourg","10/06/2018 19:21:36","TI2",657,64
1025772,"Angers SCO","RCS Strasbourg","10/06/2018 19:21:49","Restart",658,64
1025772,"Angers SCO","RCS Strasbourg","10/06/2018 19:21:53","SAFE2",659,64
1025772,"Angers SCO","RCS Strasbourg","10/06/2018 19:21:54","AT1",660,64
1025772,"Angers SCO","RCS Strasbourg","10/06/2018 19:21:59","SAFE2",661,64
1025772,"Angers SCO","RCS Strasbourg","10/06/2018 19:22:00","SAFE1",662,64
1025772,"Angers SCO","RCS Strasbourg","10/06/2018 19:22:13","AT1",663,65
1025772,"Angers SCO","RCS Strasbourg","10/06/2018 19:22:14","Scorer",664,65
1025772,"Angers SCO","RCS Strasbourg","10/06/2018 19:22:19","DANGER1",665,65
1025772,"Angers SCO","RCS Strasbourg","10/06/2018 19:22:19","DAT1",666,65
1025772,"Angers SCO","RCS Strasbourg","10/06/2018 19:22:22","Scorer",667,65
1025772,"Angers SCO","RCS Strasbourg","10/06/2018 19:22:31","POSSIBLE_TI",668,65
1025772,"Angers SCO","RCS Strasbourg","10/06/2018 19:22:32","TI1",669,65
1025772,"Angers SCO","RCS Strasbourg","10/06/2018 19:22:36","Restart",670,65
1025772,"Angers SCO","RCS Strasbourg","10/06/2018 19:22:46","SAFE2",671,65
1025772,"Angers SCO","RCS Strasbourg","10/06/2018 19:22:59","SAFE1",672,65
1025772,"Angers SCO","RCS Strasbourg","10/06/2018 19:23:02","AT1",673,65
1025772,"Angers SCO","RCS Strasbourg","10/06/2018 19:23:06","DANGER1",674,65
1025772,"Angers SCO","RCS Strasbourg","10/06/2018 19:23:06","DAT1",675,65
1025772,"Angers SCO","RCS Strasbourg","10/06/2018 19:23:10","PCR1",676,66
1025772,"Angers SCO","RCS Strasbourg","10/06/2018 19:23:15","CR1",677,66
1025772,"Angers SCO","RCS Strasbourg","10/06/2018 19:23:17","SHG1",678,66
1025772,"Angers SCO","RCS Strasbourg","10/06/2018 19:23:18","Ball Position",679,66
1025772,"Angers SCO","RCS Strasbourg","10/06/2018 19:23:27","Restart",680,66
1025772,"Angers SCO","RCS Strasbourg","10/06/2018 19:24:00","PCR1",681,66
1025772,"Angers SCO","RCS Strasbourg","10/06/2018 19:24:14","NCR1",682,67
1025772,"Angers SCO","RCS Strasbourg","10/06/2018 19:24:16","SAFE2",683,67
1025772,"Angers SCO","RCS Strasbourg","10/06/2018 19:24:18","GK2",684,67
1025772,"Angers SCO","RCS Strasbourg","10/06/2018 19:25:53","Restart",685,68
1025772,"Angers SCO","RCS Strasbourg","10/06/2018 19:25:57","AT1",686,68
1025772,"Angers SCO","RCS Strasbourg","10/06/2018 19:25:59","AT2",687,68
1025772,"Angers SCO","RCS Strasbourg","10/06/2018 19:25:59","DANGER2",688,68
1025772,"Angers SCO","RCS Strasbourg","10/06/2018 19:25:59","DAT2",689,68
1025772,"Angers SCO","RCS Strasbourg","10/06/2018 19:26:14","SAFE1",690,69
1025772,"Angers SCO","RCS Strasbourg","10/06/2018 19:26:23","SAFE2",691,69
1025772,"Angers SCO","RCS Strasbourg","10/06/2018 19:26:27","SAFE1",692,69
1025772,"Angers SCO","RCS Strasbourg","10/06/2018 19:26:35","AT1",693,69
1025772,"Angers SCO","RCS Strasbourg","10/06/2018 19:26:52","DANGER1",694,69
1025772,"Angers SCO","RCS Strasbourg","10/06/2018 19:26:52","DAT1",695,69
1025772,"Angers SCO","RCS Strasbourg","10/06/2018 19:26:57","SAFE2",696,69
1025772,"Angers SCO","RCS Strasbourg","10/06/2018 19:27:00","AT2",697,69
1025772,"Angers SCO","RCS Strasbourg","10/06/2018 19:27:06","DANGER2",698,69
1025772,"Angers SCO","RCS Strasbourg","10/06/2018 19:27:06","DAT2",699,69
1025772,"Angers SCO","RCS Strasbourg","10/06/2018 19:27:14","SAFE1",700,70
1025772,"Angers SCO","RCS Strasbourg","10/06/2018 19:27:17","AT1",701,70
1025772,"Angers SCO","RCS Strasbourg","10/06/2018 19:27:21","DANGER1",702,70
1025772,"Angers SCO","RCS Strasbourg","10/06/2018 19:27:21","DAT1",703,70
1025772,"Angers SCO","RCS Strasbourg","10/06/2018 19:27:27","SAFE2",704,70
1025772,"Angers SCO","RCS Strasbourg","10/06/2018 19:27:29","AT2",705,70
1025772,"Angers SCO","RCS Strasbourg","10/06/2018 19:27:34","DANGER2",706,70
1025772,"Angers SCO","RCS Strasbourg","10/06/2018 19:27:34","DAT2",707,70
1025772,"Angers SCO","RCS Strasbourg","10/06/2018 19:27:44","SAFE1",708,70
1025772,"Angers SCO","RCS Strasbourg","10/06/2018 19:27:50","AT1",709,70
1025772,"Angers SCO","RCS Strasbourg","10/06/2018 19:27:50","DANGER1",710,70
1025772,"Angers SCO","RCS Strasbourg","10/06/2018 19:27:50","DAT1",711,70
1025772,"Angers SCO","RCS Strasbourg","10/06/2018 19:27:53","SAFE2",712,70
1025772,"Angers SCO","RCS Strasbourg","10/06/2018 19:28:14","Injury Break",713,71
1025772,"Angers SCO","RCS Strasbourg","10/06/2018 19:29:11","SUB2",714,72
1025772,"Angers SCO","RCS Strasbourg","10/06/2018 19:29:20","Player_DATA_CONFIRMED",715,72
1025772,"Angers SCO","RCS Strasbourg","10/06/2018 19:29:30","Referee Ball",716,72
1025772,"Angers SCO","RCS Strasbourg","10/06/2018 19:29:36","Restart",717,72
1025772,"Angers SCO","RCS Strasbourg","10/06/2018 19:29:46","AT2",718,72
1025772,"Angers SCO","RCS Strasbourg","10/06/2018 19:29:57","SAFE1",719,72
1025772,"Angers SCO","RCS Strasbourg","10/06/2018 19:30:11","AT1",720,73
1025772,"Angers SCO","RCS Strasbourg","10/06/2018 19:30:13","DANGER1",721,73
1025772,"Angers SCO","RCS Strasbourg","10/06/2018 19:30:13","DAT1",722,73
1025772,"Angers SCO","RCS Strasbourg","10/06/2018 19:30:20","SAFE2",723,73
1025772,"Angers SCO","RCS Strasbourg","10/06/2018 19:30:24","AT2",724,73
1025772,"Angers SCO","RCS Strasbourg","10/06/2018 19:30:27","DANGER2",725,73
1025772,"Angers SCO","RCS Strasbourg","10/06/2018 19:30:27","DAT2",726,73
1025772,"Angers SCO","RCS Strasbourg","10/06/2018 19:30:42","SAFE1",727,73
1025772,"Angers SCO","RCS Strasbourg","10/06/2018 19:30:48","AT1",728,73
1025772,"Angers SCO","RCS Strasbourg","10/06/2018 19:31:06","DANGER1",729,73
1025772,"Angers SCO","RCS Strasbourg","10/06/2018 19:31:06","DAT1",730,73
1025772,"Angers SCO","RCS Strasbourg","10/06/2018 19:31:12","SAFE2",731,74
1025772,"Angers SCO","RCS Strasbourg","10/06/2018 19:31:14","AT1",732,74
1025772,"Angers SCO","RCS Strasbourg","10/06/2018 19:31:15","POSSIBLE_TI",733,74
1025772,"Angers SCO","RCS Strasbourg","10/06/2018 19:31:16","TI1",734,74
1025772,"Angers SCO","RCS Strasbourg","10/06/2018 19:31:19","Restart",735,74
1025772,"Angers SCO","RCS Strasbourg","10/06/2018 19:31:53","SAFE2",736,74
1025772,"Angers SCO","RCS Strasbourg","10/06/2018 19:31:54","AT2",737,74
1025772,"Angers SCO","RCS Strasbourg","10/06/2018 19:32:01","SAFE1",738,74
1025772,"Angers SCO","RCS Strasbourg","10/06/2018 19:32:02","POSSIBLE_TI",739,74
1025772,"Angers SCO","RCS Strasbourg","10/06/2018 19:32:02","TI1",740,74
1025772,"Angers SCO","RCS Strasbourg","10/06/2018 19:32:09","Restart",741,74
1025772,"Angers SCO","RCS Strasbourg","10/06/2018 19:32:26","AT1",742,75
1025772,"Angers SCO","RCS Strasbourg","10/06/2018 19:32:34","SAFE2",743,75
1025772,"Angers SCO","RCS Strasbourg","10/06/2018 19:32:37","AT1",744,75
1025772,"Angers SCO","RCS Strasbourg","10/06/2018 19:32:52","DANGER1",745,75
1025772,"Angers SCO","RCS Strasbourg","10/06/2018 19:32:52","DAT1",746,75
1025772,"Angers SCO","RCS Strasbourg","10/06/2018 19:33:02","SAFE2",747,75
1025772,"Angers SCO","RCS Strasbourg","10/06/2018 19:33:03","GK2",748,75
1025772,"Angers SCO","RCS Strasbourg","10/06/2018 19:33:11","POSSIBLE_CARDS",749,76
1025772,"Angers SCO","RCS Strasbourg","10/06/2018 19:33:16","YC2",750,76
1025772,"Angers SCO","RCS Strasbourg","10/06/2018 19:33:17","CONF_YC2",751,76
1025772,"Angers SCO","RCS Strasbourg","10/06/2018 19:33:28","Scorer",752,76
1025772,"Angers SCO","RCS Strasbourg","10/06/2018 19:33:39","Restart",753,76
1025772,"Angers SCO","RCS Strasbourg","10/06/2018 19:33:42","AT2",754,76
1025772,"Angers SCO","RCS Strasbourg","10/06/2018 19:33:50","Player_DATA_CONFIRMED",755,76
1025772,"Angers SCO","RCS Strasbourg","10/06/2018 19:33:53","POSSIBLE_TI",756,76
1025772,"Angers SCO","RCS Strasbourg","10/06/2018 19:33:57","TI2",757,76
1025772,"Angers SCO","RCS Strasbourg","10/06/2018 19:33:59","Restart",758,76
1025772,"Angers SCO","RCS Strasbourg","10/06/2018 19:33:59","DANGER2",759,76
1025772,"Angers SCO","RCS Strasbourg","10/06/2018 19:33:59","DAT2",760,76
1025772,"Angers SCO","RCS Strasbourg","10/06/2018 19:34:18","PCR2",761,77
1025772,"Angers SCO","RCS Strasbourg","10/06/2018 19:34:21","CR2",762,77
1025772,"Angers SCO","RCS Strasbourg","10/06/2018 19:34:26","Ball Position",763,77
1025772,"Angers SCO","RCS Strasbourg","10/06/2018 19:34:47","Restart",764,77
1025772,"Angers SCO","RCS Strasbourg","10/06/2018 19:34:54","SHG2",765,77
1025772,"Angers SCO","RCS Strasbourg","10/06/2018 19:34:56","SAFE1",766,77
1025772,"Angers SCO","RCS Strasbourg","10/06/2018 19:34:59","AT1",767,77
1025772,"Angers SCO","RCS Strasbourg","10/06/2018 19:35:01","DANGER1",768,77
1025772,"Angers SCO","RCS Strasbourg","10/06/2018 19:35:01","DAT1",769,77
1025772,"Angers SCO","RCS Strasbourg","10/06/2018 19:35:10","SAFE2",770,77
1025772,"Angers SCO","RCS Strasbourg","10/06/2018 19:35:14","AT2",771,78
1025772,"Angers SCO","RCS Strasbourg","10/06/2018 19:35:19","DANGER2",772,78
1025772,"Angers SCO","RCS Strasbourg","10/06/2018 19:35:19","DAT2",773,78
1025772,"Angers SCO","RCS Strasbourg","10/06/2018 19:35:24","SAFE1",774,78
1025772,"Angers SCO","RCS Strasbourg","10/06/2018 19:35:55","AT1",775,78
1025772,"Angers SCO","RCS Strasbourg","10/06/2018 19:36:02","DANGER1",776,78
1025772,"Angers SCO","RCS Strasbourg","10/06/2018 19:36:02","DAT1",777,78
1025772,"Angers SCO","RCS Strasbourg","10/06/2018 19:36:04","POSSIBLE_TI",778,78
1025772,"Angers SCO","RCS Strasbourg","10/06/2018 19:36:06","TI1",779,78
1025772,"Angers SCO","RCS Strasbourg","10/06/2018 19:36:10","Restart",780,78
1025772,"Angers SCO","RCS Strasbourg","10/06/2018 19:36:14","SAFE1",781,79
1025772,"Angers SCO","RCS Strasbourg","10/06/2018 19:36:24","AT1",782,79
1025772,"Angers SCO","RCS Strasbourg","10/06/2018 19:36:31","SAFE2",783,79
1025772,"Angers SCO","RCS Strasbourg","10/06/2018 19:36:33","AT2",784,79
1025772,"Angers SCO","RCS Strasbourg","10/06/2018 19:36:38","SAFE1",785,79
1025772,"Angers SCO","RCS Strasbourg","10/06/2018 19:37:03","AT1",786,79
1025772,"Angers SCO","RCS Strasbourg","10/06/2018 19:37:06","POSSIBLE_TI",787,79
1025772,"Angers SCO","RCS Strasbourg","10/06/2018 19:37:07","TI1",788,79
1025772,"Angers SCO","RCS Strasbourg","10/06/2018 19:37:10","DANGER1",789,80
1025772,"Angers SCO","RCS Strasbourg","10/06/2018 19:37:10","DAT1",790,80
1025772,"Angers SCO","RCS Strasbourg","10/06/2018 19:37:11","POSSIBLE_CARDS",791,80
1025772,"Angers SCO","RCS Strasbourg","10/06/2018 19:37:13","NO_Cards",792,80
1025772,"Angers SCO","RCS Strasbourg","10/06/2018 19:37:13","Restart",793,80
1025772,"Angers SCO","RCS Strasbourg","10/06/2018 19:37:17","Possible Free Kick",794,80
1025772,"Angers SCO","RCS Strasbourg","10/06/2018 19:37:22","SAFE2",796,80
1025772,"Angers SCO","RCS Strasbourg","10/06/2018 19:37:22","F1",797,80
1025772,"Angers SCO","RCS Strasbourg","10/06/2018 19:37:22","FK2",798,80
1025772,"Angers SCO","RCS Strasbourg","10/06/2018 19:37:22","Ball Position",799,80
1025772,"Angers SCO","RCS Strasbourg","10/06/2018 19:37:35","Restart",800,80
1025772,"Angers SCO","RCS Strasbourg","10/06/2018 19:37:39","AT2",801,80
1025772,"Angers SCO","RCS Strasbourg","10/06/2018 19:37:39","DANGER2",802,80
1025772,"Angers SCO","RCS Strasbourg","10/06/2018 19:37:39","DAT2",803,80
1025772,"Angers SCO","RCS Strasbourg","10/06/2018 19:37:42","SAFE1",804,80
1025772,"Angers SCO","RCS Strasbourg","10/06/2018 19:37:56","AT1",805,80
1025772,"Angers SCO","RCS Strasbourg","10/06/2018 19:37:58","DANGER1",806,80
1025772,"Angers SCO","RCS Strasbourg","10/06/2018 19:37:58","DAT1",807,80
1025772,"Angers SCO","RCS Strasbourg","10/06/2018 19:38:12","SAFE2",808,81
1025772,"Angers SCO","RCS Strasbourg","10/06/2018 19:38:14","AT2",809,81
1025772,"Angers SCO","RCS Strasbourg","10/06/2018 19:38:14","DANGER2",810,81
1025772,"Angers SCO","RCS Strasbourg","10/06/2018 19:38:14","DAT2",811,81
1025772,"Angers SCO","RCS Strasbourg","10/06/2018 19:38:25","SAFE1",812,81
1025772,"Angers SCO","RCS Strasbourg","10/06/2018 19:38:36","AT1",813,81
1025772,"Angers SCO","RCS Strasbourg","10/06/2018 19:38:44","DANGER1",814,81
1025772,"Angers SCO","RCS Strasbourg","10/06/2018 19:38:44","DAT1",815,81
1025772,"Angers SCO","RCS Strasbourg","10/06/2018 19:38:57","POSSIBLE_TI",816,81
1025772,"Angers SCO","RCS Strasbourg","10/06/2018 19:38:57","TI1",817,81
1025772,"Angers SCO","RCS Strasbourg","10/06/2018 19:39:22","SUB1",818,82
1025772,"Angers SCO","RCS Strasbourg","10/06/2018 19:39:46","SUB2",819,82
1025772,"Angers SCO","RCS Strasbourg","10/06/2018 19:39:50","Player_DATA_CONFIRMED",820,82
1025772,"Angers SCO","RCS Strasbourg","10/06/2018 19:40:13","Restart",821,83
1025772,"Angers SCO","RCS Strasbourg","10/06/2018 19:40:18","SAFE2",822,83
1025772,"Angers SCO","RCS Strasbourg","10/06/2018 19:40:21","Player_DATA_CONFIRMED",823,83
1025772,"Angers SCO","RCS Strasbourg","10/06/2018 19:40:22","POSSIBLE_TI",824,83
1025772,"Angers SCO","RCS Strasbourg","10/06/2018 19:40:22","TI1",825,83
1025772,"Angers SCO","RCS Strasbourg","10/06/2018 19:40:25","Restart",826,83
1025772,"Angers SCO","RCS Strasbourg","10/06/2018 19:40:25","AT1",827,83
1025772,"Angers SCO","RCS Strasbourg","10/06/2018 19:40:30","DANGER1",828,83
1025772,"Angers SCO","RCS Strasbourg","10/06/2018 19:40:30","DAT1",829,83
1025772,"Angers SCO","RCS Strasbourg","10/06/2018 19:40:35","SAFE2",830,83
1025772,"Angers SCO","RCS Strasbourg","10/06/2018 19:40:45","AT1",831,83
1025772,"Angers SCO","RCS Strasbourg","10/06/2018 19:41:02","DANGER1",832,83
1025772,"Angers SCO","RCS Strasbourg","10/06/2018 19:41:02","DAT1",833,83
1025772,"Angers SCO","RCS Strasbourg","10/06/2018 19:41:15","PCR1",834,84
1025772,"Angers SCO","RCS Strasbourg","10/06/2018 19:41:20","CR1",835,84
1025772,"Angers SCO","RCS Strasbourg","10/06/2018 19:41:21","Ball Position",836,84
1025772,"Angers SCO","RCS Strasbourg","10/06/2018 19:41:28","Restart",837,84
1025772,"Angers SCO","RCS Strasbourg","10/06/2018 19:41:34","SAFE2",838,84
1025772,"Angers SCO","RCS Strasbourg","10/06/2018 19:41:36","AT2",839,84
1025772,"Angers SCO","RCS Strasbourg","10/06/2018 19:41:43","DANGER2",840,84
1025772,"Angers SCO","RCS Strasbourg","10/06/2018 19:41:43","DAT2",841,84
1025772,"Angers SCO","RCS Strasbourg","10/06/2018 19:41:54","SHB2",842,84
1025772,"Angers SCO","RCS Strasbourg","10/06/2018 19:41:55","SAFE1",843,84
1025772,"Angers SCO","RCS Strasbourg","10/06/2018 19:41:57","GK1",844,84
1025772,"Angers SCO","RCS Strasbourg","10/06/2018 19:41:58","Restart",845,84
1025772,"Angers SCO","RCS Strasbourg","10/06/2018 19:42:12","AT1",846,85
1025772,"Angers SCO","RCS Strasbourg","10/06/2018 19:42:13","DANGER1",847,85
1025772,"Angers SCO","RCS Strasbourg","10/06/2018 19:42:13","DAT1",848,85
1025772,"Angers SCO","RCS Strasbourg","10/06/2018 19:42:20","POSSIBLE_TI",849,85
1025772,"Angers SCO","RCS Strasbourg","10/06/2018 19:42:21","TI2",850,85
1025772,"Angers SCO","RCS Strasbourg","10/06/2018 19:42:24","Restart",851,85
1025772,"Angers SCO","RCS Strasbourg","10/06/2018 19:42:25","SAFE2",852,85
1025772,"Angers SCO","RCS Strasbourg","10/06/2018 19:42:26","AT2",853,85
1025772,"Angers SCO","RCS Strasbourg","10/06/2018 19:42:30","DANGER2",854,85
1025772,"Angers SCO","RCS Strasbourg","10/06/2018 19:42:30","DAT2",855,85
1025772,"Angers SCO","RCS Strasbourg","10/06/2018 19:43:03","SAFE1",856,85
1025772,"Angers SCO","RCS Strasbourg","10/06/2018 19:43:07","AT2",857,85
1025772,"Angers SCO","RCS Strasbourg","10/06/2018 19:43:12","DANGER2",858,86
1025772,"Angers SCO","RCS Strasbourg","10/06/2018 19:43:12","DAT2",859,86
1025772,"Angers SCO","RCS Strasbourg","10/06/2018 19:43:16","SAFE1",860,86
1025772,"Angers SCO","RCS Strasbourg","10/06/2018 19:43:17","AT2",861,86
1025772,"Angers SCO","RCS Strasbourg","10/06/2018 19:43:21","DANGER2",862,86
1025772,"Angers SCO","RCS Strasbourg","10/06/2018 19:43:21","DAT2",863,86
1025772,"Angers SCO","RCS Strasbourg","10/06/2018 19:43:27","SAFE1",864,86
1025772,"Angers SCO","RCS Strasbourg","10/06/2018 19:43:36","AT1",865,86
1025772,"Angers SCO","RCS Strasbourg","10/06/2018 19:43:42","DANGER1",866,86
1025772,"Angers SCO","RCS Strasbourg","10/06/2018 19:43:42","DAT1",867,86
1025772,"Angers SCO","RCS Strasbourg","10/06/2018 19:44:09","SAFE2",868,86
1025772,"Angers SCO","RCS Strasbourg","10/06/2018 19:44:14","AT2",869,87
1025772,"Angers SCO","RCS Strasbourg","10/06/2018 19:44:27","SAFE2",870,87
1025772,"Angers SCO","RCS Strasbourg","10/06/2018 19:44:33","AT2",871,87
1025772,"Angers SCO","RCS Strasbourg","10/06/2018 19:44:33","DANGER2",872,87
1025772,"Angers SCO","RCS Strasbourg","10/06/2018 19:44:33","DAT2",873,87
1025772,"Angers SCO","RCS Strasbourg","10/06/2018 19:44:42","POSSIBLE_TI",874,87
1025772,"Angers SCO","RCS Strasbourg","10/06/2018 19:44:43","TI2",875,87
1025772,"Angers SCO","RCS Strasbourg","10/06/2018 19:44:49","Restart",876,87
1025772,"Angers SCO","RCS Strasbourg","10/06/2018 19:44:54","SAFE2",877,87
1025772,"Angers SCO","RCS Strasbourg","10/06/2018 19:44:58","Possible Free Kick",878,87
1025772,"Angers SCO","RCS Strasbourg","10/06/2018 19:45:02","POSSIBLE_CARDS",880,87
1025772,"Angers SCO","RCS Strasbourg","10/06/2018 19:45:22","YC2",881,88
1025772,"Angers SCO","RCS Strasbourg","10/06/2018 19:45:24","CONF_YC2",882,88
1025772,"Angers SCO","RCS Strasbourg","10/06/2018 19:45:29","Scorer",883,88
1025772,"Angers SCO","RCS Strasbourg","10/06/2018 19:45:42","F2",884,88
1025772,"Angers SCO","RCS Strasbourg","10/06/2018 19:45:42","FK1",885,88
1025772,"Angers SCO","RCS Strasbourg","10/06/2018 19:45:42","DANGER1",886,88
1025772,"Angers SCO","RCS Strasbourg","10/06/2018 19:45:42","DFK1",887,88
1025772,"Angers SCO","RCS Strasbourg","10/06/2018 19:45:42","Ball Position",888,88
1025772,"Angers SCO","RCS Strasbourg","10/06/2018 19:45:45","Restart",889,88
1025772,"Angers SCO","RCS Strasbourg","10/06/2018 19:46:02","POSSIBLE_TI",890,88
1025772,"Angers SCO","RCS Strasbourg","10/06/2018 19:46:04","TI1",891,88
1025772,"Angers SCO","RCS Strasbourg","10/06/2018 19:46:08","Restart",892,88
1025772,"Angers SCO","RCS Strasbourg","10/06/2018 19:46:12","SAFE2",893,89
1025772,"Angers SCO","RCS Strasbourg","10/06/2018 19:46:13","AT1",894,89
1025772,"Angers SCO","RCS Strasbourg","10/06/2018 19:46:18","DANGER1",895,89
1025772,"Angers SCO","RCS Strasbourg","10/06/2018 19:46:18","DAT1",896,89
1025772,"Angers SCO","RCS Strasbourg","10/06/2018 19:46:20","Player_DATA_CONFIRMED",897,89
1025772,"Angers SCO","RCS Strasbourg","10/06/2018 19:46:39","SHB1",898,89
1025772,"Angers SCO","RCS Strasbourg","10/06/2018 19:46:54","SAFE2",899,89
1025772,"Angers SCO","RCS Strasbourg","10/06/2018 19:46:57","GK2",900,89
1025772,"Angers SCO","RCS Strasbourg","10/06/2018 19:47:01","Restart",901,89
1025772,"Angers SCO","RCS Strasbourg","10/06/2018 19:47:13","Possible Free Kick",902,90
1025772,"Angers SCO","RCS Strasbourg","10/06/2018 19:47:33","F1",904,90
1025772,"Angers SCO","RCS Strasbourg","10/06/2018 19:47:33","FK2",905,90
1025772,"Angers SCO","RCS Strasbourg","10/06/2018 19:47:33","DANGER2",906,90
1025772,"Angers SCO","RCS Strasbourg","10/06/2018 19:47:33","DFK2",907,90
1025772,"Angers SCO","RCS Strasbourg","10/06/2018 19:47:33","Ball Position",908,90
1025772,"Angers SCO","RCS Strasbourg","10/06/2018 19:47:48","Restart",909,90
1025772,"Angers SCO","RCS Strasbourg","10/06/2018 19:47:58","SAFE1",910,90
1025772,"Angers SCO","RCS Strasbourg","10/06/2018 19:48:06","AT2",911,90
1025772,"Angers SCO","RCS Strasbourg","10/06/2018 19:48:12","Possible Free Kick",912,91
1025772,"Angers SCO","RCS Strasbourg","10/06/2018 19:48:22","Extra Time",914,91
1025772,"Angers SCO","RCS Strasbourg","10/06/2018 19:48:25","F1",915,91
1025772,"Angers SCO","RCS Strasbourg","10/06/2018 19:48:25","FK2",916,91
1025772,"Angers SCO","RCS Strasbourg","10/06/2018 19:48:25","DANGER2",917,91
1025772,"Angers SCO","RCS Strasbourg","10/06/2018 19:48:25","DFK2",918,91
1025772,"Angers SCO","RCS Strasbourg","10/06/2018 19:48:25","Ball Position",919,91
1025772,"Angers SCO","RCS Strasbourg","10/06/2018 19:48:26","Restart",920,91
1025772,"Angers SCO","RCS Strasbourg","10/06/2018 19:48:27","SAFE2",921,91
1025772,"Angers SCO","RCS Strasbourg","10/06/2018 19:48:40","AT2",922,91
1025772,"Angers SCO","RCS Strasbourg","10/06/2018 19:48:46","SAFE1",923,91
1025772,"Angers SCO","RCS Strasbourg","10/06/2018 19:48:48","POSSIBLE_TI",924,91
1025772,"Angers SCO","RCS Strasbourg","10/06/2018 19:48:49","TI1",925,91
1025772,"Angers SCO","RCS Strasbourg","10/06/2018 19:49:02","SUB2",926,91
1025772,"Angers SCO","RCS Strasbourg","10/06/2018 19:49:21","Restart",927,92
1025772,"Angers SCO","RCS Strasbourg","10/06/2018 19:49:30","AT1",928,92
1025772,"Angers SCO","RCS Strasbourg","10/06/2018 19:49:39","DANGER1",929,92
1025772,"Angers SCO","RCS Strasbourg","10/06/2018 19:49:39","DAT1",930,92
1025772,"Angers SCO","RCS Strasbourg","10/06/2018 19:49:41","Player_DATA_CONFIRMED",931,92
1025772,"Angers SCO","RCS Strasbourg","10/06/2018 19:49:58","Possible Free Kick",932,92
1025772,"Angers SCO","RCS Strasbourg","10/06/2018 19:49:59","F2",934,92
1025772,"Angers SCO","RCS Strasbourg","10/06/2018 19:49:59","FK1",935,92
1025772,"Angers SCO","RCS Strasbourg","10/06/2018 19:49:59","DFK1",936,92
1025772,"Angers SCO","RCS Strasbourg","10/06/2018 19:49:59","Ball Position",937,92
1025772,"Angers SCO","RCS Strasbourg","10/06/2018 19:50:04","POSSIBLE_CARDS",938,92
1025772,"Angers SCO","RCS Strasbourg","10/06/2018 19:50:10","NO_Cards",939,92
1025772,"Angers SCO","RCS Strasbourg","10/06/2018 19:50:19","Restart",940,93
1025772,"Angers SCO","RCS Strasbourg","10/06/2018 19:51:01","GOAL1",941,93
1025772,"Angers SCO","RCS Strasbourg","10/06/2018 19:51:18","Scorer",942,94
1025772,"Angers SCO","RCS Strasbourg","10/06/2018 19:51:55","CONF_GOAL1",943,94
1025772,"Angers SCO","RCS Strasbourg","10/06/2018 19:51:55","Scorer",944,94
1025772,"Angers SCO","RCS Strasbourg","10/06/2018 19:51:55","KO2",945,94
1025772,"Angers SCO","RCS Strasbourg","10/06/2018 19:51:55","SAFE2",946,94
1025772,"Angers SCO","RCS Strasbourg","10/06/2018 19:52:05","POSSIBLE_TI",947,94
1025772,"Angers SCO","RCS Strasbourg","10/06/2018 19:52:06","TI1",948,94
1025772,"Angers SCO","RCS Strasbourg","10/06/2018 19:52:07","Restart",949,94
1025772,"Angers SCO","RCS Strasbourg","10/06/2018 19:52:08","SAFE1",950,94
1025772,"Angers SCO","RCS Strasbourg","10/06/2018 19:52:19","Player_DATA_CONFIRMED",951,95
1025772,"Angers SCO","RCS Strasbourg","10/06/2018 19:52:19","Assist",952,95
1025772,"Angers SCO","RCS Strasbourg","10/06/2018 19:52:25","AT1",953,95
1025772,"Angers SCO","RCS Strasbourg","10/06/2018 19:52:25","DANGER1",954,95
1025772,"Angers SCO","RCS Strasbourg","10/06/2018 19:52:25","DAT1",955,95
1025772,"Angers SCO","RCS Strasbourg","10/06/2018 19:52:37","BLOCKED1",956,95
1025772,"Angers SCO","RCS Strasbourg","10/06/2018 19:53:12","SAFE2",957,96
1025772,"Angers SCO","RCS Strasbourg","10/06/2018 19:53:19","AT2",958,96
1025772,"Angers SCO","RCS Strasbourg","10/06/2018 19:53:26","POSSIBLE_TI",959,96
1025772,"Angers SCO","RCS Strasbourg","10/06/2018 19:53:31","TI1",960,96
1025772,"Angers SCO","RCS Strasbourg","10/06/2018 19:53:32","Restart",961,96
1025772,"Angers SCO","RCS Strasbourg","10/06/2018 19:53:38","Stop RT2",962,96
1025772,"Angers SCO","RCS Strasbourg","10/06/2018 19:53:38","Stop Game",963,96
1025772,"Angers SCO","RCS Strasbourg","10/06/2018 19:53:48","CONF_PERIOD_SCORE",964,95
