"RBallID","HomeTeam","AwayTeam","Timestamp","Incident","IncidentNumber","Minute"
919758,"Toulouse FC","FC Nantes","01/17/2018 17:15:27","Scout in Stadion",0,0
919758,"Toulouse FC","FC Nantes","01/17/2018 17:15:31","Transmission Online",1,0
919758,"Toulouse FC","FC Nantes","01/17/2018 17:15:42","GCC",2,0
919758,"Toulouse FC","FC Nantes","01/17/2018 17:15:52","Lineup changed",3,0
919758,"Toulouse FC","FC Nantes","01/17/2018 17:56:39","Players are coming out",4,0
919758,"Toulouse FC","FC Nantes","01/17/2018 17:56:55","Players lined up",5,0
919758,"Toulouse FC","FC Nantes","01/17/2018 17:57:44","Jersey Changed",6,0
919758,"Toulouse FC","FC Nantes","01/17/2018 17:57:46","Jersey Changed",7,0
919758,"Toulouse FC","FC Nantes","01/17/2018 17:57:48","Shake hands",8,0
919758,"Toulouse FC","FC Nantes","01/17/2018 17:58:02","Flip coin",9,0
919758,"Toulouse FC","FC Nantes","01/17/2018 17:59:26","Game about to start",10,0
919758,"Toulouse FC","FC Nantes","01/17/2018 18:00:04","Start RT1 Team 1",11,1
919758,"Toulouse FC","FC Nantes","01/17/2018 18:00:14","AT1",12,1
919758,"Toulouse FC","FC Nantes","01/17/2018 18:00:38","DANGER1",13,1
919758,"Toulouse FC","FC Nantes","01/17/2018 18:00:38","DAT1",14,1
919758,"Toulouse FC","FC Nantes","01/17/2018 18:00:52","SAFE2",15,1
919758,"Toulouse FC","FC Nantes","01/17/2018 18:00:55","GK2",16,1
919758,"Toulouse FC","FC Nantes","01/17/2018 18:01:15","Restart",17,2
919758,"Toulouse FC","FC Nantes","01/17/2018 18:01:23","POSSIBLE_TI",18,2
919758,"Toulouse FC","FC Nantes","01/17/2018 18:01:24","TI1",19,2
919758,"Toulouse FC","FC Nantes","01/17/2018 18:01:35","Restart",20,2
919758,"Toulouse FC","FC Nantes","01/17/2018 18:01:43","POSSIBLE_TI",21,2
919758,"Toulouse FC","FC Nantes","01/17/2018 18:01:44","TI1",22,2
919758,"Toulouse FC","FC Nantes","01/17/2018 18:01:53","Restart",23,2
919758,"Toulouse FC","FC Nantes","01/17/2018 18:02:09","SAFE2",24,3
919758,"Toulouse FC","FC Nantes","01/17/2018 18:02:16","AT2",25,3
919758,"Toulouse FC","FC Nantes","01/17/2018 18:02:34","DANGER2",26,3
919758,"Toulouse FC","FC Nantes","01/17/2018 18:02:34","DAT2",27,3
919758,"Toulouse FC","FC Nantes","01/17/2018 18:02:52","SAFE1",28,3
919758,"Toulouse FC","FC Nantes","01/17/2018 18:02:54","Possible Free Kick",29,3
919758,"Toulouse FC","FC Nantes","01/17/2018 18:02:56","F2",31,3
919758,"Toulouse FC","FC Nantes","01/17/2018 18:02:56","FK1",32,3
919758,"Toulouse FC","FC Nantes","01/17/2018 18:02:56","Ball Position",33,3
919758,"Toulouse FC","FC Nantes","01/17/2018 18:03:36","Restart",34,4
919758,"Toulouse FC","FC Nantes","01/17/2018 18:04:00","Possible Free Kick",35,4
919758,"Toulouse FC","FC Nantes","01/17/2018 18:04:11","POSSIBLE_CARDS",37,5
919758,"Toulouse FC","FC Nantes","01/17/2018 18:04:21","YC1",38,5
919758,"Toulouse FC","FC Nantes","01/17/2018 18:04:22","CONF_YC1",39,5
919758,"Toulouse FC","FC Nantes","01/17/2018 18:04:23","Scorer",40,5
919758,"Toulouse FC","FC Nantes","01/17/2018 18:04:32","F1",41,5
919758,"Toulouse FC","FC Nantes","01/17/2018 18:04:32","FK2",42,5
919758,"Toulouse FC","FC Nantes","01/17/2018 18:04:32","DANGER2",43,5
919758,"Toulouse FC","FC Nantes","01/17/2018 18:04:32","DFK2",44,5
919758,"Toulouse FC","FC Nantes","01/17/2018 18:04:32","Ball Position",45,5
919758,"Toulouse FC","FC Nantes","01/17/2018 18:04:37","Scorer",46,5
919758,"Toulouse FC","FC Nantes","01/17/2018 18:04:37","Player_DATA_CONFIRMED",47,5
919758,"Toulouse FC","FC Nantes","01/17/2018 18:04:58","Restart",48,5
919758,"Toulouse FC","FC Nantes","01/17/2018 18:05:21","SAFE2",49,6
919758,"Toulouse FC","FC Nantes","01/17/2018 18:05:32","AT2",50,6
919758,"Toulouse FC","FC Nantes","01/17/2018 18:05:33","DANGER2",51,6
919758,"Toulouse FC","FC Nantes","01/17/2018 18:05:33","DAT2",52,6
919758,"Toulouse FC","FC Nantes","01/17/2018 18:05:37","SAFE1",53,6
919758,"Toulouse FC","FC Nantes","01/17/2018 18:05:38","Possible Free Kick",54,6
919758,"Toulouse FC","FC Nantes","01/17/2018 18:05:40","O2",56,6
919758,"Toulouse FC","FC Nantes","01/17/2018 18:05:40","FK1",57,6
919758,"Toulouse FC","FC Nantes","01/17/2018 18:05:40","Ball Position",58,6
919758,"Toulouse FC","FC Nantes","01/17/2018 18:05:47","Restart",59,6
919758,"Toulouse FC","FC Nantes","01/17/2018 18:05:52","AT1",60,6
919758,"Toulouse FC","FC Nantes","01/17/2018 18:05:57","DANGER1",61,6
919758,"Toulouse FC","FC Nantes","01/17/2018 18:05:57","DAT1",62,6
919758,"Toulouse FC","FC Nantes","01/17/2018 18:06:06","SAFE2",63,7
919758,"Toulouse FC","FC Nantes","01/17/2018 18:06:08","POSSIBLE_TI",64,7
919758,"Toulouse FC","FC Nantes","01/17/2018 18:06:10","TI2",65,7
919758,"Toulouse FC","FC Nantes","01/17/2018 18:06:13","Restart",66,7
919758,"Toulouse FC","FC Nantes","01/17/2018 18:06:20","POSSIBLE_TI",67,7
919758,"Toulouse FC","FC Nantes","01/17/2018 18:06:21","TI2",68,7
919758,"Toulouse FC","FC Nantes","01/17/2018 18:06:30","Restart",69,7
919758,"Toulouse FC","FC Nantes","01/17/2018 18:06:51","AT2",70,7
919758,"Toulouse FC","FC Nantes","01/17/2018 18:07:00","SAFE1",71,7
919758,"Toulouse FC","FC Nantes","01/17/2018 18:07:05","AT1",72,8
919758,"Toulouse FC","FC Nantes","01/17/2018 18:07:08","DANGER1",73,8
919758,"Toulouse FC","FC Nantes","01/17/2018 18:07:08","DAT1",74,8
919758,"Toulouse FC","FC Nantes","01/17/2018 18:07:16","SHG1",75,8
919758,"Toulouse FC","FC Nantes","01/17/2018 18:07:31","SAFE1",76,8
919758,"Toulouse FC","FC Nantes","01/17/2018 18:07:37","AT1",77,8
919758,"Toulouse FC","FC Nantes","01/17/2018 18:07:54","DANGER1",78,8
919758,"Toulouse FC","FC Nantes","01/17/2018 18:07:54","DAT1",79,8
919758,"Toulouse FC","FC Nantes","01/17/2018 18:08:00","PCR1",80,8
919758,"Toulouse FC","FC Nantes","01/17/2018 18:08:06","CR1",81,9
919758,"Toulouse FC","FC Nantes","01/17/2018 18:08:08","Ball Position",82,9
919758,"Toulouse FC","FC Nantes","01/17/2018 18:08:22","Restart",83,9
919758,"Toulouse FC","FC Nantes","01/17/2018 18:08:45","SHB1",84,9
919758,"Toulouse FC","FC Nantes","01/17/2018 18:08:50","SAFE2",85,9
919758,"Toulouse FC","FC Nantes","01/17/2018 18:08:52","GK2",86,9
919758,"Toulouse FC","FC Nantes","01/17/2018 18:09:02","Restart",87,9
919758,"Toulouse FC","FC Nantes","01/17/2018 18:09:17","SAFE1",88,10
919758,"Toulouse FC","FC Nantes","01/17/2018 18:09:19","AT1",89,10
919758,"Toulouse FC","FC Nantes","01/17/2018 18:09:21","DANGER1",90,10
919758,"Toulouse FC","FC Nantes","01/17/2018 18:09:21","DAT1",91,10
919758,"Toulouse FC","FC Nantes","01/17/2018 18:09:38","Possible Free Kick",92,10
919758,"Toulouse FC","FC Nantes","01/17/2018 18:09:43","F2",94,10
919758,"Toulouse FC","FC Nantes","01/17/2018 18:09:43","FK1",95,10
919758,"Toulouse FC","FC Nantes","01/17/2018 18:09:43","DFK1",96,10
919758,"Toulouse FC","FC Nantes","01/17/2018 18:09:43","Ball Position",97,10
919758,"Toulouse FC","FC Nantes","01/17/2018 18:10:00","Restart",98,10
919758,"Toulouse FC","FC Nantes","01/17/2018 18:10:15","SAFE1",99,11
919758,"Toulouse FC","FC Nantes","01/17/2018 18:10:29","AT1",100,11
919758,"Toulouse FC","FC Nantes","01/17/2018 18:10:34","POSSIBLE_TI",101,11
919758,"Toulouse FC","FC Nantes","01/17/2018 18:10:35","TI2",102,11
919758,"Toulouse FC","FC Nantes","01/17/2018 18:10:46","Restart",103,11
919758,"Toulouse FC","FC Nantes","01/17/2018 18:10:55","SAFE1",104,11
919758,"Toulouse FC","FC Nantes","01/17/2018 18:11:04","AT1",105,12
919758,"Toulouse FC","FC Nantes","01/17/2018 18:11:09","DANGER1",106,12
919758,"Toulouse FC","FC Nantes","01/17/2018 18:11:09","DAT1",107,12
919758,"Toulouse FC","FC Nantes","01/17/2018 18:11:17","SHG1",108,12
919758,"Toulouse FC","FC Nantes","01/17/2018 18:11:19","SAFE2",109,12
919758,"Toulouse FC","FC Nantes","01/17/2018 18:11:48","Possible Free Kick",110,12
919758,"Toulouse FC","FC Nantes","01/17/2018 18:11:51","F1",112,12
919758,"Toulouse FC","FC Nantes","01/17/2018 18:11:51","FK2",113,12
919758,"Toulouse FC","FC Nantes","01/17/2018 18:11:51","Ball Position",114,12
919758,"Toulouse FC","FC Nantes","01/17/2018 18:11:59","Restart",115,12
919758,"Toulouse FC","FC Nantes","01/17/2018 18:12:04","AT2",116,13
919758,"Toulouse FC","FC Nantes","01/17/2018 18:12:05","POSSIBLE_TI",117,13
919758,"Toulouse FC","FC Nantes","01/17/2018 18:12:06","TI2",118,13
919758,"Toulouse FC","FC Nantes","01/17/2018 18:12:17","Restart",119,13
919758,"Toulouse FC","FC Nantes","01/17/2018 18:12:21","DANGER2",120,13
919758,"Toulouse FC","FC Nantes","01/17/2018 18:12:21","DAT2",121,13
919758,"Toulouse FC","FC Nantes","01/17/2018 18:12:25","POSSIBLE_TI",122,13
919758,"Toulouse FC","FC Nantes","01/17/2018 18:12:27","TI1",123,13
919758,"Toulouse FC","FC Nantes","01/17/2018 18:12:29","Restart",124,13
919758,"Toulouse FC","FC Nantes","01/17/2018 18:12:37","SAFE1",125,13
919758,"Toulouse FC","FC Nantes","01/17/2018 18:12:48","POSSIBLE_TI",126,13
919758,"Toulouse FC","FC Nantes","01/17/2018 18:12:49","TI1",127,13
919758,"Toulouse FC","FC Nantes","01/17/2018 18:12:50","Restart",128,13
919758,"Toulouse FC","FC Nantes","01/17/2018 18:13:01","Possible Free Kick",129,13
919758,"Toulouse FC","FC Nantes","01/17/2018 18:13:08","F2",131,14
919758,"Toulouse FC","FC Nantes","01/17/2018 18:13:08","FK1",132,14
919758,"Toulouse FC","FC Nantes","01/17/2018 18:13:08","DANGER1",133,14
919758,"Toulouse FC","FC Nantes","01/17/2018 18:13:08","DFK1",134,14
919758,"Toulouse FC","FC Nantes","01/17/2018 18:13:08","Ball Position",135,14
919758,"Toulouse FC","FC Nantes","01/17/2018 18:13:16","POSSIBLE_CARDS",136,14
919758,"Toulouse FC","FC Nantes","01/17/2018 18:13:19","YC2",137,14
919758,"Toulouse FC","FC Nantes","01/17/2018 18:13:21","CONF_YC2",138,14
919758,"Toulouse FC","FC Nantes","01/17/2018 18:13:22","Scorer",139,14
919758,"Toulouse FC","FC Nantes","01/17/2018 18:13:37","Restart",140,14
919758,"Toulouse FC","FC Nantes","01/17/2018 18:13:58","SAFE1",141,14
919758,"Toulouse FC","FC Nantes","01/17/2018 18:14:01","AT1",142,14
919758,"Toulouse FC","FC Nantes","01/17/2018 18:14:03","DANGER1",143,14
919758,"Toulouse FC","FC Nantes","01/17/2018 18:14:03","DAT1",144,14
919758,"Toulouse FC","FC Nantes","01/17/2018 18:14:08","SAFE2",145,15
919758,"Toulouse FC","FC Nantes","01/17/2018 18:14:22","AT2",146,15
919758,"Toulouse FC","FC Nantes","01/17/2018 18:14:28","SAFE1",147,15
919758,"Toulouse FC","FC Nantes","01/17/2018 18:14:29","AT1",148,15
919758,"Toulouse FC","FC Nantes","01/17/2018 18:14:31","Scorer",149,15
919758,"Toulouse FC","FC Nantes","01/17/2018 18:14:31","Player_DATA_CONFIRMED",150,15
919758,"Toulouse FC","FC Nantes","01/17/2018 18:14:33","DANGER1",151,15
919758,"Toulouse FC","FC Nantes","01/17/2018 18:14:33","DAT1",152,15
919758,"Toulouse FC","FC Nantes","01/17/2018 18:14:40","SHG1",153,15
919758,"Toulouse FC","FC Nantes","01/17/2018 18:14:42","SAFE2",154,15
919758,"Toulouse FC","FC Nantes","01/17/2018 18:15:05","POSSIBLE_TI",155,16
919758,"Toulouse FC","FC Nantes","01/17/2018 18:15:06","TI2",156,16
919758,"Toulouse FC","FC Nantes","01/17/2018 18:15:20","Restart",157,16
919758,"Toulouse FC","FC Nantes","01/17/2018 18:15:31","SAFE1",158,16
919758,"Toulouse FC","FC Nantes","01/17/2018 18:15:34","AT1",159,16
919758,"Toulouse FC","FC Nantes","01/17/2018 18:15:42","SAFE2",160,16
919758,"Toulouse FC","FC Nantes","01/17/2018 18:15:45","AT2",161,16
919758,"Toulouse FC","FC Nantes","01/17/2018 18:15:55","SAFE1",162,16
919758,"Toulouse FC","FC Nantes","01/17/2018 18:15:56","POSSIBLE_TI",163,16
919758,"Toulouse FC","FC Nantes","01/17/2018 18:15:57","TI1",164,16
919758,"Toulouse FC","FC Nantes","01/17/2018 18:16:01","Restart",165,16
919758,"Toulouse FC","FC Nantes","01/17/2018 18:16:06","AT2",166,17
919758,"Toulouse FC","FC Nantes","01/17/2018 18:16:06","DANGER2",167,17
919758,"Toulouse FC","FC Nantes","01/17/2018 18:16:06","DAT2",168,17
919758,"Toulouse FC","FC Nantes","01/17/2018 18:16:13","SHB2",169,17
919758,"Toulouse FC","FC Nantes","01/17/2018 18:16:18","SAFE1",170,17
919758,"Toulouse FC","FC Nantes","01/17/2018 18:16:19","GK1",171,17
919758,"Toulouse FC","FC Nantes","01/17/2018 18:16:39","Restart",172,17
919758,"Toulouse FC","FC Nantes","01/17/2018 18:16:49","POSSIBLE_TI",173,17
919758,"Toulouse FC","FC Nantes","01/17/2018 18:16:50","TI1",174,17
919758,"Toulouse FC","FC Nantes","01/17/2018 18:16:58","Restart",175,17
919758,"Toulouse FC","FC Nantes","01/17/2018 18:17:18","AT1",176,18
919758,"Toulouse FC","FC Nantes","01/17/2018 18:17:23","POSSIBLE_TI",177,18
919758,"Toulouse FC","FC Nantes","01/17/2018 18:17:23","TI1",178,18
919758,"Toulouse FC","FC Nantes","01/17/2018 18:17:28","Restart",179,18
919758,"Toulouse FC","FC Nantes","01/17/2018 18:17:40","POSSIBLE_TI",180,18
919758,"Toulouse FC","FC Nantes","01/17/2018 18:17:41","TI2",181,18
919758,"Toulouse FC","FC Nantes","01/17/2018 18:17:49","Restart",182,18
919758,"Toulouse FC","FC Nantes","01/17/2018 18:17:57","SAFE2",183,18
919758,"Toulouse FC","FC Nantes","01/17/2018 18:17:58","AT2",184,18
919758,"Toulouse FC","FC Nantes","01/17/2018 18:18:01","DANGER2",185,18
919758,"Toulouse FC","FC Nantes","01/17/2018 18:18:01","DAT2",186,18
919758,"Toulouse FC","FC Nantes","01/17/2018 18:18:06","PCR2",187,19
919758,"Toulouse FC","FC Nantes","01/17/2018 18:18:15","SHB2",188,19
919758,"Toulouse FC","FC Nantes","01/17/2018 18:18:20","CR2",189,19
919758,"Toulouse FC","FC Nantes","01/17/2018 18:18:21","Ball Position",190,19
919758,"Toulouse FC","FC Nantes","01/17/2018 18:18:33","Restart",191,19
919758,"Toulouse FC","FC Nantes","01/17/2018 18:18:37","GOAL2",192,19
919758,"Toulouse FC","FC Nantes","01/17/2018 18:18:57","CONF_GOAL2",193,19
919758,"Toulouse FC","FC Nantes","01/17/2018 18:19:06","Scorer",194,20
919758,"Toulouse FC","FC Nantes","01/17/2018 18:19:16","KO1",195,20
919758,"Toulouse FC","FC Nantes","01/17/2018 18:19:16","SAFE1",196,20
919758,"Toulouse FC","FC Nantes","01/17/2018 18:19:26","Player_DATA_CONFIRMED",197,20
919758,"Toulouse FC","FC Nantes","01/17/2018 18:19:29","AT1",198,20
919758,"Toulouse FC","FC Nantes","01/17/2018 18:19:38","SAFE2",199,20
919758,"Toulouse FC","FC Nantes","01/17/2018 18:19:40","Possible Free Kick",200,20
919758,"Toulouse FC","FC Nantes","01/17/2018 18:19:43","F1",202,20
919758,"Toulouse FC","FC Nantes","01/17/2018 18:19:43","FK2",203,20
919758,"Toulouse FC","FC Nantes","01/17/2018 18:19:43","Ball Position",204,20
919758,"Toulouse FC","FC Nantes","01/17/2018 18:19:45","Restart",205,20
919758,"Toulouse FC","FC Nantes","01/17/2018 18:19:53","SAFE1",206,20
919758,"Toulouse FC","FC Nantes","01/17/2018 18:20:21","AT1",207,21
919758,"Toulouse FC","FC Nantes","01/17/2018 18:20:31","DANGER1",208,21
919758,"Toulouse FC","FC Nantes","01/17/2018 18:20:31","DAT1",209,21
919758,"Toulouse FC","FC Nantes","01/17/2018 18:20:36","SAFE2",210,21
919758,"Toulouse FC","FC Nantes","01/17/2018 18:20:41","Assist",211,21
919758,"Toulouse FC","FC Nantes","01/17/2018 18:20:44","AT2",212,21
919758,"Toulouse FC","FC Nantes","01/17/2018 18:20:54","SAFE1",213,21
919758,"Toulouse FC","FC Nantes","01/17/2018 18:21:00","AT1",214,21
919758,"Toulouse FC","FC Nantes","01/17/2018 18:21:02","DANGER1",215,21
919758,"Toulouse FC","FC Nantes","01/17/2018 18:21:02","DAT1",216,21
919758,"Toulouse FC","FC Nantes","01/17/2018 18:21:26","SAFE2",217,22
919758,"Toulouse FC","FC Nantes","01/17/2018 18:21:32","AT2",218,22
919758,"Toulouse FC","FC Nantes","01/17/2018 18:21:35","DANGER2",219,22
919758,"Toulouse FC","FC Nantes","01/17/2018 18:21:35","DAT2",220,22
919758,"Toulouse FC","FC Nantes","01/17/2018 18:22:01","SAFE1",221,22
919758,"Toulouse FC","FC Nantes","01/17/2018 18:22:04","AT1",222,23
919758,"Toulouse FC","FC Nantes","01/17/2018 18:22:09","POSSIBLE_TI",223,23
919758,"Toulouse FC","FC Nantes","01/17/2018 18:22:10","TI1",224,23
919758,"Toulouse FC","FC Nantes","01/17/2018 18:22:19","Restart",225,23
919758,"Toulouse FC","FC Nantes","01/17/2018 18:22:27","SAFE1",226,23
919758,"Toulouse FC","FC Nantes","01/17/2018 18:22:34","AT1",227,23
919758,"Toulouse FC","FC Nantes","01/17/2018 18:22:36","DANGER1",228,23
919758,"Toulouse FC","FC Nantes","01/17/2018 18:22:36","DAT1",229,23
919758,"Toulouse FC","FC Nantes","01/17/2018 18:22:50","POSSIBLE_TI",230,23
919758,"Toulouse FC","FC Nantes","01/17/2018 18:22:50","TI2",231,23
919758,"Toulouse FC","FC Nantes","01/17/2018 18:23:01","Restart",232,23
919758,"Toulouse FC","FC Nantes","01/17/2018 18:23:04","SAFE2",233,24
919758,"Toulouse FC","FC Nantes","01/17/2018 18:23:16","SAFE1",234,24
919758,"Toulouse FC","FC Nantes","01/17/2018 18:23:18","AT1",235,24
919758,"Toulouse FC","FC Nantes","01/17/2018 18:23:20","DANGER1",236,24
919758,"Toulouse FC","FC Nantes","01/17/2018 18:23:20","DAT1",237,24
919758,"Toulouse FC","FC Nantes","01/17/2018 18:23:27","PCR1",238,24
919758,"Toulouse FC","FC Nantes","01/17/2018 18:23:34","CR1",239,24
919758,"Toulouse FC","FC Nantes","01/17/2018 18:23:35","Ball Position",240,24
919758,"Toulouse FC","FC Nantes","01/17/2018 18:23:45","Restart",241,24
919758,"Toulouse FC","FC Nantes","01/17/2018 18:23:58","SAFE2",242,24
919758,"Toulouse FC","FC Nantes","01/17/2018 18:24:13","SAFE1",243,25
919758,"Toulouse FC","FC Nantes","01/17/2018 18:24:20","AT1",244,25
919758,"Toulouse FC","FC Nantes","01/17/2018 18:24:25","DANGER1",245,25
919758,"Toulouse FC","FC Nantes","01/17/2018 18:24:25","DAT1",246,25
919758,"Toulouse FC","FC Nantes","01/17/2018 18:24:30","SAFE2",247,25
919758,"Toulouse FC","FC Nantes","01/17/2018 18:24:31","GK2",248,25
919758,"Toulouse FC","FC Nantes","01/17/2018 18:24:53","Restart",249,25
919758,"Toulouse FC","FC Nantes","01/17/2018 18:25:02","SAFE1",250,25
919758,"Toulouse FC","FC Nantes","01/17/2018 18:25:10","AT1",251,26
919758,"Toulouse FC","FC Nantes","01/17/2018 18:25:13","DANGER1",252,26
919758,"Toulouse FC","FC Nantes","01/17/2018 18:25:13","DAT1",253,26
919758,"Toulouse FC","FC Nantes","01/17/2018 18:25:39","SAFE1",254,26
919758,"Toulouse FC","FC Nantes","01/17/2018 18:25:41","AT1",255,26
919758,"Toulouse FC","FC Nantes","01/17/2018 18:25:44","DANGER1",256,26
919758,"Toulouse FC","FC Nantes","01/17/2018 18:25:44","DAT1",257,26
919758,"Toulouse FC","FC Nantes","01/17/2018 18:27:30","SAFE2",258,28
919758,"Toulouse FC","FC Nantes","01/17/2018 18:27:34","AT1",259,28
919758,"Toulouse FC","FC Nantes","01/17/2018 18:27:36","DANGER1",260,28
919758,"Toulouse FC","FC Nantes","01/17/2018 18:27:36","DAT1",261,28
919758,"Toulouse FC","FC Nantes","01/17/2018 18:27:42","SHB1",262,28
919758,"Toulouse FC","FC Nantes","01/17/2018 18:27:52","SAFE2",263,28
919758,"Toulouse FC","FC Nantes","01/17/2018 18:27:57","GK2",264,28
919758,"Toulouse FC","FC Nantes","01/17/2018 18:28:08","Restart",265,29
919758,"Toulouse FC","FC Nantes","01/17/2018 18:28:12","POSSIBLE_TI",266,29
919758,"Toulouse FC","FC Nantes","01/17/2018 18:28:13","TI1",267,29
919758,"Toulouse FC","FC Nantes","01/17/2018 18:28:20","Restart",268,29
919758,"Toulouse FC","FC Nantes","01/17/2018 18:28:47","AT1",269,29
919758,"Toulouse FC","FC Nantes","01/17/2018 18:29:03","SAFE1",270,29
919758,"Toulouse FC","FC Nantes","01/17/2018 18:29:36","AT1",271,30
919758,"Toulouse FC","FC Nantes","01/17/2018 18:29:39","DANGER1",272,30
919758,"Toulouse FC","FC Nantes","01/17/2018 18:29:39","DAT1",273,30
919758,"Toulouse FC","FC Nantes","01/17/2018 18:29:43","POSSIBLE_TI",274,30
919758,"Toulouse FC","FC Nantes","01/17/2018 18:29:44","TI1",275,30
919758,"Toulouse FC","FC Nantes","01/17/2018 18:29:48","Restart",276,30
919758,"Toulouse FC","FC Nantes","01/17/2018 18:30:15","SAFE2",277,31
919758,"Toulouse FC","FC Nantes","01/17/2018 18:30:18","Possible Free Kick",278,31
919758,"Toulouse FC","FC Nantes","01/17/2018 18:30:19","F1",280,31
919758,"Toulouse FC","FC Nantes","01/17/2018 18:30:19","FK2",281,31
919758,"Toulouse FC","FC Nantes","01/17/2018 18:30:19","Ball Position",282,31
919758,"Toulouse FC","FC Nantes","01/17/2018 18:30:37","Restart",283,31
919758,"Toulouse FC","FC Nantes","01/17/2018 18:30:43","POSSIBLE_TI",284,31
919758,"Toulouse FC","FC Nantes","01/17/2018 18:30:44","TI1",285,31
919758,"Toulouse FC","FC Nantes","01/17/2018 18:30:46","Restart",286,31
919758,"Toulouse FC","FC Nantes","01/17/2018 18:30:56","AT1",287,31
919758,"Toulouse FC","FC Nantes","01/17/2018 18:31:06","DANGER1",288,32
919758,"Toulouse FC","FC Nantes","01/17/2018 18:31:06","DAT1",289,32
919758,"Toulouse FC","FC Nantes","01/17/2018 18:31:16","POSSIBLE_TI",290,32
919758,"Toulouse FC","FC Nantes","01/17/2018 18:31:17","TI2",291,32
919758,"Toulouse FC","FC Nantes","01/17/2018 18:31:20","Restart",292,32
919758,"Toulouse FC","FC Nantes","01/17/2018 18:31:30","SAFE2",293,32
919758,"Toulouse FC","FC Nantes","01/17/2018 18:31:35","AT2",294,32
919758,"Toulouse FC","FC Nantes","01/17/2018 18:31:41","DANGER2",295,32
919758,"Toulouse FC","FC Nantes","01/17/2018 18:31:41","DAT2",296,32
919758,"Toulouse FC","FC Nantes","01/17/2018 18:31:54","SAFE1",297,32
919758,"Toulouse FC","FC Nantes","01/17/2018 18:31:55","Possible Free Kick",298,32
919758,"Toulouse FC","FC Nantes","01/17/2018 18:31:58","F2",300,32
919758,"Toulouse FC","FC Nantes","01/17/2018 18:31:58","FK1",301,32
919758,"Toulouse FC","FC Nantes","01/17/2018 18:31:58","Ball Position",302,32
919758,"Toulouse FC","FC Nantes","01/17/2018 18:32:08","Restart",303,33
919758,"Toulouse FC","FC Nantes","01/17/2018 18:32:30","POSSIBLE_TI",304,33
919758,"Toulouse FC","FC Nantes","01/17/2018 18:32:31","TI1",305,33
919758,"Toulouse FC","FC Nantes","01/17/2018 18:32:33","Restart",306,33
919758,"Toulouse FC","FC Nantes","01/17/2018 18:32:43","AT1",307,33
919758,"Toulouse FC","FC Nantes","01/17/2018 18:32:53","DANGER1",308,33
919758,"Toulouse FC","FC Nantes","01/17/2018 18:32:53","DAT1",309,33
919758,"Toulouse FC","FC Nantes","01/17/2018 18:32:59","SAFE2",310,33
919758,"Toulouse FC","FC Nantes","01/17/2018 18:33:01","Possible Free Kick",311,33
919758,"Toulouse FC","FC Nantes","01/17/2018 18:33:06","O1",313,34
919758,"Toulouse FC","FC Nantes","01/17/2018 18:33:06","FK2",314,34
919758,"Toulouse FC","FC Nantes","01/17/2018 18:33:06","Ball Position",315,34
919758,"Toulouse FC","FC Nantes","01/17/2018 18:33:20","Restart",316,34
919758,"Toulouse FC","FC Nantes","01/17/2018 18:33:45","AT1",317,34
919758,"Toulouse FC","FC Nantes","01/17/2018 18:34:02","DANGER1",318,34
919758,"Toulouse FC","FC Nantes","01/17/2018 18:34:02","DAT1",319,34
919758,"Toulouse FC","FC Nantes","01/17/2018 18:34:13","SAFE2",320,35
919758,"Toulouse FC","FC Nantes","01/17/2018 18:34:17","AT2",321,35
919758,"Toulouse FC","FC Nantes","01/17/2018 18:34:23","DANGER2",322,35
919758,"Toulouse FC","FC Nantes","01/17/2018 18:34:23","DAT2",323,35
919758,"Toulouse FC","FC Nantes","01/17/2018 18:34:36","SHG2",324,35
919758,"Toulouse FC","FC Nantes","01/17/2018 18:34:38","SHB2",325,35
919758,"Toulouse FC","FC Nantes","01/17/2018 18:34:44","SAFE1",326,35
919758,"Toulouse FC","FC Nantes","01/17/2018 18:34:46","GK1",327,35
919758,"Toulouse FC","FC Nantes","01/17/2018 18:34:56","Restart",328,35
919758,"Toulouse FC","FC Nantes","01/17/2018 18:35:12","AT1",329,36
919758,"Toulouse FC","FC Nantes","01/17/2018 18:35:16","DANGER1",330,36
919758,"Toulouse FC","FC Nantes","01/17/2018 18:35:16","DAT1",331,36
919758,"Toulouse FC","FC Nantes","01/17/2018 18:35:42","SAFE2",332,36
919758,"Toulouse FC","FC Nantes","01/17/2018 18:35:46","Possible Free Kick",333,36
919758,"Toulouse FC","FC Nantes","01/17/2018 18:35:47","F1",335,36
919758,"Toulouse FC","FC Nantes","01/17/2018 18:35:47","FK2",336,36
919758,"Toulouse FC","FC Nantes","01/17/2018 18:35:47","Ball Position",337,36
919758,"Toulouse FC","FC Nantes","01/17/2018 18:36:11","Restart",338,37
919758,"Toulouse FC","FC Nantes","01/17/2018 18:36:18","POSSIBLE_TI",339,37
919758,"Toulouse FC","FC Nantes","01/17/2018 18:36:19","TI2",340,37
919758,"Toulouse FC","FC Nantes","01/17/2018 18:36:26","Restart",341,37
919758,"Toulouse FC","FC Nantes","01/17/2018 18:36:28","AT2",342,37
919758,"Toulouse FC","FC Nantes","01/17/2018 18:36:38","SAFE1",343,37
919758,"Toulouse FC","FC Nantes","01/17/2018 18:36:43","AT1",344,37
919758,"Toulouse FC","FC Nantes","01/17/2018 18:36:47","POSSIBLE_TI",345,37
919758,"Toulouse FC","FC Nantes","01/17/2018 18:36:48","TI1",346,37
919758,"Toulouse FC","FC Nantes","01/17/2018 18:36:50","Restart",347,37
919758,"Toulouse FC","FC Nantes","01/17/2018 18:37:04","DANGER1",348,38
919758,"Toulouse FC","FC Nantes","01/17/2018 18:37:04","DAT1",349,38
919758,"Toulouse FC","FC Nantes","01/17/2018 18:37:31","SAFE2",350,38
919758,"Toulouse FC","FC Nantes","01/17/2018 18:37:39","AT2",351,38
919758,"Toulouse FC","FC Nantes","01/17/2018 18:37:44","DANGER2",352,38
919758,"Toulouse FC","FC Nantes","01/17/2018 18:37:44","DAT2",353,38
919758,"Toulouse FC","FC Nantes","01/17/2018 18:37:55","SAFE1",354,38
919758,"Toulouse FC","FC Nantes","01/17/2018 18:38:00","POSSIBLE_CARDS",355,38
919758,"Toulouse FC","FC Nantes","01/17/2018 18:38:03","YC2",356,38
919758,"Toulouse FC","FC Nantes","01/17/2018 18:38:05","CONF_YC2",357,39
919758,"Toulouse FC","FC Nantes","01/17/2018 18:38:06","Scorer",358,39
919758,"Toulouse FC","FC Nantes","01/17/2018 18:38:16","Possible Free Kick",359,39
919758,"Toulouse FC","FC Nantes","01/17/2018 18:38:18","F2",361,39
919758,"Toulouse FC","FC Nantes","01/17/2018 18:38:18","FK1",362,39
919758,"Toulouse FC","FC Nantes","01/17/2018 18:38:18","Ball Position",363,39
919758,"Toulouse FC","FC Nantes","01/17/2018 18:38:19","Scorer",364,39
919758,"Toulouse FC","FC Nantes","01/17/2018 18:38:19","Player_DATA_CONFIRMED",365,39
919758,"Toulouse FC","FC Nantes","01/17/2018 18:38:25","Restart",366,39
919758,"Toulouse FC","FC Nantes","01/17/2018 18:38:37","POSSIBLE_TI",367,39
919758,"Toulouse FC","FC Nantes","01/17/2018 18:38:39","TI2",368,39
919758,"Toulouse FC","FC Nantes","01/17/2018 18:38:45","Restart",369,39
919758,"Toulouse FC","FC Nantes","01/17/2018 18:38:53","Possible Free Kick",370,39
919758,"Toulouse FC","FC Nantes","01/17/2018 18:39:01","F1",372,39
919758,"Toulouse FC","FC Nantes","01/17/2018 18:39:01","FK2",373,39
919758,"Toulouse FC","FC Nantes","01/17/2018 18:39:01","DANGER2",374,39
919758,"Toulouse FC","FC Nantes","01/17/2018 18:39:01","DFK2",375,39
919758,"Toulouse FC","FC Nantes","01/17/2018 18:39:01","Ball Position",376,39
919758,"Toulouse FC","FC Nantes","01/17/2018 18:39:02","Restart",377,39
919758,"Toulouse FC","FC Nantes","01/17/2018 18:39:18","SAFE1",378,40
919758,"Toulouse FC","FC Nantes","01/17/2018 18:39:29","Possible Free Kick",379,40
919758,"Toulouse FC","FC Nantes","01/17/2018 18:39:31","F2",381,40
919758,"Toulouse FC","FC Nantes","01/17/2018 18:39:31","FK1",382,40
919758,"Toulouse FC","FC Nantes","01/17/2018 18:39:31","Ball Position",383,40
919758,"Toulouse FC","FC Nantes","01/17/2018 18:39:34","Restart",384,40
919758,"Toulouse FC","FC Nantes","01/17/2018 18:39:44","AT2",385,40
919758,"Toulouse FC","FC Nantes","01/17/2018 18:39:47","DANGER2",386,40
919758,"Toulouse FC","FC Nantes","01/17/2018 18:39:47","DAT2",387,40
919758,"Toulouse FC","FC Nantes","01/17/2018 18:40:32","POSSIBLE_CARDS",388,41
919758,"Toulouse FC","FC Nantes","01/17/2018 18:40:33","YC1",389,41
919758,"Toulouse FC","FC Nantes","01/17/2018 18:40:39","CONF_YC1",390,41
919758,"Toulouse FC","FC Nantes","01/17/2018 18:40:40","Scorer",391,41
919758,"Toulouse FC","FC Nantes","01/17/2018 18:40:51","Injury Break",392,41
919758,"Toulouse FC","FC Nantes","01/17/2018 18:40:56","Possible Free Kick",393,41
919758,"Toulouse FC","FC Nantes","01/17/2018 18:40:57","Restart",395,41
919758,"Toulouse FC","FC Nantes","01/17/2018 18:40:57","F1",396,41
919758,"Toulouse FC","FC Nantes","01/17/2018 18:40:57","FK2",397,41
919758,"Toulouse FC","FC Nantes","01/17/2018 18:40:57","DFK2",398,41
919758,"Toulouse FC","FC Nantes","01/17/2018 18:40:57","Ball Position",399,41
919758,"Toulouse FC","FC Nantes","01/17/2018 18:41:56","Restart",400,42
919758,"Toulouse FC","FC Nantes","01/17/2018 18:42:01","SHB2",401,42
919758,"Toulouse FC","FC Nantes","01/17/2018 18:42:04","SAFE1",402,43
919758,"Toulouse FC","FC Nantes","01/17/2018 18:42:05","GK1",403,43
919758,"Toulouse FC","FC Nantes","01/17/2018 18:42:08","Restart",404,43
919758,"Toulouse FC","FC Nantes","01/17/2018 18:42:17","AT1",405,43
919758,"Toulouse FC","FC Nantes","01/17/2018 18:42:38","DANGER1",406,43
919758,"Toulouse FC","FC Nantes","01/17/2018 18:42:38","DAT1",407,43
919758,"Toulouse FC","FC Nantes","01/17/2018 18:42:54","SAFE2",408,43
919758,"Toulouse FC","FC Nantes","01/17/2018 18:42:55","GK2",409,43
919758,"Toulouse FC","FC Nantes","01/17/2018 18:43:19","Restart",410,44
919758,"Toulouse FC","FC Nantes","01/17/2018 18:43:33","POSSIBLE_TI",411,44
919758,"Toulouse FC","FC Nantes","01/17/2018 18:43:34","TI1",412,44
919758,"Toulouse FC","FC Nantes","01/17/2018 18:43:36","Restart",413,44
919758,"Toulouse FC","FC Nantes","01/17/2018 18:43:37","AT1",414,44
919758,"Toulouse FC","FC Nantes","01/17/2018 18:43:48","DANGER1",415,44
919758,"Toulouse FC","FC Nantes","01/17/2018 18:43:48","DAT1",416,44
919758,"Toulouse FC","FC Nantes","01/17/2018 18:44:13","SAFE1",417,45
919758,"Toulouse FC","FC Nantes","01/17/2018 18:44:16","Possible Free Kick",418,45
919758,"Toulouse FC","FC Nantes","01/17/2018 18:44:17","F2",420,45
919758,"Toulouse FC","FC Nantes","01/17/2018 18:44:17","FK1",421,45
919758,"Toulouse FC","FC Nantes","01/17/2018 18:44:17","DANGER1",422,45
919758,"Toulouse FC","FC Nantes","01/17/2018 18:44:17","DFK1",423,45
919758,"Toulouse FC","FC Nantes","01/17/2018 18:44:17","Ball Position",424,45
919758,"Toulouse FC","FC Nantes","01/17/2018 18:44:28","Restart",425,45
919758,"Toulouse FC","FC Nantes","01/17/2018 18:44:51","SAFE1",426,45
919758,"Toulouse FC","FC Nantes","01/17/2018 18:45:03","Extra Time",427,45
919758,"Toulouse FC","FC Nantes","01/17/2018 18:45:06","AT1",428,46
919758,"Toulouse FC","FC Nantes","01/17/2018 18:45:17","SAFE2",429,46
919758,"Toulouse FC","FC Nantes","01/17/2018 18:45:19","SAFE1",430,46
919758,"Toulouse FC","FC Nantes","01/17/2018 18:45:20","POSSIBLE_TI",431,46
919758,"Toulouse FC","FC Nantes","01/17/2018 18:45:22","TI1",432,46
919758,"Toulouse FC","FC Nantes","01/17/2018 18:45:24","Restart",433,46
919758,"Toulouse FC","FC Nantes","01/17/2018 18:45:32","SAFE2",434,46
919758,"Toulouse FC","FC Nantes","01/17/2018 18:45:33","POSSIBLE_TI",435,46
919758,"Toulouse FC","FC Nantes","01/17/2018 18:45:36","TI2",436,46
919758,"Toulouse FC","FC Nantes","01/17/2018 18:45:45","Restart",437,46
919758,"Toulouse FC","FC Nantes","01/17/2018 18:45:51","AT2",438,46
919758,"Toulouse FC","FC Nantes","01/17/2018 18:45:55","SAFE1",439,46
919758,"Toulouse FC","FC Nantes","01/17/2018 18:46:05","Stop RT1",440,46
919758,"Toulouse FC","FC Nantes","01/17/2018 18:47:57","CONF_PERIOD_SCORE",441,45
919758,"Toulouse FC","FC Nantes","01/17/2018 18:52:07","Scorer",442,45
919758,"Toulouse FC","FC Nantes","01/17/2018 18:52:07","Player_DATA_CONFIRMED",443,45
919758,"Toulouse FC","FC Nantes","01/17/2018 19:00:32","Players are coming out",444,45
919758,"Toulouse FC","FC Nantes","01/17/2018 19:01:01","SUB2",445,45
919758,"Toulouse FC","FC Nantes","01/17/2018 19:01:02","Game about to start",446,45
919758,"Toulouse FC","FC Nantes","01/17/2018 19:01:20","Player_DATA_CONFIRMED",447,45
919758,"Toulouse FC","FC Nantes","01/17/2018 19:01:27","Start RT2 Team 2",448,46
919758,"Toulouse FC","FC Nantes","01/17/2018 19:01:53","AT1",449,46
919758,"Toulouse FC","FC Nantes","01/17/2018 19:01:54","DANGER1",450,46
919758,"Toulouse FC","FC Nantes","01/17/2018 19:01:54","DAT1",451,46
919758,"Toulouse FC","FC Nantes","01/17/2018 19:02:01","SAFE2",452,46
919758,"Toulouse FC","FC Nantes","01/17/2018 19:02:18","AT2",453,46
919758,"Toulouse FC","FC Nantes","01/17/2018 19:02:34","SAFE1",454,47
919758,"Toulouse FC","FC Nantes","01/17/2018 19:02:35","Possible Free Kick",455,47
919758,"Toulouse FC","FC Nantes","01/17/2018 19:02:36","F2",457,47
919758,"Toulouse FC","FC Nantes","01/17/2018 19:02:36","FK1",458,47
919758,"Toulouse FC","FC Nantes","01/17/2018 19:02:36","Ball Position",459,47
919758,"Toulouse FC","FC Nantes","01/17/2018 19:02:46","Restart",460,47
919758,"Toulouse FC","FC Nantes","01/17/2018 19:03:09","AT1",461,47
919758,"Toulouse FC","FC Nantes","01/17/2018 19:03:18","POSSIBLE_TI",462,47
919758,"Toulouse FC","FC Nantes","01/17/2018 19:03:22","TI1",463,47
919758,"Toulouse FC","FC Nantes","01/17/2018 19:03:24","DANGER1",464,47
919758,"Toulouse FC","FC Nantes","01/17/2018 19:03:24","DAT1",465,47
919758,"Toulouse FC","FC Nantes","01/17/2018 19:03:25","Restart",466,47
919758,"Toulouse FC","FC Nantes","01/17/2018 19:03:39","BLOCKED1",467,48
919758,"Toulouse FC","FC Nantes","01/17/2018 19:03:44","SAFE2",468,48
919758,"Toulouse FC","FC Nantes","01/17/2018 19:03:47","Possible Free Kick",469,48
919758,"Toulouse FC","FC Nantes","01/17/2018 19:03:48","F1",471,48
919758,"Toulouse FC","FC Nantes","01/17/2018 19:03:48","FK2",472,48
919758,"Toulouse FC","FC Nantes","01/17/2018 19:03:48","Ball Position",473,48
919758,"Toulouse FC","FC Nantes","01/17/2018 19:04:03","Restart",474,48
919758,"Toulouse FC","FC Nantes","01/17/2018 19:04:06","AT2",475,48
919758,"Toulouse FC","FC Nantes","01/17/2018 19:04:12","DANGER2",476,48
919758,"Toulouse FC","FC Nantes","01/17/2018 19:04:12","DAT2",477,48
919758,"Toulouse FC","FC Nantes","01/17/2018 19:04:17","SAFE1",478,48
919758,"Toulouse FC","FC Nantes","01/17/2018 19:04:36","POSSIBLE_TI",479,49
919758,"Toulouse FC","FC Nantes","01/17/2018 19:04:39","TI1",480,49
919758,"Toulouse FC","FC Nantes","01/17/2018 19:04:54","Restart",481,49
919758,"Toulouse FC","FC Nantes","01/17/2018 19:04:55","SAFE1",482,49
919758,"Toulouse FC","FC Nantes","01/17/2018 19:05:11","AT1",483,49
919758,"Toulouse FC","FC Nantes","01/17/2018 19:05:12","DANGER1",484,49
919758,"Toulouse FC","FC Nantes","01/17/2018 19:05:12","DAT1",485,49
919758,"Toulouse FC","FC Nantes","01/17/2018 19:05:17","SHB1",486,49
919758,"Toulouse FC","FC Nantes","01/17/2018 19:05:25","SAFE2",487,49
919758,"Toulouse FC","FC Nantes","01/17/2018 19:05:26","GK2",488,49
919758,"Toulouse FC","FC Nantes","01/17/2018 19:05:36","Restart",489,50
919758,"Toulouse FC","FC Nantes","01/17/2018 19:05:42","SAFE1",490,50
919758,"Toulouse FC","FC Nantes","01/17/2018 19:05:43","POSSIBLE_TI",491,50
919758,"Toulouse FC","FC Nantes","01/17/2018 19:05:44","TI1",492,50
919758,"Toulouse FC","FC Nantes","01/17/2018 19:05:45","Restart",493,50
919758,"Toulouse FC","FC Nantes","01/17/2018 19:05:59","AT1",494,50
919758,"Toulouse FC","FC Nantes","01/17/2018 19:06:07","SAFE2",495,50
919758,"Toulouse FC","FC Nantes","01/17/2018 19:06:13","Possible Free Kick",496,50
919758,"Toulouse FC","FC Nantes","01/17/2018 19:06:14","F1",498,50
919758,"Toulouse FC","FC Nantes","01/17/2018 19:06:14","FK2",499,50
919758,"Toulouse FC","FC Nantes","01/17/2018 19:06:14","Ball Position",500,50
919758,"Toulouse FC","FC Nantes","01/17/2018 19:06:24","Restart",501,50
919758,"Toulouse FC","FC Nantes","01/17/2018 19:06:31","AT2",502,51
919758,"Toulouse FC","FC Nantes","01/17/2018 19:06:36","DANGER2",503,51
919758,"Toulouse FC","FC Nantes","01/17/2018 19:06:36","DAT2",504,51
919758,"Toulouse FC","FC Nantes","01/17/2018 19:06:59","SAFE2",505,51
919758,"Toulouse FC","FC Nantes","01/17/2018 19:07:03","AT2",506,51
919758,"Toulouse FC","FC Nantes","01/17/2018 19:07:10","SAFE1",507,51
919758,"Toulouse FC","FC Nantes","01/17/2018 19:07:20","SAFE2",508,51
919758,"Toulouse FC","FC Nantes","01/17/2018 19:07:27","POSSIBLE_TI",509,52
919758,"Toulouse FC","FC Nantes","01/17/2018 19:07:28","TI1",510,52
919758,"Toulouse FC","FC Nantes","01/17/2018 19:07:30","Restart",511,52
919758,"Toulouse FC","FC Nantes","01/17/2018 19:07:55","AT1",512,52
919758,"Toulouse FC","FC Nantes","01/17/2018 19:07:57","SAFE2",513,52
919758,"Toulouse FC","FC Nantes","01/17/2018 19:08:11","AT2",514,52
919758,"Toulouse FC","FC Nantes","01/17/2018 19:08:17","SAFE1",515,52
919758,"Toulouse FC","FC Nantes","01/17/2018 19:08:18","AT1",516,52
919758,"Toulouse FC","FC Nantes","01/17/2018 19:08:21","DANGER1",517,52
919758,"Toulouse FC","FC Nantes","01/17/2018 19:08:21","DAT1",518,52
919758,"Toulouse FC","FC Nantes","01/17/2018 19:08:46","SAFE2",519,53
919758,"Toulouse FC","FC Nantes","01/17/2018 19:08:49","Possible Free Kick",520,53
919758,"Toulouse FC","FC Nantes","01/17/2018 19:08:50","F1",522,53
919758,"Toulouse FC","FC Nantes","01/17/2018 19:08:50","FK2",523,53
919758,"Toulouse FC","FC Nantes","01/17/2018 19:08:50","Ball Position",524,53
919758,"Toulouse FC","FC Nantes","01/17/2018 19:09:06","Restart",525,53
919758,"Toulouse FC","FC Nantes","01/17/2018 19:09:11","SAFE1",526,53
919758,"Toulouse FC","FC Nantes","01/17/2018 19:09:17","AT1",527,53
919758,"Toulouse FC","FC Nantes","01/17/2018 19:09:24","SAFE2",528,53
919758,"Toulouse FC","FC Nantes","01/17/2018 19:09:26","AT2",529,53
919758,"Toulouse FC","FC Nantes","01/17/2018 19:09:28","DANGER2",530,54
919758,"Toulouse FC","FC Nantes","01/17/2018 19:09:28","DAT2",531,54
919758,"Toulouse FC","FC Nantes","01/17/2018 19:09:36","SAFE1",532,54
919758,"Toulouse FC","FC Nantes","01/17/2018 19:09:37","Possible Free Kick",533,54
919758,"Toulouse FC","FC Nantes","01/17/2018 19:09:39","O2",535,54
919758,"Toulouse FC","FC Nantes","01/17/2018 19:09:39","FK1",536,54
919758,"Toulouse FC","FC Nantes","01/17/2018 19:09:39","Ball Position",537,54
919758,"Toulouse FC","FC Nantes","01/17/2018 19:09:57","Restart",538,54
919758,"Toulouse FC","FC Nantes","01/17/2018 19:10:10","POSSIBLE_CARDS",539,54
919758,"Toulouse FC","FC Nantes","01/17/2018 19:10:15","YC2",540,54
919758,"Toulouse FC","FC Nantes","01/17/2018 19:10:16","CONF_YC2",541,54
919758,"Toulouse FC","FC Nantes","01/17/2018 19:10:17","Scorer",542,54
919758,"Toulouse FC","FC Nantes","01/17/2018 19:10:25","Possible Free Kick",543,54
919758,"Toulouse FC","FC Nantes","01/17/2018 19:10:27","F2",545,54
919758,"Toulouse FC","FC Nantes","01/17/2018 19:10:27","FK1",546,54
919758,"Toulouse FC","FC Nantes","01/17/2018 19:10:27","DANGER1",547,54
919758,"Toulouse FC","FC Nantes","01/17/2018 19:10:27","DFK1",548,54
919758,"Toulouse FC","FC Nantes","01/17/2018 19:10:27","Ball Position",549,54
919758,"Toulouse FC","FC Nantes","01/17/2018 19:10:32","Scorer",550,55
919758,"Toulouse FC","FC Nantes","01/17/2018 19:10:33","Player_DATA_CONFIRMED",551,55
919758,"Toulouse FC","FC Nantes","01/17/2018 19:10:49","Restart",552,55
919758,"Toulouse FC","FC Nantes","01/17/2018 19:11:02","SHG1",553,55
919758,"Toulouse FC","FC Nantes","01/17/2018 19:11:05","SAFE2",554,55
919758,"Toulouse FC","FC Nantes","01/17/2018 19:11:09","AT2",555,55
919758,"Toulouse FC","FC Nantes","01/17/2018 19:11:18","SAFE1",556,55
919758,"Toulouse FC","FC Nantes","01/17/2018 19:11:29","AT1",557,56
919758,"Toulouse FC","FC Nantes","01/17/2018 19:11:39","DANGER1",558,56
919758,"Toulouse FC","FC Nantes","01/17/2018 19:11:39","DAT1",559,56
919758,"Toulouse FC","FC Nantes","01/17/2018 19:11:44","SHB1",560,56
919758,"Toulouse FC","FC Nantes","01/17/2018 19:11:45","SAFE2",561,56
919758,"Toulouse FC","FC Nantes","01/17/2018 19:11:49","GK2",562,56
919758,"Toulouse FC","FC Nantes","01/17/2018 19:12:13","SUB1",563,56
919758,"Toulouse FC","FC Nantes","01/17/2018 19:12:32","Player_DATA_CONFIRMED",564,57
919758,"Toulouse FC","FC Nantes","01/17/2018 19:12:33","Restart",565,57
919758,"Toulouse FC","FC Nantes","01/17/2018 19:12:46","SAFE1",566,57
919758,"Toulouse FC","FC Nantes","01/17/2018 19:13:12","AT2",567,57
919758,"Toulouse FC","FC Nantes","01/17/2018 19:13:13","DANGER2",568,57
919758,"Toulouse FC","FC Nantes","01/17/2018 19:13:13","DAT2",569,57
919758,"Toulouse FC","FC Nantes","01/17/2018 19:13:15","POSSIBLE_TI",570,57
919758,"Toulouse FC","FC Nantes","01/17/2018 19:13:16","TI2",571,57
919758,"Toulouse FC","FC Nantes","01/17/2018 19:13:17","Restart",572,57
919758,"Toulouse FC","FC Nantes","01/17/2018 19:13:26","SAFE1",573,57
919758,"Toulouse FC","FC Nantes","01/17/2018 19:13:27","AT1",574,58
919758,"Toulouse FC","FC Nantes","01/17/2018 19:13:29","DANGER1",575,58
919758,"Toulouse FC","FC Nantes","01/17/2018 19:13:29","DAT1",576,58
919758,"Toulouse FC","FC Nantes","01/17/2018 19:13:32","POSSIBLE_TI",577,58
919758,"Toulouse FC","FC Nantes","01/17/2018 19:13:33","TI1",578,58
919758,"Toulouse FC","FC Nantes","01/17/2018 19:13:38","Restart",579,58
919758,"Toulouse FC","FC Nantes","01/17/2018 19:13:39","SAFE1",580,58
919758,"Toulouse FC","FC Nantes","01/17/2018 19:13:46","AT1",581,58
919758,"Toulouse FC","FC Nantes","01/17/2018 19:13:57","SAFE2",582,58
919758,"Toulouse FC","FC Nantes","01/17/2018 19:14:02","Possible Free Kick",583,58
919758,"Toulouse FC","FC Nantes","01/17/2018 19:14:03","F1",585,58
919758,"Toulouse FC","FC Nantes","01/17/2018 19:14:03","FK2",586,58
919758,"Toulouse FC","FC Nantes","01/17/2018 19:14:03","Ball Position",587,58
919758,"Toulouse FC","FC Nantes","01/17/2018 19:14:20","Restart",588,58
919758,"Toulouse FC","FC Nantes","01/17/2018 19:14:26","SAFE1",589,58
919758,"Toulouse FC","FC Nantes","01/17/2018 19:14:27","POSSIBLE_TI",590,59
919758,"Toulouse FC","FC Nantes","01/17/2018 19:14:28","TI1",591,59
919758,"Toulouse FC","FC Nantes","01/17/2018 19:14:29","Restart",592,59
919758,"Toulouse FC","FC Nantes","01/17/2018 19:15:04","AT1",593,59
919758,"Toulouse FC","FC Nantes","01/17/2018 19:15:24","DANGER1",594,59
919758,"Toulouse FC","FC Nantes","01/17/2018 19:15:24","DAT1",595,59
919758,"Toulouse FC","FC Nantes","01/17/2018 19:15:35","SAFE1",596,60
919758,"Toulouse FC","FC Nantes","01/17/2018 19:16:02","POSSIBLE_CARDS",597,60
919758,"Toulouse FC","FC Nantes","01/17/2018 19:16:03","YC1",598,60
919758,"Toulouse FC","FC Nantes","01/17/2018 19:16:05","CONF_YC1",599,60
919758,"Toulouse FC","FC Nantes","01/17/2018 19:16:06","Scorer",600,60
919758,"Toulouse FC","FC Nantes","01/17/2018 19:16:11","Injury Break",601,60
919758,"Toulouse FC","FC Nantes","01/17/2018 19:16:15","Possible Free Kick",602,60
919758,"Toulouse FC","FC Nantes","01/17/2018 19:16:16","Restart",604,60
919758,"Toulouse FC","FC Nantes","01/17/2018 19:16:16","F1",605,60
919758,"Toulouse FC","FC Nantes","01/17/2018 19:16:16","FK2",606,60
919758,"Toulouse FC","FC Nantes","01/17/2018 19:16:16","DANGER2",607,60
919758,"Toulouse FC","FC Nantes","01/17/2018 19:16:16","DFK2",608,60
919758,"Toulouse FC","FC Nantes","01/17/2018 19:16:16","Ball Position",609,60
919758,"Toulouse FC","FC Nantes","01/17/2018 19:16:26","Scorer",610,60
919758,"Toulouse FC","FC Nantes","01/17/2018 19:16:26","Player_DATA_CONFIRMED",611,60
919758,"Toulouse FC","FC Nantes","01/17/2018 19:16:33","Restart",612,61
919758,"Toulouse FC","FC Nantes","01/17/2018 19:16:45","SAFE1",613,61
919758,"Toulouse FC","FC Nantes","01/17/2018 19:16:49","Possible Free Kick",614,61
919758,"Toulouse FC","FC Nantes","01/17/2018 19:16:50","F2",616,61
919758,"Toulouse FC","FC Nantes","01/17/2018 19:16:50","FK1",617,61
919758,"Toulouse FC","FC Nantes","01/17/2018 19:16:50","Ball Position",618,61
919758,"Toulouse FC","FC Nantes","01/17/2018 19:16:52","Restart",619,61
919758,"Toulouse FC","FC Nantes","01/17/2018 19:16:59","AT1",620,61
919758,"Toulouse FC","FC Nantes","01/17/2018 19:17:01","DANGER1",621,61
919758,"Toulouse FC","FC Nantes","01/17/2018 19:17:01","DAT1",622,61
919758,"Toulouse FC","FC Nantes","01/17/2018 19:17:12","SAFE2",623,61
919758,"Toulouse FC","FC Nantes","01/17/2018 19:17:16","AT2",624,61
919758,"Toulouse FC","FC Nantes","01/17/2018 19:17:24","DANGER2",625,61
919758,"Toulouse FC","FC Nantes","01/17/2018 19:17:24","DAT2",626,61
919758,"Toulouse FC","FC Nantes","01/17/2018 19:17:43","SAFE1",627,62
919758,"Toulouse FC","FC Nantes","01/17/2018 19:17:51","SAFE2",628,62
919758,"Toulouse FC","FC Nantes","01/17/2018 19:17:55","AT2",629,62
919758,"Toulouse FC","FC Nantes","01/17/2018 19:17:59","POSSIBLE_TI",630,62
919758,"Toulouse FC","FC Nantes","01/17/2018 19:18:00","TI2",631,62
919758,"Toulouse FC","FC Nantes","01/17/2018 19:18:02","Restart",632,62
919758,"Toulouse FC","FC Nantes","01/17/2018 19:18:05","DANGER2",633,62
919758,"Toulouse FC","FC Nantes","01/17/2018 19:18:05","DAT2",634,62
919758,"Toulouse FC","FC Nantes","01/17/2018 19:18:12","SAFE1",635,62
919758,"Toulouse FC","FC Nantes","01/17/2018 19:18:25","AT1",636,62
919758,"Toulouse FC","FC Nantes","01/17/2018 19:18:29","DANGER1",637,63
919758,"Toulouse FC","FC Nantes","01/17/2018 19:18:29","DAT1",638,63
919758,"Toulouse FC","FC Nantes","01/17/2018 19:18:42","SAFE2",639,63
919758,"Toulouse FC","FC Nantes","01/17/2018 19:18:48","Possible Free Kick",640,63
919758,"Toulouse FC","FC Nantes","01/17/2018 19:18:50","F1",642,63
919758,"Toulouse FC","FC Nantes","01/17/2018 19:18:50","FK2",643,63
919758,"Toulouse FC","FC Nantes","01/17/2018 19:18:50","Ball Position",644,63
919758,"Toulouse FC","FC Nantes","01/17/2018 19:19:09","SUB2",645,63
919758,"Toulouse FC","FC Nantes","01/17/2018 19:19:24","SUB1",646,63
919758,"Toulouse FC","FC Nantes","01/17/2018 19:19:24","Player_DATA_CONFIRMED",647,63
919758,"Toulouse FC","FC Nantes","01/17/2018 19:19:34","Restart",648,64
919758,"Toulouse FC","FC Nantes","01/17/2018 19:19:41","Player_DATA_CONFIRMED",649,64
919758,"Toulouse FC","FC Nantes","01/17/2018 19:19:50","SAFE2",650,64
919758,"Toulouse FC","FC Nantes","01/17/2018 19:19:51","Possible Free Kick",651,64
919758,"Toulouse FC","FC Nantes","01/17/2018 19:19:52","F1",653,64
919758,"Toulouse FC","FC Nantes","01/17/2018 19:19:52","FK2",654,64
919758,"Toulouse FC","FC Nantes","01/17/2018 19:19:52","Ball Position",655,64
919758,"Toulouse FC","FC Nantes","01/17/2018 19:20:02","Injury Break",656,64
919758,"Toulouse FC","FC Nantes","01/17/2018 19:21:05","Restart",657,65
919758,"Toulouse FC","FC Nantes","01/17/2018 19:21:31","SAFE1",658,66
919758,"Toulouse FC","FC Nantes","01/17/2018 19:21:44","AT1",659,66
919758,"Toulouse FC","FC Nantes","01/17/2018 19:21:49","DANGER1",660,66
919758,"Toulouse FC","FC Nantes","01/17/2018 19:21:49","DAT1",661,66
919758,"Toulouse FC","FC Nantes","01/17/2018 19:21:57","SAFE1",662,66
919758,"Toulouse FC","FC Nantes","01/17/2018 19:22:16","AT1",663,66
919758,"Toulouse FC","FC Nantes","01/17/2018 19:22:18","DANGER1",664,66
919758,"Toulouse FC","FC Nantes","01/17/2018 19:22:18","DAT1",665,66
919758,"Toulouse FC","FC Nantes","01/17/2018 19:22:23","SAFE2",666,66
919758,"Toulouse FC","FC Nantes","01/17/2018 19:22:40","AT2",667,67
919758,"Toulouse FC","FC Nantes","01/17/2018 19:22:41","DANGER2",668,67
919758,"Toulouse FC","FC Nantes","01/17/2018 19:22:41","DAT2",669,67
919758,"Toulouse FC","FC Nantes","01/17/2018 19:22:57","SHB2",670,67
919758,"Toulouse FC","FC Nantes","01/17/2018 19:22:59","POSSIBLE_TI",671,67
919758,"Toulouse FC","FC Nantes","01/17/2018 19:23:03","TI1",672,67
919758,"Toulouse FC","FC Nantes","01/17/2018 19:23:18","Restart",673,67
919758,"Toulouse FC","FC Nantes","01/17/2018 19:23:52","SAFE1",674,68
919758,"Toulouse FC","FC Nantes","01/17/2018 19:23:53","AT1",675,68
919758,"Toulouse FC","FC Nantes","01/17/2018 19:23:56","DANGER1",676,68
919758,"Toulouse FC","FC Nantes","01/17/2018 19:23:56","DAT1",677,68
919758,"Toulouse FC","FC Nantes","01/17/2018 19:24:04","SAFE2",678,68
919758,"Toulouse FC","FC Nantes","01/17/2018 19:24:12","AT2",679,68
919758,"Toulouse FC","FC Nantes","01/17/2018 19:24:15","DANGER2",680,68
919758,"Toulouse FC","FC Nantes","01/17/2018 19:24:15","DAT2",681,68
919758,"Toulouse FC","FC Nantes","01/17/2018 19:24:38","PCR2",682,69
919758,"Toulouse FC","FC Nantes","01/17/2018 19:24:48","CR2",683,69
919758,"Toulouse FC","FC Nantes","01/17/2018 19:24:54","Ball Position",684,69
919758,"Toulouse FC","FC Nantes","01/17/2018 19:25:13","Restart",685,69
919758,"Toulouse FC","FC Nantes","01/17/2018 19:25:15","SAFE1",686,69
919758,"Toulouse FC","FC Nantes","01/17/2018 19:25:20","AT1",687,69
919758,"Toulouse FC","FC Nantes","01/17/2018 19:25:25","SAFE2",688,69
919758,"Toulouse FC","FC Nantes","01/17/2018 19:25:26","GK2",689,69
919758,"Toulouse FC","FC Nantes","01/17/2018 19:25:51","SUB1",690,70
919758,"Toulouse FC","FC Nantes","01/17/2018 19:25:59","Restart",691,70
919758,"Toulouse FC","FC Nantes","01/17/2018 19:26:02","Player_DATA_CONFIRMED",692,70
919758,"Toulouse FC","FC Nantes","01/17/2018 19:26:13","Possible Free Kick",693,70
919758,"Toulouse FC","FC Nantes","01/17/2018 19:26:15","F2",695,70
919758,"Toulouse FC","FC Nantes","01/17/2018 19:26:15","FK1",696,70
919758,"Toulouse FC","FC Nantes","01/17/2018 19:26:15","DANGER1",697,70
919758,"Toulouse FC","FC Nantes","01/17/2018 19:26:15","DFK1",698,70
919758,"Toulouse FC","FC Nantes","01/17/2018 19:26:15","Ball Position",699,70
919758,"Toulouse FC","FC Nantes","01/17/2018 19:26:34","Restart",700,71
919758,"Toulouse FC","FC Nantes","01/17/2018 19:26:43","SAFE2",701,71
919758,"Toulouse FC","FC Nantes","01/17/2018 19:26:48","GK2",702,71
919758,"Toulouse FC","FC Nantes","01/17/2018 19:26:59","Restart",703,71
919758,"Toulouse FC","FC Nantes","01/17/2018 19:27:11","SAFE1",704,71
919758,"Toulouse FC","FC Nantes","01/17/2018 19:27:16","SAFE2",705,71
919758,"Toulouse FC","FC Nantes","01/17/2018 19:27:19","AT2",706,71
919758,"Toulouse FC","FC Nantes","01/17/2018 19:27:31","SAFE1",707,72
919758,"Toulouse FC","FC Nantes","01/17/2018 19:27:32","POSSIBLE_TI",708,72
919758,"Toulouse FC","FC Nantes","01/17/2018 19:27:32","TI1",709,72
919758,"Toulouse FC","FC Nantes","01/17/2018 19:27:46","Restart",710,72
919758,"Toulouse FC","FC Nantes","01/17/2018 19:27:56","AT1",711,72
919758,"Toulouse FC","FC Nantes","01/17/2018 19:27:58","DANGER1",712,72
919758,"Toulouse FC","FC Nantes","01/17/2018 19:27:58","DAT1",713,72
919758,"Toulouse FC","FC Nantes","01/17/2018 19:28:14","PCR1",714,72
919758,"Toulouse FC","FC Nantes","01/17/2018 19:28:20","CR1",715,72
919758,"Toulouse FC","FC Nantes","01/17/2018 19:28:21","Ball Position",716,72
919758,"Toulouse FC","FC Nantes","01/17/2018 19:28:35","Restart",717,73
919758,"Toulouse FC","FC Nantes","01/17/2018 19:28:41","PCR1",718,73
919758,"Toulouse FC","FC Nantes","01/17/2018 19:28:47","NCR1",719,73
919758,"Toulouse FC","FC Nantes","01/17/2018 19:28:48","POSSIBLE_TI",720,73
919758,"Toulouse FC","FC Nantes","01/17/2018 19:28:50","TI1",721,73
919758,"Toulouse FC","FC Nantes","01/17/2018 19:28:55","Restart",722,73
919758,"Toulouse FC","FC Nantes","01/17/2018 19:29:13","SHB1",723,73
919758,"Toulouse FC","FC Nantes","01/17/2018 19:29:27","SAFE2",724,74
919758,"Toulouse FC","FC Nantes","01/17/2018 19:29:29","Injury Break",725,74
919758,"Toulouse FC","FC Nantes","01/17/2018 19:30:30","Restart",726,75
919758,"Toulouse FC","FC Nantes","01/17/2018 19:30:39","Referee Ball",727,75
919758,"Toulouse FC","FC Nantes","01/17/2018 19:30:41","Restart",728,75
919758,"Toulouse FC","FC Nantes","01/17/2018 19:30:54","AT1",729,75
919758,"Toulouse FC","FC Nantes","01/17/2018 19:31:08","SAFE2",730,75
919758,"Toulouse FC","FC Nantes","01/17/2018 19:31:15","SAFE1",731,75
919758,"Toulouse FC","FC Nantes","01/17/2018 19:31:23","AT1",732,75
919758,"Toulouse FC","FC Nantes","01/17/2018 19:31:26","DANGER1",733,75
919758,"Toulouse FC","FC Nantes","01/17/2018 19:31:26","DAT1",734,75
919758,"Toulouse FC","FC Nantes","01/17/2018 19:31:37","Possible Free Kick",735,76
919758,"Toulouse FC","FC Nantes","01/17/2018 19:31:48","F2",737,76
919758,"Toulouse FC","FC Nantes","01/17/2018 19:31:48","FK1",738,76
919758,"Toulouse FC","FC Nantes","01/17/2018 19:31:48","DFK1",739,76
919758,"Toulouse FC","FC Nantes","01/17/2018 19:31:48","Ball Position",740,76
919758,"Toulouse FC","FC Nantes","01/17/2018 19:32:02","Restart",741,76
919758,"Toulouse FC","FC Nantes","01/17/2018 19:32:12","SAFE1",742,76
919758,"Toulouse FC","FC Nantes","01/17/2018 19:32:26","AT1",743,76
919758,"Toulouse FC","FC Nantes","01/17/2018 19:32:34","SAFE2",744,77
919758,"Toulouse FC","FC Nantes","01/17/2018 19:32:35","Possible Free Kick",745,77
919758,"Toulouse FC","FC Nantes","01/17/2018 19:32:36","F1",747,77
919758,"Toulouse FC","FC Nantes","01/17/2018 19:32:36","FK2",748,77
919758,"Toulouse FC","FC Nantes","01/17/2018 19:32:36","Ball Position",749,77
919758,"Toulouse FC","FC Nantes","01/17/2018 19:32:58","Restart",750,77
919758,"Toulouse FC","FC Nantes","01/17/2018 19:33:03","AT2",751,77
919758,"Toulouse FC","FC Nantes","01/17/2018 19:33:10","DANGER2",752,77
919758,"Toulouse FC","FC Nantes","01/17/2018 19:33:10","DAT2",753,77
919758,"Toulouse FC","FC Nantes","01/17/2018 19:33:20","SAFE1",754,77
919758,"Toulouse FC","FC Nantes","01/17/2018 19:33:24","AT1",755,77
919758,"Toulouse FC","FC Nantes","01/17/2018 19:33:29","DANGER1",756,78
919758,"Toulouse FC","FC Nantes","01/17/2018 19:33:29","DAT1",757,78
919758,"Toulouse FC","FC Nantes","01/17/2018 19:33:44","SAFE2",758,78
919758,"Toulouse FC","FC Nantes","01/17/2018 19:33:45","POSSIBLE_TI",759,78
919758,"Toulouse FC","FC Nantes","01/17/2018 19:33:47","TI2",760,78
919758,"Toulouse FC","FC Nantes","01/17/2018 19:33:53","Restart",761,78
919758,"Toulouse FC","FC Nantes","01/17/2018 19:33:59","AT2",762,78
919758,"Toulouse FC","FC Nantes","01/17/2018 19:34:08","POSSIBLE_TI",763,78
919758,"Toulouse FC","FC Nantes","01/17/2018 19:34:10","TI1",764,78
919758,"Toulouse FC","FC Nantes","01/17/2018 19:34:37","Restart",765,79
919758,"Toulouse FC","FC Nantes","01/17/2018 19:34:51","SAFE1",766,79
919758,"Toulouse FC","FC Nantes","01/17/2018 19:34:54","AT1",767,79
919758,"Toulouse FC","FC Nantes","01/17/2018 19:34:54","DANGER1",768,79
919758,"Toulouse FC","FC Nantes","01/17/2018 19:34:54","DAT1",769,79
919758,"Toulouse FC","FC Nantes","01/17/2018 19:35:04","SHG1",770,79
919758,"Toulouse FC","FC Nantes","01/17/2018 19:35:14","POSSIBLE_TI",771,79
919758,"Toulouse FC","FC Nantes","01/17/2018 19:35:15","TI1",772,79
919758,"Toulouse FC","FC Nantes","01/17/2018 19:35:17","Restart",773,79
919758,"Toulouse FC","FC Nantes","01/17/2018 19:35:44","POSSIBLE_TI",774,80
919758,"Toulouse FC","FC Nantes","01/17/2018 19:35:45","TI1",775,80
919758,"Toulouse FC","FC Nantes","01/17/2018 19:35:57","SUB2",776,80
919758,"Toulouse FC","FC Nantes","01/17/2018 19:36:26","Restart",777,80
919758,"Toulouse FC","FC Nantes","01/17/2018 19:36:30","SAFE1",778,81
919758,"Toulouse FC","FC Nantes","01/17/2018 19:36:47","AT1",779,81
919758,"Toulouse FC","FC Nantes","01/17/2018 19:36:48","DANGER1",780,81
919758,"Toulouse FC","FC Nantes","01/17/2018 19:36:48","DAT1",781,81
919758,"Toulouse FC","FC Nantes","01/17/2018 19:37:07","Player_DATA_CONFIRMED",782,81
919758,"Toulouse FC","FC Nantes","01/17/2018 19:37:11","SAFE1",783,81
919758,"Toulouse FC","FC Nantes","01/17/2018 19:37:12","AT1",784,81
919758,"Toulouse FC","FC Nantes","01/17/2018 19:37:23","SAFE2",785,81
919758,"Toulouse FC","FC Nantes","01/17/2018 19:37:26","POSSIBLE_TI",786,81
919758,"Toulouse FC","FC Nantes","01/17/2018 19:37:27","TI2",787,82
919758,"Toulouse FC","FC Nantes","01/17/2018 19:37:59","Injury Break",788,82
919758,"Toulouse FC","FC Nantes","01/17/2018 19:39:11","Restart",789,83
919758,"Toulouse FC","FC Nantes","01/17/2018 19:39:16","AT2",790,83
919758,"Toulouse FC","FC Nantes","01/17/2018 19:39:30","Possible Free Kick",791,84
919758,"Toulouse FC","FC Nantes","01/17/2018 19:39:34","F1",793,84
919758,"Toulouse FC","FC Nantes","01/17/2018 19:39:34","FK2",794,84
919758,"Toulouse FC","FC Nantes","01/17/2018 19:39:34","DANGER2",795,84
919758,"Toulouse FC","FC Nantes","01/17/2018 19:39:34","DFK2",796,84
919758,"Toulouse FC","FC Nantes","01/17/2018 19:39:34","Ball Position",797,84
919758,"Toulouse FC","FC Nantes","01/17/2018 19:39:52","Restart",798,84
919758,"Toulouse FC","FC Nantes","01/17/2018 19:39:56","SAFE1",799,84
919758,"Toulouse FC","FC Nantes","01/17/2018 19:39:59","AT1",800,84
919758,"Toulouse FC","FC Nantes","01/17/2018 19:40:01","DANGER1",801,84
919758,"Toulouse FC","FC Nantes","01/17/2018 19:40:01","DAT1",802,84
919758,"Toulouse FC","FC Nantes","01/17/2018 19:40:11","POSSIBLE_TI",803,84
919758,"Toulouse FC","FC Nantes","01/17/2018 19:40:11","TI2",804,84
919758,"Toulouse FC","FC Nantes","01/17/2018 19:40:20","Restart",805,84
919758,"Toulouse FC","FC Nantes","01/17/2018 19:40:28","SAFE1",806,85
919758,"Toulouse FC","FC Nantes","01/17/2018 19:40:28","POSSIBLE_TI",807,85
919758,"Toulouse FC","FC Nantes","01/17/2018 19:40:30","TI1",808,85
919758,"Toulouse FC","FC Nantes","01/17/2018 19:40:31","Restart",809,85
919758,"Toulouse FC","FC Nantes","01/17/2018 19:40:33","AT1",810,85
919758,"Toulouse FC","FC Nantes","01/17/2018 19:40:41","DANGER1",811,85
919758,"Toulouse FC","FC Nantes","01/17/2018 19:40:41","DAT1",812,85
919758,"Toulouse FC","FC Nantes","01/17/2018 19:40:55","SAFE2",813,85
919758,"Toulouse FC","FC Nantes","01/17/2018 19:41:03","SAFE1",814,85
919758,"Toulouse FC","FC Nantes","01/17/2018 19:41:17","Possible Free Kick",815,85
919758,"Toulouse FC","FC Nantes","01/17/2018 19:41:17","F2",817,85
919758,"Toulouse FC","FC Nantes","01/17/2018 19:41:17","FK1",818,85
919758,"Toulouse FC","FC Nantes","01/17/2018 19:41:18","DANGER1",819,85
919758,"Toulouse FC","FC Nantes","01/17/2018 19:41:18","DFK1",820,85
919758,"Toulouse FC","FC Nantes","01/17/2018 19:41:18","Ball Position",821,85
919758,"Toulouse FC","FC Nantes","01/17/2018 19:41:19","Restart",822,85
919758,"Toulouse FC","FC Nantes","01/17/2018 19:41:24","SAFE2",823,85
919758,"Toulouse FC","FC Nantes","01/17/2018 19:41:33","POSSIBLE_TI",824,86
919758,"Toulouse FC","FC Nantes","01/17/2018 19:41:34","TI1",825,86
919758,"Toulouse FC","FC Nantes","01/17/2018 19:41:38","Restart",826,86
919758,"Toulouse FC","FC Nantes","01/17/2018 19:41:52","AT1",827,86
919758,"Toulouse FC","FC Nantes","01/17/2018 19:41:56","DANGER1",828,86
919758,"Toulouse FC","FC Nantes","01/17/2018 19:41:56","DAT1",829,86
919758,"Toulouse FC","FC Nantes","01/17/2018 19:42:01","PCR1",830,86
919758,"Toulouse FC","FC Nantes","01/17/2018 19:42:11","NCR1",831,86
919758,"Toulouse FC","FC Nantes","01/17/2018 19:42:16","SAFE2",832,86
919758,"Toulouse FC","FC Nantes","01/17/2018 19:42:21","GK2",833,86
919758,"Toulouse FC","FC Nantes","01/17/2018 19:42:28","Restart",834,87
919758,"Toulouse FC","FC Nantes","01/17/2018 19:42:36","AT1",835,87
919758,"Toulouse FC","FC Nantes","01/17/2018 19:42:38","DANGER1",836,87
919758,"Toulouse FC","FC Nantes","01/17/2018 19:42:38","DAT1",837,87
919758,"Toulouse FC","FC Nantes","01/17/2018 19:42:44","SAFE2",838,87
919758,"Toulouse FC","FC Nantes","01/17/2018 19:42:45","GK2",839,87
919758,"Toulouse FC","FC Nantes","01/17/2018 19:43:04","Restart",840,87
919758,"Toulouse FC","FC Nantes","01/17/2018 19:43:10","SAFE1",841,87
919758,"Toulouse FC","FC Nantes","01/17/2018 19:43:20","AT2",842,87
919758,"Toulouse FC","FC Nantes","01/17/2018 19:43:21","DANGER2",843,87
919758,"Toulouse FC","FC Nantes","01/17/2018 19:43:21","DAT2",844,87
919758,"Toulouse FC","FC Nantes","01/17/2018 19:43:31","SAFE1",845,88
919758,"Toulouse FC","FC Nantes","01/17/2018 19:43:33","GK1",846,88
919758,"Toulouse FC","FC Nantes","01/17/2018 19:43:35","Restart",847,88
919758,"Toulouse FC","FC Nantes","01/17/2018 19:43:45","AT1",848,88
919758,"Toulouse FC","FC Nantes","01/17/2018 19:43:55","DANGER1",849,88
919758,"Toulouse FC","FC Nantes","01/17/2018 19:43:55","DAT1",850,88
919758,"Toulouse FC","FC Nantes","01/17/2018 19:44:05","SAFE2",851,88
919758,"Toulouse FC","FC Nantes","01/17/2018 19:44:06","GK2",852,88
919758,"Toulouse FC","FC Nantes","01/17/2018 19:44:26","Restart",853,88
919758,"Toulouse FC","FC Nantes","01/17/2018 19:44:36","Possible Free Kick",854,89
919758,"Toulouse FC","FC Nantes","01/17/2018 19:44:37","F1",856,89
919758,"Toulouse FC","FC Nantes","01/17/2018 19:44:37","FK2",857,89
919758,"Toulouse FC","FC Nantes","01/17/2018 19:44:37","Ball Position",858,89
919758,"Toulouse FC","FC Nantes","01/17/2018 19:44:49","Restart",859,89
919758,"Toulouse FC","FC Nantes","01/17/2018 19:44:54","AT2",860,89
919758,"Toulouse FC","FC Nantes","01/17/2018 19:44:55","DANGER2",861,89
919758,"Toulouse FC","FC Nantes","01/17/2018 19:44:55","DAT2",862,89
919758,"Toulouse FC","FC Nantes","01/17/2018 19:45:00","SAFE1",863,89
919758,"Toulouse FC","FC Nantes","01/17/2018 19:45:01","Possible Free Kick",864,89
919758,"Toulouse FC","FC Nantes","01/17/2018 19:45:04","O2",866,89
919758,"Toulouse FC","FC Nantes","01/17/2018 19:45:04","FK1",867,89
919758,"Toulouse FC","FC Nantes","01/17/2018 19:45:04","Ball Position",868,89
919758,"Toulouse FC","FC Nantes","01/17/2018 19:45:05","Restart",869,89
919758,"Toulouse FC","FC Nantes","01/17/2018 19:45:07","AT1",870,89
919758,"Toulouse FC","FC Nantes","01/17/2018 19:45:13","DANGER1",871,89
919758,"Toulouse FC","FC Nantes","01/17/2018 19:45:13","DAT1",872,89
919758,"Toulouse FC","FC Nantes","01/17/2018 19:45:32","POSSIBLE_CARDS",873,90
919758,"Toulouse FC","FC Nantes","01/17/2018 19:45:47","YC2",874,90
919758,"Toulouse FC","FC Nantes","01/17/2018 19:45:48","CONF_YC2",875,90
919758,"Toulouse FC","FC Nantes","01/17/2018 19:45:49","Scorer",876,90
919758,"Toulouse FC","FC Nantes","01/17/2018 19:45:51","Possible Free Kick",877,90
919758,"Toulouse FC","FC Nantes","01/17/2018 19:45:56","F2",879,90
919758,"Toulouse FC","FC Nantes","01/17/2018 19:45:56","FK1",880,90
919758,"Toulouse FC","FC Nantes","01/17/2018 19:45:56","DFK1",881,90
919758,"Toulouse FC","FC Nantes","01/17/2018 19:45:56","Ball Position",882,90
919758,"Toulouse FC","FC Nantes","01/17/2018 19:46:06","Restart",883,90
919758,"Toulouse FC","FC Nantes","01/17/2018 19:46:12","SAFE2",884,90
919758,"Toulouse FC","FC Nantes","01/17/2018 19:46:13","GK2",885,90
919758,"Toulouse FC","FC Nantes","01/17/2018 19:46:24","Extra Time",886,90
919758,"Toulouse FC","FC Nantes","01/17/2018 19:46:29","Restart",887,91
919758,"Toulouse FC","FC Nantes","01/17/2018 19:46:30","POSSIBLE_TI",888,91
919758,"Toulouse FC","FC Nantes","01/17/2018 19:46:31","NO_TI",889,91
919758,"Toulouse FC","FC Nantes","01/17/2018 19:46:32","POSSIBLE_TI",890,91
919758,"Toulouse FC","FC Nantes","01/17/2018 19:46:35","TI1",891,91
919758,"Toulouse FC","FC Nantes","01/17/2018 19:46:35","Restart",892,91
919758,"Toulouse FC","FC Nantes","01/17/2018 19:46:41","AT1",893,91
919758,"Toulouse FC","FC Nantes","01/17/2018 19:46:42","DANGER1",894,91
919758,"Toulouse FC","FC Nantes","01/17/2018 19:46:42","DAT1",895,91
919758,"Toulouse FC","FC Nantes","01/17/2018 19:46:47","SAFE2",896,91
919758,"Toulouse FC","FC Nantes","01/17/2018 19:47:02","SAFE1",897,91
919758,"Toulouse FC","FC Nantes","01/17/2018 19:47:08","Scorer",898,91
919758,"Toulouse FC","FC Nantes","01/17/2018 19:47:08","Player_DATA_CONFIRMED",899,91
919758,"Toulouse FC","FC Nantes","01/17/2018 19:47:15","SAFE2",900,91
919758,"Toulouse FC","FC Nantes","01/17/2018 19:47:17","AT2",901,91
919758,"Toulouse FC","FC Nantes","01/17/2018 19:47:18","DANGER2",902,91
919758,"Toulouse FC","FC Nantes","01/17/2018 19:47:18","DAT2",903,91
919758,"Toulouse FC","FC Nantes","01/17/2018 19:47:41","POSSIBLE_TI",904,92
919758,"Toulouse FC","FC Nantes","01/17/2018 19:47:42","TI2",905,92
919758,"Toulouse FC","FC Nantes","01/17/2018 19:47:50","Restart",906,92
919758,"Toulouse FC","FC Nantes","01/17/2018 19:48:01","SHB2",907,92
919758,"Toulouse FC","FC Nantes","01/17/2018 19:48:03","SAFE1",908,92
919758,"Toulouse FC","FC Nantes","01/17/2018 19:48:04","GK1",909,92
919758,"Toulouse FC","FC Nantes","01/17/2018 19:48:12","Restart",910,92
919758,"Toulouse FC","FC Nantes","01/17/2018 19:48:26","SAFE2",911,92
919758,"Toulouse FC","FC Nantes","01/17/2018 19:48:27","AT2",912,93
919758,"Toulouse FC","FC Nantes","01/17/2018 19:48:29","DANGER2",913,93
919758,"Toulouse FC","FC Nantes","01/17/2018 19:48:29","DAT2",914,93
919758,"Toulouse FC","FC Nantes","01/17/2018 19:48:42","SAFE1",915,93
919758,"Toulouse FC","FC Nantes","01/17/2018 19:48:43","Possible Free Kick",916,93
919758,"Toulouse FC","FC Nantes","01/17/2018 19:48:47","O2",918,93
919758,"Toulouse FC","FC Nantes","01/17/2018 19:48:47","FK1",919,93
919758,"Toulouse FC","FC Nantes","01/17/2018 19:48:47","Ball Position",920,93
919758,"Toulouse FC","FC Nantes","01/17/2018 19:48:49","Restart",921,93
919758,"Toulouse FC","FC Nantes","01/17/2018 19:48:56","SAFE2",922,93
919758,"Toulouse FC","FC Nantes","01/17/2018 19:49:01","SAFE1",923,93
919758,"Toulouse FC","FC Nantes","01/17/2018 19:49:02","Possible Free Kick",924,93
919758,"Toulouse FC","FC Nantes","01/17/2018 19:49:06","O2",926,93
919758,"Toulouse FC","FC Nantes","01/17/2018 19:49:06","FK1",927,93
919758,"Toulouse FC","FC Nantes","01/17/2018 19:49:06","Ball Position",928,93
919758,"Toulouse FC","FC Nantes","01/17/2018 19:49:16","Restart",929,93
919758,"Toulouse FC","FC Nantes","01/17/2018 19:49:17","AT1",930,93
919758,"Toulouse FC","FC Nantes","01/17/2018 19:49:22","DANGER1",931,93
919758,"Toulouse FC","FC Nantes","01/17/2018 19:49:22","DAT1",932,93
919758,"Toulouse FC","FC Nantes","01/17/2018 19:49:41","SAFE2",933,94
919758,"Toulouse FC","FC Nantes","01/17/2018 19:49:51","AT2",934,94
919758,"Toulouse FC","FC Nantes","01/17/2018 19:49:57","DANGER2",935,94
919758,"Toulouse FC","FC Nantes","01/17/2018 19:49:57","DAT2",936,94
919758,"Toulouse FC","FC Nantes","01/17/2018 19:50:04","SAFE1",937,94
919758,"Toulouse FC","FC Nantes","01/17/2018 19:50:12","SAFE2",938,94
919758,"Toulouse FC","FC Nantes","01/17/2018 19:50:14","AT2",939,94
919758,"Toulouse FC","FC Nantes","01/17/2018 19:50:16","DANGER2",940,94
919758,"Toulouse FC","FC Nantes","01/17/2018 19:50:16","DAT2",941,94
919758,"Toulouse FC","FC Nantes","01/17/2018 19:50:24","SAFE1",942,94
919758,"Toulouse FC","FC Nantes","01/17/2018 19:50:30","Possible Free Kick",943,95
919758,"Toulouse FC","FC Nantes","01/17/2018 19:50:32","O2",945,95
919758,"Toulouse FC","FC Nantes","01/17/2018 19:50:32","FK1",946,95
919758,"Toulouse FC","FC Nantes","01/17/2018 19:50:33","Ball Position",947,95
919758,"Toulouse FC","FC Nantes","01/17/2018 19:50:38","Restart",948,95
919758,"Toulouse FC","FC Nantes","01/17/2018 19:50:40","AT1",949,95
919758,"Toulouse FC","FC Nantes","01/17/2018 19:50:41","DANGER1",950,95
919758,"Toulouse FC","FC Nantes","01/17/2018 19:50:41","DAT1",951,95
919758,"Toulouse FC","FC Nantes","01/17/2018 19:50:46","PPEN",952,95
919758,"Toulouse FC","FC Nantes","01/17/2018 19:50:46","PPEN1",953,95
919758,"Toulouse FC","FC Nantes","01/17/2018 19:51:16","PEN1",954,95
919758,"Toulouse FC","FC Nantes","01/17/2018 19:51:32","Scorer",955,96
919758,"Toulouse FC","FC Nantes","01/17/2018 19:51:52","GOAL1",956,96
919758,"Toulouse FC","FC Nantes","01/17/2018 19:51:53","Scorer",957,96
919758,"Toulouse FC","FC Nantes","01/17/2018 19:52:04","CONF_GOAL1",958,96
919758,"Toulouse FC","FC Nantes","01/17/2018 19:52:09","Player_DATA_CONFIRMED",959,96
919758,"Toulouse FC","FC Nantes","01/17/2018 19:52:32","KO2",960,97
919758,"Toulouse FC","FC Nantes","01/17/2018 19:52:32","SAFE2",961,97
919758,"Toulouse FC","FC Nantes","01/17/2018 19:52:36","Stop RT2",962,97
919758,"Toulouse FC","FC Nantes","01/17/2018 19:52:36","Stop Game",963,97
919758,"Toulouse FC","FC Nantes","01/17/2018 19:53:03","CONF_PERIOD_SCORE",964,96
