"RBallID","HomeTeam","AwayTeam","Timestamp","Incident","IncidentNumber","Minute"
862125,"Toulouse FC","FC Girondins de Bordeaux","09/15/2017 17:53:08","Lineup changed",0,0
862125,"Toulouse FC","FC Girondins de Bordeaux","09/15/2017 18:03:33","Scout in Stadion",1,0
862125,"Toulouse FC","FC Girondins de Bordeaux","09/15/2017 18:03:36","Transmission Online",2,0
862125,"Toulouse FC","FC Girondins de Bordeaux","09/15/2017 18:03:51","GCC",3,0
862125,"Toulouse FC","FC Girondins de Bordeaux","09/15/2017 18:21:57","GCC",4,0
862125,"Toulouse FC","FC Girondins de Bordeaux","09/15/2017 18:44:01","Players are coming out",5,0
862125,"Toulouse FC","FC Girondins de Bordeaux","09/15/2017 18:44:16","Players lined up",6,0
862125,"Toulouse FC","FC Girondins de Bordeaux","09/15/2017 18:44:43","Jersey Changed",7,0
862125,"Toulouse FC","FC Girondins de Bordeaux","09/15/2017 18:44:44","Jersey Changed",8,0
862125,"Toulouse FC","FC Girondins de Bordeaux","09/15/2017 18:44:51","Shake hands",9,0
862125,"Toulouse FC","FC Girondins de Bordeaux","09/15/2017 18:45:26","Flip coin",10,0
862125,"Toulouse FC","FC Girondins de Bordeaux","09/15/2017 18:46:06","System Message",11,0
862125,"Toulouse FC","FC Girondins de Bordeaux","09/15/2017 18:46:26","Game about to start",12,0
862125,"Toulouse FC","FC Girondins de Bordeaux","09/15/2017 18:47:01","Start RT1 Team 2",13,1
862125,"Toulouse FC","FC Girondins de Bordeaux","09/15/2017 18:47:11","SAFE1",14,1
862125,"Toulouse FC","FC Girondins de Bordeaux","09/15/2017 18:47:20","AT1",15,1
862125,"Toulouse FC","FC Girondins de Bordeaux","09/15/2017 18:47:21","DANGER1",16,1
862125,"Toulouse FC","FC Girondins de Bordeaux","09/15/2017 18:47:21","DAT1",17,1
862125,"Toulouse FC","FC Girondins de Bordeaux","09/15/2017 18:47:26","SHG1",18,1
862125,"Toulouse FC","FC Girondins de Bordeaux","09/15/2017 18:47:29","SAFE2",19,1
862125,"Toulouse FC","FC Girondins de Bordeaux","09/15/2017 18:47:45","SAFE1",20,1
862125,"Toulouse FC","FC Girondins de Bordeaux","09/15/2017 18:47:52","AT1",21,1
862125,"Toulouse FC","FC Girondins de Bordeaux","09/15/2017 18:47:53","DANGER1",22,1
862125,"Toulouse FC","FC Girondins de Bordeaux","09/15/2017 18:47:53","DAT1",23,1
862125,"Toulouse FC","FC Girondins de Bordeaux","09/15/2017 18:48:14","SAFE2",24,2
862125,"Toulouse FC","FC Girondins de Bordeaux","09/15/2017 18:48:16","SAFE1",25,2
862125,"Toulouse FC","FC Girondins de Bordeaux","09/15/2017 18:48:18","AT1",26,2
862125,"Toulouse FC","FC Girondins de Bordeaux","09/15/2017 18:48:19","DANGER1",27,2
862125,"Toulouse FC","FC Girondins de Bordeaux","09/15/2017 18:48:19","DAT1",28,2
862125,"Toulouse FC","FC Girondins de Bordeaux","09/15/2017 18:48:22","SAFE2",29,2
862125,"Toulouse FC","FC Girondins de Bordeaux","09/15/2017 18:48:24","Possible Free Kick",30,2
862125,"Toulouse FC","FC Girondins de Bordeaux","09/15/2017 18:48:27","O1",32,2
862125,"Toulouse FC","FC Girondins de Bordeaux","09/15/2017 18:48:27","FK2",33,2
862125,"Toulouse FC","FC Girondins de Bordeaux","09/15/2017 18:48:27","Ball Position",34,2
862125,"Toulouse FC","FC Girondins de Bordeaux","09/15/2017 18:48:54","Restart",35,2
862125,"Toulouse FC","FC Girondins de Bordeaux","09/15/2017 18:48:59","SAFE1",36,2
862125,"Toulouse FC","FC Girondins de Bordeaux","09/15/2017 18:49:10","AT1",37,3
862125,"Toulouse FC","FC Girondins de Bordeaux","09/15/2017 18:49:12","DANGER1",38,3
862125,"Toulouse FC","FC Girondins de Bordeaux","09/15/2017 18:49:12","DAT1",39,3
862125,"Toulouse FC","FC Girondins de Bordeaux","09/15/2017 18:49:17","SHG1",40,3
862125,"Toulouse FC","FC Girondins de Bordeaux","09/15/2017 18:49:19","SAFE2",41,3
862125,"Toulouse FC","FC Girondins de Bordeaux","09/15/2017 18:49:37","AT2",42,3
862125,"Toulouse FC","FC Girondins de Bordeaux","09/15/2017 18:49:41","Possible Free Kick",43,3
862125,"Toulouse FC","FC Girondins de Bordeaux","09/15/2017 18:49:57","F1",45,3
862125,"Toulouse FC","FC Girondins de Bordeaux","09/15/2017 18:49:57","FK2",46,3
862125,"Toulouse FC","FC Girondins de Bordeaux","09/15/2017 18:49:57","DANGER2",47,3
862125,"Toulouse FC","FC Girondins de Bordeaux","09/15/2017 18:49:57","DFK2",48,3
862125,"Toulouse FC","FC Girondins de Bordeaux","09/15/2017 18:49:57","Ball Position",49,3
862125,"Toulouse FC","FC Girondins de Bordeaux","09/15/2017 18:50:01","Restart",50,4
862125,"Toulouse FC","FC Girondins de Bordeaux","09/15/2017 18:50:09","SAFE2",51,4
862125,"Toulouse FC","FC Girondins de Bordeaux","09/15/2017 18:50:26","POSSIBLE_TI",52,4
862125,"Toulouse FC","FC Girondins de Bordeaux","09/15/2017 18:50:27","TI2",53,4
862125,"Toulouse FC","FC Girondins de Bordeaux","09/15/2017 18:50:36","Restart",54,4
862125,"Toulouse FC","FC Girondins de Bordeaux","09/15/2017 18:50:43","AT2",55,4
862125,"Toulouse FC","FC Girondins de Bordeaux","09/15/2017 18:50:46","DANGER2",56,4
862125,"Toulouse FC","FC Girondins de Bordeaux","09/15/2017 18:50:46","DAT2",57,4
862125,"Toulouse FC","FC Girondins de Bordeaux","09/15/2017 18:50:58","SAFE1",58,4
862125,"Toulouse FC","FC Girondins de Bordeaux","09/15/2017 18:50:58","Possible Free Kick",59,4
862125,"Toulouse FC","FC Girondins de Bordeaux","09/15/2017 18:51:03","O2",61,5
862125,"Toulouse FC","FC Girondins de Bordeaux","09/15/2017 18:51:03","FK1",62,5
862125,"Toulouse FC","FC Girondins de Bordeaux","09/15/2017 18:51:03","Ball Position",63,5
862125,"Toulouse FC","FC Girondins de Bordeaux","09/15/2017 18:51:08","Restart",64,5
862125,"Toulouse FC","FC Girondins de Bordeaux","09/15/2017 18:51:15","AT1",65,5
862125,"Toulouse FC","FC Girondins de Bordeaux","09/15/2017 18:51:25","SAFE2",66,5
862125,"Toulouse FC","FC Girondins de Bordeaux","09/15/2017 18:51:28","AT2",67,5
862125,"Toulouse FC","FC Girondins de Bordeaux","09/15/2017 18:51:32","DANGER2",68,5
862125,"Toulouse FC","FC Girondins de Bordeaux","09/15/2017 18:51:32","DAT2",69,5
862125,"Toulouse FC","FC Girondins de Bordeaux","09/15/2017 18:51:52","POSSIBLE_TI",70,5
862125,"Toulouse FC","FC Girondins de Bordeaux","09/15/2017 18:51:53","TI2",71,5
862125,"Toulouse FC","FC Girondins de Bordeaux","09/15/2017 18:52:10","Restart",72,6
862125,"Toulouse FC","FC Girondins de Bordeaux","09/15/2017 18:52:16","SAFE1",73,6
862125,"Toulouse FC","FC Girondins de Bordeaux","09/15/2017 18:52:25","Possible Free Kick",74,6
862125,"Toulouse FC","FC Girondins de Bordeaux","09/15/2017 18:52:27","F2",76,6
862125,"Toulouse FC","FC Girondins de Bordeaux","09/15/2017 18:52:27","FK1",77,6
862125,"Toulouse FC","FC Girondins de Bordeaux","09/15/2017 18:52:27","Ball Position",78,6
862125,"Toulouse FC","FC Girondins de Bordeaux","09/15/2017 18:52:29","Restart",79,6
862125,"Toulouse FC","FC Girondins de Bordeaux","09/15/2017 18:52:31","AT1",80,6
862125,"Toulouse FC","FC Girondins de Bordeaux","09/15/2017 18:52:35","SAFE2",81,6
862125,"Toulouse FC","FC Girondins de Bordeaux","09/15/2017 18:52:38","AT2",82,6
862125,"Toulouse FC","FC Girondins de Bordeaux","09/15/2017 18:52:44","DANGER2",83,6
862125,"Toulouse FC","FC Girondins de Bordeaux","09/15/2017 18:52:44","DAT2",84,6
862125,"Toulouse FC","FC Girondins de Bordeaux","09/15/2017 18:52:50","SAFE1",85,6
862125,"Toulouse FC","FC Girondins de Bordeaux","09/15/2017 18:52:54","AT2",86,6
862125,"Toulouse FC","FC Girondins de Bordeaux","09/15/2017 18:52:57","DANGER2",87,6
862125,"Toulouse FC","FC Girondins de Bordeaux","09/15/2017 18:52:57","DAT2",88,6
862125,"Toulouse FC","FC Girondins de Bordeaux","09/15/2017 18:53:09","SAFE1",89,7
862125,"Toulouse FC","FC Girondins de Bordeaux","09/15/2017 18:53:12","AT1",90,7
862125,"Toulouse FC","FC Girondins de Bordeaux","09/15/2017 18:53:15","DANGER1",91,7
862125,"Toulouse FC","FC Girondins de Bordeaux","09/15/2017 18:53:15","DAT1",92,7
862125,"Toulouse FC","FC Girondins de Bordeaux","09/15/2017 18:53:30","SAFE2",93,7
862125,"Toulouse FC","FC Girondins de Bordeaux","09/15/2017 18:53:46","AT2",94,7
862125,"Toulouse FC","FC Girondins de Bordeaux","09/15/2017 18:53:51","DANGER2",95,7
862125,"Toulouse FC","FC Girondins de Bordeaux","09/15/2017 18:53:51","DAT2",96,7
862125,"Toulouse FC","FC Girondins de Bordeaux","09/15/2017 18:54:00","SAFE1",97,7
862125,"Toulouse FC","FC Girondins de Bordeaux","09/15/2017 18:54:02","AT1",98,8
862125,"Toulouse FC","FC Girondins de Bordeaux","09/15/2017 18:54:05","DANGER1",99,8
862125,"Toulouse FC","FC Girondins de Bordeaux","09/15/2017 18:54:05","DAT1",100,8
862125,"Toulouse FC","FC Girondins de Bordeaux","09/15/2017 18:54:13","POSSIBLE_TI",101,8
862125,"Toulouse FC","FC Girondins de Bordeaux","09/15/2017 18:54:16","TI1",102,8
862125,"Toulouse FC","FC Girondins de Bordeaux","09/15/2017 18:54:21","Restart",103,8
862125,"Toulouse FC","FC Girondins de Bordeaux","09/15/2017 18:54:35","SAFE1",104,8
862125,"Toulouse FC","FC Girondins de Bordeaux","09/15/2017 18:54:42","POSSIBLE_TI",105,8
862125,"Toulouse FC","FC Girondins de Bordeaux","09/15/2017 18:54:45","TI2",106,8
862125,"Toulouse FC","FC Girondins de Bordeaux","09/15/2017 18:54:53","Restart",107,8
862125,"Toulouse FC","FC Girondins de Bordeaux","09/15/2017 18:55:11","AT2",108,9
862125,"Toulouse FC","FC Girondins de Bordeaux","09/15/2017 18:55:11","Danger",109,9
862125,"Toulouse FC","FC Girondins de Bordeaux","09/15/2017 18:55:11","Scout offline",110,9
862125,"Toulouse FC","FC Girondins de Bordeaux","09/15/2017 18:55:23","Transmission Online",111,9
862125,"Toulouse FC","FC Girondins de Bordeaux","09/15/2017 18:55:23","Start score update",112,9
862125,"Toulouse FC","FC Girondins de Bordeaux","09/15/2017 18:55:23","Statistic confirmation",113,9
862125,"Toulouse FC","FC Girondins de Bordeaux","09/15/2017 18:55:23","Score update finished",114,9
862125,"Toulouse FC","FC Girondins de Bordeaux","09/15/2017 18:55:29","SAFE2",115,9
862125,"Toulouse FC","FC Girondins de Bordeaux","09/15/2017 18:55:29","Possible Free Kick",116,9
862125,"Toulouse FC","FC Girondins de Bordeaux","09/15/2017 18:55:32","F1",118,9
862125,"Toulouse FC","FC Girondins de Bordeaux","09/15/2017 18:55:32","FK2",119,9
862125,"Toulouse FC","FC Girondins de Bordeaux","09/15/2017 18:55:32","Ball Position",120,9
862125,"Toulouse FC","FC Girondins de Bordeaux","09/15/2017 18:56:09","Restart",121,10
862125,"Toulouse FC","FC Girondins de Bordeaux","09/15/2017 18:56:11","AT2",122,10
862125,"Toulouse FC","FC Girondins de Bordeaux","09/15/2017 18:56:12","DANGER2",123,10
862125,"Toulouse FC","FC Girondins de Bordeaux","09/15/2017 18:56:12","DAT2",124,10
862125,"Toulouse FC","FC Girondins de Bordeaux","09/15/2017 18:56:22","SAFE1",125,10
862125,"Toulouse FC","FC Girondins de Bordeaux","09/15/2017 18:56:25","POSSIBLE_CARDS",126,10
862125,"Toulouse FC","FC Girondins de Bordeaux","09/15/2017 18:56:29","YC1",127,10
862125,"Toulouse FC","FC Girondins de Bordeaux","09/15/2017 18:56:31","CONF_YC1",128,10
862125,"Toulouse FC","FC Girondins de Bordeaux","09/15/2017 18:56:32","Scorer",129,10
862125,"Toulouse FC","FC Girondins de Bordeaux","09/15/2017 18:56:36","Possible Free Kick",130,10
862125,"Toulouse FC","FC Girondins de Bordeaux","09/15/2017 18:56:41","SAFE2",132,10
862125,"Toulouse FC","FC Girondins de Bordeaux","09/15/2017 18:56:41","F1",133,10
862125,"Toulouse FC","FC Girondins de Bordeaux","09/15/2017 18:56:41","FK2",134,10
862125,"Toulouse FC","FC Girondins de Bordeaux","09/15/2017 18:56:41","Ball Position",135,10
862125,"Toulouse FC","FC Girondins de Bordeaux","09/15/2017 18:56:47","Injury Break",136,10
862125,"Toulouse FC","FC Girondins de Bordeaux","09/15/2017 18:56:54","Scorer",137,10
862125,"Toulouse FC","FC Girondins de Bordeaux","09/15/2017 18:56:54","Player_DATA_CONFIRMED",138,10
862125,"Toulouse FC","FC Girondins de Bordeaux","09/15/2017 18:57:24","Restart",139,11
862125,"Toulouse FC","FC Girondins de Bordeaux","09/15/2017 18:57:43","AT2",140,11
862125,"Toulouse FC","FC Girondins de Bordeaux","09/15/2017 18:57:45","SAFE1",141,11
862125,"Toulouse FC","FC Girondins de Bordeaux","09/15/2017 18:57:46","AT1",142,11
862125,"Toulouse FC","FC Girondins de Bordeaux","09/15/2017 18:57:50","SAFE2",143,11
862125,"Toulouse FC","FC Girondins de Bordeaux","09/15/2017 18:57:53","AT2",144,11
862125,"Toulouse FC","FC Girondins de Bordeaux","09/15/2017 18:57:59","DANGER2",145,11
862125,"Toulouse FC","FC Girondins de Bordeaux","09/15/2017 18:57:59","DAT2",146,11
862125,"Toulouse FC","FC Girondins de Bordeaux","09/15/2017 18:58:05","SAFE1",147,12
862125,"Toulouse FC","FC Girondins de Bordeaux","09/15/2017 18:58:07","AT1",148,12
862125,"Toulouse FC","FC Girondins de Bordeaux","09/15/2017 18:58:10","DANGER1",149,12
862125,"Toulouse FC","FC Girondins de Bordeaux","09/15/2017 18:58:10","DAT1",150,12
862125,"Toulouse FC","FC Girondins de Bordeaux","09/15/2017 18:58:24","SHB1",151,12
862125,"Toulouse FC","FC Girondins de Bordeaux","09/15/2017 18:58:27","SAFE2",152,12
862125,"Toulouse FC","FC Girondins de Bordeaux","09/15/2017 18:58:30","GK2",153,12
862125,"Toulouse FC","FC Girondins de Bordeaux","09/15/2017 18:58:32","Restart",154,12
862125,"Toulouse FC","FC Girondins de Bordeaux","09/15/2017 18:58:59","Possible Free Kick",155,12
862125,"Toulouse FC","FC Girondins de Bordeaux","09/15/2017 18:59:02","F1",157,13
862125,"Toulouse FC","FC Girondins de Bordeaux","09/15/2017 18:59:02","FK2",158,13
862125,"Toulouse FC","FC Girondins de Bordeaux","09/15/2017 18:59:02","Ball Position",159,13
862125,"Toulouse FC","FC Girondins de Bordeaux","09/15/2017 18:59:06","Restart",160,13
862125,"Toulouse FC","FC Girondins de Bordeaux","09/15/2017 18:59:17","AT2",161,13
862125,"Toulouse FC","FC Girondins de Bordeaux","09/15/2017 18:59:22","SAFE2",162,13
862125,"Toulouse FC","FC Girondins de Bordeaux","09/15/2017 18:59:28","AT2",163,13
862125,"Toulouse FC","FC Girondins de Bordeaux","09/15/2017 18:59:31","DANGER2",164,13
862125,"Toulouse FC","FC Girondins de Bordeaux","09/15/2017 18:59:31","DAT2",165,13
862125,"Toulouse FC","FC Girondins de Bordeaux","09/15/2017 18:59:55","SAFE2",166,13
862125,"Toulouse FC","FC Girondins de Bordeaux","09/15/2017 19:00:01","AT2",167,13
862125,"Toulouse FC","FC Girondins de Bordeaux","09/15/2017 19:00:04","DANGER2",168,14
862125,"Toulouse FC","FC Girondins de Bordeaux","09/15/2017 19:00:04","DAT2",169,14
862125,"Toulouse FC","FC Girondins de Bordeaux","09/15/2017 19:00:10","SAFE1",170,14
862125,"Toulouse FC","FC Girondins de Bordeaux","09/15/2017 19:00:11","Possible Free Kick",171,14
862125,"Toulouse FC","FC Girondins de Bordeaux","09/15/2017 19:00:15","O2",173,14
862125,"Toulouse FC","FC Girondins de Bordeaux","09/15/2017 19:00:15","FK1",174,14
862125,"Toulouse FC","FC Girondins de Bordeaux","09/15/2017 19:00:15","Ball Position",175,14
862125,"Toulouse FC","FC Girondins de Bordeaux","09/15/2017 19:00:34","Restart",176,14
862125,"Toulouse FC","FC Girondins de Bordeaux","09/15/2017 19:00:43","POSSIBLE_TI",177,14
862125,"Toulouse FC","FC Girondins de Bordeaux","09/15/2017 19:00:45","TI2",178,14
862125,"Toulouse FC","FC Girondins de Bordeaux","09/15/2017 19:01:03","Restart",179,15
862125,"Toulouse FC","FC Girondins de Bordeaux","09/15/2017 19:01:08","AT2",180,15
862125,"Toulouse FC","FC Girondins de Bordeaux","09/15/2017 19:01:14","DANGER2",181,15
862125,"Toulouse FC","FC Girondins de Bordeaux","09/15/2017 19:01:14","DAT2",182,15
862125,"Toulouse FC","FC Girondins de Bordeaux","09/15/2017 19:01:17","SAFE1",183,15
862125,"Toulouse FC","FC Girondins de Bordeaux","09/15/2017 19:01:49","AT1",184,15
862125,"Toulouse FC","FC Girondins de Bordeaux","09/15/2017 19:02:05","SAFE2",185,16
862125,"Toulouse FC","FC Girondins de Bordeaux","09/15/2017 19:02:07","AT2",186,16
862125,"Toulouse FC","FC Girondins de Bordeaux","09/15/2017 19:02:09","DANGER2",187,16
862125,"Toulouse FC","FC Girondins de Bordeaux","09/15/2017 19:02:09","DAT2",188,16
862125,"Toulouse FC","FC Girondins de Bordeaux","09/15/2017 19:02:17","PCR2",189,16
862125,"Toulouse FC","FC Girondins de Bordeaux","09/15/2017 19:02:27","CR2",190,16
862125,"Toulouse FC","FC Girondins de Bordeaux","09/15/2017 19:02:27","Ball Position",191,16
862125,"Toulouse FC","FC Girondins de Bordeaux","09/15/2017 19:02:44","Restart",192,16
862125,"Toulouse FC","FC Girondins de Bordeaux","09/15/2017 19:02:47","SAFE1",193,16
862125,"Toulouse FC","FC Girondins de Bordeaux","09/15/2017 19:02:57","AT1",194,16
862125,"Toulouse FC","FC Girondins de Bordeaux","09/15/2017 19:02:58","DANGER1",195,16
862125,"Toulouse FC","FC Girondins de Bordeaux","09/15/2017 19:02:58","DAT1",196,16
862125,"Toulouse FC","FC Girondins de Bordeaux","09/15/2017 19:03:11","SAFE2",197,17
862125,"Toulouse FC","FC Girondins de Bordeaux","09/15/2017 19:03:38","AT2",198,17
862125,"Toulouse FC","FC Girondins de Bordeaux","09/15/2017 19:03:47","DANGER2",199,17
862125,"Toulouse FC","FC Girondins de Bordeaux","09/15/2017 19:03:47","DAT2",200,17
862125,"Toulouse FC","FC Girondins de Bordeaux","09/15/2017 19:03:52","SAFE1",201,17
862125,"Toulouse FC","FC Girondins de Bordeaux","09/15/2017 19:03:57","POSSIBLE_TI",202,17
862125,"Toulouse FC","FC Girondins de Bordeaux","09/15/2017 19:03:58","TI2",203,17
862125,"Toulouse FC","FC Girondins de Bordeaux","09/15/2017 19:04:01","Restart",204,17
862125,"Toulouse FC","FC Girondins de Bordeaux","09/15/2017 19:04:08","POSSIBLE_TI",205,18
862125,"Toulouse FC","FC Girondins de Bordeaux","09/15/2017 19:04:08","TI2",206,18
862125,"Toulouse FC","FC Girondins de Bordeaux","09/15/2017 19:04:15","Restart",207,18
862125,"Toulouse FC","FC Girondins de Bordeaux","09/15/2017 19:04:18","SAFE1",208,18
862125,"Toulouse FC","FC Girondins de Bordeaux","09/15/2017 19:04:21","AT1",209,18
862125,"Toulouse FC","FC Girondins de Bordeaux","09/15/2017 19:04:24","SAFE2",210,18
862125,"Toulouse FC","FC Girondins de Bordeaux","09/15/2017 19:04:25","AT2",211,18
862125,"Toulouse FC","FC Girondins de Bordeaux","09/15/2017 19:04:28","DANGER2",212,18
862125,"Toulouse FC","FC Girondins de Bordeaux","09/15/2017 19:04:28","DAT2",213,18
862125,"Toulouse FC","FC Girondins de Bordeaux","09/15/2017 19:04:32","PCR2",214,18
862125,"Toulouse FC","FC Girondins de Bordeaux","09/15/2017 19:04:42","NCR2",215,18
862125,"Toulouse FC","FC Girondins de Bordeaux","09/15/2017 19:04:46","SAFE1",216,18
862125,"Toulouse FC","FC Girondins de Bordeaux","09/15/2017 19:04:49","Possible Free Kick",217,18
862125,"Toulouse FC","FC Girondins de Bordeaux","09/15/2017 19:04:54","F2",219,18
862125,"Toulouse FC","FC Girondins de Bordeaux","09/15/2017 19:04:54","FK1",220,18
862125,"Toulouse FC","FC Girondins de Bordeaux","09/15/2017 19:04:54","Ball Position",221,18
862125,"Toulouse FC","FC Girondins de Bordeaux","09/15/2017 19:05:01","Restart",222,19
862125,"Toulouse FC","FC Girondins de Bordeaux","09/15/2017 19:05:08","AT1",223,19
862125,"Toulouse FC","FC Girondins de Bordeaux","09/15/2017 19:05:10","DANGER1",224,19
862125,"Toulouse FC","FC Girondins de Bordeaux","09/15/2017 19:05:10","DAT1",225,19
862125,"Toulouse FC","FC Girondins de Bordeaux","09/15/2017 19:05:15","SAFE2",226,19
862125,"Toulouse FC","FC Girondins de Bordeaux","09/15/2017 19:05:15","Possible Free Kick",227,19
862125,"Toulouse FC","FC Girondins de Bordeaux","09/15/2017 19:05:19","O1",229,19
862125,"Toulouse FC","FC Girondins de Bordeaux","09/15/2017 19:05:19","FK2",230,19
862125,"Toulouse FC","FC Girondins de Bordeaux","09/15/2017 19:05:19","Ball Position",231,19
862125,"Toulouse FC","FC Girondins de Bordeaux","09/15/2017 19:05:21","Restart",232,19
862125,"Toulouse FC","FC Girondins de Bordeaux","09/15/2017 19:05:34","AT2",233,19
862125,"Toulouse FC","FC Girondins de Bordeaux","09/15/2017 19:05:37","DANGER2",234,19
862125,"Toulouse FC","FC Girondins de Bordeaux","09/15/2017 19:05:37","DAT2",235,19
862125,"Toulouse FC","FC Girondins de Bordeaux","09/15/2017 19:06:08","SAFE1",236,20
862125,"Toulouse FC","FC Girondins de Bordeaux","09/15/2017 19:06:09","AT1",237,20
862125,"Toulouse FC","FC Girondins de Bordeaux","09/15/2017 19:06:10","DANGER1",238,20
862125,"Toulouse FC","FC Girondins de Bordeaux","09/15/2017 19:06:10","DAT1",239,20
862125,"Toulouse FC","FC Girondins de Bordeaux","09/15/2017 19:06:16","SAFE2",240,20
862125,"Toulouse FC","FC Girondins de Bordeaux","09/15/2017 19:06:18","Possible Free Kick",241,20
862125,"Toulouse FC","FC Girondins de Bordeaux","09/15/2017 19:06:21","F1",243,20
862125,"Toulouse FC","FC Girondins de Bordeaux","09/15/2017 19:06:21","FK2",244,20
862125,"Toulouse FC","FC Girondins de Bordeaux","09/15/2017 19:06:21","Ball Position",245,20
862125,"Toulouse FC","FC Girondins de Bordeaux","09/15/2017 19:06:23","Restart",246,20
862125,"Toulouse FC","FC Girondins de Bordeaux","09/15/2017 19:06:38","AT2",247,20
862125,"Toulouse FC","FC Girondins de Bordeaux","09/15/2017 19:06:47","DANGER2",248,20
862125,"Toulouse FC","FC Girondins de Bordeaux","09/15/2017 19:06:47","DAT2",249,20
862125,"Toulouse FC","FC Girondins de Bordeaux","09/15/2017 19:06:51","SHB2",250,20
862125,"Toulouse FC","FC Girondins de Bordeaux","09/15/2017 19:06:53","SAFE1",251,20
862125,"Toulouse FC","FC Girondins de Bordeaux","09/15/2017 19:06:54","GK1",252,20
862125,"Toulouse FC","FC Girondins de Bordeaux","09/15/2017 19:07:12","Restart",253,21
862125,"Toulouse FC","FC Girondins de Bordeaux","09/15/2017 19:07:20","AT2",254,21
862125,"Toulouse FC","FC Girondins de Bordeaux","09/15/2017 19:07:24","SAFE1",255,21
862125,"Toulouse FC","FC Girondins de Bordeaux","09/15/2017 19:07:27","POSSIBLE_TI",256,21
862125,"Toulouse FC","FC Girondins de Bordeaux","09/15/2017 19:07:28","TI1",257,21
862125,"Toulouse FC","FC Girondins de Bordeaux","09/15/2017 19:07:32","Restart",258,21
862125,"Toulouse FC","FC Girondins de Bordeaux","09/15/2017 19:07:59","AT1",259,21
862125,"Toulouse FC","FC Girondins de Bordeaux","09/15/2017 19:08:15","SAFE1",260,22
862125,"Toulouse FC","FC Girondins de Bordeaux","09/15/2017 19:08:24","AT1",261,22
862125,"Toulouse FC","FC Girondins de Bordeaux","09/15/2017 19:08:27","DANGER1",262,22
862125,"Toulouse FC","FC Girondins de Bordeaux","09/15/2017 19:08:27","DAT1",263,22
862125,"Toulouse FC","FC Girondins de Bordeaux","09/15/2017 19:08:33","SAFE2",264,22
862125,"Toulouse FC","FC Girondins de Bordeaux","09/15/2017 19:08:36","POSSIBLE_TI",265,22
862125,"Toulouse FC","FC Girondins de Bordeaux","09/15/2017 19:08:38","TI2",266,22
862125,"Toulouse FC","FC Girondins de Bordeaux","09/15/2017 19:08:41","Restart",267,22
862125,"Toulouse FC","FC Girondins de Bordeaux","09/15/2017 19:08:47","AT2",268,22
862125,"Toulouse FC","FC Girondins de Bordeaux","09/15/2017 19:08:49","DANGER2",269,22
862125,"Toulouse FC","FC Girondins de Bordeaux","09/15/2017 19:08:49","DAT2",270,22
862125,"Toulouse FC","FC Girondins de Bordeaux","09/15/2017 19:08:57","PCR2",271,22
862125,"Toulouse FC","FC Girondins de Bordeaux","09/15/2017 19:09:03","CR2",272,23
862125,"Toulouse FC","FC Girondins de Bordeaux","09/15/2017 19:09:06","Ball Position",273,23
862125,"Toulouse FC","FC Girondins de Bordeaux","09/15/2017 19:09:21","Restart",274,23
862125,"Toulouse FC","FC Girondins de Bordeaux","09/15/2017 19:09:26","SAFE1",275,23
862125,"Toulouse FC","FC Girondins de Bordeaux","09/15/2017 19:09:27","Possible Free Kick",276,23
862125,"Toulouse FC","FC Girondins de Bordeaux","09/15/2017 19:09:30","F2",278,23
862125,"Toulouse FC","FC Girondins de Bordeaux","09/15/2017 19:09:30","FK1",279,23
862125,"Toulouse FC","FC Girondins de Bordeaux","09/15/2017 19:09:30","Ball Position",280,23
862125,"Toulouse FC","FC Girondins de Bordeaux","09/15/2017 19:09:49","Restart",281,23
862125,"Toulouse FC","FC Girondins de Bordeaux","09/15/2017 19:09:54","AT1",282,23
862125,"Toulouse FC","FC Girondins de Bordeaux","09/15/2017 19:10:16","DANGER1",283,24
862125,"Toulouse FC","FC Girondins de Bordeaux","09/15/2017 19:10:16","DAT1",284,24
862125,"Toulouse FC","FC Girondins de Bordeaux","09/15/2017 19:10:26","SAFE2",285,24
862125,"Toulouse FC","FC Girondins de Bordeaux","09/15/2017 19:10:54","AT2",286,24
862125,"Toulouse FC","FC Girondins de Bordeaux","09/15/2017 19:11:03","SAFE2",287,25
862125,"Toulouse FC","FC Girondins de Bordeaux","09/15/2017 19:11:14","AT2",288,25
862125,"Toulouse FC","FC Girondins de Bordeaux","09/15/2017 19:11:16","DANGER2",289,25
862125,"Toulouse FC","FC Girondins de Bordeaux","09/15/2017 19:11:16","DAT2",290,25
862125,"Toulouse FC","FC Girondins de Bordeaux","09/15/2017 19:11:26","SAFE1",291,25
862125,"Toulouse FC","FC Girondins de Bordeaux","09/15/2017 19:11:43","SAFE2",292,25
862125,"Toulouse FC","FC Girondins de Bordeaux","09/15/2017 19:12:04","AT2",293,26
862125,"Toulouse FC","FC Girondins de Bordeaux","09/15/2017 19:12:07","DANGER2",294,26
862125,"Toulouse FC","FC Girondins de Bordeaux","09/15/2017 19:12:07","DAT2",295,26
862125,"Toulouse FC","FC Girondins de Bordeaux","09/15/2017 19:12:12","SAFE1",296,26
862125,"Toulouse FC","FC Girondins de Bordeaux","09/15/2017 19:12:15","AT1",297,26
862125,"Toulouse FC","FC Girondins de Bordeaux","09/15/2017 19:12:17","DANGER1",298,26
862125,"Toulouse FC","FC Girondins de Bordeaux","09/15/2017 19:12:17","DAT1",299,26
862125,"Toulouse FC","FC Girondins de Bordeaux","09/15/2017 19:12:19","PCR1",300,26
862125,"Toulouse FC","FC Girondins de Bordeaux","09/15/2017 19:12:32","CR1",301,26
862125,"Toulouse FC","FC Girondins de Bordeaux","09/15/2017 19:12:36","Ball Position",302,26
862125,"Toulouse FC","FC Girondins de Bordeaux","09/15/2017 19:12:58","Restart",303,26
862125,"Toulouse FC","FC Girondins de Bordeaux","09/15/2017 19:13:09","SAFE1",304,27
862125,"Toulouse FC","FC Girondins de Bordeaux","09/15/2017 19:13:10","Possible Free Kick",305,27
862125,"Toulouse FC","FC Girondins de Bordeaux","09/15/2017 19:13:17","SAFE2",308,27
862125,"Toulouse FC","FC Girondins de Bordeaux","09/15/2017 19:13:17","F1",309,27
862125,"Toulouse FC","FC Girondins de Bordeaux","09/15/2017 19:13:17","FK2",310,27
862125,"Toulouse FC","FC Girondins de Bordeaux","09/15/2017 19:13:17","Ball Position",311,27
862125,"Toulouse FC","FC Girondins de Bordeaux","09/15/2017 19:13:39","Restart",312,27
862125,"Toulouse FC","FC Girondins de Bordeaux","09/15/2017 19:13:45","SAFE1",313,27
862125,"Toulouse FC","FC Girondins de Bordeaux","09/15/2017 19:13:48","AT2",314,27
862125,"Toulouse FC","FC Girondins de Bordeaux","09/15/2017 19:13:50","DANGER2",315,27
862125,"Toulouse FC","FC Girondins de Bordeaux","09/15/2017 19:13:50","DAT2",316,27
862125,"Toulouse FC","FC Girondins de Bordeaux","09/15/2017 19:13:53","PCR2",317,27
862125,"Toulouse FC","FC Girondins de Bordeaux","09/15/2017 19:13:59","CR2",318,27
862125,"Toulouse FC","FC Girondins de Bordeaux","09/15/2017 19:14:01","Ball Position",319,28
862125,"Toulouse FC","FC Girondins de Bordeaux","09/15/2017 19:14:09","Restart",320,28
862125,"Toulouse FC","FC Girondins de Bordeaux","09/15/2017 19:14:22","POSSIBLE_TI",321,28
862125,"Toulouse FC","FC Girondins de Bordeaux","09/15/2017 19:14:23","TI2",322,28
862125,"Toulouse FC","FC Girondins de Bordeaux","09/15/2017 19:14:31","Restart",323,28
862125,"Toulouse FC","FC Girondins de Bordeaux","09/15/2017 19:14:37","SAFE1",324,28
862125,"Toulouse FC","FC Girondins de Bordeaux","09/15/2017 19:14:40","GK1",325,28
862125,"Toulouse FC","FC Girondins de Bordeaux","09/15/2017 19:15:00","Restart",326,28
862125,"Toulouse FC","FC Girondins de Bordeaux","09/15/2017 19:15:05","AT1",327,29
862125,"Toulouse FC","FC Girondins de Bordeaux","09/15/2017 19:15:07","DANGER1",328,29
862125,"Toulouse FC","FC Girondins de Bordeaux","09/15/2017 19:15:07","DAT1",329,29
862125,"Toulouse FC","FC Girondins de Bordeaux","09/15/2017 19:15:22","SAFE2",330,29
862125,"Toulouse FC","FC Girondins de Bordeaux","09/15/2017 19:15:29","SAFE1",331,29
862125,"Toulouse FC","FC Girondins de Bordeaux","09/15/2017 19:15:32","AT1",332,29
862125,"Toulouse FC","FC Girondins de Bordeaux","09/15/2017 19:15:37","SAFE1",333,29
862125,"Toulouse FC","FC Girondins de Bordeaux","09/15/2017 19:16:09","AT1",334,30
862125,"Toulouse FC","FC Girondins de Bordeaux","09/15/2017 19:16:16","DANGER1",335,30
862125,"Toulouse FC","FC Girondins de Bordeaux","09/15/2017 19:16:16","DAT1",336,30
862125,"Toulouse FC","FC Girondins de Bordeaux","09/15/2017 19:16:24","POSSIBLE_TI",337,30
862125,"Toulouse FC","FC Girondins de Bordeaux","09/15/2017 19:16:25","TI1",338,30
862125,"Toulouse FC","FC Girondins de Bordeaux","09/15/2017 19:16:37","Restart",339,30
862125,"Toulouse FC","FC Girondins de Bordeaux","09/15/2017 19:16:47","SAFE2",340,30
862125,"Toulouse FC","FC Girondins de Bordeaux","09/15/2017 19:16:49","AT2",341,30
862125,"Toulouse FC","FC Girondins de Bordeaux","09/15/2017 19:16:53","DANGER2",342,30
862125,"Toulouse FC","FC Girondins de Bordeaux","09/15/2017 19:16:53","DAT2",343,30
862125,"Toulouse FC","FC Girondins de Bordeaux","09/15/2017 19:17:00","SAFE1",344,30
862125,"Toulouse FC","FC Girondins de Bordeaux","09/15/2017 19:17:05","AT1",345,31
862125,"Toulouse FC","FC Girondins de Bordeaux","09/15/2017 19:17:07","DANGER1",346,31
862125,"Toulouse FC","FC Girondins de Bordeaux","09/15/2017 19:17:07","DAT1",347,31
862125,"Toulouse FC","FC Girondins de Bordeaux","09/15/2017 19:17:15","PCR1",348,31
862125,"Toulouse FC","FC Girondins de Bordeaux","09/15/2017 19:17:19","SHG1",349,31
862125,"Toulouse FC","FC Girondins de Bordeaux","09/15/2017 19:17:27","CR1",350,31
862125,"Toulouse FC","FC Girondins de Bordeaux","09/15/2017 19:17:29","Ball Position",351,31
862125,"Toulouse FC","FC Girondins de Bordeaux","09/15/2017 19:17:56","Restart",352,31
862125,"Toulouse FC","FC Girondins de Bordeaux","09/15/2017 19:18:03","POSSIBLE_TI",353,32
862125,"Toulouse FC","FC Girondins de Bordeaux","09/15/2017 19:18:05","TI1",354,32
862125,"Toulouse FC","FC Girondins de Bordeaux","09/15/2017 19:18:07","Restart",355,32
862125,"Toulouse FC","FC Girondins de Bordeaux","09/15/2017 19:18:17","SAFE2",356,32
862125,"Toulouse FC","FC Girondins de Bordeaux","09/15/2017 19:18:21","AT1",357,32
862125,"Toulouse FC","FC Girondins de Bordeaux","09/15/2017 19:18:29","DANGER1",358,32
862125,"Toulouse FC","FC Girondins de Bordeaux","09/15/2017 19:18:29","DAT1",359,32
862125,"Toulouse FC","FC Girondins de Bordeaux","09/15/2017 19:18:44","SHG1",360,32
862125,"Toulouse FC","FC Girondins de Bordeaux","09/15/2017 19:18:45","SAFE2",361,32
862125,"Toulouse FC","FC Girondins de Bordeaux","09/15/2017 19:19:03","AT2",362,33
862125,"Toulouse FC","FC Girondins de Bordeaux","09/15/2017 19:19:04","DANGER2",363,33
862125,"Toulouse FC","FC Girondins de Bordeaux","09/15/2017 19:19:04","DAT2",364,33
862125,"Toulouse FC","FC Girondins de Bordeaux","09/15/2017 19:19:14","SAFE1",365,33
862125,"Toulouse FC","FC Girondins de Bordeaux","09/15/2017 19:19:15","GK1",366,33
862125,"Toulouse FC","FC Girondins de Bordeaux","09/15/2017 19:19:44","Restart",367,33
862125,"Toulouse FC","FC Girondins de Bordeaux","09/15/2017 19:19:50","POSSIBLE_TI",368,33
862125,"Toulouse FC","FC Girondins de Bordeaux","09/15/2017 19:19:52","TI2",369,33
862125,"Toulouse FC","FC Girondins de Bordeaux","09/15/2017 19:20:09","Restart",370,34
862125,"Toulouse FC","FC Girondins de Bordeaux","09/15/2017 19:20:13","AT2",371,34
862125,"Toulouse FC","FC Girondins de Bordeaux","09/15/2017 19:20:15","DANGER2",372,34
862125,"Toulouse FC","FC Girondins de Bordeaux","09/15/2017 19:20:15","DAT2",373,34
862125,"Toulouse FC","FC Girondins de Bordeaux","09/15/2017 19:20:19","SAFE1",374,34
862125,"Toulouse FC","FC Girondins de Bordeaux","09/15/2017 19:20:20","GK1",375,34
862125,"Toulouse FC","FC Girondins de Bordeaux","09/15/2017 19:20:26","Restart",376,34
862125,"Toulouse FC","FC Girondins de Bordeaux","09/15/2017 19:20:30","AT1",377,34
862125,"Toulouse FC","FC Girondins de Bordeaux","09/15/2017 19:20:37","Possible Free Kick",378,34
862125,"Toulouse FC","FC Girondins de Bordeaux","09/15/2017 19:20:44","F2",380,34
862125,"Toulouse FC","FC Girondins de Bordeaux","09/15/2017 19:20:44","FK1",381,34
862125,"Toulouse FC","FC Girondins de Bordeaux","09/15/2017 19:20:44","DANGER1",382,34
862125,"Toulouse FC","FC Girondins de Bordeaux","09/15/2017 19:20:44","DFK1",383,34
862125,"Toulouse FC","FC Girondins de Bordeaux","09/15/2017 19:20:44","Ball Position",384,34
862125,"Toulouse FC","FC Girondins de Bordeaux","09/15/2017 19:20:45","Restart",385,34
862125,"Toulouse FC","FC Girondins de Bordeaux","09/15/2017 19:20:54","POSSIBLE_TI",386,34
862125,"Toulouse FC","FC Girondins de Bordeaux","09/15/2017 19:20:55","TI2",387,34
862125,"Toulouse FC","FC Girondins de Bordeaux","09/15/2017 19:21:01","Restart",388,35
862125,"Toulouse FC","FC Girondins de Bordeaux","09/15/2017 19:21:07","SAFE2",389,35
862125,"Toulouse FC","FC Girondins de Bordeaux","09/15/2017 19:21:15","AT2",390,35
862125,"Toulouse FC","FC Girondins de Bordeaux","09/15/2017 19:21:15","POSSIBLE_TI",391,35
862125,"Toulouse FC","FC Girondins de Bordeaux","09/15/2017 19:21:17","TI2",392,35
862125,"Toulouse FC","FC Girondins de Bordeaux","09/15/2017 19:21:19","Restart",393,35
862125,"Toulouse FC","FC Girondins de Bordeaux","09/15/2017 19:21:29","DANGER2",394,35
862125,"Toulouse FC","FC Girondins de Bordeaux","09/15/2017 19:21:29","DAT2",395,35
862125,"Toulouse FC","FC Girondins de Bordeaux","09/15/2017 19:21:35","POSSIBLE_TI",396,35
862125,"Toulouse FC","FC Girondins de Bordeaux","09/15/2017 19:21:36","TI2",397,35
862125,"Toulouse FC","FC Girondins de Bordeaux","09/15/2017 19:21:43","Restart",398,35
862125,"Toulouse FC","FC Girondins de Bordeaux","09/15/2017 19:22:16","POSSIBLE_TI",399,36
862125,"Toulouse FC","FC Girondins de Bordeaux","09/15/2017 19:22:18","TI2",400,36
862125,"Toulouse FC","FC Girondins de Bordeaux","09/15/2017 19:22:36","Restart",401,36
862125,"Toulouse FC","FC Girondins de Bordeaux","09/15/2017 19:22:58","SAFE2",402,36
862125,"Toulouse FC","FC Girondins de Bordeaux","09/15/2017 19:23:00","POSSIBLE_TI",403,36
862125,"Toulouse FC","FC Girondins de Bordeaux","09/15/2017 19:23:02","TI2",404,37
862125,"Toulouse FC","FC Girondins de Bordeaux","09/15/2017 19:23:03","Restart",405,37
862125,"Toulouse FC","FC Girondins de Bordeaux","09/15/2017 19:23:13","AT2",406,37
862125,"Toulouse FC","FC Girondins de Bordeaux","09/15/2017 19:23:20","DANGER2",407,37
862125,"Toulouse FC","FC Girondins de Bordeaux","09/15/2017 19:23:20","DAT2",408,37
862125,"Toulouse FC","FC Girondins de Bordeaux","09/15/2017 19:23:25","PCR2",409,37
862125,"Toulouse FC","FC Girondins de Bordeaux","09/15/2017 19:23:33","CR2",410,37
862125,"Toulouse FC","FC Girondins de Bordeaux","09/15/2017 19:23:35","Ball Position",411,37
862125,"Toulouse FC","FC Girondins de Bordeaux","09/15/2017 19:23:51","Restart",412,37
862125,"Toulouse FC","FC Girondins de Bordeaux","09/15/2017 19:23:58","SAFE1",413,37
862125,"Toulouse FC","FC Girondins de Bordeaux","09/15/2017 19:24:05","AT1",414,38
862125,"Toulouse FC","FC Girondins de Bordeaux","09/15/2017 19:24:10","DANGER1",415,38
862125,"Toulouse FC","FC Girondins de Bordeaux","09/15/2017 19:24:10","DAT1",416,38
862125,"Toulouse FC","FC Girondins de Bordeaux","09/15/2017 19:24:38","SAFE2",417,38
862125,"Toulouse FC","FC Girondins de Bordeaux","09/15/2017 19:24:52","AT2",418,38
862125,"Toulouse FC","FC Girondins de Bordeaux","09/15/2017 19:25:00","SAFE1",419,38
862125,"Toulouse FC","FC Girondins de Bordeaux","09/15/2017 19:25:16","AT1",420,39
862125,"Toulouse FC","FC Girondins de Bordeaux","09/15/2017 19:25:18","DANGER1",421,39
862125,"Toulouse FC","FC Girondins de Bordeaux","09/15/2017 19:25:18","DAT1",422,39
862125,"Toulouse FC","FC Girondins de Bordeaux","09/15/2017 19:25:23","Possible Free Kick",423,39
862125,"Toulouse FC","FC Girondins de Bordeaux","09/15/2017 19:25:30","F2",425,39
862125,"Toulouse FC","FC Girondins de Bordeaux","09/15/2017 19:25:30","FK1",426,39
862125,"Toulouse FC","FC Girondins de Bordeaux","09/15/2017 19:25:30","DFK1",427,39
862125,"Toulouse FC","FC Girondins de Bordeaux","09/15/2017 19:25:30","Ball Position",428,39
862125,"Toulouse FC","FC Girondins de Bordeaux","09/15/2017 19:26:20","Restart",429,40
862125,"Toulouse FC","FC Girondins de Bordeaux","09/15/2017 19:26:39","SHB1",430,40
862125,"Toulouse FC","FC Girondins de Bordeaux","09/15/2017 19:26:41","SAFE2",431,40
862125,"Toulouse FC","FC Girondins de Bordeaux","09/15/2017 19:26:43","GK2",432,40
862125,"Toulouse FC","FC Girondins de Bordeaux","09/15/2017 19:27:08","Restart",433,41
862125,"Toulouse FC","FC Girondins de Bordeaux","09/15/2017 19:27:28","SAFE1",434,41
862125,"Toulouse FC","FC Girondins de Bordeaux","09/15/2017 19:27:31","SAFE2",435,41
862125,"Toulouse FC","FC Girondins de Bordeaux","09/15/2017 19:27:33","Possible Free Kick",436,41
862125,"Toulouse FC","FC Girondins de Bordeaux","09/15/2017 19:27:40","O1",438,41
862125,"Toulouse FC","FC Girondins de Bordeaux","09/15/2017 19:27:40","FK2",439,41
862125,"Toulouse FC","FC Girondins de Bordeaux","09/15/2017 19:27:40","Ball Position",440,41
862125,"Toulouse FC","FC Girondins de Bordeaux","09/15/2017 19:27:42","Restart",441,41
862125,"Toulouse FC","FC Girondins de Bordeaux","09/15/2017 19:27:45","SAFE1",442,41
862125,"Toulouse FC","FC Girondins de Bordeaux","09/15/2017 19:27:46","AT1",443,41
862125,"Toulouse FC","FC Girondins de Bordeaux","09/15/2017 19:27:49","DANGER1",444,41
862125,"Toulouse FC","FC Girondins de Bordeaux","09/15/2017 19:27:49","DAT1",445,41
862125,"Toulouse FC","FC Girondins de Bordeaux","09/15/2017 19:28:00","SAFE2",446,41
862125,"Toulouse FC","FC Girondins de Bordeaux","09/15/2017 19:28:06","Possible Free Kick",447,42
862125,"Toulouse FC","FC Girondins de Bordeaux","09/15/2017 19:28:09","F1",449,42
862125,"Toulouse FC","FC Girondins de Bordeaux","09/15/2017 19:28:09","FK2",450,42
862125,"Toulouse FC","FC Girondins de Bordeaux","09/15/2017 19:28:09","Ball Position",451,42
862125,"Toulouse FC","FC Girondins de Bordeaux","09/15/2017 19:28:11","Restart",452,42
862125,"Toulouse FC","FC Girondins de Bordeaux","09/15/2017 19:28:16","AT2",453,42
862125,"Toulouse FC","FC Girondins de Bordeaux","09/15/2017 19:28:18","DANGER2",454,42
862125,"Toulouse FC","FC Girondins de Bordeaux","09/15/2017 19:28:18","DAT2",455,42
862125,"Toulouse FC","FC Girondins de Bordeaux","09/15/2017 19:28:22","POSSIBLE_TI",456,42
862125,"Toulouse FC","FC Girondins de Bordeaux","09/15/2017 19:28:25","TI2",457,42
862125,"Toulouse FC","FC Girondins de Bordeaux","09/15/2017 19:28:29","Restart",458,42
862125,"Toulouse FC","FC Girondins de Bordeaux","09/15/2017 19:28:40","SHB2",459,42
862125,"Toulouse FC","FC Girondins de Bordeaux","09/15/2017 19:28:42","POSSIBLE_TI",460,42
862125,"Toulouse FC","FC Girondins de Bordeaux","09/15/2017 19:28:45","TI1",461,42
862125,"Toulouse FC","FC Girondins de Bordeaux","09/15/2017 19:28:50","Restart",462,42
862125,"Toulouse FC","FC Girondins de Bordeaux","09/15/2017 19:28:55","SAFE1",463,42
862125,"Toulouse FC","FC Girondins de Bordeaux","09/15/2017 19:29:01","SAFE2",464,43
862125,"Toulouse FC","FC Girondins de Bordeaux","09/15/2017 19:29:29","AT2",465,43
862125,"Toulouse FC","FC Girondins de Bordeaux","09/15/2017 19:29:47","DANGER2",466,43
862125,"Toulouse FC","FC Girondins de Bordeaux","09/15/2017 19:29:47","DAT2",467,43
862125,"Toulouse FC","FC Girondins de Bordeaux","09/15/2017 19:29:55","SAFE1",468,43
862125,"Toulouse FC","FC Girondins de Bordeaux","09/15/2017 19:29:56","AT1",469,43
862125,"Toulouse FC","FC Girondins de Bordeaux","09/15/2017 19:29:57","DANGER1",470,43
862125,"Toulouse FC","FC Girondins de Bordeaux","09/15/2017 19:29:57","DAT1",471,43
862125,"Toulouse FC","FC Girondins de Bordeaux","09/15/2017 19:30:28","SAFE1",472,44
862125,"Toulouse FC","FC Girondins de Bordeaux","09/15/2017 19:30:41","AT1",473,44
862125,"Toulouse FC","FC Girondins de Bordeaux","09/15/2017 19:30:43","DANGER1",474,44
862125,"Toulouse FC","FC Girondins de Bordeaux","09/15/2017 19:30:43","DAT1",475,44
862125,"Toulouse FC","FC Girondins de Bordeaux","09/15/2017 19:31:03","BLOCKED1",476,45
862125,"Toulouse FC","FC Girondins de Bordeaux","09/15/2017 19:31:10","SAFE2",477,45
862125,"Toulouse FC","FC Girondins de Bordeaux","09/15/2017 19:31:16","AT2",478,45
862125,"Toulouse FC","FC Girondins de Bordeaux","09/15/2017 19:31:19","DANGER2",479,45
862125,"Toulouse FC","FC Girondins de Bordeaux","09/15/2017 19:31:19","DAT2",480,45
862125,"Toulouse FC","FC Girondins de Bordeaux","09/15/2017 19:31:23","SAFE1",481,45
862125,"Toulouse FC","FC Girondins de Bordeaux","09/15/2017 19:31:31","AT1",482,45
862125,"Toulouse FC","FC Girondins de Bordeaux","09/15/2017 19:31:32","DANGER1",483,45
862125,"Toulouse FC","FC Girondins de Bordeaux","09/15/2017 19:31:32","DAT1",484,45
862125,"Toulouse FC","FC Girondins de Bordeaux","09/15/2017 19:31:34","SAFE2",485,45
862125,"Toulouse FC","FC Girondins de Bordeaux","09/15/2017 19:32:01","Extra Time",486,45
862125,"Toulouse FC","FC Girondins de Bordeaux","09/15/2017 19:32:10","AT2",487,46
862125,"Toulouse FC","FC Girondins de Bordeaux","09/15/2017 19:32:11","DANGER2",488,46
862125,"Toulouse FC","FC Girondins de Bordeaux","09/15/2017 19:32:11","DAT2",489,46
862125,"Toulouse FC","FC Girondins de Bordeaux","09/15/2017 19:32:21","SAFE1",490,46
862125,"Toulouse FC","FC Girondins de Bordeaux","09/15/2017 19:32:27","SAFE2",491,46
862125,"Toulouse FC","FC Girondins de Bordeaux","09/15/2017 19:32:29","AT2",492,46
862125,"Toulouse FC","FC Girondins de Bordeaux","09/15/2017 19:32:34","DANGER2",493,46
862125,"Toulouse FC","FC Girondins de Bordeaux","09/15/2017 19:32:34","DAT2",494,46
862125,"Toulouse FC","FC Girondins de Bordeaux","09/15/2017 19:32:37","SAFE1",495,46
862125,"Toulouse FC","FC Girondins de Bordeaux","09/15/2017 19:32:41","AT1",496,46
862125,"Toulouse FC","FC Girondins de Bordeaux","09/15/2017 19:32:44","DANGER1",497,46
862125,"Toulouse FC","FC Girondins de Bordeaux","09/15/2017 19:32:44","DAT1",498,46
862125,"Toulouse FC","FC Girondins de Bordeaux","09/15/2017 19:32:52","SHB1",499,46
862125,"Toulouse FC","FC Girondins de Bordeaux","09/15/2017 19:32:56","SAFE2",500,46
862125,"Toulouse FC","FC Girondins de Bordeaux","09/15/2017 19:32:58","GK2",501,46
862125,"Toulouse FC","FC Girondins de Bordeaux","09/15/2017 19:33:16","Stop RT1",502,46
862125,"Toulouse FC","FC Girondins de Bordeaux","09/15/2017 19:33:26","CONF_PERIOD_SCORE",503,45
862125,"Toulouse FC","FC Girondins de Bordeaux","09/15/2017 19:38:46","GCC",504,45
862125,"Toulouse FC","FC Girondins de Bordeaux","09/15/2017 19:45:52","GCC",505,45
862125,"Toulouse FC","FC Girondins de Bordeaux","09/15/2017 19:46:42","Players are coming out",506,45
862125,"Toulouse FC","FC Girondins de Bordeaux","09/15/2017 19:48:48","Game about to start",507,45
862125,"Toulouse FC","FC Girondins de Bordeaux","09/15/2017 19:49:20","Start RT2 Team 1",508,46
862125,"Toulouse FC","FC Girondins de Bordeaux","09/15/2017 19:49:31","Restart",509,46
862125,"Toulouse FC","FC Girondins de Bordeaux","09/15/2017 19:49:31","AT1",510,46
862125,"Toulouse FC","FC Girondins de Bordeaux","09/15/2017 19:49:41","SAFE2",511,46
862125,"Toulouse FC","FC Girondins de Bordeaux","09/15/2017 19:50:04","AT2",512,46
862125,"Toulouse FC","FC Girondins de Bordeaux","09/15/2017 19:50:05","POSSIBLE_TI",513,46
862125,"Toulouse FC","FC Girondins de Bordeaux","09/15/2017 19:50:06","TI2",514,46
862125,"Toulouse FC","FC Girondins de Bordeaux","09/15/2017 19:50:13","Restart",515,46
862125,"Toulouse FC","FC Girondins de Bordeaux","09/15/2017 19:50:14","DANGER2",516,46
862125,"Toulouse FC","FC Girondins de Bordeaux","09/15/2017 19:50:14","DAT2",517,46
862125,"Toulouse FC","FC Girondins de Bordeaux","09/15/2017 19:50:21","SHB2",518,47
862125,"Toulouse FC","FC Girondins de Bordeaux","09/15/2017 19:50:22","SAFE1",519,47
862125,"Toulouse FC","FC Girondins de Bordeaux","09/15/2017 19:50:24","GK1",520,47
862125,"Toulouse FC","FC Girondins de Bordeaux","09/15/2017 19:50:41","Restart",521,47
862125,"Toulouse FC","FC Girondins de Bordeaux","09/15/2017 19:50:54","SAFE1",522,47
862125,"Toulouse FC","FC Girondins de Bordeaux","09/15/2017 19:51:02","AT1",523,47
862125,"Toulouse FC","FC Girondins de Bordeaux","09/15/2017 19:51:06","POSSIBLE_TI",524,47
862125,"Toulouse FC","FC Girondins de Bordeaux","09/15/2017 19:51:07","TI2",525,47
862125,"Toulouse FC","FC Girondins de Bordeaux","09/15/2017 19:51:12","Restart",526,47
862125,"Toulouse FC","FC Girondins de Bordeaux","09/15/2017 19:51:24","DANGER1",527,48
862125,"Toulouse FC","FC Girondins de Bordeaux","09/15/2017 19:51:24","DAT1",528,48
862125,"Toulouse FC","FC Girondins de Bordeaux","09/15/2017 19:51:30","SHG1",529,48
862125,"Toulouse FC","FC Girondins de Bordeaux","09/15/2017 19:51:34","SAFE2",530,48
862125,"Toulouse FC","FC Girondins de Bordeaux","09/15/2017 19:51:35","AT2",531,48
862125,"Toulouse FC","FC Girondins de Bordeaux","09/15/2017 19:51:36","DANGER2",532,48
862125,"Toulouse FC","FC Girondins de Bordeaux","09/15/2017 19:51:36","DAT2",533,48
862125,"Toulouse FC","FC Girondins de Bordeaux","09/15/2017 19:51:39","PCR2",534,48
862125,"Toulouse FC","FC Girondins de Bordeaux","09/15/2017 19:51:44","CR2",535,48
862125,"Toulouse FC","FC Girondins de Bordeaux","09/15/2017 19:51:46","Ball Position",536,48
862125,"Toulouse FC","FC Girondins de Bordeaux","09/15/2017 19:52:00","Restart",537,48
862125,"Toulouse FC","FC Girondins de Bordeaux","09/15/2017 19:52:29","SAFE2",538,49
862125,"Toulouse FC","FC Girondins de Bordeaux","09/15/2017 19:52:40","SAFE1",539,49
862125,"Toulouse FC","FC Girondins de Bordeaux","09/15/2017 19:52:53","AT1",540,49
862125,"Toulouse FC","FC Girondins de Bordeaux","09/15/2017 19:52:55","DANGER1",541,49
862125,"Toulouse FC","FC Girondins de Bordeaux","09/15/2017 19:52:55","DAT1",542,49
862125,"Toulouse FC","FC Girondins de Bordeaux","09/15/2017 19:53:08","POSSIBLE_TI",543,49
862125,"Toulouse FC","FC Girondins de Bordeaux","09/15/2017 19:53:09","TI1",544,49
862125,"Toulouse FC","FC Girondins de Bordeaux","09/15/2017 19:53:13","Restart",545,49
862125,"Toulouse FC","FC Girondins de Bordeaux","09/15/2017 19:53:18","SAFE2",546,49
862125,"Toulouse FC","FC Girondins de Bordeaux","09/15/2017 19:53:52","SAFE1",547,50
862125,"Toulouse FC","FC Girondins de Bordeaux","09/15/2017 19:53:59","SAFE2",548,50
862125,"Toulouse FC","FC Girondins de Bordeaux","09/15/2017 19:54:01","Possible Free Kick",549,50
862125,"Toulouse FC","FC Girondins de Bordeaux","09/15/2017 19:54:05","O1",551,50
862125,"Toulouse FC","FC Girondins de Bordeaux","09/15/2017 19:54:05","FK2",552,50
862125,"Toulouse FC","FC Girondins de Bordeaux","09/15/2017 19:54:05","Ball Position",553,50
862125,"Toulouse FC","FC Girondins de Bordeaux","09/15/2017 19:54:06","Restart",554,50
862125,"Toulouse FC","FC Girondins de Bordeaux","09/15/2017 19:54:14","AT2",555,50
862125,"Toulouse FC","FC Girondins de Bordeaux","09/15/2017 19:54:16","DANGER2",556,50
862125,"Toulouse FC","FC Girondins de Bordeaux","09/15/2017 19:54:16","DAT2",557,50
862125,"Toulouse FC","FC Girondins de Bordeaux","09/15/2017 19:54:19","POSSIBLE_TI",558,50
862125,"Toulouse FC","FC Girondins de Bordeaux","09/15/2017 19:54:21","TI2",559,51
862125,"Toulouse FC","FC Girondins de Bordeaux","09/15/2017 19:54:31","Restart",560,51
862125,"Toulouse FC","FC Girondins de Bordeaux","09/15/2017 19:54:51","POSSIBLE_TI",561,51
862125,"Toulouse FC","FC Girondins de Bordeaux","09/15/2017 19:54:52","TI2",562,51
862125,"Toulouse FC","FC Girondins de Bordeaux","09/15/2017 19:55:05","Restart",563,51
862125,"Toulouse FC","FC Girondins de Bordeaux","09/15/2017 19:55:15","PCR2",564,51
862125,"Toulouse FC","FC Girondins de Bordeaux","09/15/2017 19:55:20","SHB2",565,52
862125,"Toulouse FC","FC Girondins de Bordeaux","09/15/2017 19:55:24","CR2",566,52
862125,"Toulouse FC","FC Girondins de Bordeaux","09/15/2017 19:55:26","Ball Position",567,52
862125,"Toulouse FC","FC Girondins de Bordeaux","09/15/2017 19:55:31","Restart",568,52
862125,"Toulouse FC","FC Girondins de Bordeaux","09/15/2017 19:55:37","SAFE1",569,52
862125,"Toulouse FC","FC Girondins de Bordeaux","09/15/2017 19:55:38","GK1",570,52
862125,"Toulouse FC","FC Girondins de Bordeaux","09/15/2017 19:55:59","Restart",571,52
862125,"Toulouse FC","FC Girondins de Bordeaux","09/15/2017 19:56:05","AT1",572,52
862125,"Toulouse FC","FC Girondins de Bordeaux","09/15/2017 19:56:10","SAFE2",573,52
862125,"Toulouse FC","FC Girondins de Bordeaux","09/15/2017 19:56:12","Possible Free Kick",574,52
862125,"Toulouse FC","FC Girondins de Bordeaux","09/15/2017 19:56:13","F1",576,52
862125,"Toulouse FC","FC Girondins de Bordeaux","09/15/2017 19:56:13","FK2",577,52
862125,"Toulouse FC","FC Girondins de Bordeaux","09/15/2017 19:56:13","Ball Position",578,52
862125,"Toulouse FC","FC Girondins de Bordeaux","09/15/2017 19:56:35","Restart",579,53
862125,"Toulouse FC","FC Girondins de Bordeaux","09/15/2017 19:56:43","AT2",580,53
862125,"Toulouse FC","FC Girondins de Bordeaux","09/15/2017 19:56:57","Possible Free Kick",581,53
862125,"Toulouse FC","FC Girondins de Bordeaux","09/15/2017 19:57:00","F1",583,53
862125,"Toulouse FC","FC Girondins de Bordeaux","09/15/2017 19:57:00","FK2",584,53
862125,"Toulouse FC","FC Girondins de Bordeaux","09/15/2017 19:57:00","DANGER2",585,53
862125,"Toulouse FC","FC Girondins de Bordeaux","09/15/2017 19:57:00","DFK2",586,53
862125,"Toulouse FC","FC Girondins de Bordeaux","09/15/2017 19:57:00","Ball Position",587,53
862125,"Toulouse FC","FC Girondins de Bordeaux","09/15/2017 19:57:15","Restart",588,53
862125,"Toulouse FC","FC Girondins de Bordeaux","09/15/2017 19:57:21","SAFE1",589,54
862125,"Toulouse FC","FC Girondins de Bordeaux","09/15/2017 19:57:28","AT2",590,54
862125,"Toulouse FC","FC Girondins de Bordeaux","09/15/2017 19:57:39","DANGER2",591,54
862125,"Toulouse FC","FC Girondins de Bordeaux","09/15/2017 19:57:39","DAT2",592,54
862125,"Toulouse FC","FC Girondins de Bordeaux","09/15/2017 19:57:46","SAFE1",593,54
862125,"Toulouse FC","FC Girondins de Bordeaux","09/15/2017 19:57:47","GK1",594,54
862125,"Toulouse FC","FC Girondins de Bordeaux","09/15/2017 19:57:59","Restart",595,54
862125,"Toulouse FC","FC Girondins de Bordeaux","09/15/2017 19:58:06","AT1",596,54
862125,"Toulouse FC","FC Girondins de Bordeaux","09/15/2017 19:58:09","DANGER1",597,54
862125,"Toulouse FC","FC Girondins de Bordeaux","09/15/2017 19:58:09","DAT1",598,54
862125,"Toulouse FC","FC Girondins de Bordeaux","09/15/2017 19:58:15","SAFE2",599,54
862125,"Toulouse FC","FC Girondins de Bordeaux","09/15/2017 19:58:28","POSSIBLE_TI",600,55
862125,"Toulouse FC","FC Girondins de Bordeaux","09/15/2017 19:58:31","TI1",601,55
862125,"Toulouse FC","FC Girondins de Bordeaux","09/15/2017 19:58:33","Restart",602,55
862125,"Toulouse FC","FC Girondins de Bordeaux","09/15/2017 19:58:37","AT1",603,55
862125,"Toulouse FC","FC Girondins de Bordeaux","09/15/2017 19:58:39","DANGER1",604,55
862125,"Toulouse FC","FC Girondins de Bordeaux","09/15/2017 19:58:39","DAT1",605,55
862125,"Toulouse FC","FC Girondins de Bordeaux","09/15/2017 19:58:50","SAFE2",606,55
862125,"Toulouse FC","FC Girondins de Bordeaux","09/15/2017 19:58:53","AT2",607,55
862125,"Toulouse FC","FC Girondins de Bordeaux","09/15/2017 19:58:57","DANGER2",608,55
862125,"Toulouse FC","FC Girondins de Bordeaux","09/15/2017 19:58:57","DAT2",609,55
862125,"Toulouse FC","FC Girondins de Bordeaux","09/15/2017 19:59:05","SHG2",610,55
862125,"Toulouse FC","FC Girondins de Bordeaux","09/15/2017 19:59:11","SHG2",611,55
862125,"Toulouse FC","FC Girondins de Bordeaux","09/15/2017 19:59:14","SAFE1",612,55
862125,"Toulouse FC","FC Girondins de Bordeaux","09/15/2017 19:59:17","Possible Free Kick",613,55
862125,"Toulouse FC","FC Girondins de Bordeaux","09/15/2017 19:59:22","O2",615,56
862125,"Toulouse FC","FC Girondins de Bordeaux","09/15/2017 19:59:22","FK1",616,56
862125,"Toulouse FC","FC Girondins de Bordeaux","09/15/2017 19:59:22","Ball Position",617,56
862125,"Toulouse FC","FC Girondins de Bordeaux","09/15/2017 19:59:33","Restart",618,56
862125,"Toulouse FC","FC Girondins de Bordeaux","09/15/2017 19:59:41","SAFE2",619,56
862125,"Toulouse FC","FC Girondins de Bordeaux","09/15/2017 19:59:49","AT1",620,56
862125,"Toulouse FC","FC Girondins de Bordeaux","09/15/2017 19:59:50","DANGER1",621,56
862125,"Toulouse FC","FC Girondins de Bordeaux","09/15/2017 19:59:50","DAT1",622,56
862125,"Toulouse FC","FC Girondins de Bordeaux","09/15/2017 19:59:56","BLOCKED1",623,56
862125,"Toulouse FC","FC Girondins de Bordeaux","09/15/2017 20:00:04","SHB1",624,56
862125,"Toulouse FC","FC Girondins de Bordeaux","09/15/2017 20:00:06","SAFE2",625,56
862125,"Toulouse FC","FC Girondins de Bordeaux","09/15/2017 20:00:07","GK2",626,56
862125,"Toulouse FC","FC Girondins de Bordeaux","09/15/2017 20:00:28","Restart",627,57
862125,"Toulouse FC","FC Girondins de Bordeaux","09/15/2017 20:00:38","POSSIBLE_TI",628,57
862125,"Toulouse FC","FC Girondins de Bordeaux","09/15/2017 20:00:41","TI2",629,57
862125,"Toulouse FC","FC Girondins de Bordeaux","09/15/2017 20:00:47","Restart",630,57
862125,"Toulouse FC","FC Girondins de Bordeaux","09/15/2017 20:01:15","POSSIBLE_TI",631,57
862125,"Toulouse FC","FC Girondins de Bordeaux","09/15/2017 20:01:16","TI2",632,57
862125,"Toulouse FC","FC Girondins de Bordeaux","09/15/2017 20:01:26","Restart",633,58
862125,"Toulouse FC","FC Girondins de Bordeaux","09/15/2017 20:01:30","Possible Free Kick",634,58
862125,"Toulouse FC","FC Girondins de Bordeaux","09/15/2017 20:01:32","F1",636,58
862125,"Toulouse FC","FC Girondins de Bordeaux","09/15/2017 20:01:32","FK2",637,58
862125,"Toulouse FC","FC Girondins de Bordeaux","09/15/2017 20:01:32","DANGER2",638,58
862125,"Toulouse FC","FC Girondins de Bordeaux","09/15/2017 20:01:32","DFK2",639,58
862125,"Toulouse FC","FC Girondins de Bordeaux","09/15/2017 20:01:32","Ball Position",640,58
862125,"Toulouse FC","FC Girondins de Bordeaux","09/15/2017 20:01:46","Restart",641,58
862125,"Toulouse FC","FC Girondins de Bordeaux","09/15/2017 20:01:52","SAFE1",642,58
862125,"Toulouse FC","FC Girondins de Bordeaux","09/15/2017 20:02:10","AT1",643,58
862125,"Toulouse FC","FC Girondins de Bordeaux","09/15/2017 20:02:11","POSSIBLE_TI",644,58
862125,"Toulouse FC","FC Girondins de Bordeaux","09/15/2017 20:02:12","TI1",645,58
862125,"Toulouse FC","FC Girondins de Bordeaux","09/15/2017 20:02:17","Restart",646,58
862125,"Toulouse FC","FC Girondins de Bordeaux","09/15/2017 20:02:21","DANGER1",647,59
862125,"Toulouse FC","FC Girondins de Bordeaux","09/15/2017 20:02:21","DAT1",648,59
862125,"Toulouse FC","FC Girondins de Bordeaux","09/15/2017 20:02:35","BLOCKED1",649,59
862125,"Toulouse FC","FC Girondins de Bordeaux","09/15/2017 20:02:36","SAFE2",650,59
862125,"Toulouse FC","FC Girondins de Bordeaux","09/15/2017 20:02:45","AT2",651,59
862125,"Toulouse FC","FC Girondins de Bordeaux","09/15/2017 20:02:51","DANGER2",652,59
862125,"Toulouse FC","FC Girondins de Bordeaux","09/15/2017 20:02:51","DAT2",653,59
862125,"Toulouse FC","FC Girondins de Bordeaux","09/15/2017 20:02:52","POSSIBLE_TI",654,59
862125,"Toulouse FC","FC Girondins de Bordeaux","09/15/2017 20:02:54","TI2",655,59
862125,"Toulouse FC","FC Girondins de Bordeaux","09/15/2017 20:03:02","Restart",656,59
862125,"Toulouse FC","FC Girondins de Bordeaux","09/15/2017 20:03:09","SAFE1",657,59
862125,"Toulouse FC","FC Girondins de Bordeaux","09/15/2017 20:03:13","AT1",658,59
862125,"Toulouse FC","FC Girondins de Bordeaux","09/15/2017 20:03:15","DANGER1",659,59
862125,"Toulouse FC","FC Girondins de Bordeaux","09/15/2017 20:03:15","DAT1",660,59
862125,"Toulouse FC","FC Girondins de Bordeaux","09/15/2017 20:03:23","SAFE2",661,60
862125,"Toulouse FC","FC Girondins de Bordeaux","09/15/2017 20:03:28","AT2",662,60
862125,"Toulouse FC","FC Girondins de Bordeaux","09/15/2017 20:03:33","DANGER2",663,60
862125,"Toulouse FC","FC Girondins de Bordeaux","09/15/2017 20:03:33","DAT2",664,60
862125,"Toulouse FC","FC Girondins de Bordeaux","09/15/2017 20:04:01","SAFE1",665,60
862125,"Toulouse FC","FC Girondins de Bordeaux","09/15/2017 20:04:02","Possible Free Kick",666,60
862125,"Toulouse FC","FC Girondins de Bordeaux","09/15/2017 20:04:05","F2",668,60
862125,"Toulouse FC","FC Girondins de Bordeaux","09/15/2017 20:04:05","FK1",669,60
862125,"Toulouse FC","FC Girondins de Bordeaux","09/15/2017 20:04:05","Ball Position",670,60
862125,"Toulouse FC","FC Girondins de Bordeaux","09/15/2017 20:04:29","Restart",671,61
862125,"Toulouse FC","FC Girondins de Bordeaux","09/15/2017 20:04:36","AT2",672,61
862125,"Toulouse FC","FC Girondins de Bordeaux","09/15/2017 20:04:42","DANGER2",673,61
862125,"Toulouse FC","FC Girondins de Bordeaux","09/15/2017 20:04:42","DAT2",674,61
862125,"Toulouse FC","FC Girondins de Bordeaux","09/15/2017 20:04:47","SHG2",675,61
862125,"Toulouse FC","FC Girondins de Bordeaux","09/15/2017 20:04:49","SAFE1",676,61
862125,"Toulouse FC","FC Girondins de Bordeaux","09/15/2017 20:04:52","AT1",677,61
862125,"Toulouse FC","FC Girondins de Bordeaux","09/15/2017 20:04:54","DANGER1",678,61
862125,"Toulouse FC","FC Girondins de Bordeaux","09/15/2017 20:04:54","DAT1",679,61
862125,"Toulouse FC","FC Girondins de Bordeaux","09/15/2017 20:05:03","SAFE2",680,61
862125,"Toulouse FC","FC Girondins de Bordeaux","09/15/2017 20:05:39","AT2",681,62
862125,"Toulouse FC","FC Girondins de Bordeaux","09/15/2017 20:05:41","DANGER2",682,62
862125,"Toulouse FC","FC Girondins de Bordeaux","09/15/2017 20:05:41","DAT2",683,62
862125,"Toulouse FC","FC Girondins de Bordeaux","09/15/2017 20:05:47","POSSIBLE_CARDS",684,62
862125,"Toulouse FC","FC Girondins de Bordeaux","09/15/2017 20:05:49","YC1",685,62
862125,"Toulouse FC","FC Girondins de Bordeaux","09/15/2017 20:05:50","CONF_YC1",686,62
862125,"Toulouse FC","FC Girondins de Bordeaux","09/15/2017 20:05:51","Scorer",687,62
862125,"Toulouse FC","FC Girondins de Bordeaux","09/15/2017 20:05:54","Possible Free Kick",688,62
862125,"Toulouse FC","FC Girondins de Bordeaux","09/15/2017 20:05:57","F1",690,62
862125,"Toulouse FC","FC Girondins de Bordeaux","09/15/2017 20:05:57","FK2",691,62
862125,"Toulouse FC","FC Girondins de Bordeaux","09/15/2017 20:05:57","DFK2",692,62
862125,"Toulouse FC","FC Girondins de Bordeaux","09/15/2017 20:05:57","Ball Position",693,62
862125,"Toulouse FC","FC Girondins de Bordeaux","09/15/2017 20:06:06","Scorer",694,62
862125,"Toulouse FC","FC Girondins de Bordeaux","09/15/2017 20:06:07","Player_DATA_CONFIRMED",695,62
862125,"Toulouse FC","FC Girondins de Bordeaux","09/15/2017 20:06:20","SUB1",696,62
862125,"Toulouse FC","FC Girondins de Bordeaux","09/15/2017 20:06:27","Player_DATA_CONFIRMED",697,63
862125,"Toulouse FC","FC Girondins de Bordeaux","09/15/2017 20:07:04","Restart",698,63
862125,"Toulouse FC","FC Girondins de Bordeaux","09/15/2017 20:07:13","SAFE1",699,63
862125,"Toulouse FC","FC Girondins de Bordeaux","09/15/2017 20:07:14","GK1",700,63
862125,"Toulouse FC","FC Girondins de Bordeaux","09/15/2017 20:07:34","Restart",701,64
862125,"Toulouse FC","FC Girondins de Bordeaux","09/15/2017 20:07:55","SAFE2",702,64
862125,"Toulouse FC","FC Girondins de Bordeaux","09/15/2017 20:07:55","Possible Free Kick",703,64
862125,"Toulouse FC","FC Girondins de Bordeaux","09/15/2017 20:07:55","F1",705,64
862125,"Toulouse FC","FC Girondins de Bordeaux","09/15/2017 20:07:55","FK2",706,64
862125,"Toulouse FC","FC Girondins de Bordeaux","09/15/2017 20:07:55","Ball Position",707,64
862125,"Toulouse FC","FC Girondins de Bordeaux","09/15/2017 20:07:56","Restart",708,64
862125,"Toulouse FC","FC Girondins de Bordeaux","09/15/2017 20:08:13","AT2",709,64
862125,"Toulouse FC","FC Girondins de Bordeaux","09/15/2017 20:08:15","DANGER2",710,64
862125,"Toulouse FC","FC Girondins de Bordeaux","09/15/2017 20:08:15","DAT2",711,64
862125,"Toulouse FC","FC Girondins de Bordeaux","09/15/2017 20:08:22","PCR2",712,65
862125,"Toulouse FC","FC Girondins de Bordeaux","09/15/2017 20:08:27","CR2",713,65
862125,"Toulouse FC","FC Girondins de Bordeaux","09/15/2017 20:08:30","Ball Position",714,65
862125,"Toulouse FC","FC Girondins de Bordeaux","09/15/2017 20:08:32","Restart",715,65
862125,"Toulouse FC","FC Girondins de Bordeaux","09/15/2017 20:08:58","SAFE1",716,65
862125,"Toulouse FC","FC Girondins de Bordeaux","09/15/2017 20:09:00","Possible Free Kick",717,65
862125,"Toulouse FC","FC Girondins de Bordeaux","09/15/2017 20:09:02","F2",719,65
862125,"Toulouse FC","FC Girondins de Bordeaux","09/15/2017 20:09:02","FK1",720,65
862125,"Toulouse FC","FC Girondins de Bordeaux","09/15/2017 20:09:02","Ball Position",721,65
862125,"Toulouse FC","FC Girondins de Bordeaux","09/15/2017 20:09:29","Restart",722,66
862125,"Toulouse FC","FC Girondins de Bordeaux","09/15/2017 20:09:36","Possible Free Kick",723,66
862125,"Toulouse FC","FC Girondins de Bordeaux","09/15/2017 20:09:40","F2",725,66
862125,"Toulouse FC","FC Girondins de Bordeaux","09/15/2017 20:09:40","FK1",726,66
862125,"Toulouse FC","FC Girondins de Bordeaux","09/15/2017 20:09:40","DANGER1",727,66
862125,"Toulouse FC","FC Girondins de Bordeaux","09/15/2017 20:09:40","DFK1",728,66
862125,"Toulouse FC","FC Girondins de Bordeaux","09/15/2017 20:09:40","Ball Position",729,66
862125,"Toulouse FC","FC Girondins de Bordeaux","09/15/2017 20:10:25","Restart",730,67
862125,"Toulouse FC","FC Girondins de Bordeaux","09/15/2017 20:10:37","SHB1",731,67
862125,"Toulouse FC","FC Girondins de Bordeaux","09/15/2017 20:10:39","SAFE2",732,67
862125,"Toulouse FC","FC Girondins de Bordeaux","09/15/2017 20:10:40","GK2",733,67
862125,"Toulouse FC","FC Girondins de Bordeaux","09/15/2017 20:10:59","Restart",734,67
862125,"Toulouse FC","FC Girondins de Bordeaux","09/15/2017 20:11:14","AT1",735,67
862125,"Toulouse FC","FC Girondins de Bordeaux","09/15/2017 20:11:15","DANGER1",736,67
862125,"Toulouse FC","FC Girondins de Bordeaux","09/15/2017 20:11:15","DAT1",737,67
862125,"Toulouse FC","FC Girondins de Bordeaux","09/15/2017 20:11:39","SAFE2",738,68
862125,"Toulouse FC","FC Girondins de Bordeaux","09/15/2017 20:11:41","AT2",739,68
862125,"Toulouse FC","FC Girondins de Bordeaux","09/15/2017 20:11:48","SAFE1",740,68
862125,"Toulouse FC","FC Girondins de Bordeaux","09/15/2017 20:11:57","AT1",741,68
862125,"Toulouse FC","FC Girondins de Bordeaux","09/15/2017 20:11:59","DANGER1",742,68
862125,"Toulouse FC","FC Girondins de Bordeaux","09/15/2017 20:11:59","DAT1",743,68
862125,"Toulouse FC","FC Girondins de Bordeaux","09/15/2017 20:12:09","SAFE2",744,68
862125,"Toulouse FC","FC Girondins de Bordeaux","09/15/2017 20:12:12","AT2",745,68
862125,"Toulouse FC","FC Girondins de Bordeaux","09/15/2017 20:12:21","DANGER2",746,69
862125,"Toulouse FC","FC Girondins de Bordeaux","09/15/2017 20:12:21","DAT2",747,69
862125,"Toulouse FC","FC Girondins de Bordeaux","09/15/2017 20:12:29","GOAL2",748,69
862125,"Toulouse FC","FC Girondins de Bordeaux","09/15/2017 20:12:48","CONF_GOAL2",749,69
862125,"Toulouse FC","FC Girondins de Bordeaux","09/15/2017 20:12:54","Scorer",750,69
862125,"Toulouse FC","FC Girondins de Bordeaux","09/15/2017 20:13:15","SUB2",751,69
862125,"Toulouse FC","FC Girondins de Bordeaux","09/15/2017 20:13:21","Player_DATA_CONFIRMED",752,70
862125,"Toulouse FC","FC Girondins de Bordeaux","09/15/2017 20:13:39","Player_DATA_CONFIRMED",753,70
862125,"Toulouse FC","FC Girondins de Bordeaux","09/15/2017 20:13:54","KO1",754,70
862125,"Toulouse FC","FC Girondins de Bordeaux","09/15/2017 20:13:54","SAFE1",755,70
862125,"Toulouse FC","FC Girondins de Bordeaux","09/15/2017 20:14:06","AT1",756,70
862125,"Toulouse FC","FC Girondins de Bordeaux","09/15/2017 20:14:08","DANGER1",757,70
862125,"Toulouse FC","FC Girondins de Bordeaux","09/15/2017 20:14:08","DAT1",758,70
862125,"Toulouse FC","FC Girondins de Bordeaux","09/15/2017 20:14:12","SAFE2",759,70
862125,"Toulouse FC","FC Girondins de Bordeaux","09/15/2017 20:14:17","Possible Free Kick",760,70
862125,"Toulouse FC","FC Girondins de Bordeaux","09/15/2017 20:14:23","F1",762,71
862125,"Toulouse FC","FC Girondins de Bordeaux","09/15/2017 20:14:23","FK2",763,71
862125,"Toulouse FC","FC Girondins de Bordeaux","09/15/2017 20:14:23","Ball Position",764,71
862125,"Toulouse FC","FC Girondins de Bordeaux","09/15/2017 20:14:33","Restart",765,71
862125,"Toulouse FC","FC Girondins de Bordeaux","09/15/2017 20:14:36","Assist",766,71
862125,"Toulouse FC","FC Girondins de Bordeaux","09/15/2017 20:14:46","AT1",767,71
862125,"Toulouse FC","FC Girondins de Bordeaux","09/15/2017 20:14:49","DANGER1",768,71
862125,"Toulouse FC","FC Girondins de Bordeaux","09/15/2017 20:14:49","DAT1",769,71
862125,"Toulouse FC","FC Girondins de Bordeaux","09/15/2017 20:15:16","POSSIBLE_TI",770,71
862125,"Toulouse FC","FC Girondins de Bordeaux","09/15/2017 20:15:18","TI1",771,71
862125,"Toulouse FC","FC Girondins de Bordeaux","09/15/2017 20:15:20","Restart",772,72
862125,"Toulouse FC","FC Girondins de Bordeaux","09/15/2017 20:15:29","SAFE2",773,72
862125,"Toulouse FC","FC Girondins de Bordeaux","09/15/2017 20:15:30","GK2",774,72
862125,"Toulouse FC","FC Girondins de Bordeaux","09/15/2017 20:15:55","Restart",775,72
862125,"Toulouse FC","FC Girondins de Bordeaux","09/15/2017 20:16:05","AT2",776,72
862125,"Toulouse FC","FC Girondins de Bordeaux","09/15/2017 20:16:06","DANGER2",777,72
862125,"Toulouse FC","FC Girondins de Bordeaux","09/15/2017 20:16:06","DAT2",778,72
862125,"Toulouse FC","FC Girondins de Bordeaux","09/15/2017 20:16:18","SAFE1",779,72
862125,"Toulouse FC","FC Girondins de Bordeaux","09/15/2017 20:16:20","Possible Free Kick",780,72
862125,"Toulouse FC","FC Girondins de Bordeaux","09/15/2017 20:16:25","O2",782,73
862125,"Toulouse FC","FC Girondins de Bordeaux","09/15/2017 20:16:25","FK1",783,73
862125,"Toulouse FC","FC Girondins de Bordeaux","09/15/2017 20:16:25","Ball Position",784,73
862125,"Toulouse FC","FC Girondins de Bordeaux","09/15/2017 20:16:33","Restart",785,73
862125,"Toulouse FC","FC Girondins de Bordeaux","09/15/2017 20:16:42","AT2",786,73
862125,"Toulouse FC","FC Girondins de Bordeaux","09/15/2017 20:16:47","SAFE1",787,73
862125,"Toulouse FC","FC Girondins de Bordeaux","09/15/2017 20:16:51","AT1",788,73
862125,"Toulouse FC","FC Girondins de Bordeaux","09/15/2017 20:16:55","SAFE2",789,73
862125,"Toulouse FC","FC Girondins de Bordeaux","09/15/2017 20:16:57","AT2",790,73
862125,"Toulouse FC","FC Girondins de Bordeaux","09/15/2017 20:17:04","DANGER2",791,73
862125,"Toulouse FC","FC Girondins de Bordeaux","09/15/2017 20:17:04","DAT2",792,73
862125,"Toulouse FC","FC Girondins de Bordeaux","09/15/2017 20:17:21","SAFE1",793,74
862125,"Toulouse FC","FC Girondins de Bordeaux","09/15/2017 20:17:26","AT1",794,74
862125,"Toulouse FC","FC Girondins de Bordeaux","09/15/2017 20:17:30","Possible Free Kick",795,74
862125,"Toulouse FC","FC Girondins de Bordeaux","09/15/2017 20:17:35","F2",797,74
862125,"Toulouse FC","FC Girondins de Bordeaux","09/15/2017 20:17:35","FK1",798,74
862125,"Toulouse FC","FC Girondins de Bordeaux","09/15/2017 20:17:35","DANGER1",799,74
862125,"Toulouse FC","FC Girondins de Bordeaux","09/15/2017 20:17:35","DFK1",800,74
862125,"Toulouse FC","FC Girondins de Bordeaux","09/15/2017 20:17:35","Ball Position",801,74
862125,"Toulouse FC","FC Girondins de Bordeaux","09/15/2017 20:17:37","Restart",802,74
862125,"Toulouse FC","FC Girondins de Bordeaux","09/15/2017 20:17:50","POSSIBLE_TI",803,74
862125,"Toulouse FC","FC Girondins de Bordeaux","09/15/2017 20:17:52","TI1",804,74
862125,"Toulouse FC","FC Girondins de Bordeaux","09/15/2017 20:17:55","Restart",805,74
862125,"Toulouse FC","FC Girondins de Bordeaux","09/15/2017 20:18:29","SAFE1",806,75
862125,"Toulouse FC","FC Girondins de Bordeaux","09/15/2017 20:18:30","Possible Free Kick",807,75
862125,"Toulouse FC","FC Girondins de Bordeaux","09/15/2017 20:18:33","F2",809,75
862125,"Toulouse FC","FC Girondins de Bordeaux","09/15/2017 20:18:33","FK1",810,75
862125,"Toulouse FC","FC Girondins de Bordeaux","09/15/2017 20:18:33","Ball Position",811,75
862125,"Toulouse FC","FC Girondins de Bordeaux","09/15/2017 20:18:37","Restart",812,75
862125,"Toulouse FC","FC Girondins de Bordeaux","09/15/2017 20:18:46","AT1",813,75
862125,"Toulouse FC","FC Girondins de Bordeaux","09/15/2017 20:18:53","DANGER1",814,75
862125,"Toulouse FC","FC Girondins de Bordeaux","09/15/2017 20:18:53","DAT1",815,75
862125,"Toulouse FC","FC Girondins de Bordeaux","09/15/2017 20:19:03","POSSIBLE_TI",816,75
862125,"Toulouse FC","FC Girondins de Bordeaux","09/15/2017 20:19:08","TI2",817,75
862125,"Toulouse FC","FC Girondins de Bordeaux","09/15/2017 20:19:16","Restart",818,75
862125,"Toulouse FC","FC Girondins de Bordeaux","09/15/2017 20:19:35","SAFE2",819,76
862125,"Toulouse FC","FC Girondins de Bordeaux","09/15/2017 20:19:40","AT2",820,76
862125,"Toulouse FC","FC Girondins de Bordeaux","09/15/2017 20:19:54","SAFE2",821,76
862125,"Toulouse FC","FC Girondins de Bordeaux","09/15/2017 20:19:58","AT2",822,76
862125,"Toulouse FC","FC Girondins de Bordeaux","09/15/2017 20:20:00","DANGER2",823,76
862125,"Toulouse FC","FC Girondins de Bordeaux","09/15/2017 20:20:00","DAT2",824,76
862125,"Toulouse FC","FC Girondins de Bordeaux","09/15/2017 20:20:13","SAFE1",825,76
862125,"Toulouse FC","FC Girondins de Bordeaux","09/15/2017 20:20:34","AT1",826,77
862125,"Toulouse FC","FC Girondins de Bordeaux","09/15/2017 20:20:48","DANGER1",827,77
862125,"Toulouse FC","FC Girondins de Bordeaux","09/15/2017 20:20:48","DAT1",828,77
862125,"Toulouse FC","FC Girondins de Bordeaux","09/15/2017 20:20:58","PCR1",829,77
862125,"Toulouse FC","FC Girondins de Bordeaux","09/15/2017 20:21:03","CR1",830,77
862125,"Toulouse FC","FC Girondins de Bordeaux","09/15/2017 20:21:06","Ball Position",831,77
862125,"Toulouse FC","FC Girondins de Bordeaux","09/15/2017 20:21:23","Restart",832,78
862125,"Toulouse FC","FC Girondins de Bordeaux","09/15/2017 20:21:30","SAFE2",833,78
862125,"Toulouse FC","FC Girondins de Bordeaux","09/15/2017 20:21:32","GK2",834,78
862125,"Toulouse FC","FC Girondins de Bordeaux","09/15/2017 20:22:11","SUB1",835,78
862125,"Toulouse FC","FC Girondins de Bordeaux","09/15/2017 20:22:19","SUB2",836,78
862125,"Toulouse FC","FC Girondins de Bordeaux","09/15/2017 20:22:35","Player_DATA_CONFIRMED",837,79
862125,"Toulouse FC","FC Girondins de Bordeaux","09/15/2017 20:22:38","Restart",838,79
862125,"Toulouse FC","FC Girondins de Bordeaux","09/15/2017 20:22:50","AT1",839,79
862125,"Toulouse FC","FC Girondins de Bordeaux","09/15/2017 20:22:52","DANGER1",840,79
862125,"Toulouse FC","FC Girondins de Bordeaux","09/15/2017 20:22:52","DAT1",841,79
862125,"Toulouse FC","FC Girondins de Bordeaux","09/15/2017 20:23:09","SHG1",842,79
862125,"Toulouse FC","FC Girondins de Bordeaux","09/15/2017 20:23:10","SAFE2",843,79
862125,"Toulouse FC","FC Girondins de Bordeaux","09/15/2017 20:23:26","AT2",844,80
862125,"Toulouse FC","FC Girondins de Bordeaux","09/15/2017 20:23:27","DANGER2",845,80
862125,"Toulouse FC","FC Girondins de Bordeaux","09/15/2017 20:23:27","DAT2",846,80
862125,"Toulouse FC","FC Girondins de Bordeaux","09/15/2017 20:23:32","PCR2",847,80
862125,"Toulouse FC","FC Girondins de Bordeaux","09/15/2017 20:23:35","SUB_UPDATE",848,80
862125,"Toulouse FC","FC Girondins de Bordeaux","09/15/2017 20:23:35","Player_DATA_CONFIRMED",849,80
862125,"Toulouse FC","FC Girondins de Bordeaux","09/15/2017 20:23:43","CR2",850,80
862125,"Toulouse FC","FC Girondins de Bordeaux","09/15/2017 20:23:46","Ball Position",851,80
862125,"Toulouse FC","FC Girondins de Bordeaux","09/15/2017 20:23:53","Restart",852,80
862125,"Toulouse FC","FC Girondins de Bordeaux","09/15/2017 20:24:30","SAFE1",853,81
862125,"Toulouse FC","FC Girondins de Bordeaux","09/15/2017 20:24:33","AT2",854,81
862125,"Toulouse FC","FC Girondins de Bordeaux","09/15/2017 20:24:36","DANGER2",855,81
862125,"Toulouse FC","FC Girondins de Bordeaux","09/15/2017 20:24:36","DAT2",856,81
862125,"Toulouse FC","FC Girondins de Bordeaux","09/15/2017 20:24:43","SAFE1",857,81
862125,"Toulouse FC","FC Girondins de Bordeaux","09/15/2017 20:24:54","AT2",858,81
862125,"Toulouse FC","FC Girondins de Bordeaux","09/15/2017 20:25:00","Possible Free Kick",859,81
862125,"Toulouse FC","FC Girondins de Bordeaux","09/15/2017 20:25:04","F1",861,81
862125,"Toulouse FC","FC Girondins de Bordeaux","09/15/2017 20:25:04","FK2",862,81
862125,"Toulouse FC","FC Girondins de Bordeaux","09/15/2017 20:25:04","DANGER2",863,81
862125,"Toulouse FC","FC Girondins de Bordeaux","09/15/2017 20:25:04","DFK2",864,81
862125,"Toulouse FC","FC Girondins de Bordeaux","09/15/2017 20:25:04","Ball Position",865,81
862125,"Toulouse FC","FC Girondins de Bordeaux","09/15/2017 20:25:39","Restart",866,82
862125,"Toulouse FC","FC Girondins de Bordeaux","09/15/2017 20:26:12","SHB2",867,82
862125,"Toulouse FC","FC Girondins de Bordeaux","09/15/2017 20:26:13","SAFE1",868,82
862125,"Toulouse FC","FC Girondins de Bordeaux","09/15/2017 20:26:15","GK1",869,82
862125,"Toulouse FC","FC Girondins de Bordeaux","09/15/2017 20:26:21","Restart",870,83
862125,"Toulouse FC","FC Girondins de Bordeaux","09/15/2017 20:26:44","AT1",871,83
862125,"Toulouse FC","FC Girondins de Bordeaux","09/15/2017 20:26:46","POSSIBLE_TI",872,83
862125,"Toulouse FC","FC Girondins de Bordeaux","09/15/2017 20:26:48","TI1",873,83
862125,"Toulouse FC","FC Girondins de Bordeaux","09/15/2017 20:26:50","Restart",874,83
862125,"Toulouse FC","FC Girondins de Bordeaux","09/15/2017 20:26:54","SAFE2",875,83
862125,"Toulouse FC","FC Girondins de Bordeaux","09/15/2017 20:26:56","AT2",876,83
862125,"Toulouse FC","FC Girondins de Bordeaux","09/15/2017 20:26:57","DANGER2",877,83
862125,"Toulouse FC","FC Girondins de Bordeaux","09/15/2017 20:26:57","DAT2",878,83
862125,"Toulouse FC","FC Girondins de Bordeaux","09/15/2017 20:27:02","SAFE1",879,83
862125,"Toulouse FC","FC Girondins de Bordeaux","09/15/2017 20:27:04","AT1",880,83
862125,"Toulouse FC","FC Girondins de Bordeaux","09/15/2017 20:27:11","SAFE2",881,83
862125,"Toulouse FC","FC Girondins de Bordeaux","09/15/2017 20:27:26","AT2",882,84
862125,"Toulouse FC","FC Girondins de Bordeaux","09/15/2017 20:27:31","DANGER2",883,84
862125,"Toulouse FC","FC Girondins de Bordeaux","09/15/2017 20:27:31","DAT2",884,84
862125,"Toulouse FC","FC Girondins de Bordeaux","09/15/2017 20:27:36","SAFE1",885,84
862125,"Toulouse FC","FC Girondins de Bordeaux","09/15/2017 20:27:37","Possible Free Kick",886,84
862125,"Toulouse FC","FC Girondins de Bordeaux","09/15/2017 20:27:44","O2",888,84
862125,"Toulouse FC","FC Girondins de Bordeaux","09/15/2017 20:27:44","FK1",889,84
862125,"Toulouse FC","FC Girondins de Bordeaux","09/15/2017 20:27:44","Ball Position",890,84
862125,"Toulouse FC","FC Girondins de Bordeaux","09/15/2017 20:28:04","SUB2",891,84
862125,"Toulouse FC","FC Girondins de Bordeaux","09/15/2017 20:28:51","SUB1",892,85
862125,"Toulouse FC","FC Girondins de Bordeaux","09/15/2017 20:28:52","Restart",893,85
862125,"Toulouse FC","FC Girondins de Bordeaux","09/15/2017 20:28:54","POSSIBLE_TI",894,85
862125,"Toulouse FC","FC Girondins de Bordeaux","09/15/2017 20:28:55","TI2",895,85
862125,"Toulouse FC","FC Girondins de Bordeaux","09/15/2017 20:29:06","Player_DATA_CONFIRMED",896,85
862125,"Toulouse FC","FC Girondins de Bordeaux","09/15/2017 20:29:13","POSSIBLE_CARDS",897,85
862125,"Toulouse FC","FC Girondins de Bordeaux","09/15/2017 20:29:17","YC2",898,85
862125,"Toulouse FC","FC Girondins de Bordeaux","09/15/2017 20:29:20","CONF_YC2",899,85
862125,"Toulouse FC","FC Girondins de Bordeaux","09/15/2017 20:29:31","Scorer",900,86
862125,"Toulouse FC","FC Girondins de Bordeaux","09/15/2017 20:29:32","Restart",901,86
862125,"Toulouse FC","FC Girondins de Bordeaux","09/15/2017 20:29:35","Player_DATA_CONFIRMED",902,86
862125,"Toulouse FC","FC Girondins de Bordeaux","09/15/2017 20:29:35","Scorer",903,86
862125,"Toulouse FC","FC Girondins de Bordeaux","09/15/2017 20:29:35","Player_DATA_CONFIRMED",904,86
862125,"Toulouse FC","FC Girondins de Bordeaux","09/15/2017 20:29:37","SAFE2",905,86
862125,"Toulouse FC","FC Girondins de Bordeaux","09/15/2017 20:30:04","POSSIBLE_CARDS",906,86
862125,"Toulouse FC","FC Girondins de Bordeaux","09/15/2017 20:30:05","YC1",907,86
862125,"Toulouse FC","FC Girondins de Bordeaux","09/15/2017 20:30:07","CONF_YC1",908,86
862125,"Toulouse FC","FC Girondins de Bordeaux","09/15/2017 20:30:10","Scorer",909,86
862125,"Toulouse FC","FC Girondins de Bordeaux","09/15/2017 20:30:19","Injury Break",910,86
862125,"Toulouse FC","FC Girondins de Bordeaux","09/15/2017 20:30:22","Scorer",911,87
862125,"Toulouse FC","FC Girondins de Bordeaux","09/15/2017 20:30:22","Player_DATA_CONFIRMED",912,87
862125,"Toulouse FC","FC Girondins de Bordeaux","09/15/2017 20:30:26","Possible Free Kick",913,87
862125,"Toulouse FC","FC Girondins de Bordeaux","09/15/2017 20:30:31","Restart",915,87
862125,"Toulouse FC","FC Girondins de Bordeaux","09/15/2017 20:30:31","F1",916,87
862125,"Toulouse FC","FC Girondins de Bordeaux","09/15/2017 20:30:31","FK2",917,87
862125,"Toulouse FC","FC Girondins de Bordeaux","09/15/2017 20:30:31","Ball Position",918,87
862125,"Toulouse FC","FC Girondins de Bordeaux","09/15/2017 20:30:57","Restart",919,87
862125,"Toulouse FC","FC Girondins de Bordeaux","09/15/2017 20:31:01","AT2",920,87
862125,"Toulouse FC","FC Girondins de Bordeaux","09/15/2017 20:31:09","DANGER2",921,87
862125,"Toulouse FC","FC Girondins de Bordeaux","09/15/2017 20:31:09","DAT2",922,87
862125,"Toulouse FC","FC Girondins de Bordeaux","09/15/2017 20:31:16","SAFE1",923,87
862125,"Toulouse FC","FC Girondins de Bordeaux","09/15/2017 20:31:18","GK1",924,87
862125,"Toulouse FC","FC Girondins de Bordeaux","09/15/2017 20:31:34","Restart",925,88
862125,"Toulouse FC","FC Girondins de Bordeaux","09/15/2017 20:31:43","POSSIBLE_TI",926,88
862125,"Toulouse FC","FC Girondins de Bordeaux","09/15/2017 20:31:43","TI2",927,88
862125,"Toulouse FC","FC Girondins de Bordeaux","09/15/2017 20:31:47","Restart",928,88
862125,"Toulouse FC","FC Girondins de Bordeaux","09/15/2017 20:31:53","POSSIBLE_TI",929,88
862125,"Toulouse FC","FC Girondins de Bordeaux","09/15/2017 20:31:57","TI1",930,88
862125,"Toulouse FC","FC Girondins de Bordeaux","09/15/2017 20:31:58","Restart",931,88
862125,"Toulouse FC","FC Girondins de Bordeaux","09/15/2017 20:31:58","AT1",932,88
862125,"Toulouse FC","FC Girondins de Bordeaux","09/15/2017 20:32:02","DANGER1",933,88
862125,"Toulouse FC","FC Girondins de Bordeaux","09/15/2017 20:32:02","DAT1",934,88
862125,"Toulouse FC","FC Girondins de Bordeaux","09/15/2017 20:32:06","SAFE2",935,88
862125,"Toulouse FC","FC Girondins de Bordeaux","09/15/2017 20:32:08","GK2",936,88
862125,"Toulouse FC","FC Girondins de Bordeaux","09/15/2017 20:32:23","Restart",937,89
862125,"Toulouse FC","FC Girondins de Bordeaux","09/15/2017 20:32:32","AT1",938,89
862125,"Toulouse FC","FC Girondins de Bordeaux","09/15/2017 20:32:39","SAFE2",939,89
862125,"Toulouse FC","FC Girondins de Bordeaux","09/15/2017 20:32:44","AT2",940,89
862125,"Toulouse FC","FC Girondins de Bordeaux","09/15/2017 20:32:48","SAFE1",941,89
862125,"Toulouse FC","FC Girondins de Bordeaux","09/15/2017 20:32:59","AT1",942,89
862125,"Toulouse FC","FC Girondins de Bordeaux","09/15/2017 20:33:10","SAFE2",943,89
862125,"Toulouse FC","FC Girondins de Bordeaux","09/15/2017 20:33:16","SAFE1",944,89
862125,"Toulouse FC","FC Girondins de Bordeaux","09/15/2017 20:33:25","AT1",945,90
862125,"Toulouse FC","FC Girondins de Bordeaux","09/15/2017 20:33:26","DANGER1",946,90
862125,"Toulouse FC","FC Girondins de Bordeaux","09/15/2017 20:33:26","DAT1",947,90
862125,"Toulouse FC","FC Girondins de Bordeaux","09/15/2017 20:33:45","SAFE2",948,90
862125,"Toulouse FC","FC Girondins de Bordeaux","09/15/2017 20:33:49","Possible Free Kick",949,90
862125,"Toulouse FC","FC Girondins de Bordeaux","09/15/2017 20:33:53","F1",951,90
862125,"Toulouse FC","FC Girondins de Bordeaux","09/15/2017 20:33:53","FK2",952,90
862125,"Toulouse FC","FC Girondins de Bordeaux","09/15/2017 20:33:53","Ball Position",953,90
862125,"Toulouse FC","FC Girondins de Bordeaux","09/15/2017 20:34:17","Extra Time",954,90
862125,"Toulouse FC","FC Girondins de Bordeaux","09/15/2017 20:34:21","Restart",955,91
862125,"Toulouse FC","FC Girondins de Bordeaux","09/15/2017 20:34:23","AT2",956,91
862125,"Toulouse FC","FC Girondins de Bordeaux","09/15/2017 20:34:23","DANGER2",957,91
862125,"Toulouse FC","FC Girondins de Bordeaux","09/15/2017 20:34:23","DAT2",958,91
862125,"Toulouse FC","FC Girondins de Bordeaux","09/15/2017 20:34:41","SHB2",959,91
862125,"Toulouse FC","FC Girondins de Bordeaux","09/15/2017 20:34:43","SAFE1",960,91
862125,"Toulouse FC","FC Girondins de Bordeaux","09/15/2017 20:34:45","GK1",961,91
862125,"Toulouse FC","FC Girondins de Bordeaux","09/15/2017 20:34:46","Restart",962,91
862125,"Toulouse FC","FC Girondins de Bordeaux","09/15/2017 20:34:52","Possible Free Kick",963,91
862125,"Toulouse FC","FC Girondins de Bordeaux","09/15/2017 20:34:56","F2",965,91
862125,"Toulouse FC","FC Girondins de Bordeaux","09/15/2017 20:34:56","FK1",966,91
862125,"Toulouse FC","FC Girondins de Bordeaux","09/15/2017 20:34:56","Ball Position",967,91
862125,"Toulouse FC","FC Girondins de Bordeaux","09/15/2017 20:34:57","Restart",968,91
862125,"Toulouse FC","FC Girondins de Bordeaux","09/15/2017 20:35:01","AT1",969,91
862125,"Toulouse FC","FC Girondins de Bordeaux","09/15/2017 20:35:02","DANGER1",970,91
862125,"Toulouse FC","FC Girondins de Bordeaux","09/15/2017 20:35:02","DAT1",971,91
862125,"Toulouse FC","FC Girondins de Bordeaux","09/15/2017 20:35:17","SAFE2",972,91
862125,"Toulouse FC","FC Girondins de Bordeaux","09/15/2017 20:35:19","Possible Free Kick",973,91
862125,"Toulouse FC","FC Girondins de Bordeaux","09/15/2017 20:35:22","F1",975,92
862125,"Toulouse FC","FC Girondins de Bordeaux","09/15/2017 20:35:22","FK2",976,92
862125,"Toulouse FC","FC Girondins de Bordeaux","09/15/2017 20:35:22","Ball Position",977,92
862125,"Toulouse FC","FC Girondins de Bordeaux","09/15/2017 20:35:49","Restart",978,92
862125,"Toulouse FC","FC Girondins de Bordeaux","09/15/2017 20:36:02","POSSIBLE_TI",979,92
862125,"Toulouse FC","FC Girondins de Bordeaux","09/15/2017 20:36:07","TI1",980,92
862125,"Toulouse FC","FC Girondins de Bordeaux","09/15/2017 20:36:07","Restart",981,92
862125,"Toulouse FC","FC Girondins de Bordeaux","09/15/2017 20:36:12","AT1",982,92
862125,"Toulouse FC","FC Girondins de Bordeaux","09/15/2017 20:36:15","DANGER1",983,92
862125,"Toulouse FC","FC Girondins de Bordeaux","09/15/2017 20:36:15","DAT1",984,92
862125,"Toulouse FC","FC Girondins de Bordeaux","09/15/2017 20:36:47","SAFE2",985,93
862125,"Toulouse FC","FC Girondins de Bordeaux","09/15/2017 20:36:51","POSSIBLE_TI",986,93
862125,"Toulouse FC","FC Girondins de Bordeaux","09/15/2017 20:36:55","TI2",987,93
862125,"Toulouse FC","FC Girondins de Bordeaux","09/15/2017 20:37:08","Restart",988,93
862125,"Toulouse FC","FC Girondins de Bordeaux","09/15/2017 20:37:09","AT2",989,93
862125,"Toulouse FC","FC Girondins de Bordeaux","09/15/2017 20:37:14","DANGER2",990,93
862125,"Toulouse FC","FC Girondins de Bordeaux","09/15/2017 20:37:14","DAT2",991,93
862125,"Toulouse FC","FC Girondins de Bordeaux","09/15/2017 20:37:19","PCR2",992,93
862125,"Toulouse FC","FC Girondins de Bordeaux","09/15/2017 20:37:23","CR2",993,94
862125,"Toulouse FC","FC Girondins de Bordeaux","09/15/2017 20:37:32","Ball Position",994,94
862125,"Toulouse FC","FC Girondins de Bordeaux","09/15/2017 20:37:40","Restart",995,94
862125,"Toulouse FC","FC Girondins de Bordeaux","09/15/2017 20:37:52","SHB2",996,94
862125,"Toulouse FC","FC Girondins de Bordeaux","09/15/2017 20:37:54","SAFE1",997,94
862125,"Toulouse FC","FC Girondins de Bordeaux","09/15/2017 20:37:57","AT1",998,94
862125,"Toulouse FC","FC Girondins de Bordeaux","09/15/2017 20:37:58","DANGER1",999,94
862125,"Toulouse FC","FC Girondins de Bordeaux","09/15/2017 20:37:58","DAT1",1000,94
862125,"Toulouse FC","FC Girondins de Bordeaux","09/15/2017 20:38:04","SAFE2",1001,94
862125,"Toulouse FC","FC Girondins de Bordeaux","09/15/2017 20:38:25","Stop RT2",1002,94
862125,"Toulouse FC","FC Girondins de Bordeaux","09/15/2017 20:38:25","Stop Game",1003,94
862125,"Toulouse FC","FC Girondins de Bordeaux","09/15/2017 20:38:34","CONF_PERIOD_SCORE",1004,94
