"RBallID","HomeTeam","AwayTeam","Timestamp","Incident","IncidentNumber","Minute"
925077,"Olympique de Marseille","FC Metz","02/02/2018 18:56:33","Transmission Online",0,0
925077,"Olympique de Marseille","FC Metz","02/02/2018 18:56:33","Scout in Stadion",1,0
925077,"Olympique de Marseille","FC Metz","02/02/2018 18:56:34","Lineup changed",2,0
925077,"Olympique de Marseille","FC Metz","02/02/2018 19:39:31","GCC",3,0
925077,"Olympique de Marseille","FC Metz","02/02/2018 19:41:07","Players are coming out",4,0
925077,"Olympique de Marseille","FC Metz","02/02/2018 19:41:32","Jersey Changed",5,0
925077,"Olympique de Marseille","FC Metz","02/02/2018 19:41:32","Jersey Changed",6,0
925077,"Olympique de Marseille","FC Metz","02/02/2018 19:41:33","Players lined up",7,0
925077,"Olympique de Marseille","FC Metz","02/02/2018 19:41:54","Shake hands",8,0
925077,"Olympique de Marseille","FC Metz","02/02/2018 19:42:16","Flip coin",9,0
925077,"Olympique de Marseille","FC Metz","02/02/2018 19:44:12","Game about to start",10,0
925077,"Olympique de Marseille","FC Metz","02/02/2018 19:45:02","Start RT1 Team 1",11,1
925077,"Olympique de Marseille","FC Metz","02/02/2018 19:45:32","AT1",12,1
925077,"Olympique de Marseille","FC Metz","02/02/2018 19:45:48","SAFE2",13,1
925077,"Olympique de Marseille","FC Metz","02/02/2018 19:45:49","AT2",14,1
925077,"Olympique de Marseille","FC Metz","02/02/2018 19:46:21","SAFE1",15,2
925077,"Olympique de Marseille","FC Metz","02/02/2018 19:46:27","AT1",16,2
925077,"Olympique de Marseille","FC Metz","02/02/2018 19:46:40","Adjust Game Clock",17,2
925077,"Olympique de Marseille","FC Metz","02/02/2018 19:46:43","SAFE2",18,2
925077,"Olympique de Marseille","FC Metz","02/02/2018 19:46:43","AT2",19,2
925077,"Olympique de Marseille","FC Metz","02/02/2018 19:46:49","POSSIBLE_CARDS",20,2
925077,"Olympique de Marseille","FC Metz","02/02/2018 19:46:55","Possible Free Kick",21,2
925077,"Olympique de Marseille","FC Metz","02/02/2018 19:47:17","NO_Cards",23,2
925077,"Olympique de Marseille","FC Metz","02/02/2018 19:47:21","SAFE1",24,2
925077,"Olympique de Marseille","FC Metz","02/02/2018 19:47:21","F2",25,2
925077,"Olympique de Marseille","FC Metz","02/02/2018 19:47:21","FK1",26,2
925077,"Olympique de Marseille","FC Metz","02/02/2018 19:47:21","Ball Position",27,2
925077,"Olympique de Marseille","FC Metz","02/02/2018 19:47:33","Restart",28,2
925077,"Olympique de Marseille","FC Metz","02/02/2018 19:47:38","AT1",29,3
925077,"Olympique de Marseille","FC Metz","02/02/2018 19:47:53","POSSIBLE_TI",30,3
925077,"Olympique de Marseille","FC Metz","02/02/2018 19:47:57","TI2",31,3
925077,"Olympique de Marseille","FC Metz","02/02/2018 19:47:58","Restart",32,3
925077,"Olympique de Marseille","FC Metz","02/02/2018 19:48:06","DANGER1",33,3
925077,"Olympique de Marseille","FC Metz","02/02/2018 19:48:06","DAT1",34,3
925077,"Olympique de Marseille","FC Metz","02/02/2018 19:48:43","POSSIBLE_TI",35,4
925077,"Olympique de Marseille","FC Metz","02/02/2018 19:48:44","TI2",36,4
925077,"Olympique de Marseille","FC Metz","02/02/2018 19:49:02","Restart",37,4
925077,"Olympique de Marseille","FC Metz","02/02/2018 19:49:29","POSSIBLE_TI",38,4
925077,"Olympique de Marseille","FC Metz","02/02/2018 19:49:30","TI1",39,4
925077,"Olympique de Marseille","FC Metz","02/02/2018 19:49:31","Restart",40,4
925077,"Olympique de Marseille","FC Metz","02/02/2018 19:49:48","Possible Free Kick",41,5
925077,"Olympique de Marseille","FC Metz","02/02/2018 19:49:55","SAFE1",43,5
925077,"Olympique de Marseille","FC Metz","02/02/2018 19:49:56","F2",44,5
925077,"Olympique de Marseille","FC Metz","02/02/2018 19:49:56","FK1",45,5
925077,"Olympique de Marseille","FC Metz","02/02/2018 19:49:56","Ball Position",46,5
925077,"Olympique de Marseille","FC Metz","02/02/2018 19:50:09","Restart",47,5
925077,"Olympique de Marseille","FC Metz","02/02/2018 19:50:10","AT1",48,5
925077,"Olympique de Marseille","FC Metz","02/02/2018 19:50:11","DANGER1",49,5
925077,"Olympique de Marseille","FC Metz","02/02/2018 19:50:11","DAT1",50,5
925077,"Olympique de Marseille","FC Metz","02/02/2018 19:50:17","POSSIBLE_TI",51,5
925077,"Olympique de Marseille","FC Metz","02/02/2018 19:50:20","TI1",52,5
925077,"Olympique de Marseille","FC Metz","02/02/2018 19:50:31","Restart",53,5
925077,"Olympique de Marseille","FC Metz","02/02/2018 19:50:43","GOAL1",54,6
925077,"Olympique de Marseille","FC Metz","02/02/2018 19:51:05","Scorer",55,6
925077,"Olympique de Marseille","FC Metz","02/02/2018 19:51:31","CONF_GOAL1",56,6
925077,"Olympique de Marseille","FC Metz","02/02/2018 19:51:32","KO2",57,6
925077,"Olympique de Marseille","FC Metz","02/02/2018 19:51:32","SAFE2",58,6
925077,"Olympique de Marseille","FC Metz","02/02/2018 19:51:42","AT2",59,7
925077,"Olympique de Marseille","FC Metz","02/02/2018 19:51:45","DANGER2",60,7
925077,"Olympique de Marseille","FC Metz","02/02/2018 19:51:45","DAT2",61,7
925077,"Olympique de Marseille","FC Metz","02/02/2018 19:52:12","SAFE1",62,7
925077,"Olympique de Marseille","FC Metz","02/02/2018 19:52:14","AT1",63,7
925077,"Olympique de Marseille","FC Metz","02/02/2018 19:52:21","Possible Free Kick",64,7
925077,"Olympique de Marseille","FC Metz","02/02/2018 19:52:26","Player_DATA_CONFIRMED",66,7
925077,"Olympique de Marseille","FC Metz","02/02/2018 19:52:26","Assist",67,7
925077,"Olympique de Marseille","FC Metz","02/02/2018 19:52:27","SAFE2",68,7
925077,"Olympique de Marseille","FC Metz","02/02/2018 19:52:27","O1",69,7
925077,"Olympique de Marseille","FC Metz","02/02/2018 19:52:27","FK2",70,7
925077,"Olympique de Marseille","FC Metz","02/02/2018 19:52:27","Ball Position",71,7
925077,"Olympique de Marseille","FC Metz","02/02/2018 19:52:31","Restart",72,7
925077,"Olympique de Marseille","FC Metz","02/02/2018 19:52:46","AT2",73,8
925077,"Olympique de Marseille","FC Metz","02/02/2018 19:52:51","DANGER2",74,8
925077,"Olympique de Marseille","FC Metz","02/02/2018 19:52:51","DAT2",75,8
925077,"Olympique de Marseille","FC Metz","02/02/2018 19:52:56","POSSIBLE_TI",76,8
925077,"Olympique de Marseille","FC Metz","02/02/2018 19:52:57","TI1",77,8
925077,"Olympique de Marseille","FC Metz","02/02/2018 19:53:11","Restart",78,8
925077,"Olympique de Marseille","FC Metz","02/02/2018 19:53:23","SAFE1",79,8
925077,"Olympique de Marseille","FC Metz","02/02/2018 19:53:25","AT1",80,8
925077,"Olympique de Marseille","FC Metz","02/02/2018 19:53:28","DANGER1",81,8
925077,"Olympique de Marseille","FC Metz","02/02/2018 19:53:28","DAT1",82,8
925077,"Olympique de Marseille","FC Metz","02/02/2018 19:53:33","GOAL1",83,8
925077,"Olympique de Marseille","FC Metz","02/02/2018 19:54:05","Scorer",84,9
925077,"Olympique de Marseille","FC Metz","02/02/2018 19:54:30","CONF_GOAL1",85,9
925077,"Olympique de Marseille","FC Metz","02/02/2018 19:54:31","KO2",86,9
925077,"Olympique de Marseille","FC Metz","02/02/2018 19:54:31","SAFE2",87,9
925077,"Olympique de Marseille","FC Metz","02/02/2018 19:54:33","AT2",88,9
925077,"Olympique de Marseille","FC Metz","02/02/2018 19:54:36","DANGER2",89,9
925077,"Olympique de Marseille","FC Metz","02/02/2018 19:54:36","DAT2",90,9
925077,"Olympique de Marseille","FC Metz","02/02/2018 19:54:44","Player_DATA_CONFIRMED",91,10
925077,"Olympique de Marseille","FC Metz","02/02/2018 19:54:50","SAFE1",92,10
925077,"Olympique de Marseille","FC Metz","02/02/2018 19:54:51","GK1",93,10
925077,"Olympique de Marseille","FC Metz","02/02/2018 19:54:56","Assist",94,10
925077,"Olympique de Marseille","FC Metz","02/02/2018 19:55:15","Restart",95,10
925077,"Olympique de Marseille","FC Metz","02/02/2018 19:55:17","AT1",96,10
925077,"Olympique de Marseille","FC Metz","02/02/2018 19:55:28","DANGER1",97,10
925077,"Olympique de Marseille","FC Metz","02/02/2018 19:55:28","DAT1",98,10
925077,"Olympique de Marseille","FC Metz","02/02/2018 19:55:36","PCR1",99,10
925077,"Olympique de Marseille","FC Metz","02/02/2018 19:55:46","NCR1",100,11
925077,"Olympique de Marseille","FC Metz","02/02/2018 19:55:47","SAFE2",101,11
925077,"Olympique de Marseille","FC Metz","02/02/2018 19:55:48","GK2",102,11
925077,"Olympique de Marseille","FC Metz","02/02/2018 19:56:01","Restart",103,11
925077,"Olympique de Marseille","FC Metz","02/02/2018 19:56:03","AT2",104,11
925077,"Olympique de Marseille","FC Metz","02/02/2018 19:56:05","POSSIBLE_TI",105,11
925077,"Olympique de Marseille","FC Metz","02/02/2018 19:56:06","TI2",106,11
925077,"Olympique de Marseille","FC Metz","02/02/2018 19:56:17","Restart",107,11
925077,"Olympique de Marseille","FC Metz","02/02/2018 19:56:23","SAFE1",108,11
925077,"Olympique de Marseille","FC Metz","02/02/2018 19:56:26","AT1",109,11
925077,"Olympique de Marseille","FC Metz","02/02/2018 19:56:58","AT2",110,12
925077,"Olympique de Marseille","FC Metz","02/02/2018 19:56:58","DANGER2",111,12
925077,"Olympique de Marseille","FC Metz","02/02/2018 19:56:58","DAT2",112,12
925077,"Olympique de Marseille","FC Metz","02/02/2018 19:57:16","POSSIBLE_CARDS",113,12
925077,"Olympique de Marseille","FC Metz","02/02/2018 19:57:23","System Message",114,12
925077,"Olympique de Marseille","FC Metz","02/02/2018 19:57:23","Possible Free Kick",115,12
925077,"Olympique de Marseille","FC Metz","02/02/2018 19:57:34","F1",117,12
925077,"Olympique de Marseille","FC Metz","02/02/2018 19:57:34","FK2",118,12
925077,"Olympique de Marseille","FC Metz","02/02/2018 19:57:34","DFK2",119,12
925077,"Olympique de Marseille","FC Metz","02/02/2018 19:57:34","Ball Position",120,12
925077,"Olympique de Marseille","FC Metz","02/02/2018 19:57:40","NO_Cards",121,13
925077,"Olympique de Marseille","FC Metz","02/02/2018 19:57:40","Restart",122,13
925077,"Olympique de Marseille","FC Metz","02/02/2018 19:58:13","POSSIBLE_TI",123,13
925077,"Olympique de Marseille","FC Metz","02/02/2018 19:58:14","TI1",124,13
925077,"Olympique de Marseille","FC Metz","02/02/2018 19:58:15","Restart",125,13
925077,"Olympique de Marseille","FC Metz","02/02/2018 19:58:22","System Message",126,13
925077,"Olympique de Marseille","FC Metz","02/02/2018 19:58:23","System Message",127,13
925077,"Olympique de Marseille","FC Metz","02/02/2018 19:58:31","SAFE1",128,13
925077,"Olympique de Marseille","FC Metz","02/02/2018 19:58:33","AT1",129,13
925077,"Olympique de Marseille","FC Metz","02/02/2018 19:58:34","POSSIBLE_CARDS",130,13
925077,"Olympique de Marseille","FC Metz","02/02/2018 19:58:47","NO_Cards",131,14
925077,"Olympique de Marseille","FC Metz","02/02/2018 19:58:47","Possible Free Kick",132,14
925077,"Olympique de Marseille","FC Metz","02/02/2018 19:58:49","F2",134,14
925077,"Olympique de Marseille","FC Metz","02/02/2018 19:58:49","FK1",135,14
925077,"Olympique de Marseille","FC Metz","02/02/2018 19:58:49","DANGER1",136,14
925077,"Olympique de Marseille","FC Metz","02/02/2018 19:58:49","DFK1",137,14
925077,"Olympique de Marseille","FC Metz","02/02/2018 19:58:49","Ball Position",138,14
925077,"Olympique de Marseille","FC Metz","02/02/2018 19:58:49","Restart",139,14
925077,"Olympique de Marseille","FC Metz","02/02/2018 19:58:58","PCR1",140,14
925077,"Olympique de Marseille","FC Metz","02/02/2018 19:59:00","SHB1",141,14
925077,"Olympique de Marseille","FC Metz","02/02/2018 19:59:05","System Message",142,14
925077,"Olympique de Marseille","FC Metz","02/02/2018 19:59:09","NCR1",143,14
925077,"Olympique de Marseille","FC Metz","02/02/2018 19:59:10","SAFE2",144,14
925077,"Olympique de Marseille","FC Metz","02/02/2018 19:59:10","GK2",145,14
925077,"Olympique de Marseille","FC Metz","02/02/2018 19:59:27","Restart",146,14
925077,"Olympique de Marseille","FC Metz","02/02/2018 19:59:29","AT2",147,14
925077,"Olympique de Marseille","FC Metz","02/02/2018 19:59:35","POSSIBLE_TI",148,14
925077,"Olympique de Marseille","FC Metz","02/02/2018 19:59:35","System Message",149,14
925077,"Olympique de Marseille","FC Metz","02/02/2018 19:59:37","TI1",150,15
925077,"Olympique de Marseille","FC Metz","02/02/2018 19:59:42","Restart",151,15
925077,"Olympique de Marseille","FC Metz","02/02/2018 19:59:58","POSSIBLE_TI",152,15
925077,"Olympique de Marseille","FC Metz","02/02/2018 19:59:59","TI1",153,15
925077,"Olympique de Marseille","FC Metz","02/02/2018 19:59:59","Restart",154,15
925077,"Olympique de Marseille","FC Metz","02/02/2018 20:00:33","POSSIBLE_TI",155,15
925077,"Olympique de Marseille","FC Metz","02/02/2018 20:00:36","TI1",156,15
925077,"Olympique de Marseille","FC Metz","02/02/2018 20:00:43","Restart",157,16
925077,"Olympique de Marseille","FC Metz","02/02/2018 20:00:50","Possible Free Kick",158,16
925077,"Olympique de Marseille","FC Metz","02/02/2018 20:01:01","SAFE1",160,16
925077,"Olympique de Marseille","FC Metz","02/02/2018 20:01:01","F2",161,16
925077,"Olympique de Marseille","FC Metz","02/02/2018 20:01:01","FK1",162,16
925077,"Olympique de Marseille","FC Metz","02/02/2018 20:01:01","Ball Position",163,16
925077,"Olympique de Marseille","FC Metz","02/02/2018 20:01:03","Restart",164,16
925077,"Olympique de Marseille","FC Metz","02/02/2018 20:01:07","AT1",165,16
925077,"Olympique de Marseille","FC Metz","02/02/2018 20:01:29","DANGER1",166,16
925077,"Olympique de Marseille","FC Metz","02/02/2018 20:01:29","DAT1",167,16
925077,"Olympique de Marseille","FC Metz","02/02/2018 20:01:50","SAFE2",168,17
925077,"Olympique de Marseille","FC Metz","02/02/2018 20:01:51","GK2",169,17
925077,"Olympique de Marseille","FC Metz","02/02/2018 20:02:07","Restart",170,17
925077,"Olympique de Marseille","FC Metz","02/02/2018 20:02:10","AT2",171,17
925077,"Olympique de Marseille","FC Metz","02/02/2018 20:02:12","DANGER2",172,17
925077,"Olympique de Marseille","FC Metz","02/02/2018 20:02:12","DAT2",173,17
925077,"Olympique de Marseille","FC Metz","02/02/2018 20:02:18","POSSIBLE_TI",174,17
925077,"Olympique de Marseille","FC Metz","02/02/2018 20:02:19","TI2",175,17
925077,"Olympique de Marseille","FC Metz","02/02/2018 20:02:30","Restart",176,17
925077,"Olympique de Marseille","FC Metz","02/02/2018 20:02:35","POSSIBLE_TI",177,17
925077,"Olympique de Marseille","FC Metz","02/02/2018 20:02:39","TI2",178,18
925077,"Olympique de Marseille","FC Metz","02/02/2018 20:02:42","Restart",179,18
925077,"Olympique de Marseille","FC Metz","02/02/2018 20:02:51","SAFE1",180,18
925077,"Olympique de Marseille","FC Metz","02/02/2018 20:02:53","AT1",181,18
925077,"Olympique de Marseille","FC Metz","02/02/2018 20:02:57","SAFE2",182,18
925077,"Olympique de Marseille","FC Metz","02/02/2018 20:03:11","AT2",183,18
925077,"Olympique de Marseille","FC Metz","02/02/2018 20:03:17","DANGER2",184,18
925077,"Olympique de Marseille","FC Metz","02/02/2018 20:03:17","DAT2",185,18
925077,"Olympique de Marseille","FC Metz","02/02/2018 20:03:24","SAFE1",186,18
925077,"Olympique de Marseille","FC Metz","02/02/2018 20:03:50","AT1",187,19
925077,"Olympique de Marseille","FC Metz","02/02/2018 20:04:06","DANGER1",188,19
925077,"Olympique de Marseille","FC Metz","02/02/2018 20:04:06","DAT1",189,19
925077,"Olympique de Marseille","FC Metz","02/02/2018 20:04:09","SAFE2",190,19
925077,"Olympique de Marseille","FC Metz","02/02/2018 20:04:11","AT2",191,19
925077,"Olympique de Marseille","FC Metz","02/02/2018 20:04:16","SAFE1",192,19
925077,"Olympique de Marseille","FC Metz","02/02/2018 20:04:21","AT1",193,19
925077,"Olympique de Marseille","FC Metz","02/02/2018 20:04:22","DANGER1",194,19
925077,"Olympique de Marseille","FC Metz","02/02/2018 20:04:22","DAT1",195,19
925077,"Olympique de Marseille","FC Metz","02/02/2018 20:04:28","PCR1",196,19
925077,"Olympique de Marseille","FC Metz","02/02/2018 20:04:48","CR1",197,20
925077,"Olympique de Marseille","FC Metz","02/02/2018 20:04:49","Ball Position",198,20
925077,"Olympique de Marseille","FC Metz","02/02/2018 20:05:12","Restart",199,20
925077,"Olympique de Marseille","FC Metz","02/02/2018 20:05:28","SHG1",200,20
925077,"Olympique de Marseille","FC Metz","02/02/2018 20:05:37","SAFE2",201,21
925077,"Olympique de Marseille","FC Metz","02/02/2018 20:05:50","AT2",202,21
925077,"Olympique de Marseille","FC Metz","02/02/2018 20:05:56","POSSIBLE_TI",203,21
925077,"Olympique de Marseille","FC Metz","02/02/2018 20:05:57","TI1",204,21
925077,"Olympique de Marseille","FC Metz","02/02/2018 20:06:10","Restart",205,21
925077,"Olympique de Marseille","FC Metz","02/02/2018 20:06:29","POSSIBLE_CARDS",206,21
925077,"Olympique de Marseille","FC Metz","02/02/2018 20:06:45","NO_Cards",207,22
925077,"Olympique de Marseille","FC Metz","02/02/2018 20:06:46","Possible Free Kick",208,22
925077,"Olympique de Marseille","FC Metz","02/02/2018 20:06:47","SAFE1",210,22
925077,"Olympique de Marseille","FC Metz","02/02/2018 20:06:47","F2",211,22
925077,"Olympique de Marseille","FC Metz","02/02/2018 20:06:47","FK1",212,22
925077,"Olympique de Marseille","FC Metz","02/02/2018 20:06:47","Ball Position",213,22
925077,"Olympique de Marseille","FC Metz","02/02/2018 20:06:48","Restart",214,22
925077,"Olympique de Marseille","FC Metz","02/02/2018 20:06:54","AT1",215,22
925077,"Olympique de Marseille","FC Metz","02/02/2018 20:07:11","DANGER1",216,22
925077,"Olympique de Marseille","FC Metz","02/02/2018 20:07:11","DAT1",217,22
925077,"Olympique de Marseille","FC Metz","02/02/2018 20:07:48","Possible Free Kick",218,23
925077,"Olympique de Marseille","FC Metz","02/02/2018 20:07:50","SAFE2",220,23
925077,"Olympique de Marseille","FC Metz","02/02/2018 20:07:50","F1",221,23
925077,"Olympique de Marseille","FC Metz","02/02/2018 20:07:50","FK2",222,23
925077,"Olympique de Marseille","FC Metz","02/02/2018 20:07:50","Ball Position",223,23
925077,"Olympique de Marseille","FC Metz","02/02/2018 20:07:51","Restart",224,23
925077,"Olympique de Marseille","FC Metz","02/02/2018 20:07:54","POSSIBLE_TI",225,23
925077,"Olympique de Marseille","FC Metz","02/02/2018 20:07:55","TI2",226,23
925077,"Olympique de Marseille","FC Metz","02/02/2018 20:07:57","Restart",227,23
925077,"Olympique de Marseille","FC Metz","02/02/2018 20:08:02","AT2",228,23
925077,"Olympique de Marseille","FC Metz","02/02/2018 20:08:20","DANGER2",229,23
925077,"Olympique de Marseille","FC Metz","02/02/2018 20:08:20","DAT2",230,23
925077,"Olympique de Marseille","FC Metz","02/02/2018 20:08:24","PCR2",231,23
925077,"Olympique de Marseille","FC Metz","02/02/2018 20:08:30","SHB2",232,23
925077,"Olympique de Marseille","FC Metz","02/02/2018 20:08:36","NCR2",233,23
925077,"Olympique de Marseille","FC Metz","02/02/2018 20:08:37","SAFE1",234,23
925077,"Olympique de Marseille","FC Metz","02/02/2018 20:08:37","GK1",235,24
925077,"Olympique de Marseille","FC Metz","02/02/2018 20:08:52","Restart",236,24
925077,"Olympique de Marseille","FC Metz","02/02/2018 20:08:54","AT1",237,24
925077,"Olympique de Marseille","FC Metz","02/02/2018 20:08:59","SAFE2",238,24
925077,"Olympique de Marseille","FC Metz","02/02/2018 20:09:00","AT2",239,24
925077,"Olympique de Marseille","FC Metz","02/02/2018 20:09:07","DANGER2",240,24
925077,"Olympique de Marseille","FC Metz","02/02/2018 20:09:07","DAT2",241,24
925077,"Olympique de Marseille","FC Metz","02/02/2018 20:09:51","PCR2",242,25
925077,"Olympique de Marseille","FC Metz","02/02/2018 20:10:00","SHB2",243,25
925077,"Olympique de Marseille","FC Metz","02/02/2018 20:10:14","CR2",244,25
925077,"Olympique de Marseille","FC Metz","02/02/2018 20:10:22","Ball Position",245,25
925077,"Olympique de Marseille","FC Metz","02/02/2018 20:10:27","Restart",246,25
925077,"Olympique de Marseille","FC Metz","02/02/2018 20:10:32","SHG2",247,25
925077,"Olympique de Marseille","FC Metz","02/02/2018 20:10:36","SAFE1",248,25
925077,"Olympique de Marseille","FC Metz","02/02/2018 20:10:37","AT1",249,26
925077,"Olympique de Marseille","FC Metz","02/02/2018 20:10:42","DANGER1",250,26
925077,"Olympique de Marseille","FC Metz","02/02/2018 20:10:42","DAT1",251,26
925077,"Olympique de Marseille","FC Metz","02/02/2018 20:10:52","SAFE2",252,26
925077,"Olympique de Marseille","FC Metz","02/02/2018 20:11:01","AT2",253,26
925077,"Olympique de Marseille","FC Metz","02/02/2018 20:11:03","DANGER2",254,26
925077,"Olympique de Marseille","FC Metz","02/02/2018 20:11:03","DAT2",255,26
925077,"Olympique de Marseille","FC Metz","02/02/2018 20:11:26","PCR2",256,26
925077,"Olympique de Marseille","FC Metz","02/02/2018 20:11:33","SHB2",257,26
925077,"Olympique de Marseille","FC Metz","02/02/2018 20:11:35","NCR2",258,26
925077,"Olympique de Marseille","FC Metz","02/02/2018 20:11:35","SAFE1",259,26
925077,"Olympique de Marseille","FC Metz","02/02/2018 20:11:36","GK1",260,26
925077,"Olympique de Marseille","FC Metz","02/02/2018 20:11:59","Restart",261,27
925077,"Olympique de Marseille","FC Metz","02/02/2018 20:12:01","AT1",262,27
925077,"Olympique de Marseille","FC Metz","02/02/2018 20:12:04","DANGER1",263,27
925077,"Olympique de Marseille","FC Metz","02/02/2018 20:12:04","DAT1",264,27
925077,"Olympique de Marseille","FC Metz","02/02/2018 20:12:10","PCR1",265,27
925077,"Olympique de Marseille","FC Metz","02/02/2018 20:12:11","SHB1",266,27
925077,"Olympique de Marseille","FC Metz","02/02/2018 20:12:23","NCR1",267,27
925077,"Olympique de Marseille","FC Metz","02/02/2018 20:12:24","SAFE2",268,27
925077,"Olympique de Marseille","FC Metz","02/02/2018 20:12:25","GK2",269,27
925077,"Olympique de Marseille","FC Metz","02/02/2018 20:12:36","Restart",270,27
925077,"Olympique de Marseille","FC Metz","02/02/2018 20:12:40","AT2",271,28
925077,"Olympique de Marseille","FC Metz","02/02/2018 20:12:42","POSSIBLE_TI",272,28
925077,"Olympique de Marseille","FC Metz","02/02/2018 20:12:45","TI2",273,28
925077,"Olympique de Marseille","FC Metz","02/02/2018 20:12:53","Restart",274,28
925077,"Olympique de Marseille","FC Metz","02/02/2018 20:12:56","POSSIBLE_CARDS",275,28
925077,"Olympique de Marseille","FC Metz","02/02/2018 20:13:29","Possible Free Kick",276,28
925077,"Olympique de Marseille","FC Metz","02/02/2018 20:13:31","F1",278,28
925077,"Olympique de Marseille","FC Metz","02/02/2018 20:13:31","FK2",279,28
925077,"Olympique de Marseille","FC Metz","02/02/2018 20:13:31","DANGER2",280,28
925077,"Olympique de Marseille","FC Metz","02/02/2018 20:13:31","DFK2",281,28
925077,"Olympique de Marseille","FC Metz","02/02/2018 20:13:31","Ball Position",282,28
925077,"Olympique de Marseille","FC Metz","02/02/2018 20:13:36","NO_Cards",283,28
925077,"Olympique de Marseille","FC Metz","02/02/2018 20:13:36","Restart",284,28
925077,"Olympique de Marseille","FC Metz","02/02/2018 20:13:45","Possible Free Kick",285,29
925077,"Olympique de Marseille","FC Metz","02/02/2018 20:13:51","POSSIBLE_CARDS",287,29
925077,"Olympique de Marseille","FC Metz","02/02/2018 20:14:11","NO_Cards",288,29
925077,"Olympique de Marseille","FC Metz","02/02/2018 20:14:14","SAFE1",289,29
925077,"Olympique de Marseille","FC Metz","02/02/2018 20:14:14","O2",290,29
925077,"Olympique de Marseille","FC Metz","02/02/2018 20:14:14","FK1",291,29
925077,"Olympique de Marseille","FC Metz","02/02/2018 20:14:14","Ball Position",292,29
925077,"Olympique de Marseille","FC Metz","02/02/2018 20:14:16","Restart",293,29
925077,"Olympique de Marseille","FC Metz","02/02/2018 20:14:17","AT1",294,29
925077,"Olympique de Marseille","FC Metz","02/02/2018 20:14:34","SAFE2",295,29
925077,"Olympique de Marseille","FC Metz","02/02/2018 20:14:45","AT2",296,30
925077,"Olympique de Marseille","FC Metz","02/02/2018 20:14:50","SAFE1",297,30
925077,"Olympique de Marseille","FC Metz","02/02/2018 20:14:53","AT1",298,30
925077,"Olympique de Marseille","FC Metz","02/02/2018 20:15:33","Possible Free Kick",299,30
925077,"Olympique de Marseille","FC Metz","02/02/2018 20:15:44","F2",301,31
925077,"Olympique de Marseille","FC Metz","02/02/2018 20:15:44","FK1",302,31
925077,"Olympique de Marseille","FC Metz","02/02/2018 20:15:44","DANGER1",303,31
925077,"Olympique de Marseille","FC Metz","02/02/2018 20:15:44","DFK1",304,31
925077,"Olympique de Marseille","FC Metz","02/02/2018 20:15:44","Ball Position",305,31
925077,"Olympique de Marseille","FC Metz","02/02/2018 20:15:44","Restart",306,31
925077,"Olympique de Marseille","FC Metz","02/02/2018 20:16:07","SAFE2",307,31
925077,"Olympique de Marseille","FC Metz","02/02/2018 20:16:08","AT2",308,31
925077,"Olympique de Marseille","FC Metz","02/02/2018 20:16:11","DANGER2",309,31
925077,"Olympique de Marseille","FC Metz","02/02/2018 20:16:11","DAT2",310,31
925077,"Olympique de Marseille","FC Metz","02/02/2018 20:16:24","Possible Free Kick",311,31
925077,"Olympique de Marseille","FC Metz","02/02/2018 20:16:26","SAFE1",313,31
925077,"Olympique de Marseille","FC Metz","02/02/2018 20:16:26","F2",314,31
925077,"Olympique de Marseille","FC Metz","02/02/2018 20:16:26","FK1",315,31
925077,"Olympique de Marseille","FC Metz","02/02/2018 20:16:26","Ball Position",316,31
925077,"Olympique de Marseille","FC Metz","02/02/2018 20:16:27","Restart",317,31
925077,"Olympique de Marseille","FC Metz","02/02/2018 20:16:28","AT1",318,31
925077,"Olympique de Marseille","FC Metz","02/02/2018 20:16:40","SAFE2",319,32
925077,"Olympique de Marseille","FC Metz","02/02/2018 20:16:42","AT2",320,32
925077,"Olympique de Marseille","FC Metz","02/02/2018 20:16:47","DANGER2",321,32
925077,"Olympique de Marseille","FC Metz","02/02/2018 20:16:47","DAT2",322,32
925077,"Olympique de Marseille","FC Metz","02/02/2018 20:16:51","PCR2",323,32
925077,"Olympique de Marseille","FC Metz","02/02/2018 20:17:14","CR2",324,32
925077,"Olympique de Marseille","FC Metz","02/02/2018 20:17:22","Ball Position",325,32
925077,"Olympique de Marseille","FC Metz","02/02/2018 20:17:25","Restart",326,32
925077,"Olympique de Marseille","FC Metz","02/02/2018 20:17:29","PCR2",327,32
925077,"Olympique de Marseille","FC Metz","02/02/2018 20:17:31","SHG2",328,32
925077,"Olympique de Marseille","FC Metz","02/02/2018 20:17:39","CR2",329,33
925077,"Olympique de Marseille","FC Metz","02/02/2018 20:17:43","Ball Position",330,33
925077,"Olympique de Marseille","FC Metz","02/02/2018 20:17:52","Restart",331,33
925077,"Olympique de Marseille","FC Metz","02/02/2018 20:18:07","SAFE1",332,33
925077,"Olympique de Marseille","FC Metz","02/02/2018 20:18:11","AT1",333,33
925077,"Olympique de Marseille","FC Metz","02/02/2018 20:18:18","SAFE2",334,33
925077,"Olympique de Marseille","FC Metz","02/02/2018 20:18:21","AT2",335,33
925077,"Olympique de Marseille","FC Metz","02/02/2018 20:18:23","DANGER2",336,33
925077,"Olympique de Marseille","FC Metz","02/02/2018 20:18:23","DAT2",337,33
925077,"Olympique de Marseille","FC Metz","02/02/2018 20:18:53","Possible Free Kick",338,34
925077,"Olympique de Marseille","FC Metz","02/02/2018 20:18:55","SAFE1",340,34
925077,"Olympique de Marseille","FC Metz","02/02/2018 20:18:55","F2",341,34
925077,"Olympique de Marseille","FC Metz","02/02/2018 20:18:55","FK1",342,34
925077,"Olympique de Marseille","FC Metz","02/02/2018 20:18:55","Ball Position",343,34
925077,"Olympique de Marseille","FC Metz","02/02/2018 20:18:55","Restart",344,34
925077,"Olympique de Marseille","FC Metz","02/02/2018 20:18:57","AT2",345,34
925077,"Olympique de Marseille","FC Metz","02/02/2018 20:19:09","POSSIBLE_TI",346,34
925077,"Olympique de Marseille","FC Metz","02/02/2018 20:19:10","TI2",347,34
925077,"Olympique de Marseille","FC Metz","02/02/2018 20:19:10","Restart",348,34
925077,"Olympique de Marseille","FC Metz","02/02/2018 20:19:29","DANGER2",349,34
925077,"Olympique de Marseille","FC Metz","02/02/2018 20:19:29","DAT2",350,34
925077,"Olympique de Marseille","FC Metz","02/02/2018 20:19:32","PCR2",351,34
925077,"Olympique de Marseille","FC Metz","02/02/2018 20:19:37","SHB2",352,34
925077,"Olympique de Marseille","FC Metz","02/02/2018 20:19:40","NCR2",353,35
925077,"Olympique de Marseille","FC Metz","02/02/2018 20:19:40","SAFE1",354,35
925077,"Olympique de Marseille","FC Metz","02/02/2018 20:19:41","GK1",355,35
925077,"Olympique de Marseille","FC Metz","02/02/2018 20:20:03","Restart",356,35
925077,"Olympique de Marseille","FC Metz","02/02/2018 20:20:05","AT1",357,35
925077,"Olympique de Marseille","FC Metz","02/02/2018 20:20:16","POSSIBLE_TI",358,35
925077,"Olympique de Marseille","FC Metz","02/02/2018 20:20:17","TI2",359,35
925077,"Olympique de Marseille","FC Metz","02/02/2018 20:20:28","Restart",360,35
925077,"Olympique de Marseille","FC Metz","02/02/2018 20:20:29","SAFE2",361,35
925077,"Olympique de Marseille","FC Metz","02/02/2018 20:20:30","AT2",362,35
925077,"Olympique de Marseille","FC Metz","02/02/2018 20:20:35","Possible Free Kick",363,35
925077,"Olympique de Marseille","FC Metz","02/02/2018 20:20:37","F1",365,36
925077,"Olympique de Marseille","FC Metz","02/02/2018 20:20:37","FK2",366,36
925077,"Olympique de Marseille","FC Metz","02/02/2018 20:20:37","DANGER2",367,36
925077,"Olympique de Marseille","FC Metz","02/02/2018 20:20:37","DFK2",368,36
925077,"Olympique de Marseille","FC Metz","02/02/2018 20:20:37","Ball Position",369,36
925077,"Olympique de Marseille","FC Metz","02/02/2018 20:20:47","Restart",370,36
925077,"Olympique de Marseille","FC Metz","02/02/2018 20:21:09","SAFE1",371,36
925077,"Olympique de Marseille","FC Metz","02/02/2018 20:21:10","AT1",372,36
925077,"Olympique de Marseille","FC Metz","02/02/2018 20:21:11","POSSIBLE_TI",373,36
925077,"Olympique de Marseille","FC Metz","02/02/2018 20:21:12","TI1",374,36
925077,"Olympique de Marseille","FC Metz","02/02/2018 20:21:13","Restart",375,36
925077,"Olympique de Marseille","FC Metz","02/02/2018 20:21:19","SAFE2",376,36
925077,"Olympique de Marseille","FC Metz","02/02/2018 20:21:21","AT2",377,36
925077,"Olympique de Marseille","FC Metz","02/02/2018 20:21:37","POSSIBLE_CARDS",378,37
925077,"Olympique de Marseille","FC Metz","02/02/2018 20:22:21","Possible Free Kick",379,37
925077,"Olympique de Marseille","FC Metz","02/02/2018 20:22:24","F1",381,37
925077,"Olympique de Marseille","FC Metz","02/02/2018 20:22:24","FK2",382,37
925077,"Olympique de Marseille","FC Metz","02/02/2018 20:22:24","DANGER2",383,37
925077,"Olympique de Marseille","FC Metz","02/02/2018 20:22:24","DFK2",384,37
925077,"Olympique de Marseille","FC Metz","02/02/2018 20:22:24","Ball Position",385,37
925077,"Olympique de Marseille","FC Metz","02/02/2018 20:22:24","NO_Cards",386,37
925077,"Olympique de Marseille","FC Metz","02/02/2018 20:22:25","Restart",387,37
925077,"Olympique de Marseille","FC Metz","02/02/2018 20:22:57","SAFE1",388,38
925077,"Olympique de Marseille","FC Metz","02/02/2018 20:23:06","AT2",389,38
925077,"Olympique de Marseille","FC Metz","02/02/2018 20:23:09","DANGER2",390,38
925077,"Olympique de Marseille","FC Metz","02/02/2018 20:23:09","DAT2",391,38
925077,"Olympique de Marseille","FC Metz","02/02/2018 20:23:11","POSSIBLE_TI",392,38
925077,"Olympique de Marseille","FC Metz","02/02/2018 20:23:11","TI1",393,38
925077,"Olympique de Marseille","FC Metz","02/02/2018 20:23:13","Restart",394,38
925077,"Olympique de Marseille","FC Metz","02/02/2018 20:23:27","POSSIBLE_CARDS",395,38
925077,"Olympique de Marseille","FC Metz","02/02/2018 20:23:29","Possible Free Kick",396,38
925077,"Olympique de Marseille","FC Metz","02/02/2018 20:24:16","F1",398,39
925077,"Olympique de Marseille","FC Metz","02/02/2018 20:24:16","FK2",399,39
925077,"Olympique de Marseille","FC Metz","02/02/2018 20:24:16","DFK2",400,39
925077,"Olympique de Marseille","FC Metz","02/02/2018 20:24:16","Ball Position",401,39
925077,"Olympique de Marseille","FC Metz","02/02/2018 20:24:48","NO_Cards",402,40
925077,"Olympique de Marseille","FC Metz","02/02/2018 20:24:50","Restart",403,40
925077,"Olympique de Marseille","FC Metz","02/02/2018 20:24:55","SHB2",404,40
925077,"Olympique de Marseille","FC Metz","02/02/2018 20:25:01","Possible Free Kick",405,40
925077,"Olympique de Marseille","FC Metz","02/02/2018 20:25:30","SAFE1",407,40
925077,"Olympique de Marseille","FC Metz","02/02/2018 20:25:30","O2",408,40
925077,"Olympique de Marseille","FC Metz","02/02/2018 20:25:30","FK1",409,40
925077,"Olympique de Marseille","FC Metz","02/02/2018 20:25:30","Ball Position",410,40
925077,"Olympique de Marseille","FC Metz","02/02/2018 20:25:32","Restart",411,40
925077,"Olympique de Marseille","FC Metz","02/02/2018 20:25:34","AT1",412,40
925077,"Olympique de Marseille","FC Metz","02/02/2018 20:25:58","DANGER1",413,41
925077,"Olympique de Marseille","FC Metz","02/02/2018 20:25:58","DAT1",414,41
925077,"Olympique de Marseille","FC Metz","02/02/2018 20:26:07","Possible Free Kick",415,41
925077,"Olympique de Marseille","FC Metz","02/02/2018 20:26:25","SAFE2",417,41
925077,"Olympique de Marseille","FC Metz","02/02/2018 20:26:25","O1",418,41
925077,"Olympique de Marseille","FC Metz","02/02/2018 20:26:25","FK2",419,41
925077,"Olympique de Marseille","FC Metz","02/02/2018 20:26:25","Ball Position",420,41
925077,"Olympique de Marseille","FC Metz","02/02/2018 20:26:33","Restart",421,41
925077,"Olympique de Marseille","FC Metz","02/02/2018 20:26:36","AT2",422,41
925077,"Olympique de Marseille","FC Metz","02/02/2018 20:26:48","DANGER2",423,42
925077,"Olympique de Marseille","FC Metz","02/02/2018 20:26:48","DAT2",424,42
925077,"Olympique de Marseille","FC Metz","02/02/2018 20:26:56","Possible Free Kick",425,42
925077,"Olympique de Marseille","FC Metz","02/02/2018 20:26:59","SAFE1",427,42
925077,"Olympique de Marseille","FC Metz","02/02/2018 20:26:59","F2",428,42
925077,"Olympique de Marseille","FC Metz","02/02/2018 20:26:59","FK1",429,42
925077,"Olympique de Marseille","FC Metz","02/02/2018 20:26:59","Ball Position",430,42
925077,"Olympique de Marseille","FC Metz","02/02/2018 20:27:20","Restart",431,42
925077,"Olympique de Marseille","FC Metz","02/02/2018 20:27:22","AT1",432,42
925077,"Olympique de Marseille","FC Metz","02/02/2018 20:27:26","DANGER1",433,42
925077,"Olympique de Marseille","FC Metz","02/02/2018 20:27:26","DAT1",434,42
925077,"Olympique de Marseille","FC Metz","02/02/2018 20:27:42","POSSIBLE_TI",435,43
925077,"Olympique de Marseille","FC Metz","02/02/2018 20:27:45","TI1",436,43
925077,"Olympique de Marseille","FC Metz","02/02/2018 20:27:49","Restart",437,43
925077,"Olympique de Marseille","FC Metz","02/02/2018 20:28:05","SAFE2",438,43
925077,"Olympique de Marseille","FC Metz","02/02/2018 20:28:06","AT2",439,43
925077,"Olympique de Marseille","FC Metz","02/02/2018 20:28:08","DANGER2",440,43
925077,"Olympique de Marseille","FC Metz","02/02/2018 20:28:08","DAT2",441,43
925077,"Olympique de Marseille","FC Metz","02/02/2018 20:28:17","PCR2",442,43
925077,"Olympique de Marseille","FC Metz","02/02/2018 20:28:20","SHB2",443,43
925077,"Olympique de Marseille","FC Metz","02/02/2018 20:28:24","POSSIBLE_CARDS",444,43
925077,"Olympique de Marseille","FC Metz","02/02/2018 20:28:27","YC1",445,43
925077,"Olympique de Marseille","FC Metz","02/02/2018 20:28:30","CONF_YC1",446,43
925077,"Olympique de Marseille","FC Metz","02/02/2018 20:28:38","Scorer",447,44
925077,"Olympique de Marseille","FC Metz","02/02/2018 20:28:53","CR2",448,44
925077,"Olympique de Marseille","FC Metz","02/02/2018 20:28:54","Ball Position",449,44
925077,"Olympique de Marseille","FC Metz","02/02/2018 20:28:56","Restart",450,44
925077,"Olympique de Marseille","FC Metz","02/02/2018 20:29:05","SHG2",451,44
925077,"Olympique de Marseille","FC Metz","02/02/2018 20:29:24","SAFE1",452,44
925077,"Olympique de Marseille","FC Metz","02/02/2018 20:29:24","AT1",453,44
925077,"Olympique de Marseille","FC Metz","02/02/2018 20:29:26","DANGER1",454,44
925077,"Olympique de Marseille","FC Metz","02/02/2018 20:29:26","DAT1",455,44
925077,"Olympique de Marseille","FC Metz","02/02/2018 20:29:31","GOAL1",456,44
925077,"Olympique de Marseille","FC Metz","02/02/2018 20:29:56","Player_DATA_CONFIRMED",457,45
925077,"Olympique de Marseille","FC Metz","02/02/2018 20:30:25","Scorer",458,45
925077,"Olympique de Marseille","FC Metz","02/02/2018 20:30:27","CONF_GOAL1",459,45
925077,"Olympique de Marseille","FC Metz","02/02/2018 20:30:37","KO2",460,45
925077,"Olympique de Marseille","FC Metz","02/02/2018 20:30:37","SAFE2",461,45
925077,"Olympique de Marseille","FC Metz","02/02/2018 20:30:44","AT2",462,46
925077,"Olympique de Marseille","FC Metz","02/02/2018 20:31:03","Stop RT1",463,46
925077,"Olympique de Marseille","FC Metz","02/02/2018 20:31:25","CONF_PERIOD_SCORE",464,45
925077,"Olympique de Marseille","FC Metz","02/02/2018 20:31:39","Scorer",465,45
925077,"Olympique de Marseille","FC Metz","02/02/2018 20:31:39","Player_DATA_CONFIRMED",466,45
925077,"Olympique de Marseille","FC Metz","02/02/2018 20:46:30","Players are coming out",467,45
925077,"Olympique de Marseille","FC Metz","02/02/2018 20:47:29","Game about to start",468,45
925077,"Olympique de Marseille","FC Metz","02/02/2018 20:47:42","Start RT2 Team 2",469,46
925077,"Olympique de Marseille","FC Metz","02/02/2018 20:48:02","AT2",470,46
925077,"Olympique de Marseille","FC Metz","02/02/2018 20:48:04","DANGER2",471,46
925077,"Olympique de Marseille","FC Metz","02/02/2018 20:48:04","DAT2",472,46
925077,"Olympique de Marseille","FC Metz","02/02/2018 20:48:24","POSSIBLE_CARDS",473,46
925077,"Olympique de Marseille","FC Metz","02/02/2018 20:48:55","NO_Cards",474,47
925077,"Olympique de Marseille","FC Metz","02/02/2018 20:48:55","Possible Free Kick",475,47
925077,"Olympique de Marseille","FC Metz","02/02/2018 20:48:57","SAFE1",477,47
925077,"Olympique de Marseille","FC Metz","02/02/2018 20:48:57","F2",478,47
925077,"Olympique de Marseille","FC Metz","02/02/2018 20:48:57","FK1",479,47
925077,"Olympique de Marseille","FC Metz","02/02/2018 20:48:57","Ball Position",480,47
925077,"Olympique de Marseille","FC Metz","02/02/2018 20:48:58","Restart",481,47
925077,"Olympique de Marseille","FC Metz","02/02/2018 20:49:23","AT2",482,47
925077,"Olympique de Marseille","FC Metz","02/02/2018 20:49:38","Possible Free Kick",483,47
925077,"Olympique de Marseille","FC Metz","02/02/2018 20:49:52","SAFE1",485,48
925077,"Olympique de Marseille","FC Metz","02/02/2018 20:49:52","F2",486,48
925077,"Olympique de Marseille","FC Metz","02/02/2018 20:49:52","FK1",487,48
925077,"Olympique de Marseille","FC Metz","02/02/2018 20:49:52","Ball Position",488,48
925077,"Olympique de Marseille","FC Metz","02/02/2018 20:50:08","Restart",489,48
925077,"Olympique de Marseille","FC Metz","02/02/2018 20:50:10","AT1",490,48
925077,"Olympique de Marseille","FC Metz","02/02/2018 20:50:11","POSSIBLE_TI",491,48
925077,"Olympique de Marseille","FC Metz","02/02/2018 20:50:15","TI2",492,48
925077,"Olympique de Marseille","FC Metz","02/02/2018 20:50:23","Restart",493,48
925077,"Olympique de Marseille","FC Metz","02/02/2018 20:50:28","SAFE2",494,48
925077,"Olympique de Marseille","FC Metz","02/02/2018 20:50:30","AT2",495,48
925077,"Olympique de Marseille","FC Metz","02/02/2018 20:50:36","DANGER2",496,48
925077,"Olympique de Marseille","FC Metz","02/02/2018 20:50:36","DAT2",497,48
925077,"Olympique de Marseille","FC Metz","02/02/2018 20:50:47","SAFE1",498,49
925077,"Olympique de Marseille","FC Metz","02/02/2018 20:50:48","GK1",499,49
925077,"Olympique de Marseille","FC Metz","02/02/2018 20:50:50","Restart",500,49
925077,"Olympique de Marseille","FC Metz","02/02/2018 20:51:04","AT1",501,49
925077,"Olympique de Marseille","FC Metz","02/02/2018 20:51:23","Possible Free Kick",502,49
925077,"Olympique de Marseille","FC Metz","02/02/2018 20:51:26","POSSIBLE_CARDS",504,49
925077,"Olympique de Marseille","FC Metz","02/02/2018 20:51:29","F2",505,49
925077,"Olympique de Marseille","FC Metz","02/02/2018 20:51:29","FK1",506,49
925077,"Olympique de Marseille","FC Metz","02/02/2018 20:51:29","DANGER1",507,49
925077,"Olympique de Marseille","FC Metz","02/02/2018 20:51:29","DFK1",508,49
925077,"Olympique de Marseille","FC Metz","02/02/2018 20:51:29","Ball Position",509,49
925077,"Olympique de Marseille","FC Metz","02/02/2018 20:51:30","Restart",510,49
925077,"Olympique de Marseille","FC Metz","02/02/2018 20:51:31","NO_Cards",511,49
925077,"Olympique de Marseille","FC Metz","02/02/2018 20:51:36","GOAL1",512,49
925077,"Olympique de Marseille","FC Metz","02/02/2018 20:51:59","Scorer",513,50
925077,"Olympique de Marseille","FC Metz","02/02/2018 20:52:22","CONF_GOAL1",514,50
925077,"Olympique de Marseille","FC Metz","02/02/2018 20:52:23","KO2",515,50
925077,"Olympique de Marseille","FC Metz","02/02/2018 20:52:23","SAFE2",516,50
925077,"Olympique de Marseille","FC Metz","02/02/2018 20:52:32","AT2",517,50
925077,"Olympique de Marseille","FC Metz","02/02/2018 20:52:41","SAFE1",518,50
925077,"Olympique de Marseille","FC Metz","02/02/2018 20:52:44","AT1",519,51
925077,"Olympique de Marseille","FC Metz","02/02/2018 20:52:56","Player_DATA_CONFIRMED",520,51
925077,"Olympique de Marseille","FC Metz","02/02/2018 20:52:56","Assist",521,51
925077,"Olympique de Marseille","FC Metz","02/02/2018 20:53:15","POSSIBLE_TI",522,51
925077,"Olympique de Marseille","FC Metz","02/02/2018 20:53:19","TI1",523,51
925077,"Olympique de Marseille","FC Metz","02/02/2018 20:53:19","Restart",524,51
925077,"Olympique de Marseille","FC Metz","02/02/2018 20:53:29","POSSIBLE_CARDS",525,51
925077,"Olympique de Marseille","FC Metz","02/02/2018 20:53:37","Possible Free Kick",526,51
925077,"Olympique de Marseille","FC Metz","02/02/2018 20:53:41","F2",528,51
925077,"Olympique de Marseille","FC Metz","02/02/2018 20:53:41","FK1",529,51
925077,"Olympique de Marseille","FC Metz","02/02/2018 20:53:42","DANGER1",530,51
925077,"Olympique de Marseille","FC Metz","02/02/2018 20:53:42","DFK1",531,51
925077,"Olympique de Marseille","FC Metz","02/02/2018 20:53:42","Ball Position",532,51
925077,"Olympique de Marseille","FC Metz","02/02/2018 20:54:12","NO_Cards",533,52
925077,"Olympique de Marseille","FC Metz","02/02/2018 20:54:19","Restart",534,52
925077,"Olympique de Marseille","FC Metz","02/02/2018 20:55:06","Possible Free Kick",535,53
925077,"Olympique de Marseille","FC Metz","02/02/2018 20:55:21","SAFE2",537,53
925077,"Olympique de Marseille","FC Metz","02/02/2018 20:55:21","O1",538,53
925077,"Olympique de Marseille","FC Metz","02/02/2018 20:55:21","FK2",539,53
925077,"Olympique de Marseille","FC Metz","02/02/2018 20:55:21","Ball Position",540,53
925077,"Olympique de Marseille","FC Metz","02/02/2018 20:55:22","Restart",541,53
925077,"Olympique de Marseille","FC Metz","02/02/2018 20:55:41","AT2",542,53
925077,"Olympique de Marseille","FC Metz","02/02/2018 20:55:43","DANGER2",543,54
925077,"Olympique de Marseille","FC Metz","02/02/2018 20:55:43","DAT2",544,54
925077,"Olympique de Marseille","FC Metz","02/02/2018 20:55:49","PCR2",545,54
925077,"Olympique de Marseille","FC Metz","02/02/2018 20:56:02","SHB2",546,54
925077,"Olympique de Marseille","FC Metz","02/02/2018 20:56:10","NCR2",547,54
925077,"Olympique de Marseille","FC Metz","02/02/2018 20:56:11","SAFE1",548,54
925077,"Olympique de Marseille","FC Metz","02/02/2018 20:56:11","GK1",549,54
925077,"Olympique de Marseille","FC Metz","02/02/2018 20:56:14","Restart",550,54
925077,"Olympique de Marseille","FC Metz","02/02/2018 20:56:23","AT1",551,54
925077,"Olympique de Marseille","FC Metz","02/02/2018 20:56:45","DANGER1",552,55
925077,"Olympique de Marseille","FC Metz","02/02/2018 20:56:45","DAT1",553,55
925077,"Olympique de Marseille","FC Metz","02/02/2018 20:56:49","SAFE2",554,55
925077,"Olympique de Marseille","FC Metz","02/02/2018 20:56:56","POSSIBLE_TI",555,55
925077,"Olympique de Marseille","FC Metz","02/02/2018 20:56:58","TI2",556,55
925077,"Olympique de Marseille","FC Metz","02/02/2018 20:57:04","Restart",557,55
925077,"Olympique de Marseille","FC Metz","02/02/2018 20:57:11","POSSIBLE_CARDS",558,55
925077,"Olympique de Marseille","FC Metz","02/02/2018 20:57:16","Possible Free Kick",559,55
925077,"Olympique de Marseille","FC Metz","02/02/2018 20:57:26","F2",561,55
925077,"Olympique de Marseille","FC Metz","02/02/2018 20:57:26","FK1",562,55
925077,"Olympique de Marseille","FC Metz","02/02/2018 20:57:26","DANGER1",563,55
925077,"Olympique de Marseille","FC Metz","02/02/2018 20:57:26","DFK1",564,55
925077,"Olympique de Marseille","FC Metz","02/02/2018 20:57:26","Ball Position",565,55
925077,"Olympique de Marseille","FC Metz","02/02/2018 20:57:28","Restart",566,55
925077,"Olympique de Marseille","FC Metz","02/02/2018 20:57:29","NO_Cards",567,55
925077,"Olympique de Marseille","FC Metz","02/02/2018 20:57:45","GOAL1",568,56
925077,"Olympique de Marseille","FC Metz","02/02/2018 20:58:10","Scorer",569,56
925077,"Olympique de Marseille","FC Metz","02/02/2018 20:58:38","CONF_GOAL1",570,56
925077,"Olympique de Marseille","FC Metz","02/02/2018 20:58:39","KO2",571,56
925077,"Olympique de Marseille","FC Metz","02/02/2018 20:58:39","SAFE2",572,56
925077,"Olympique de Marseille","FC Metz","02/02/2018 20:58:47","Player_DATA_CONFIRMED",573,57
925077,"Olympique de Marseille","FC Metz","02/02/2018 20:58:47","AT2",574,57
925077,"Olympique de Marseille","FC Metz","02/02/2018 20:58:55","POSSIBLE_TI",575,57
925077,"Olympique de Marseille","FC Metz","02/02/2018 20:58:56","Assist",576,57
925077,"Olympique de Marseille","FC Metz","02/02/2018 20:58:57","TI1",577,57
925077,"Olympique de Marseille","FC Metz","02/02/2018 20:59:19","Restart",578,57
925077,"Olympique de Marseille","FC Metz","02/02/2018 20:59:43","SAFE1",579,58
925077,"Olympique de Marseille","FC Metz","02/02/2018 20:59:48","AT1",580,58
925077,"Olympique de Marseille","FC Metz","02/02/2018 20:59:51","POSSIBLE_TI",581,58
925077,"Olympique de Marseille","FC Metz","02/02/2018 20:59:53","TI1",582,58
925077,"Olympique de Marseille","FC Metz","02/02/2018 21:00:00","Restart",583,58
925077,"Olympique de Marseille","FC Metz","02/02/2018 21:00:57","DANGER1",584,59
925077,"Olympique de Marseille","FC Metz","02/02/2018 21:00:57","DAT1",585,59
925077,"Olympique de Marseille","FC Metz","02/02/2018 21:01:27","SAFE2",586,59
925077,"Olympique de Marseille","FC Metz","02/02/2018 21:01:27","AT2",587,59
925077,"Olympique de Marseille","FC Metz","02/02/2018 21:01:31","SAFE1",588,59
925077,"Olympique de Marseille","FC Metz","02/02/2018 21:01:51","AT1",589,60
925077,"Olympique de Marseille","FC Metz","02/02/2018 21:01:53","DANGER1",590,60
925077,"Olympique de Marseille","FC Metz","02/02/2018 21:01:53","DAT1",591,60
925077,"Olympique de Marseille","FC Metz","02/02/2018 21:01:59","Possible Free Kick",592,60
925077,"Olympique de Marseille","FC Metz","02/02/2018 21:02:20","SAFE2",594,60
925077,"Olympique de Marseille","FC Metz","02/02/2018 21:02:20","O1",595,60
925077,"Olympique de Marseille","FC Metz","02/02/2018 21:02:20","FK2",596,60
925077,"Olympique de Marseille","FC Metz","02/02/2018 21:02:20","Ball Position",597,60
925077,"Olympique de Marseille","FC Metz","02/02/2018 21:02:40","SUB1",598,60
925077,"Olympique de Marseille","FC Metz","02/02/2018 21:02:45","Restart",599,61
925077,"Olympique de Marseille","FC Metz","02/02/2018 21:02:46","AT2",600,61
925077,"Olympique de Marseille","FC Metz","02/02/2018 21:03:08","SAFE1",601,61
925077,"Olympique de Marseille","FC Metz","02/02/2018 21:03:27","AT1",602,61
925077,"Olympique de Marseille","FC Metz","02/02/2018 21:03:56","Player_DATA_CONFIRMED",603,62
925077,"Olympique de Marseille","FC Metz","02/02/2018 21:03:57","POSSIBLE_TI",604,62
925077,"Olympique de Marseille","FC Metz","02/02/2018 21:03:58","TI1",605,62
925077,"Olympique de Marseille","FC Metz","02/02/2018 21:04:01","Restart",606,62
925077,"Olympique de Marseille","FC Metz","02/02/2018 21:04:12","DANGER1",607,62
925077,"Olympique de Marseille","FC Metz","02/02/2018 21:04:12","DAT1",608,62
925077,"Olympique de Marseille","FC Metz","02/02/2018 21:04:19","SAFE2",609,62
925077,"Olympique de Marseille","FC Metz","02/02/2018 21:04:20","AT2",610,62
925077,"Olympique de Marseille","FC Metz","02/02/2018 21:04:36","SAFE1",611,62
925077,"Olympique de Marseille","FC Metz","02/02/2018 21:04:43","AT1",612,63
925077,"Olympique de Marseille","FC Metz","02/02/2018 21:04:46","DANGER1",613,63
925077,"Olympique de Marseille","FC Metz","02/02/2018 21:04:46","DAT1",614,63
925077,"Olympique de Marseille","FC Metz","02/02/2018 21:05:09","POSSIBLE_CARDS",615,63
925077,"Olympique de Marseille","FC Metz","02/02/2018 21:05:36","NO_Cards",616,63
925077,"Olympique de Marseille","FC Metz","02/02/2018 21:05:40","POSSIBLE_TI",617,63
925077,"Olympique de Marseille","FC Metz","02/02/2018 21:05:44","TI1",618,64
925077,"Olympique de Marseille","FC Metz","02/02/2018 21:05:50","POSSIBLE_CARDS",619,64
925077,"Olympique de Marseille","FC Metz","02/02/2018 21:06:21","SUB2",620,64
925077,"Olympique de Marseille","FC Metz","02/02/2018 21:06:24","NO_Cards",621,64
925077,"Olympique de Marseille","FC Metz","02/02/2018 21:06:34","Restart",622,64
925077,"Olympique de Marseille","FC Metz","02/02/2018 21:07:16","SAFE2",623,65
925077,"Olympique de Marseille","FC Metz","02/02/2018 21:07:18","AT2",624,65
925077,"Olympique de Marseille","FC Metz","02/02/2018 21:07:20","DANGER2",625,65
925077,"Olympique de Marseille","FC Metz","02/02/2018 21:07:20","DAT2",626,65
925077,"Olympique de Marseille","FC Metz","02/02/2018 21:07:26","Player_DATA_CONFIRMED",627,65
925077,"Olympique de Marseille","FC Metz","02/02/2018 21:07:28","SAFE1",628,65
925077,"Olympique de Marseille","FC Metz","02/02/2018 21:07:56","AT1",629,66
925077,"Olympique de Marseille","FC Metz","02/02/2018 21:08:36","POSSIBLE_CARDS",630,66
925077,"Olympique de Marseille","FC Metz","02/02/2018 21:08:45","Possible Free Kick",631,67
925077,"Olympique de Marseille","FC Metz","02/02/2018 21:08:47","F2",633,67
925077,"Olympique de Marseille","FC Metz","02/02/2018 21:08:47","FK1",634,67
925077,"Olympique de Marseille","FC Metz","02/02/2018 21:08:47","DANGER1",635,67
925077,"Olympique de Marseille","FC Metz","02/02/2018 21:08:47","DFK1",636,67
925077,"Olympique de Marseille","FC Metz","02/02/2018 21:08:47","Ball Position",637,67
925077,"Olympique de Marseille","FC Metz","02/02/2018 21:08:47","NO_Cards",638,67
925077,"Olympique de Marseille","FC Metz","02/02/2018 21:08:47","Restart",639,67
925077,"Olympique de Marseille","FC Metz","02/02/2018 21:09:04","SAFE2",640,67
925077,"Olympique de Marseille","FC Metz","02/02/2018 21:09:04","AT2",641,67
925077,"Olympique de Marseille","FC Metz","02/02/2018 21:09:08","DANGER2",642,67
925077,"Olympique de Marseille","FC Metz","02/02/2018 21:09:08","DAT2",643,67
925077,"Olympique de Marseille","FC Metz","02/02/2018 21:09:25","SAFE1",644,67
925077,"Olympique de Marseille","FC Metz","02/02/2018 21:10:14","AT1",645,68
925077,"Olympique de Marseille","FC Metz","02/02/2018 21:10:26","DANGER1",646,68
925077,"Olympique de Marseille","FC Metz","02/02/2018 21:10:26","DAT1",647,68
925077,"Olympique de Marseille","FC Metz","02/02/2018 21:10:34","POSSIBLE_TI",648,68
925077,"Olympique de Marseille","FC Metz","02/02/2018 21:10:36","TI1",649,68
925077,"Olympique de Marseille","FC Metz","02/02/2018 21:11:12","SUB1",650,69
925077,"Olympique de Marseille","FC Metz","02/02/2018 21:11:16","Restart",651,69
925077,"Olympique de Marseille","FC Metz","02/02/2018 21:11:28","SAFE2",652,69
925077,"Olympique de Marseille","FC Metz","02/02/2018 21:11:35","AT2",653,69
925077,"Olympique de Marseille","FC Metz","02/02/2018 21:11:55","SAFE1",654,70
925077,"Olympique de Marseille","FC Metz","02/02/2018 21:11:56","AT1",655,70
925077,"Olympique de Marseille","FC Metz","02/02/2018 21:11:59","DANGER1",656,70
925077,"Olympique de Marseille","FC Metz","02/02/2018 21:11:59","DAT1",657,70
925077,"Olympique de Marseille","FC Metz","02/02/2018 21:12:01","SHG1",658,70
925077,"Olympique de Marseille","FC Metz","02/02/2018 21:12:07","SAFE2",659,70
925077,"Olympique de Marseille","FC Metz","02/02/2018 21:12:14","AT2",660,70
925077,"Olympique de Marseille","FC Metz","02/02/2018 21:12:25","AT1",661,70
925077,"Olympique de Marseille","FC Metz","02/02/2018 21:12:25","DANGER1",662,70
925077,"Olympique de Marseille","FC Metz","02/02/2018 21:12:25","DAT1",663,70
925077,"Olympique de Marseille","FC Metz","02/02/2018 21:12:26","Player_DATA_CONFIRMED",664,70
925077,"Olympique de Marseille","FC Metz","02/02/2018 21:12:32","PCR1",665,70
925077,"Olympique de Marseille","FC Metz","02/02/2018 21:12:51","CR1",666,71
925077,"Olympique de Marseille","FC Metz","02/02/2018 21:13:00","Ball Position",667,71
925077,"Olympique de Marseille","FC Metz","02/02/2018 21:13:01","Restart",668,71
925077,"Olympique de Marseille","FC Metz","02/02/2018 21:13:06","SHG1",669,71
925077,"Olympique de Marseille","FC Metz","02/02/2018 21:13:21","SAFE2",670,71
925077,"Olympique de Marseille","FC Metz","02/02/2018 21:13:22","AT2",671,71
925077,"Olympique de Marseille","FC Metz","02/02/2018 21:13:25","DANGER2",672,71
925077,"Olympique de Marseille","FC Metz","02/02/2018 21:13:25","DAT2",673,71
925077,"Olympique de Marseille","FC Metz","02/02/2018 21:13:32","BLOCKED2",674,71
925077,"Olympique de Marseille","FC Metz","02/02/2018 21:13:38","PCR2",675,71
925077,"Olympique de Marseille","FC Metz","02/02/2018 21:13:39","SHG2",676,71
925077,"Olympique de Marseille","FC Metz","02/02/2018 21:13:48","CR2",677,72
925077,"Olympique de Marseille","FC Metz","02/02/2018 21:14:13","SUB2",678,72
925077,"Olympique de Marseille","FC Metz","02/02/2018 21:14:17","Ball Position",679,72
925077,"Olympique de Marseille","FC Metz","02/02/2018 21:14:20","Restart",680,72
925077,"Olympique de Marseille","FC Metz","02/02/2018 21:14:37","PCR2",681,72
925077,"Olympique de Marseille","FC Metz","02/02/2018 21:14:55","NCR2",682,73
925077,"Olympique de Marseille","FC Metz","02/02/2018 21:14:55","Possible Free Kick",683,73
925077,"Olympique de Marseille","FC Metz","02/02/2018 21:14:59","F1",685,73
925077,"Olympique de Marseille","FC Metz","02/02/2018 21:14:59","FK2",686,73
925077,"Olympique de Marseille","FC Metz","02/02/2018 21:14:59","DFK2",687,73
925077,"Olympique de Marseille","FC Metz","02/02/2018 21:14:59","Ball Position",688,73
925077,"Olympique de Marseille","FC Metz","02/02/2018 21:15:22","Restart",689,73
925077,"Olympique de Marseille","FC Metz","02/02/2018 21:15:41","GOAL2",690,73
925077,"Olympique de Marseille","FC Metz","02/02/2018 21:16:06","Scorer",691,74
925077,"Olympique de Marseille","FC Metz","02/02/2018 21:16:10","CONF_GOAL2",692,74
925077,"Olympique de Marseille","FC Metz","02/02/2018 21:16:12","KO1",693,74
925077,"Olympique de Marseille","FC Metz","02/02/2018 21:16:12","SAFE1",694,74
925077,"Olympique de Marseille","FC Metz","02/02/2018 21:16:27","Player_DATA_CONFIRMED",695,74
925077,"Olympique de Marseille","FC Metz","02/02/2018 21:16:29","AT1",696,74
925077,"Olympique de Marseille","FC Metz","02/02/2018 21:16:56","Player_DATA_CONFIRMED",697,75
925077,"Olympique de Marseille","FC Metz","02/02/2018 21:17:02","POSSIBLE_TI",698,75
925077,"Olympique de Marseille","FC Metz","02/02/2018 21:17:03","TI1",699,75
925077,"Olympique de Marseille","FC Metz","02/02/2018 21:17:08","Restart",700,75
925077,"Olympique de Marseille","FC Metz","02/02/2018 21:17:08","DANGER1",701,75
925077,"Olympique de Marseille","FC Metz","02/02/2018 21:17:08","DAT1",702,75
925077,"Olympique de Marseille","FC Metz","02/02/2018 21:17:28","GOAL1",703,75
925077,"Olympique de Marseille","FC Metz","02/02/2018 21:17:48","Scorer",704,76
925077,"Olympique de Marseille","FC Metz","02/02/2018 21:18:16","CONF_GOAL1",705,76
925077,"Olympique de Marseille","FC Metz","02/02/2018 21:18:24","KO2",706,76
925077,"Olympique de Marseille","FC Metz","02/02/2018 21:18:24","SAFE2",707,76
925077,"Olympique de Marseille","FC Metz","02/02/2018 21:18:28","AT1",708,76
925077,"Olympique de Marseille","FC Metz","02/02/2018 21:18:41","POSSIBLE_TI",709,76
925077,"Olympique de Marseille","FC Metz","02/02/2018 21:18:43","TI1",710,77
925077,"Olympique de Marseille","FC Metz","02/02/2018 21:18:46","Restart",711,77
925077,"Olympique de Marseille","FC Metz","02/02/2018 21:19:26","Player_DATA_CONFIRMED",712,77
925077,"Olympique de Marseille","FC Metz","02/02/2018 21:19:26","Assist",713,77
925077,"Olympique de Marseille","FC Metz","02/02/2018 21:19:44","DANGER1",714,78
925077,"Olympique de Marseille","FC Metz","02/02/2018 21:19:44","DAT1",715,78
925077,"Olympique de Marseille","FC Metz","02/02/2018 21:20:19","PCR1",716,78
925077,"Olympique de Marseille","FC Metz","02/02/2018 21:20:27","SHB1",717,78
925077,"Olympique de Marseille","FC Metz","02/02/2018 21:20:29","NCR1",718,78
925077,"Olympique de Marseille","FC Metz","02/02/2018 21:20:30","SAFE2",719,78
925077,"Olympique de Marseille","FC Metz","02/02/2018 21:20:31","GK2",720,78
925077,"Olympique de Marseille","FC Metz","02/02/2018 21:21:19","SUB1",721,79
925077,"Olympique de Marseille","FC Metz","02/02/2018 21:21:23","Restart",722,79
925077,"Olympique de Marseille","FC Metz","02/02/2018 21:21:25","AT2",723,79
925077,"Olympique de Marseille","FC Metz","02/02/2018 21:21:45","POSSIBLE_CARDS",724,80
925077,"Olympique de Marseille","FC Metz","02/02/2018 21:21:47","Possible Free Kick",725,80
925077,"Olympique de Marseille","FC Metz","02/02/2018 21:21:49","F1",727,80
925077,"Olympique de Marseille","FC Metz","02/02/2018 21:21:49","FK2",728,80
925077,"Olympique de Marseille","FC Metz","02/02/2018 21:21:49","DANGER2",729,80
925077,"Olympique de Marseille","FC Metz","02/02/2018 21:21:49","DFK2",730,80
925077,"Olympique de Marseille","FC Metz","02/02/2018 21:21:49","Ball Position",731,80
925077,"Olympique de Marseille","FC Metz","02/02/2018 21:21:54","NO_Cards",732,80
925077,"Olympique de Marseille","FC Metz","02/02/2018 21:21:55","Restart",733,80
925077,"Olympique de Marseille","FC Metz","02/02/2018 21:21:56","Player_DATA_CONFIRMED",734,80
925077,"Olympique de Marseille","FC Metz","02/02/2018 21:22:01","SAFE1",735,80
925077,"Olympique de Marseille","FC Metz","02/02/2018 21:22:01","AT1",736,80
925077,"Olympique de Marseille","FC Metz","02/02/2018 21:22:03","DANGER1",737,80
925077,"Olympique de Marseille","FC Metz","02/02/2018 21:22:03","DAT1",738,80
925077,"Olympique de Marseille","FC Metz","02/02/2018 21:22:17","SAFE2",739,80
925077,"Olympique de Marseille","FC Metz","02/02/2018 21:22:18","GK2",740,80
925077,"Olympique de Marseille","FC Metz","02/02/2018 21:22:35","Restart",741,80
925077,"Olympique de Marseille","FC Metz","02/02/2018 21:22:39","AT2",742,80
925077,"Olympique de Marseille","FC Metz","02/02/2018 21:22:42","POSSIBLE_CARDS",743,81
925077,"Olympique de Marseille","FC Metz","02/02/2018 21:22:49","NO_Cards",744,81
925077,"Olympique de Marseille","FC Metz","02/02/2018 21:22:49","Possible Free Kick",745,81
925077,"Olympique de Marseille","FC Metz","02/02/2018 21:22:50","SAFE1",747,81
925077,"Olympique de Marseille","FC Metz","02/02/2018 21:22:50","F2",748,81
925077,"Olympique de Marseille","FC Metz","02/02/2018 21:22:50","FK1",749,81
925077,"Olympique de Marseille","FC Metz","02/02/2018 21:22:50","Ball Position",750,81
925077,"Olympique de Marseille","FC Metz","02/02/2018 21:22:51","Restart",751,81
925077,"Olympique de Marseille","FC Metz","02/02/2018 21:22:55","AT1",752,81
925077,"Olympique de Marseille","FC Metz","02/02/2018 21:22:57","DANGER1",753,81
925077,"Olympique de Marseille","FC Metz","02/02/2018 21:22:57","DAT1",754,81
925077,"Olympique de Marseille","FC Metz","02/02/2018 21:23:05","SAFE2",755,81
925077,"Olympique de Marseille","FC Metz","02/02/2018 21:23:07","AT2",756,81
925077,"Olympique de Marseille","FC Metz","02/02/2018 21:23:21","POSSIBLE_CARDS",757,81
925077,"Olympique de Marseille","FC Metz","02/02/2018 21:23:36","Possible Free Kick",758,81
925077,"Olympique de Marseille","FC Metz","02/02/2018 21:23:44","F2",760,82
925077,"Olympique de Marseille","FC Metz","02/02/2018 21:23:44","FK1",761,82
925077,"Olympique de Marseille","FC Metz","02/02/2018 21:23:44","DANGER1",762,82
925077,"Olympique de Marseille","FC Metz","02/02/2018 21:23:44","DFK1",763,82
925077,"Olympique de Marseille","FC Metz","02/02/2018 21:23:44","Ball Position",764,82
925077,"Olympique de Marseille","FC Metz","02/02/2018 21:23:45","Restart",765,82
925077,"Olympique de Marseille","FC Metz","02/02/2018 21:23:45","NO_Cards",766,82
925077,"Olympique de Marseille","FC Metz","02/02/2018 21:23:54","SHG1",767,82
925077,"Olympique de Marseille","FC Metz","02/02/2018 21:24:05","Possible Free Kick",768,82
925077,"Olympique de Marseille","FC Metz","02/02/2018 21:24:15","SAFE2",770,82
925077,"Olympique de Marseille","FC Metz","02/02/2018 21:24:15","F1",771,82
925077,"Olympique de Marseille","FC Metz","02/02/2018 21:24:15","FK2",772,82
925077,"Olympique de Marseille","FC Metz","02/02/2018 21:24:15","Ball Position",773,82
925077,"Olympique de Marseille","FC Metz","02/02/2018 21:24:30","SUB2",774,82
925077,"Olympique de Marseille","FC Metz","02/02/2018 21:24:39","Restart",775,82
925077,"Olympique de Marseille","FC Metz","02/02/2018 21:24:44","AT2",776,83
925077,"Olympique de Marseille","FC Metz","02/02/2018 21:24:51","DANGER2",777,83
925077,"Olympique de Marseille","FC Metz","02/02/2018 21:24:51","DAT2",778,83
925077,"Olympique de Marseille","FC Metz","02/02/2018 21:25:07","SAFE1",779,83
925077,"Olympique de Marseille","FC Metz","02/02/2018 21:25:07","AT1",780,83
925077,"Olympique de Marseille","FC Metz","02/02/2018 21:25:10","SAFE2",781,83
925077,"Olympique de Marseille","FC Metz","02/02/2018 21:25:16","AT2",782,83
925077,"Olympique de Marseille","FC Metz","02/02/2018 21:25:26","Player_DATA_CONFIRMED",783,83
925077,"Olympique de Marseille","FC Metz","02/02/2018 21:25:41","SAFE1",784,83
925077,"Olympique de Marseille","FC Metz","02/02/2018 21:25:45","AT1",785,84
925077,"Olympique de Marseille","FC Metz","02/02/2018 21:25:48","POSSIBLE_TI",786,84
925077,"Olympique de Marseille","FC Metz","02/02/2018 21:25:50","TI1",787,84
925077,"Olympique de Marseille","FC Metz","02/02/2018 21:25:52","Restart",788,84
925077,"Olympique de Marseille","FC Metz","02/02/2018 21:25:56","DANGER1",789,84
925077,"Olympique de Marseille","FC Metz","02/02/2018 21:25:56","DAT1",790,84
925077,"Olympique de Marseille","FC Metz","02/02/2018 21:26:13","SAFE2",791,84
925077,"Olympique de Marseille","FC Metz","02/02/2018 21:26:16","AT2",792,84
925077,"Olympique de Marseille","FC Metz","02/02/2018 21:26:19","DANGER2",793,84
925077,"Olympique de Marseille","FC Metz","02/02/2018 21:26:19","DAT2",794,84
925077,"Olympique de Marseille","FC Metz","02/02/2018 21:26:27","GOAL2",795,84
925077,"Olympique de Marseille","FC Metz","02/02/2018 21:26:38","Scorer",796,84
925077,"Olympique de Marseille","FC Metz","02/02/2018 21:26:54","CONF_GOAL2",797,85
925077,"Olympique de Marseille","FC Metz","02/02/2018 21:26:55","KO1",798,85
925077,"Olympique de Marseille","FC Metz","02/02/2018 21:26:55","SAFE1",799,85
925077,"Olympique de Marseille","FC Metz","02/02/2018 21:27:02","AT1",800,85
925077,"Olympique de Marseille","FC Metz","02/02/2018 21:27:07","DANGER1",801,85
925077,"Olympique de Marseille","FC Metz","02/02/2018 21:27:07","DAT1",802,85
925077,"Olympique de Marseille","FC Metz","02/02/2018 21:27:13","PCR1",803,85
925077,"Olympique de Marseille","FC Metz","02/02/2018 21:27:15","NCR1",804,85
925077,"Olympique de Marseille","FC Metz","02/02/2018 21:27:16","SAFE2",805,85
925077,"Olympique de Marseille","FC Metz","02/02/2018 21:27:16","GK2",806,85
925077,"Olympique de Marseille","FC Metz","02/02/2018 21:27:32","Restart",807,85
925077,"Olympique de Marseille","FC Metz","02/02/2018 21:27:39","AT2",808,85
925077,"Olympique de Marseille","FC Metz","02/02/2018 21:27:41","SAFE1",809,85
925077,"Olympique de Marseille","FC Metz","02/02/2018 21:27:46","AT1",810,86
925077,"Olympique de Marseille","FC Metz","02/02/2018 21:27:56","Player_DATA_CONFIRMED",811,86
925077,"Olympique de Marseille","FC Metz","02/02/2018 21:27:56","Assist",812,86
925077,"Olympique de Marseille","FC Metz","02/02/2018 21:28:12","DANGER1",813,86
925077,"Olympique de Marseille","FC Metz","02/02/2018 21:28:12","DAT1",814,86
925077,"Olympique de Marseille","FC Metz","02/02/2018 21:28:43","SAFE2",815,87
925077,"Olympique de Marseille","FC Metz","02/02/2018 21:28:50","AT2",816,87
925077,"Olympique de Marseille","FC Metz","02/02/2018 21:28:55","SAFE1",817,87
925077,"Olympique de Marseille","FC Metz","02/02/2018 21:28:56","AT1",818,87
925077,"Olympique de Marseille","FC Metz","02/02/2018 21:29:04","POSSIBLE_CARDS",819,87
925077,"Olympique de Marseille","FC Metz","02/02/2018 21:29:12","Possible Free Kick",820,87
925077,"Olympique de Marseille","FC Metz","02/02/2018 21:29:16","F2",822,87
925077,"Olympique de Marseille","FC Metz","02/02/2018 21:29:16","FK1",823,87
925077,"Olympique de Marseille","FC Metz","02/02/2018 21:29:16","DANGER1",824,87
925077,"Olympique de Marseille","FC Metz","02/02/2018 21:29:16","DFK1",825,87
925077,"Olympique de Marseille","FC Metz","02/02/2018 21:29:16","Ball Position",826,87
925077,"Olympique de Marseille","FC Metz","02/02/2018 21:29:19","NO_Cards",827,87
925077,"Olympique de Marseille","FC Metz","02/02/2018 21:29:19","Restart",828,87
925077,"Olympique de Marseille","FC Metz","02/02/2018 21:30:14","PCR1",829,88
925077,"Olympique de Marseille","FC Metz","02/02/2018 21:30:31","CR1",830,88
925077,"Olympique de Marseille","FC Metz","02/02/2018 21:30:33","Ball Position",831,88
925077,"Olympique de Marseille","FC Metz","02/02/2018 21:30:41","Restart",832,88
925077,"Olympique de Marseille","FC Metz","02/02/2018 21:30:57","SAFE2",833,89
925077,"Olympique de Marseille","FC Metz","02/02/2018 21:30:58","AT2",834,89
925077,"Olympique de Marseille","FC Metz","02/02/2018 21:31:03","DANGER2",835,89
925077,"Olympique de Marseille","FC Metz","02/02/2018 21:31:03","DAT2",836,89
925077,"Olympique de Marseille","FC Metz","02/02/2018 21:31:05","PCR2",837,89
925077,"Olympique de Marseille","FC Metz","02/02/2018 21:31:08","SHB2",838,89
925077,"Olympique de Marseille","FC Metz","02/02/2018 21:31:16","NCR2",839,89
925077,"Olympique de Marseille","FC Metz","02/02/2018 21:31:17","SAFE1",840,89
925077,"Olympique de Marseille","FC Metz","02/02/2018 21:31:18","GK1",841,89
925077,"Olympique de Marseille","FC Metz","02/02/2018 21:31:24","Restart",842,89
925077,"Olympique de Marseille","FC Metz","02/02/2018 21:31:40","POSSIBLE_TI",843,89
925077,"Olympique de Marseille","FC Metz","02/02/2018 21:31:41","TI1",844,89
925077,"Olympique de Marseille","FC Metz","02/02/2018 21:31:46","Restart",845,90
925077,"Olympique de Marseille","FC Metz","02/02/2018 21:31:58","AT1",846,90
925077,"Olympique de Marseille","FC Metz","02/02/2018 21:31:59","DANGER1",847,90
925077,"Olympique de Marseille","FC Metz","02/02/2018 21:31:59","DAT1",848,90
925077,"Olympique de Marseille","FC Metz","02/02/2018 21:32:15","SAFE2",849,90
925077,"Olympique de Marseille","FC Metz","02/02/2018 21:32:16","AT2",850,90
925077,"Olympique de Marseille","FC Metz","02/02/2018 21:32:21","DANGER2",851,90
925077,"Olympique de Marseille","FC Metz","02/02/2018 21:32:21","DAT2",852,90
925077,"Olympique de Marseille","FC Metz","02/02/2018 21:32:41","GOAL2",853,90
925077,"Olympique de Marseille","FC Metz","02/02/2018 21:33:01","Scorer",854,91
925077,"Olympique de Marseille","FC Metz","02/02/2018 21:33:12","Extra Time",855,91
925077,"Olympique de Marseille","FC Metz","02/02/2018 21:33:15","CONF_GOAL2",856,91
925077,"Olympique de Marseille","FC Metz","02/02/2018 21:33:16","Scorer",857,91
925077,"Olympique de Marseille","FC Metz","02/02/2018 21:33:16","KO1",858,91
925077,"Olympique de Marseille","FC Metz","02/02/2018 21:33:16","SAFE1",859,91
925077,"Olympique de Marseille","FC Metz","02/02/2018 21:33:39","AT1",860,91
925077,"Olympique de Marseille","FC Metz","02/02/2018 21:33:48","SAFE2",861,92
925077,"Olympique de Marseille","FC Metz","02/02/2018 21:33:49","AT2",862,92
925077,"Olympique de Marseille","FC Metz","02/02/2018 21:33:56","Player_DATA_CONFIRMED",863,92
925077,"Olympique de Marseille","FC Metz","02/02/2018 21:33:56","Assist",864,92
925077,"Olympique de Marseille","FC Metz","02/02/2018 21:33:57","POSSIBLE_TI",865,92
925077,"Olympique de Marseille","FC Metz","02/02/2018 21:33:58","TI2",866,92
925077,"Olympique de Marseille","FC Metz","02/02/2018 21:34:00","Restart",867,92
925077,"Olympique de Marseille","FC Metz","02/02/2018 21:34:06","POSSIBLE_CARDS",868,92
925077,"Olympique de Marseille","FC Metz","02/02/2018 21:34:12","Possible Free Kick",869,92
925077,"Olympique de Marseille","FC Metz","02/02/2018 21:34:13","F1",871,92
925077,"Olympique de Marseille","FC Metz","02/02/2018 21:34:13","FK2",872,92
925077,"Olympique de Marseille","FC Metz","02/02/2018 21:34:13","DANGER2",873,92
925077,"Olympique de Marseille","FC Metz","02/02/2018 21:34:13","DFK2",874,92
925077,"Olympique de Marseille","FC Metz","02/02/2018 21:34:13","Ball Position",875,92
925077,"Olympique de Marseille","FC Metz","02/02/2018 21:34:51","NO_Cards",876,93
925077,"Olympique de Marseille","FC Metz","02/02/2018 21:34:51","Restart",877,93
925077,"Olympique de Marseille","FC Metz","02/02/2018 21:35:12","SAFE1",878,93
925077,"Olympique de Marseille","FC Metz","02/02/2018 21:35:14","AT1",879,93
925077,"Olympique de Marseille","FC Metz","02/02/2018 21:35:42","Stop RT2",880,93
925077,"Olympique de Marseille","FC Metz","02/02/2018 21:35:42","Stop Game",881,93
925077,"Olympique de Marseille","FC Metz","02/02/2018 21:35:46","CONF_PERIOD_SCORE",882,93
