"RBallID","HomeTeam","AwayTeam","Timestamp","Incident","IncidentNumber","Minute"
918265,"FC Nantes","Paris Saint-Germain FC","01/14/2018 19:15:46","Lineup changed",0,0
918265,"FC Nantes","Paris Saint-Germain FC","01/14/2018 19:16:10","Transmission Online",1,0
918265,"FC Nantes","Paris Saint-Germain FC","01/14/2018 19:16:10","Scout in Stadion",2,0
918265,"FC Nantes","Paris Saint-Germain FC","01/14/2018 19:19:07","GCC",3,0
918265,"FC Nantes","Paris Saint-Germain FC","01/14/2018 19:58:28","Players are coming out",4,0
918265,"FC Nantes","Paris Saint-Germain FC","01/14/2018 19:58:52","Players lined up",5,0
918265,"FC Nantes","Paris Saint-Germain FC","01/14/2018 19:59:07","Shake hands",6,0
918265,"FC Nantes","Paris Saint-Germain FC","01/14/2018 19:59:51","Jersey Changed",7,0
918265,"FC Nantes","Paris Saint-Germain FC","01/14/2018 19:59:51","Jersey Changed",8,0
918265,"FC Nantes","Paris Saint-Germain FC","01/14/2018 19:59:56","Flip coin",9,0
918265,"FC Nantes","Paris Saint-Germain FC","01/14/2018 20:01:12","System Message",10,0
918265,"FC Nantes","Paris Saint-Germain FC","01/14/2018 20:01:51","Game about to start",11,0
918265,"FC Nantes","Paris Saint-Germain FC","01/14/2018 20:02:27","Start RT1 Team 1",12,1
918265,"FC Nantes","Paris Saint-Germain FC","01/14/2018 20:02:29","SAFE1",13,1
918265,"FC Nantes","Paris Saint-Germain FC","01/14/2018 20:02:30","AT1",14,1
918265,"FC Nantes","Paris Saint-Germain FC","01/14/2018 20:02:37","DANGER1",15,1
918265,"FC Nantes","Paris Saint-Germain FC","01/14/2018 20:02:37","DAT1",16,1
918265,"FC Nantes","Paris Saint-Germain FC","01/14/2018 20:02:42","SAFE2",17,1
918265,"FC Nantes","Paris Saint-Germain FC","01/14/2018 20:02:46","AT1",18,1
918265,"FC Nantes","Paris Saint-Germain FC","01/14/2018 20:02:52","DANGER1",19,1
918265,"FC Nantes","Paris Saint-Germain FC","01/14/2018 20:02:52","DAT1",20,1
918265,"FC Nantes","Paris Saint-Germain FC","01/14/2018 20:02:58","SAFE2",21,1
918265,"FC Nantes","Paris Saint-Germain FC","01/14/2018 20:02:58","POSSIBLE_TI",22,1
918265,"FC Nantes","Paris Saint-Germain FC","01/14/2018 20:02:59","TI2",23,1
918265,"FC Nantes","Paris Saint-Germain FC","01/14/2018 20:03:10","Restart",24,1
918265,"FC Nantes","Paris Saint-Germain FC","01/14/2018 20:03:14","AT1",25,1
918265,"FC Nantes","Paris Saint-Germain FC","01/14/2018 20:03:17","Possible Free Kick",26,1
918265,"FC Nantes","Paris Saint-Germain FC","01/14/2018 20:03:30","F2",28,2
918265,"FC Nantes","Paris Saint-Germain FC","01/14/2018 20:03:30","FK1",29,2
918265,"FC Nantes","Paris Saint-Germain FC","01/14/2018 20:03:31","DANGER1",30,2
918265,"FC Nantes","Paris Saint-Germain FC","01/14/2018 20:03:31","DFK1",31,2
918265,"FC Nantes","Paris Saint-Germain FC","01/14/2018 20:03:31","Ball Position",32,2
918265,"FC Nantes","Paris Saint-Germain FC","01/14/2018 20:03:55","Restart",33,2
918265,"FC Nantes","Paris Saint-Germain FC","01/14/2018 20:04:01","Possible Free Kick",34,2
918265,"FC Nantes","Paris Saint-Germain FC","01/14/2018 20:04:03","SAFE2",36,2
918265,"FC Nantes","Paris Saint-Germain FC","01/14/2018 20:04:03","O1",37,2
918265,"FC Nantes","Paris Saint-Germain FC","01/14/2018 20:04:03","FK2",38,2
918265,"FC Nantes","Paris Saint-Germain FC","01/14/2018 20:04:03","Ball Position",39,2
918265,"FC Nantes","Paris Saint-Germain FC","01/14/2018 20:04:11","Restart",40,2
918265,"FC Nantes","Paris Saint-Germain FC","01/14/2018 20:04:19","AT2",41,2
918265,"FC Nantes","Paris Saint-Germain FC","01/14/2018 20:04:19","DANGER2",42,2
918265,"FC Nantes","Paris Saint-Germain FC","01/14/2018 20:04:19","DAT2",43,2
918265,"FC Nantes","Paris Saint-Germain FC","01/14/2018 20:04:23","SAFE1",44,2
918265,"FC Nantes","Paris Saint-Germain FC","01/14/2018 20:04:24","POSSIBLE_TI",45,2
918265,"FC Nantes","Paris Saint-Germain FC","01/14/2018 20:04:27","TI1",46,2
918265,"FC Nantes","Paris Saint-Germain FC","01/14/2018 20:04:31","Restart",47,3
918265,"FC Nantes","Paris Saint-Germain FC","01/14/2018 20:04:37","AT2",48,3
918265,"FC Nantes","Paris Saint-Germain FC","01/14/2018 20:04:37","DANGER2",49,3
918265,"FC Nantes","Paris Saint-Germain FC","01/14/2018 20:04:37","DAT2",50,3
918265,"FC Nantes","Paris Saint-Germain FC","01/14/2018 20:04:39","POSSIBLE_TI",51,3
918265,"FC Nantes","Paris Saint-Germain FC","01/14/2018 20:04:41","TI2",52,3
918265,"FC Nantes","Paris Saint-Germain FC","01/14/2018 20:04:50","Restart",53,3
918265,"FC Nantes","Paris Saint-Germain FC","01/14/2018 20:04:56","Possible Free Kick",54,3
918265,"FC Nantes","Paris Saint-Germain FC","01/14/2018 20:05:01","POSSIBLE_CARDS",56,3
918265,"FC Nantes","Paris Saint-Germain FC","01/14/2018 20:05:08","NO_Cards",57,3
918265,"FC Nantes","Paris Saint-Germain FC","01/14/2018 20:05:09","SAFE1",58,3
918265,"FC Nantes","Paris Saint-Germain FC","01/14/2018 20:05:09","FK1",59,3
918265,"FC Nantes","Paris Saint-Germain FC","01/14/2018 20:05:09","Ball Position",60,3
918265,"FC Nantes","Paris Saint-Germain FC","01/14/2018 20:05:10","Restart",61,3
918265,"FC Nantes","Paris Saint-Germain FC","01/14/2018 20:05:20","POSSIBLE_TI",62,3
918265,"FC Nantes","Paris Saint-Germain FC","01/14/2018 20:05:21","TI1",63,3
918265,"FC Nantes","Paris Saint-Germain FC","01/14/2018 20:05:24","Restart",64,3
918265,"FC Nantes","Paris Saint-Germain FC","01/14/2018 20:05:25","AT1",65,3
918265,"FC Nantes","Paris Saint-Germain FC","01/14/2018 20:05:32","SAFE2",66,4
918265,"FC Nantes","Paris Saint-Germain FC","01/14/2018 20:05:46","AT2",67,4
918265,"FC Nantes","Paris Saint-Germain FC","01/14/2018 20:05:52","DANGER2",68,4
918265,"FC Nantes","Paris Saint-Germain FC","01/14/2018 20:05:52","DAT2",69,4
918265,"FC Nantes","Paris Saint-Germain FC","01/14/2018 20:06:26","SAFE1",70,4
918265,"FC Nantes","Paris Saint-Germain FC","01/14/2018 20:06:27","AT1",71,5
918265,"FC Nantes","Paris Saint-Germain FC","01/14/2018 20:06:30","DANGER1",72,5
918265,"FC Nantes","Paris Saint-Germain FC","01/14/2018 20:06:30","DAT1",73,5
918265,"FC Nantes","Paris Saint-Germain FC","01/14/2018 20:06:34","SAFE2",74,5
918265,"FC Nantes","Paris Saint-Germain FC","01/14/2018 20:06:49","AT2",75,5
918265,"FC Nantes","Paris Saint-Germain FC","01/14/2018 20:06:58","DANGER2",76,5
918265,"FC Nantes","Paris Saint-Germain FC","01/14/2018 20:06:58","DAT2",77,5
918265,"FC Nantes","Paris Saint-Germain FC","01/14/2018 20:07:06","SAFE1",78,5
918265,"FC Nantes","Paris Saint-Germain FC","01/14/2018 20:07:11","SAFE2",79,5
918265,"FC Nantes","Paris Saint-Germain FC","01/14/2018 20:07:49","AT2",80,6
918265,"FC Nantes","Paris Saint-Germain FC","01/14/2018 20:07:49","DANGER2",81,6
918265,"FC Nantes","Paris Saint-Germain FC","01/14/2018 20:07:49","DAT2",82,6
918265,"FC Nantes","Paris Saint-Germain FC","01/14/2018 20:07:58","SAFE1",83,6
918265,"FC Nantes","Paris Saint-Germain FC","01/14/2018 20:08:01","POSSIBLE_TI",84,6
918265,"FC Nantes","Paris Saint-Germain FC","01/14/2018 20:08:03","TI1",85,6
918265,"FC Nantes","Paris Saint-Germain FC","01/14/2018 20:08:22","Restart",86,6
918265,"FC Nantes","Paris Saint-Germain FC","01/14/2018 20:08:26","AT2",87,6
918265,"FC Nantes","Paris Saint-Germain FC","01/14/2018 20:08:28","DANGER2",88,7
918265,"FC Nantes","Paris Saint-Germain FC","01/14/2018 20:08:28","DAT2",89,7
918265,"FC Nantes","Paris Saint-Germain FC","01/14/2018 20:08:43","SAFE2",90,7
918265,"FC Nantes","Paris Saint-Germain FC","01/14/2018 20:09:08","AT2",91,7
918265,"FC Nantes","Paris Saint-Germain FC","01/14/2018 20:09:10","SAFE1",92,7
918265,"FC Nantes","Paris Saint-Germain FC","01/14/2018 20:09:11","POSSIBLE_TI",93,7
918265,"FC Nantes","Paris Saint-Germain FC","01/14/2018 20:09:11","TI1",94,7
918265,"FC Nantes","Paris Saint-Germain FC","01/14/2018 20:09:21","Restart",95,7
918265,"FC Nantes","Paris Saint-Germain FC","01/14/2018 20:09:25","SAFE2",96,7
918265,"FC Nantes","Paris Saint-Germain FC","01/14/2018 20:09:30","AT2",97,8
918265,"FC Nantes","Paris Saint-Germain FC","01/14/2018 20:09:30","DANGER2",98,8
918265,"FC Nantes","Paris Saint-Germain FC","01/14/2018 20:09:30","DAT2",99,8
918265,"FC Nantes","Paris Saint-Germain FC","01/14/2018 20:09:46","SAFE1",100,8
918265,"FC Nantes","Paris Saint-Germain FC","01/14/2018 20:09:48","SAFE2",101,8
918265,"FC Nantes","Paris Saint-Germain FC","01/14/2018 20:10:01","AT2",102,8
918265,"FC Nantes","Paris Saint-Germain FC","01/14/2018 20:10:01","DANGER2",103,8
918265,"FC Nantes","Paris Saint-Germain FC","01/14/2018 20:10:01","DAT2",104,8
918265,"FC Nantes","Paris Saint-Germain FC","01/14/2018 20:10:10","SAFE1",105,8
918265,"FC Nantes","Paris Saint-Germain FC","01/14/2018 20:10:11","AT2",106,8
918265,"FC Nantes","Paris Saint-Germain FC","01/14/2018 20:10:21","DANGER2",107,8
918265,"FC Nantes","Paris Saint-Germain FC","01/14/2018 20:10:21","DAT2",108,8
918265,"FC Nantes","Paris Saint-Germain FC","01/14/2018 20:10:34","SAFE1",109,9
918265,"FC Nantes","Paris Saint-Germain FC","01/14/2018 20:10:42","AT1",110,9
918265,"FC Nantes","Paris Saint-Germain FC","01/14/2018 20:10:46","Possible Free Kick",111,9
918265,"FC Nantes","Paris Saint-Germain FC","01/14/2018 20:10:47","SAFE2",113,9
918265,"FC Nantes","Paris Saint-Germain FC","01/14/2018 20:10:47","F1",114,9
918265,"FC Nantes","Paris Saint-Germain FC","01/14/2018 20:10:47","FK2",115,9
918265,"FC Nantes","Paris Saint-Germain FC","01/14/2018 20:10:47","Ball Position",116,9
918265,"FC Nantes","Paris Saint-Germain FC","01/14/2018 20:10:53","Restart",117,9
918265,"FC Nantes","Paris Saint-Germain FC","01/14/2018 20:11:14","AT2",118,9
918265,"FC Nantes","Paris Saint-Germain FC","01/14/2018 20:11:15","DANGER2",119,9
918265,"FC Nantes","Paris Saint-Germain FC","01/14/2018 20:11:15","DAT2",120,9
918265,"FC Nantes","Paris Saint-Germain FC","01/14/2018 20:11:16","SAFE1",121,9
918265,"FC Nantes","Paris Saint-Germain FC","01/14/2018 20:11:22","SAFE2",122,9
918265,"FC Nantes","Paris Saint-Germain FC","01/14/2018 20:12:02","AT2",123,10
918265,"FC Nantes","Paris Saint-Germain FC","01/14/2018 20:12:08","DANGER2",124,10
918265,"FC Nantes","Paris Saint-Germain FC","01/14/2018 20:12:08","DAT2",125,10
918265,"FC Nantes","Paris Saint-Germain FC","01/14/2018 20:12:18","SAFE1",126,10
918265,"FC Nantes","Paris Saint-Germain FC","01/14/2018 20:12:27","AT1",127,11
918265,"FC Nantes","Paris Saint-Germain FC","01/14/2018 20:12:32","SAFE2",128,11
918265,"FC Nantes","Paris Saint-Germain FC","01/14/2018 20:12:41","AT2",129,11
918265,"FC Nantes","Paris Saint-Germain FC","01/14/2018 20:12:50","DANGER2",130,11
918265,"FC Nantes","Paris Saint-Germain FC","01/14/2018 20:12:50","DAT2",131,11
918265,"FC Nantes","Paris Saint-Germain FC","01/14/2018 20:12:52","Possible Free Kick",132,11
918265,"FC Nantes","Paris Saint-Germain FC","01/14/2018 20:12:57","F1",134,11
918265,"FC Nantes","Paris Saint-Germain FC","01/14/2018 20:12:57","FK2",135,11
918265,"FC Nantes","Paris Saint-Germain FC","01/14/2018 20:12:57","DFK2",136,11
918265,"FC Nantes","Paris Saint-Germain FC","01/14/2018 20:12:58","Ball Position",137,11
918265,"FC Nantes","Paris Saint-Germain FC","01/14/2018 20:13:08","Restart",138,11
918265,"FC Nantes","Paris Saint-Germain FC","01/14/2018 20:13:32","GOAL2",139,12
918265,"FC Nantes","Paris Saint-Germain FC","01/14/2018 20:14:25","Scorer",140,12
918265,"FC Nantes","Paris Saint-Germain FC","01/14/2018 20:14:26","CONF_GOAL2",141,12
918265,"FC Nantes","Paris Saint-Germain FC","01/14/2018 20:14:29","KO1",142,13
918265,"FC Nantes","Paris Saint-Germain FC","01/14/2018 20:14:29","SAFE1",143,13
918265,"FC Nantes","Paris Saint-Germain FC","01/14/2018 20:14:32","Player_DATA_CONFIRMED",144,13
918265,"FC Nantes","Paris Saint-Germain FC","01/14/2018 20:14:41","AT1",145,13
918265,"FC Nantes","Paris Saint-Germain FC","01/14/2018 20:14:41","DANGER1",146,13
918265,"FC Nantes","Paris Saint-Germain FC","01/14/2018 20:14:41","DAT1",147,13
918265,"FC Nantes","Paris Saint-Germain FC","01/14/2018 20:14:45","POSSIBLE_TI",148,13
918265,"FC Nantes","Paris Saint-Germain FC","01/14/2018 20:14:46","TI1",149,13
918265,"FC Nantes","Paris Saint-Germain FC","01/14/2018 20:14:48","Restart",150,13
918265,"FC Nantes","Paris Saint-Germain FC","01/14/2018 20:15:06","Possible Free Kick",151,13
918265,"FC Nantes","Paris Saint-Germain FC","01/14/2018 20:15:11","SAFE2",153,13
918265,"FC Nantes","Paris Saint-Germain FC","01/14/2018 20:15:11","F1",154,13
918265,"FC Nantes","Paris Saint-Germain FC","01/14/2018 20:15:11","FK2",155,13
918265,"FC Nantes","Paris Saint-Germain FC","01/14/2018 20:15:11","Ball Position",156,13
918265,"FC Nantes","Paris Saint-Germain FC","01/14/2018 20:15:21","Restart",157,13
918265,"FC Nantes","Paris Saint-Germain FC","01/14/2018 20:15:38","Assist",158,14
918265,"FC Nantes","Paris Saint-Germain FC","01/14/2018 20:15:40","AT2",159,14
918265,"FC Nantes","Paris Saint-Germain FC","01/14/2018 20:16:00","DANGER2",160,14
918265,"FC Nantes","Paris Saint-Germain FC","01/14/2018 20:16:00","DAT2",161,14
918265,"FC Nantes","Paris Saint-Germain FC","01/14/2018 20:16:05","PCR2",162,14
918265,"FC Nantes","Paris Saint-Germain FC","01/14/2018 20:16:07","CR2",163,14
918265,"FC Nantes","Paris Saint-Germain FC","01/14/2018 20:16:09","Ball Position",164,14
918265,"FC Nantes","Paris Saint-Germain FC","01/14/2018 20:16:32","Restart",165,15
918265,"FC Nantes","Paris Saint-Germain FC","01/14/2018 20:16:41","BLOCKED2",166,15
918265,"FC Nantes","Paris Saint-Germain FC","01/14/2018 20:16:45","Possible Free Kick",167,15
918265,"FC Nantes","Paris Saint-Germain FC","01/14/2018 20:16:45","POSSIBLE_CARDS",169,15
918265,"FC Nantes","Paris Saint-Germain FC","01/14/2018 20:16:50","YC2",170,15
918265,"FC Nantes","Paris Saint-Germain FC","01/14/2018 20:16:52","CONF_YC2",171,15
918265,"FC Nantes","Paris Saint-Germain FC","01/14/2018 20:17:01","Scorer",172,15
918265,"FC Nantes","Paris Saint-Germain FC","01/14/2018 20:17:13","SAFE1",173,15
918265,"FC Nantes","Paris Saint-Germain FC","01/14/2018 20:17:13","F2",174,15
918265,"FC Nantes","Paris Saint-Germain FC","01/14/2018 20:17:13","FK1",175,15
918265,"FC Nantes","Paris Saint-Germain FC","01/14/2018 20:17:13","Ball Position",176,15
918265,"FC Nantes","Paris Saint-Germain FC","01/14/2018 20:17:18","Player_DATA_CONFIRMED",177,15
918265,"FC Nantes","Paris Saint-Germain FC","01/14/2018 20:17:31","Restart",178,16
918265,"FC Nantes","Paris Saint-Germain FC","01/14/2018 20:17:32","AT1",179,16
918265,"FC Nantes","Paris Saint-Germain FC","01/14/2018 20:17:32","DANGER1",180,16
918265,"FC Nantes","Paris Saint-Germain FC","01/14/2018 20:17:32","DAT1",181,16
918265,"FC Nantes","Paris Saint-Germain FC","01/14/2018 20:17:38","SAFE2",182,16
918265,"FC Nantes","Paris Saint-Germain FC","01/14/2018 20:17:44","SAFE1",183,16
918265,"FC Nantes","Paris Saint-Germain FC","01/14/2018 20:17:45","AT1",184,16
918265,"FC Nantes","Paris Saint-Germain FC","01/14/2018 20:17:54","SAFE2",185,16
918265,"FC Nantes","Paris Saint-Germain FC","01/14/2018 20:18:19","AT2",186,16
918265,"FC Nantes","Paris Saint-Germain FC","01/14/2018 20:18:24","SAFE1",187,16
918265,"FC Nantes","Paris Saint-Germain FC","01/14/2018 20:18:34","AT1",188,17
918265,"FC Nantes","Paris Saint-Germain FC","01/14/2018 20:18:41","DANGER1",189,17
918265,"FC Nantes","Paris Saint-Germain FC","01/14/2018 20:18:41","DAT1",190,17
918265,"FC Nantes","Paris Saint-Germain FC","01/14/2018 20:18:47","SAFE2",191,17
918265,"FC Nantes","Paris Saint-Germain FC","01/14/2018 20:19:19","AT2",192,17
918265,"FC Nantes","Paris Saint-Germain FC","01/14/2018 20:19:43","DANGER2",193,18
918265,"FC Nantes","Paris Saint-Germain FC","01/14/2018 20:19:43","DAT2",194,18
918265,"FC Nantes","Paris Saint-Germain FC","01/14/2018 20:19:48","SAFE1",195,18
918265,"FC Nantes","Paris Saint-Germain FC","01/14/2018 20:19:48","GK1",196,18
918265,"FC Nantes","Paris Saint-Germain FC","01/14/2018 20:20:06","Restart",197,18
918265,"FC Nantes","Paris Saint-Germain FC","01/14/2018 20:20:19","AT1",198,18
918265,"FC Nantes","Paris Saint-Germain FC","01/14/2018 20:20:25","SAFE2",199,18
918265,"FC Nantes","Paris Saint-Germain FC","01/14/2018 20:20:32","AT2",200,19
918265,"FC Nantes","Paris Saint-Germain FC","01/14/2018 20:20:59","DANGER2",201,19
918265,"FC Nantes","Paris Saint-Germain FC","01/14/2018 20:20:59","DAT2",202,19
918265,"FC Nantes","Paris Saint-Germain FC","01/14/2018 20:21:11","SAFE1",203,19
918265,"FC Nantes","Paris Saint-Germain FC","01/14/2018 20:21:12","SAFE2",204,19
918265,"FC Nantes","Paris Saint-Germain FC","01/14/2018 20:21:15","AT2",205,19
918265,"FC Nantes","Paris Saint-Germain FC","01/14/2018 20:21:35","Possible Free Kick",206,20
918265,"FC Nantes","Paris Saint-Germain FC","01/14/2018 20:21:38","SAFE2",208,20
918265,"FC Nantes","Paris Saint-Germain FC","01/14/2018 20:21:38","F1",209,20
918265,"FC Nantes","Paris Saint-Germain FC","01/14/2018 20:21:38","FK2",210,20
918265,"FC Nantes","Paris Saint-Germain FC","01/14/2018 20:21:38","Ball Position",211,20
918265,"FC Nantes","Paris Saint-Germain FC","01/14/2018 20:21:38","Restart",212,20
918265,"FC Nantes","Paris Saint-Germain FC","01/14/2018 20:21:40","AT2",213,20
918265,"FC Nantes","Paris Saint-Germain FC","01/14/2018 20:21:40","DANGER2",214,20
918265,"FC Nantes","Paris Saint-Germain FC","01/14/2018 20:21:40","DAT2",215,20
918265,"FC Nantes","Paris Saint-Germain FC","01/14/2018 20:22:12","POSSIBLE_TI",216,20
918265,"FC Nantes","Paris Saint-Germain FC","01/14/2018 20:22:15","TI2",217,20
918265,"FC Nantes","Paris Saint-Germain FC","01/14/2018 20:22:19","Restart",218,20
918265,"FC Nantes","Paris Saint-Germain FC","01/14/2018 20:22:29","GOAL2",219,21
918265,"FC Nantes","Paris Saint-Germain FC","01/14/2018 20:22:33","CGOAL2",220,21
918265,"FC Nantes","Paris Saint-Germain FC","01/14/2018 20:22:35","POSSIBLE_TI",221,21
918265,"FC Nantes","Paris Saint-Germain FC","01/14/2018 20:22:36","TI2",222,21
918265,"FC Nantes","Paris Saint-Germain FC","01/14/2018 20:22:37","Restart",223,21
918265,"FC Nantes","Paris Saint-Germain FC","01/14/2018 20:22:39","System Message",224,21
918265,"FC Nantes","Paris Saint-Germain FC","01/14/2018 20:22:43","Possible Free Kick",225,21
918265,"FC Nantes","Paris Saint-Germain FC","01/14/2018 20:22:49","F1",227,21
918265,"FC Nantes","Paris Saint-Germain FC","01/14/2018 20:22:49","FK2",228,21
918265,"FC Nantes","Paris Saint-Germain FC","01/14/2018 20:22:49","DFK2",229,21
918265,"FC Nantes","Paris Saint-Germain FC","01/14/2018 20:22:49","Ball Position",230,21
918265,"FC Nantes","Paris Saint-Germain FC","01/14/2018 20:23:19","Restart",231,21
918265,"FC Nantes","Paris Saint-Germain FC","01/14/2018 20:23:31","POSSIBLE_TI",232,22
918265,"FC Nantes","Paris Saint-Germain FC","01/14/2018 20:23:32","TI1",233,22
918265,"FC Nantes","Paris Saint-Germain FC","01/14/2018 20:23:38","Restart",234,22
918265,"FC Nantes","Paris Saint-Germain FC","01/14/2018 20:23:47","Possible Free Kick",235,22
918265,"FC Nantes","Paris Saint-Germain FC","01/14/2018 20:23:50","F1",237,22
918265,"FC Nantes","Paris Saint-Germain FC","01/14/2018 20:23:50","FK2",238,22
918265,"FC Nantes","Paris Saint-Germain FC","01/14/2018 20:23:50","DFK2",239,22
918265,"FC Nantes","Paris Saint-Germain FC","01/14/2018 20:23:50","Ball Position",240,22
918265,"FC Nantes","Paris Saint-Germain FC","01/14/2018 20:23:52","Restart",241,22
918265,"FC Nantes","Paris Saint-Germain FC","01/14/2018 20:24:06","SAFE1",242,22
918265,"FC Nantes","Paris Saint-Germain FC","01/14/2018 20:24:19","POSSIBLE_TI",243,22
918265,"FC Nantes","Paris Saint-Germain FC","01/14/2018 20:24:20","TI1",244,22
918265,"FC Nantes","Paris Saint-Germain FC","01/14/2018 20:24:23","Restart",245,22
918265,"FC Nantes","Paris Saint-Germain FC","01/14/2018 20:24:28","Possible Free Kick",246,23
918265,"FC Nantes","Paris Saint-Germain FC","01/14/2018 20:24:30","F2",248,23
918265,"FC Nantes","Paris Saint-Germain FC","01/14/2018 20:24:30","FK1",249,23
918265,"FC Nantes","Paris Saint-Germain FC","01/14/2018 20:24:30","DANGER1",250,23
918265,"FC Nantes","Paris Saint-Germain FC","01/14/2018 20:24:30","DFK1",251,23
918265,"FC Nantes","Paris Saint-Germain FC","01/14/2018 20:24:30","Ball Position",252,23
918265,"FC Nantes","Paris Saint-Germain FC","01/14/2018 20:24:38","Restart",253,23
918265,"FC Nantes","Paris Saint-Germain FC","01/14/2018 20:24:39","SAFE1",254,23
918265,"FC Nantes","Paris Saint-Germain FC","01/14/2018 20:24:46","AT1",255,23
918265,"FC Nantes","Paris Saint-Germain FC","01/14/2018 20:24:50","DANGER1",256,23
918265,"FC Nantes","Paris Saint-Germain FC","01/14/2018 20:24:50","DAT1",257,23
918265,"FC Nantes","Paris Saint-Germain FC","01/14/2018 20:25:07","POSSIBLE_CARDS",258,23
918265,"FC Nantes","Paris Saint-Germain FC","01/14/2018 20:25:28","NO_Cards",259,24
918265,"FC Nantes","Paris Saint-Germain FC","01/14/2018 20:25:29","POSSIBLE_TI",260,24
918265,"FC Nantes","Paris Saint-Germain FC","01/14/2018 20:25:30","TI2",261,24
918265,"FC Nantes","Paris Saint-Germain FC","01/14/2018 20:25:36","Restart",262,24
918265,"FC Nantes","Paris Saint-Germain FC","01/14/2018 20:25:40","POSSIBLE_TI",263,24
918265,"FC Nantes","Paris Saint-Germain FC","01/14/2018 20:25:41","TI2",264,24
918265,"FC Nantes","Paris Saint-Germain FC","01/14/2018 20:25:42","Restart",265,24
918265,"FC Nantes","Paris Saint-Germain FC","01/14/2018 20:25:51","SAFE2",266,24
918265,"FC Nantes","Paris Saint-Germain FC","01/14/2018 20:26:14","AT1",267,24
918265,"FC Nantes","Paris Saint-Germain FC","01/14/2018 20:26:15","DANGER1",268,24
918265,"FC Nantes","Paris Saint-Germain FC","01/14/2018 20:26:15","DAT1",269,24
918265,"FC Nantes","Paris Saint-Germain FC","01/14/2018 20:26:19","SAFE2",270,24
918265,"FC Nantes","Paris Saint-Germain FC","01/14/2018 20:26:25","AT2",271,24
918265,"FC Nantes","Paris Saint-Germain FC","01/14/2018 20:26:48","SAFE1",272,25
918265,"FC Nantes","Paris Saint-Germain FC","01/14/2018 20:26:54","AT1",273,25
918265,"FC Nantes","Paris Saint-Germain FC","01/14/2018 20:26:54","DANGER1",274,25
918265,"FC Nantes","Paris Saint-Germain FC","01/14/2018 20:26:54","DAT1",275,25
918265,"FC Nantes","Paris Saint-Germain FC","01/14/2018 20:27:01","SAFE2",276,25
918265,"FC Nantes","Paris Saint-Germain FC","01/14/2018 20:27:08","SAFE1",277,25
918265,"FC Nantes","Paris Saint-Germain FC","01/14/2018 20:27:20","AT1",278,25
918265,"FC Nantes","Paris Saint-Germain FC","01/14/2018 20:27:20","DANGER1",279,25
918265,"FC Nantes","Paris Saint-Germain FC","01/14/2018 20:27:20","DAT1",280,25
918265,"FC Nantes","Paris Saint-Germain FC","01/14/2018 20:27:25","Possible Free Kick",281,25
918265,"FC Nantes","Paris Saint-Germain FC","01/14/2018 20:27:31","SAFE2",283,26
918265,"FC Nantes","Paris Saint-Germain FC","01/14/2018 20:27:31","O1",284,26
918265,"FC Nantes","Paris Saint-Germain FC","01/14/2018 20:27:31","FK2",285,26
918265,"FC Nantes","Paris Saint-Germain FC","01/14/2018 20:27:31","Ball Position",286,26
918265,"FC Nantes","Paris Saint-Germain FC","01/14/2018 20:27:32","Restart",287,26
918265,"FC Nantes","Paris Saint-Germain FC","01/14/2018 20:27:44","AT2",288,26
918265,"FC Nantes","Paris Saint-Germain FC","01/14/2018 20:27:56","SAFE1",289,26
918265,"FC Nantes","Paris Saint-Germain FC","01/14/2018 20:27:57","AT1",290,26
918265,"FC Nantes","Paris Saint-Germain FC","01/14/2018 20:27:57","DANGER1",291,26
918265,"FC Nantes","Paris Saint-Germain FC","01/14/2018 20:27:57","DAT1",292,26
918265,"FC Nantes","Paris Saint-Germain FC","01/14/2018 20:28:03","SHB1",293,26
918265,"FC Nantes","Paris Saint-Germain FC","01/14/2018 20:28:08","SAFE2",294,26
918265,"FC Nantes","Paris Saint-Germain FC","01/14/2018 20:28:20","AT1",295,26
918265,"FC Nantes","Paris Saint-Germain FC","01/14/2018 20:28:20","POSSIBLE_TI",296,26
918265,"FC Nantes","Paris Saint-Germain FC","01/14/2018 20:28:22","TI1",297,26
918265,"FC Nantes","Paris Saint-Germain FC","01/14/2018 20:28:28","Restart",298,27
918265,"FC Nantes","Paris Saint-Germain FC","01/14/2018 20:28:36","Possible Free Kick",299,27
918265,"FC Nantes","Paris Saint-Germain FC","01/14/2018 20:28:39","SAFE2",301,27
918265,"FC Nantes","Paris Saint-Germain FC","01/14/2018 20:28:39","F1",302,27
918265,"FC Nantes","Paris Saint-Germain FC","01/14/2018 20:28:39","FK2",303,27
918265,"FC Nantes","Paris Saint-Germain FC","01/14/2018 20:28:39","Ball Position",304,27
918265,"FC Nantes","Paris Saint-Germain FC","01/14/2018 20:28:42","Restart",305,27
918265,"FC Nantes","Paris Saint-Germain FC","01/14/2018 20:28:58","AT2",306,27
918265,"FC Nantes","Paris Saint-Germain FC","01/14/2018 20:29:00","Possible Free Kick",307,27
918265,"FC Nantes","Paris Saint-Germain FC","01/14/2018 20:29:05","POSSIBLE_CARDS",309,27
918265,"FC Nantes","Paris Saint-Germain FC","01/14/2018 20:29:13","NO_Cards",310,27
918265,"FC Nantes","Paris Saint-Germain FC","01/14/2018 20:29:15","F1",311,27
918265,"FC Nantes","Paris Saint-Germain FC","01/14/2018 20:29:15","FK2",312,27
918265,"FC Nantes","Paris Saint-Germain FC","01/14/2018 20:29:15","DANGER2",313,27
918265,"FC Nantes","Paris Saint-Germain FC","01/14/2018 20:29:15","DFK2",314,27
918265,"FC Nantes","Paris Saint-Germain FC","01/14/2018 20:29:15","Ball Position",315,27
918265,"FC Nantes","Paris Saint-Germain FC","01/14/2018 20:29:18","Restart",316,27
918265,"FC Nantes","Paris Saint-Germain FC","01/14/2018 20:29:22","SAFE2",317,27
918265,"FC Nantes","Paris Saint-Germain FC","01/14/2018 20:29:32","AT2",318,28
918265,"FC Nantes","Paris Saint-Germain FC","01/14/2018 20:29:35","DANGER2",319,28
918265,"FC Nantes","Paris Saint-Germain FC","01/14/2018 20:29:35","DAT2",320,28
918265,"FC Nantes","Paris Saint-Germain FC","01/14/2018 20:29:44","SAFE1",321,28
918265,"FC Nantes","Paris Saint-Germain FC","01/14/2018 20:29:54","AT1",322,28
918265,"FC Nantes","Paris Saint-Germain FC","01/14/2018 20:29:59","Possible Free Kick",323,28
918265,"FC Nantes","Paris Saint-Germain FC","01/14/2018 20:30:01","F2",325,28
918265,"FC Nantes","Paris Saint-Germain FC","01/14/2018 20:30:01","FK1",326,28
918265,"FC Nantes","Paris Saint-Germain FC","01/14/2018 20:30:01","DANGER1",327,28
918265,"FC Nantes","Paris Saint-Germain FC","01/14/2018 20:30:01","DFK1",328,28
918265,"FC Nantes","Paris Saint-Germain FC","01/14/2018 20:30:01","Ball Position",329,28
918265,"FC Nantes","Paris Saint-Germain FC","01/14/2018 20:30:32","Restart",330,29
918265,"FC Nantes","Paris Saint-Germain FC","01/14/2018 20:30:40","POSSIBLE_TI",331,29
918265,"FC Nantes","Paris Saint-Germain FC","01/14/2018 20:30:40","TI1",332,29
918265,"FC Nantes","Paris Saint-Germain FC","01/14/2018 20:30:52","Restart",333,29
918265,"FC Nantes","Paris Saint-Germain FC","01/14/2018 20:30:59","Possible Free Kick",334,29
918265,"FC Nantes","Paris Saint-Germain FC","01/14/2018 20:31:00","POSSIBLE_CARDS",336,29
918265,"FC Nantes","Paris Saint-Germain FC","01/14/2018 20:31:23","YC1",337,29
918265,"FC Nantes","Paris Saint-Germain FC","01/14/2018 20:31:31","CONF_YC1",338,30
918265,"FC Nantes","Paris Saint-Germain FC","01/14/2018 20:31:38","Scorer",339,30
918265,"FC Nantes","Paris Saint-Germain FC","01/14/2018 20:31:46","SAFE2",340,30
918265,"FC Nantes","Paris Saint-Germain FC","01/14/2018 20:31:46","F1",341,30
918265,"FC Nantes","Paris Saint-Germain FC","01/14/2018 20:31:46","FK2",342,30
918265,"FC Nantes","Paris Saint-Germain FC","01/14/2018 20:31:46","Ball Position",343,30
918265,"FC Nantes","Paris Saint-Germain FC","01/14/2018 20:31:50","Player_DATA_CONFIRMED",344,30
918265,"FC Nantes","Paris Saint-Germain FC","01/14/2018 20:31:55","Restart",345,30
918265,"FC Nantes","Paris Saint-Germain FC","01/14/2018 20:32:42","AT2",346,31
918265,"FC Nantes","Paris Saint-Germain FC","01/14/2018 20:32:51","DANGER2",347,31
918265,"FC Nantes","Paris Saint-Germain FC","01/14/2018 20:32:51","DAT2",348,31
918265,"FC Nantes","Paris Saint-Germain FC","01/14/2018 20:32:56","SAFE1",349,31
918265,"FC Nantes","Paris Saint-Germain FC","01/14/2018 20:32:57","GK1",350,31
918265,"FC Nantes","Paris Saint-Germain FC","01/14/2018 20:33:14","Restart",351,31
918265,"FC Nantes","Paris Saint-Germain FC","01/14/2018 20:33:21","SAFE2",352,31
918265,"FC Nantes","Paris Saint-Germain FC","01/14/2018 20:33:37","AT2",353,32
918265,"FC Nantes","Paris Saint-Germain FC","01/14/2018 20:33:41","Possible Free Kick",354,32
918265,"FC Nantes","Paris Saint-Germain FC","01/14/2018 20:33:42","SAFE2",356,32
918265,"FC Nantes","Paris Saint-Germain FC","01/14/2018 20:33:42","F1",357,32
918265,"FC Nantes","Paris Saint-Germain FC","01/14/2018 20:33:42","FK2",358,32
918265,"FC Nantes","Paris Saint-Germain FC","01/14/2018 20:33:42","Ball Position",359,32
918265,"FC Nantes","Paris Saint-Germain FC","01/14/2018 20:33:46","Restart",360,32
918265,"FC Nantes","Paris Saint-Germain FC","01/14/2018 20:33:56","AT1",361,32
918265,"FC Nantes","Paris Saint-Germain FC","01/14/2018 20:34:05","DANGER1",362,32
918265,"FC Nantes","Paris Saint-Germain FC","01/14/2018 20:34:05","DAT1",363,32
918265,"FC Nantes","Paris Saint-Germain FC","01/14/2018 20:34:14","SAFE2",364,32
918265,"FC Nantes","Paris Saint-Germain FC","01/14/2018 20:34:19","AT2",365,32
918265,"FC Nantes","Paris Saint-Germain FC","01/14/2018 20:34:19","DANGER2",366,32
918265,"FC Nantes","Paris Saint-Germain FC","01/14/2018 20:34:19","DAT2",367,32
918265,"FC Nantes","Paris Saint-Germain FC","01/14/2018 20:34:57","SAFE1",368,33
918265,"FC Nantes","Paris Saint-Germain FC","01/14/2018 20:35:02","AT1",369,33
918265,"FC Nantes","Paris Saint-Germain FC","01/14/2018 20:35:20","DANGER1",370,33
918265,"FC Nantes","Paris Saint-Germain FC","01/14/2018 20:35:20","DAT1",371,33
918265,"FC Nantes","Paris Saint-Germain FC","01/14/2018 20:35:30","SAFE2",372,34
918265,"FC Nantes","Paris Saint-Germain FC","01/14/2018 20:35:40","AT1",373,34
918265,"FC Nantes","Paris Saint-Germain FC","01/14/2018 20:35:40","POSSIBLE_TI",374,34
918265,"FC Nantes","Paris Saint-Germain FC","01/14/2018 20:35:41","TI1",375,34
918265,"FC Nantes","Paris Saint-Germain FC","01/14/2018 20:35:52","Restart",376,34
918265,"FC Nantes","Paris Saint-Germain FC","01/14/2018 20:35:53","DANGER1",377,34
918265,"FC Nantes","Paris Saint-Germain FC","01/14/2018 20:35:53","DAT1",378,34
918265,"FC Nantes","Paris Saint-Germain FC","01/14/2018 20:36:06","Possible Free Kick",379,34
918265,"FC Nantes","Paris Saint-Germain FC","01/14/2018 20:36:08","SAFE2",381,34
918265,"FC Nantes","Paris Saint-Germain FC","01/14/2018 20:36:08","F1",382,34
918265,"FC Nantes","Paris Saint-Germain FC","01/14/2018 20:36:08","FK2",383,34
918265,"FC Nantes","Paris Saint-Germain FC","01/14/2018 20:36:08","Ball Position",384,34
918265,"FC Nantes","Paris Saint-Germain FC","01/14/2018 20:36:18","Restart",385,34
918265,"FC Nantes","Paris Saint-Germain FC","01/14/2018 20:36:40","AT2",386,35
918265,"FC Nantes","Paris Saint-Germain FC","01/14/2018 20:36:53","DANGER2",387,35
918265,"FC Nantes","Paris Saint-Germain FC","01/14/2018 20:36:53","DAT2",388,35
918265,"FC Nantes","Paris Saint-Germain FC","01/14/2018 20:37:14","SAFE1",389,35
918265,"FC Nantes","Paris Saint-Germain FC","01/14/2018 20:37:18","AT1",390,35
918265,"FC Nantes","Paris Saint-Germain FC","01/14/2018 20:37:35","DANGER1",391,36
918265,"FC Nantes","Paris Saint-Germain FC","01/14/2018 20:37:35","DAT1",392,36
918265,"FC Nantes","Paris Saint-Germain FC","01/14/2018 20:37:59","SAFE2",393,36
918265,"FC Nantes","Paris Saint-Germain FC","01/14/2018 20:38:00","GK2",394,36
918265,"FC Nantes","Paris Saint-Germain FC","01/14/2018 20:38:14","Restart",395,36
918265,"FC Nantes","Paris Saint-Germain FC","01/14/2018 20:38:25","AT2",396,36
918265,"FC Nantes","Paris Saint-Germain FC","01/14/2018 20:38:26","DANGER2",397,36
918265,"FC Nantes","Paris Saint-Germain FC","01/14/2018 20:38:26","DAT2",398,36
918265,"FC Nantes","Paris Saint-Germain FC","01/14/2018 20:38:35","SHW2",399,37
918265,"FC Nantes","Paris Saint-Germain FC","01/14/2018 20:38:44","SAFE1",400,37
918265,"FC Nantes","Paris Saint-Germain FC","01/14/2018 20:38:44","GK1",401,37
918265,"FC Nantes","Paris Saint-Germain FC","01/14/2018 20:39:35","Restart",402,38
918265,"FC Nantes","Paris Saint-Germain FC","01/14/2018 20:39:38","Possible Free Kick",403,38
918265,"FC Nantes","Paris Saint-Germain FC","01/14/2018 20:39:44","SAFE2",405,38
918265,"FC Nantes","Paris Saint-Germain FC","01/14/2018 20:39:44","O1",406,38
918265,"FC Nantes","Paris Saint-Germain FC","01/14/2018 20:39:44","FK2",407,38
918265,"FC Nantes","Paris Saint-Germain FC","01/14/2018 20:39:44","Ball Position",408,38
918265,"FC Nantes","Paris Saint-Germain FC","01/14/2018 20:39:51","Restart",409,38
918265,"FC Nantes","Paris Saint-Germain FC","01/14/2018 20:40:23","AT2",410,38
918265,"FC Nantes","Paris Saint-Germain FC","01/14/2018 20:40:28","DANGER2",411,39
918265,"FC Nantes","Paris Saint-Germain FC","01/14/2018 20:40:28","DAT2",412,39
918265,"FC Nantes","Paris Saint-Germain FC","01/14/2018 20:40:43","BLOCKED2",413,39
918265,"FC Nantes","Paris Saint-Germain FC","01/14/2018 20:40:46","SAFE1",414,39
918265,"FC Nantes","Paris Saint-Germain FC","01/14/2018 20:40:53","AT2",415,39
918265,"FC Nantes","Paris Saint-Germain FC","01/14/2018 20:40:54","POSSIBLE_TI",416,39
918265,"FC Nantes","Paris Saint-Germain FC","01/14/2018 20:40:55","TI2",417,39
918265,"FC Nantes","Paris Saint-Germain FC","01/14/2018 20:40:58","Restart",418,39
918265,"FC Nantes","Paris Saint-Germain FC","01/14/2018 20:40:59","SAFE1",419,39
918265,"FC Nantes","Paris Saint-Germain FC","01/14/2018 20:41:03","SAFE2",420,39
918265,"FC Nantes","Paris Saint-Germain FC","01/14/2018 20:41:08","AT2",421,39
918265,"FC Nantes","Paris Saint-Germain FC","01/14/2018 20:41:15","POSSIBLE_TI",422,39
918265,"FC Nantes","Paris Saint-Germain FC","01/14/2018 20:41:15","TI2",423,39
918265,"FC Nantes","Paris Saint-Germain FC","01/14/2018 20:41:24","Restart",424,39
918265,"FC Nantes","Paris Saint-Germain FC","01/14/2018 20:41:49","DANGER2",425,40
918265,"FC Nantes","Paris Saint-Germain FC","01/14/2018 20:41:49","DAT2",426,40
918265,"FC Nantes","Paris Saint-Germain FC","01/14/2018 20:41:53","SAFE1",427,40
918265,"FC Nantes","Paris Saint-Germain FC","01/14/2018 20:41:59","AT2",428,40
918265,"FC Nantes","Paris Saint-Germain FC","01/14/2018 20:42:24","DANGER2",429,40
918265,"FC Nantes","Paris Saint-Germain FC","01/14/2018 20:42:24","DAT2",430,40
918265,"FC Nantes","Paris Saint-Germain FC","01/14/2018 20:42:37","SAFE1",431,41
918265,"FC Nantes","Paris Saint-Germain FC","01/14/2018 20:42:40","AT1",432,41
918265,"FC Nantes","Paris Saint-Germain FC","01/14/2018 20:42:46","DANGER1",433,41
918265,"FC Nantes","Paris Saint-Germain FC","01/14/2018 20:42:46","DAT1",434,41
918265,"FC Nantes","Paris Saint-Germain FC","01/14/2018 20:42:51","SHB1",435,41
918265,"FC Nantes","Paris Saint-Germain FC","01/14/2018 20:42:53","SAFE2",436,41
918265,"FC Nantes","Paris Saint-Germain FC","01/14/2018 20:42:54","GK2",437,41
918265,"FC Nantes","Paris Saint-Germain FC","01/14/2018 20:42:59","Restart",438,41
918265,"FC Nantes","Paris Saint-Germain FC","01/14/2018 20:43:09","POSSIBLE_CARDS",439,41
918265,"FC Nantes","Paris Saint-Germain FC","01/14/2018 20:43:11","YC1",440,41
918265,"FC Nantes","Paris Saint-Germain FC","01/14/2018 20:43:12","CONF_YC1",441,41
918265,"FC Nantes","Paris Saint-Germain FC","01/14/2018 20:43:23","Scorer",442,41
918265,"FC Nantes","Paris Saint-Germain FC","01/14/2018 20:43:26","Player_DATA_CONFIRMED",443,41
918265,"FC Nantes","Paris Saint-Germain FC","01/14/2018 20:43:28","AT1",444,42
918265,"FC Nantes","Paris Saint-Germain FC","01/14/2018 20:43:42","DANGER1",445,42
918265,"FC Nantes","Paris Saint-Germain FC","01/14/2018 20:43:42","DAT1",446,42
918265,"FC Nantes","Paris Saint-Germain FC","01/14/2018 20:43:49","SHB1",447,42
918265,"FC Nantes","Paris Saint-Germain FC","01/14/2018 20:43:50","SAFE2",448,42
918265,"FC Nantes","Paris Saint-Germain FC","01/14/2018 20:43:51","GK2",449,42
918265,"FC Nantes","Paris Saint-Germain FC","01/14/2018 20:44:14","Restart",450,42
918265,"FC Nantes","Paris Saint-Germain FC","01/14/2018 20:44:21","AT1",451,42
918265,"FC Nantes","Paris Saint-Germain FC","01/14/2018 20:44:28","DANGER1",452,43
918265,"FC Nantes","Paris Saint-Germain FC","01/14/2018 20:44:28","DAT1",453,43
918265,"FC Nantes","Paris Saint-Germain FC","01/14/2018 20:44:51","SAFE2",454,43
918265,"FC Nantes","Paris Saint-Germain FC","01/14/2018 20:44:53","GK2",455,43
918265,"FC Nantes","Paris Saint-Germain FC","01/14/2018 20:45:00","Restart",456,43
918265,"FC Nantes","Paris Saint-Germain FC","01/14/2018 20:45:12","AT1",457,43
918265,"FC Nantes","Paris Saint-Germain FC","01/14/2018 20:45:12","DANGER1",458,43
918265,"FC Nantes","Paris Saint-Germain FC","01/14/2018 20:45:12","DAT1",459,43
918265,"FC Nantes","Paris Saint-Germain FC","01/14/2018 20:45:20","AT2",460,43
918265,"FC Nantes","Paris Saint-Germain FC","01/14/2018 20:45:20","DANGER2",461,43
918265,"FC Nantes","Paris Saint-Germain FC","01/14/2018 20:45:20","DAT2",462,43
918265,"FC Nantes","Paris Saint-Germain FC","01/14/2018 20:45:38","SAFE1",463,44
918265,"FC Nantes","Paris Saint-Germain FC","01/14/2018 20:45:40","AT1",464,44
918265,"FC Nantes","Paris Saint-Germain FC","01/14/2018 20:45:57","POSSIBLE_TI",465,44
918265,"FC Nantes","Paris Saint-Germain FC","01/14/2018 20:45:58","TI2",466,44
918265,"FC Nantes","Paris Saint-Germain FC","01/14/2018 20:46:00","Restart",467,44
918265,"FC Nantes","Paris Saint-Germain FC","01/14/2018 20:46:31","AT2",468,45
918265,"FC Nantes","Paris Saint-Germain FC","01/14/2018 20:46:31","DANGER2",469,45
918265,"FC Nantes","Paris Saint-Germain FC","01/14/2018 20:46:31","DAT2",470,45
918265,"FC Nantes","Paris Saint-Germain FC","01/14/2018 20:46:37","BLOCKED2",471,45
918265,"FC Nantes","Paris Saint-Germain FC","01/14/2018 20:46:46","SAFE2",472,45
918265,"FC Nantes","Paris Saint-Germain FC","01/14/2018 20:46:58","AT2",473,45
918265,"FC Nantes","Paris Saint-Germain FC","01/14/2018 20:46:58","DANGER2",474,45
918265,"FC Nantes","Paris Saint-Germain FC","01/14/2018 20:46:58","DAT2",475,45
918265,"FC Nantes","Paris Saint-Germain FC","01/14/2018 20:47:11","SAFE1",476,45
918265,"FC Nantes","Paris Saint-Germain FC","01/14/2018 20:47:28","AT1",477,46
918265,"FC Nantes","Paris Saint-Germain FC","01/14/2018 20:47:33","Stop RT1",478,46
918265,"FC Nantes","Paris Saint-Germain FC","01/14/2018 20:47:42","CONF_PERIOD_SCORE",479,45
918265,"FC Nantes","Paris Saint-Germain FC","01/14/2018 20:56:42","Scorer",480,45
918265,"FC Nantes","Paris Saint-Germain FC","01/14/2018 21:02:14","Players are coming out",481,45
918265,"FC Nantes","Paris Saint-Germain FC","01/14/2018 21:03:15","Game about to start",482,45
918265,"FC Nantes","Paris Saint-Germain FC","01/14/2018 21:03:36","Start RT2 Team 2",483,46
918265,"FC Nantes","Paris Saint-Germain FC","01/14/2018 21:03:39","SAFE2",484,46
918265,"FC Nantes","Paris Saint-Germain FC","01/14/2018 21:04:01","POSSIBLE_TI",485,46
918265,"FC Nantes","Paris Saint-Germain FC","01/14/2018 21:04:02","TI2",486,46
918265,"FC Nantes","Paris Saint-Germain FC","01/14/2018 21:04:08","Restart",487,46
918265,"FC Nantes","Paris Saint-Germain FC","01/14/2018 21:04:31","AT2",488,46
918265,"FC Nantes","Paris Saint-Germain FC","01/14/2018 21:04:38","SAFE1",489,47
918265,"FC Nantes","Paris Saint-Germain FC","01/14/2018 21:04:39","AT1",490,47
918265,"FC Nantes","Paris Saint-Germain FC","01/14/2018 21:04:47","SAFE2",491,47
918265,"FC Nantes","Paris Saint-Germain FC","01/14/2018 21:04:57","AT2",492,47
918265,"FC Nantes","Paris Saint-Germain FC","01/14/2018 21:04:59","DANGER2",493,47
918265,"FC Nantes","Paris Saint-Germain FC","01/14/2018 21:04:59","DAT2",494,47
918265,"FC Nantes","Paris Saint-Germain FC","01/14/2018 21:05:04","SAFE1",495,47
918265,"FC Nantes","Paris Saint-Germain FC","01/14/2018 21:05:09","AT1",496,47
918265,"FC Nantes","Paris Saint-Germain FC","01/14/2018 21:05:19","Possible Free Kick",497,47
918265,"FC Nantes","Paris Saint-Germain FC","01/14/2018 21:05:28","F2",499,47
918265,"FC Nantes","Paris Saint-Germain FC","01/14/2018 21:05:28","FK1",500,47
918265,"FC Nantes","Paris Saint-Germain FC","01/14/2018 21:05:28","DANGER1",501,47
918265,"FC Nantes","Paris Saint-Germain FC","01/14/2018 21:05:28","DFK1",502,47
918265,"FC Nantes","Paris Saint-Germain FC","01/14/2018 21:05:28","Ball Position",503,47
918265,"FC Nantes","Paris Saint-Germain FC","01/14/2018 21:05:57","Restart",504,48
918265,"FC Nantes","Paris Saint-Germain FC","01/14/2018 21:06:12","SHB1",505,48
918265,"FC Nantes","Paris Saint-Germain FC","01/14/2018 21:06:14","SAFE2",506,48
918265,"FC Nantes","Paris Saint-Germain FC","01/14/2018 21:06:15","GK2",507,48
918265,"FC Nantes","Paris Saint-Germain FC","01/14/2018 21:06:21","Restart",508,48
918265,"FC Nantes","Paris Saint-Germain FC","01/14/2018 21:06:23","AT2",509,48
918265,"FC Nantes","Paris Saint-Germain FC","01/14/2018 21:06:30","SAFE1",510,48
918265,"FC Nantes","Paris Saint-Germain FC","01/14/2018 21:06:31","POSSIBLE_TI",511,48
918265,"FC Nantes","Paris Saint-Germain FC","01/14/2018 21:06:31","TI1",512,48
918265,"FC Nantes","Paris Saint-Germain FC","01/14/2018 21:06:39","Restart",513,49
918265,"FC Nantes","Paris Saint-Germain FC","01/14/2018 21:06:45","AT1",514,49
918265,"FC Nantes","Paris Saint-Germain FC","01/14/2018 21:06:47","DANGER1",515,49
918265,"FC Nantes","Paris Saint-Germain FC","01/14/2018 21:06:47","DAT1",516,49
918265,"FC Nantes","Paris Saint-Germain FC","01/14/2018 21:07:00","POSSIBLE_TI",517,49
918265,"FC Nantes","Paris Saint-Germain FC","01/14/2018 21:07:00","TI1",518,49
918265,"FC Nantes","Paris Saint-Germain FC","01/14/2018 21:07:04","Restart",519,49
918265,"FC Nantes","Paris Saint-Germain FC","01/14/2018 21:07:11","SAFE2",520,49
918265,"FC Nantes","Paris Saint-Germain FC","01/14/2018 21:07:42","AT1",521,50
918265,"FC Nantes","Paris Saint-Germain FC","01/14/2018 21:07:48","DANGER1",522,50
918265,"FC Nantes","Paris Saint-Germain FC","01/14/2018 21:07:48","DAT1",523,50
918265,"FC Nantes","Paris Saint-Germain FC","01/14/2018 21:07:57","Possible Free Kick",524,50
918265,"FC Nantes","Paris Saint-Germain FC","01/14/2018 21:08:11","F2",526,50
918265,"FC Nantes","Paris Saint-Germain FC","01/14/2018 21:08:11","FK1",527,50
918265,"FC Nantes","Paris Saint-Germain FC","01/14/2018 21:08:11","DFK1",528,50
918265,"FC Nantes","Paris Saint-Germain FC","01/14/2018 21:08:11","Ball Position",529,50
918265,"FC Nantes","Paris Saint-Germain FC","01/14/2018 21:08:51","Restart",530,51
918265,"FC Nantes","Paris Saint-Germain FC","01/14/2018 21:08:58","BLOCKED1",531,51
918265,"FC Nantes","Paris Saint-Germain FC","01/14/2018 21:09:01","SHB1",532,51
918265,"FC Nantes","Paris Saint-Germain FC","01/14/2018 21:09:02","SAFE2",533,51
918265,"FC Nantes","Paris Saint-Germain FC","01/14/2018 21:09:04","GK2",534,51
918265,"FC Nantes","Paris Saint-Germain FC","01/14/2018 21:09:21","Restart",535,51
918265,"FC Nantes","Paris Saint-Germain FC","01/14/2018 21:09:24","AT1",536,51
918265,"FC Nantes","Paris Saint-Germain FC","01/14/2018 21:09:25","POSSIBLE_TI",537,51
918265,"FC Nantes","Paris Saint-Germain FC","01/14/2018 21:09:26","TI1",538,51
918265,"FC Nantes","Paris Saint-Germain FC","01/14/2018 21:09:30","Restart",539,51
918265,"FC Nantes","Paris Saint-Germain FC","01/14/2018 21:09:48","SAFE2",540,52
918265,"FC Nantes","Paris Saint-Germain FC","01/14/2018 21:09:55","AT2",541,52
918265,"FC Nantes","Paris Saint-Germain FC","01/14/2018 21:09:56","DANGER2",542,52
918265,"FC Nantes","Paris Saint-Germain FC","01/14/2018 21:09:56","DAT2",543,52
918265,"FC Nantes","Paris Saint-Germain FC","01/14/2018 21:10:04","SAFE1",544,52
918265,"FC Nantes","Paris Saint-Germain FC","01/14/2018 21:10:08","AT1",545,52
918265,"FC Nantes","Paris Saint-Germain FC","01/14/2018 21:10:16","DANGER1",546,52
918265,"FC Nantes","Paris Saint-Germain FC","01/14/2018 21:10:16","DAT1",547,52
918265,"FC Nantes","Paris Saint-Germain FC","01/14/2018 21:10:26","POSSIBLE_TI",548,52
918265,"FC Nantes","Paris Saint-Germain FC","01/14/2018 21:10:29","TI2",549,52
918265,"FC Nantes","Paris Saint-Germain FC","01/14/2018 21:10:47","Restart",550,53
918265,"FC Nantes","Paris Saint-Germain FC","01/14/2018 21:10:50","POSSIBLE_TI",551,53
918265,"FC Nantes","Paris Saint-Germain FC","01/14/2018 21:10:51","TI1",552,53
918265,"FC Nantes","Paris Saint-Germain FC","01/14/2018 21:11:02","Restart",553,53
918265,"FC Nantes","Paris Saint-Germain FC","01/14/2018 21:11:11","SAFE2",554,53
918265,"FC Nantes","Paris Saint-Germain FC","01/14/2018 21:11:12","GK2",555,53
918265,"FC Nantes","Paris Saint-Germain FC","01/14/2018 21:11:18","Restart",556,53
918265,"FC Nantes","Paris Saint-Germain FC","01/14/2018 21:11:24","AT1",557,53
918265,"FC Nantes","Paris Saint-Germain FC","01/14/2018 21:11:24","DANGER1",558,53
918265,"FC Nantes","Paris Saint-Germain FC","01/14/2018 21:11:24","DAT1",559,53
918265,"FC Nantes","Paris Saint-Germain FC","01/14/2018 21:11:33","SAFE2",560,53
918265,"FC Nantes","Paris Saint-Germain FC","01/14/2018 21:11:34","GK2",561,53
918265,"FC Nantes","Paris Saint-Germain FC","01/14/2018 21:11:53","Restart",562,54
918265,"FC Nantes","Paris Saint-Germain FC","01/14/2018 21:11:59","AT2",563,54
918265,"FC Nantes","Paris Saint-Germain FC","01/14/2018 21:12:07","DANGER2",564,54
918265,"FC Nantes","Paris Saint-Germain FC","01/14/2018 21:12:07","DAT2",565,54
918265,"FC Nantes","Paris Saint-Germain FC","01/14/2018 21:12:14","SAFE1",566,54
918265,"FC Nantes","Paris Saint-Germain FC","01/14/2018 21:12:20","AT2",567,54
918265,"FC Nantes","Paris Saint-Germain FC","01/14/2018 21:12:20","DANGER2",568,54
918265,"FC Nantes","Paris Saint-Germain FC","01/14/2018 21:12:20","DAT2",569,54
918265,"FC Nantes","Paris Saint-Germain FC","01/14/2018 21:12:33","SAFE1",570,54
918265,"FC Nantes","Paris Saint-Germain FC","01/14/2018 21:12:39","AT1",571,55
918265,"FC Nantes","Paris Saint-Germain FC","01/14/2018 21:12:45","DANGER1",572,55
918265,"FC Nantes","Paris Saint-Germain FC","01/14/2018 21:12:45","DAT1",573,55
918265,"FC Nantes","Paris Saint-Germain FC","01/14/2018 21:13:06","PCR1",574,55
918265,"FC Nantes","Paris Saint-Germain FC","01/14/2018 21:13:10","CR1",575,55
918265,"FC Nantes","Paris Saint-Germain FC","01/14/2018 21:13:11","Ball Position",576,55
918265,"FC Nantes","Paris Saint-Germain FC","01/14/2018 21:13:28","Restart",577,55
918265,"FC Nantes","Paris Saint-Germain FC","01/14/2018 21:13:38","SAFE2",578,56
918265,"FC Nantes","Paris Saint-Germain FC","01/14/2018 21:13:43","AT2",579,56
918265,"FC Nantes","Paris Saint-Germain FC","01/14/2018 21:13:44","DANGER2",580,56
918265,"FC Nantes","Paris Saint-Germain FC","01/14/2018 21:13:44","DAT2",581,56
918265,"FC Nantes","Paris Saint-Germain FC","01/14/2018 21:13:48","SAFE1",582,56
918265,"FC Nantes","Paris Saint-Germain FC","01/14/2018 21:13:53","AT1",583,56
918265,"FC Nantes","Paris Saint-Germain FC","01/14/2018 21:13:53","DANGER1",584,56
918265,"FC Nantes","Paris Saint-Germain FC","01/14/2018 21:13:53","DAT1",585,56
918265,"FC Nantes","Paris Saint-Germain FC","01/14/2018 21:14:16","SHG1",586,56
918265,"FC Nantes","Paris Saint-Germain FC","01/14/2018 21:14:27","AT2",587,56
918265,"FC Nantes","Paris Saint-Germain FC","01/14/2018 21:14:27","DANGER2",588,56
918265,"FC Nantes","Paris Saint-Germain FC","01/14/2018 21:14:27","DAT2",589,56
918265,"FC Nantes","Paris Saint-Germain FC","01/14/2018 21:14:41","SHB2",590,57
918265,"FC Nantes","Paris Saint-Germain FC","01/14/2018 21:14:43","SAFE1",591,57
918265,"FC Nantes","Paris Saint-Germain FC","01/14/2018 21:14:44","GK1",592,57
918265,"FC Nantes","Paris Saint-Germain FC","01/14/2018 21:14:46","Restart",593,57
918265,"FC Nantes","Paris Saint-Germain FC","01/14/2018 21:14:55","AT1",594,57
918265,"FC Nantes","Paris Saint-Germain FC","01/14/2018 21:14:58","DANGER1",595,57
918265,"FC Nantes","Paris Saint-Germain FC","01/14/2018 21:14:58","DAT1",596,57
918265,"FC Nantes","Paris Saint-Germain FC","01/14/2018 21:15:07","SAFE2",597,57
918265,"FC Nantes","Paris Saint-Germain FC","01/14/2018 21:15:18","AT2",598,57
918265,"FC Nantes","Paris Saint-Germain FC","01/14/2018 21:15:21","DANGER2",599,57
918265,"FC Nantes","Paris Saint-Germain FC","01/14/2018 21:15:21","DAT2",600,57
918265,"FC Nantes","Paris Saint-Germain FC","01/14/2018 21:15:30","PCR2",601,57
918265,"FC Nantes","Paris Saint-Germain FC","01/14/2018 21:15:43","CR2",602,58
918265,"FC Nantes","Paris Saint-Germain FC","01/14/2018 21:15:46","Ball Position",603,58
918265,"FC Nantes","Paris Saint-Germain FC","01/14/2018 21:16:03","Restart",604,58
918265,"FC Nantes","Paris Saint-Germain FC","01/14/2018 21:16:17","POSSIBLE_TI",605,58
918265,"FC Nantes","Paris Saint-Germain FC","01/14/2018 21:16:19","TI1",606,58
918265,"FC Nantes","Paris Saint-Germain FC","01/14/2018 21:16:31","Restart",607,58
918265,"FC Nantes","Paris Saint-Germain FC","01/14/2018 21:16:36","SAFE1",608,58
918265,"FC Nantes","Paris Saint-Germain FC","01/14/2018 21:16:42","POSSIBLE_TI",609,59
918265,"FC Nantes","Paris Saint-Germain FC","01/14/2018 21:16:44","TI1",610,59
918265,"FC Nantes","Paris Saint-Germain FC","01/14/2018 21:16:44","Restart",611,59
918265,"FC Nantes","Paris Saint-Germain FC","01/14/2018 21:16:53","SAFE2",612,59
918265,"FC Nantes","Paris Saint-Germain FC","01/14/2018 21:17:22","AT2",613,59
918265,"FC Nantes","Paris Saint-Germain FC","01/14/2018 21:17:30","DANGER2",614,59
918265,"FC Nantes","Paris Saint-Germain FC","01/14/2018 21:17:30","DAT2",615,59
918265,"FC Nantes","Paris Saint-Germain FC","01/14/2018 21:17:35","SAFE1",616,59
918265,"FC Nantes","Paris Saint-Germain FC","01/14/2018 21:17:45","AT1",617,60
918265,"FC Nantes","Paris Saint-Germain FC","01/14/2018 21:17:51","Possible Free Kick",618,60
918265,"FC Nantes","Paris Saint-Germain FC","01/14/2018 21:17:52","POSSIBLE_CARDS",620,60
918265,"FC Nantes","Paris Saint-Germain FC","01/14/2018 21:17:57","YC2",621,60
918265,"FC Nantes","Paris Saint-Germain FC","01/14/2018 21:17:58","CONF_YC2",622,60
918265,"FC Nantes","Paris Saint-Germain FC","01/14/2018 21:18:06","Scorer",623,60
918265,"FC Nantes","Paris Saint-Germain FC","01/14/2018 21:18:10","F2",624,60
918265,"FC Nantes","Paris Saint-Germain FC","01/14/2018 21:18:10","FK1",625,60
918265,"FC Nantes","Paris Saint-Germain FC","01/14/2018 21:18:10","DANGER1",626,60
918265,"FC Nantes","Paris Saint-Germain FC","01/14/2018 21:18:10","DFK1",627,60
918265,"FC Nantes","Paris Saint-Germain FC","01/14/2018 21:18:10","Ball Position",628,60
918265,"FC Nantes","Paris Saint-Germain FC","01/14/2018 21:18:15","Player_DATA_CONFIRMED",629,60
918265,"FC Nantes","Paris Saint-Germain FC","01/14/2018 21:18:31","Restart",630,60
918265,"FC Nantes","Paris Saint-Germain FC","01/14/2018 21:18:38","Possible Free Kick",631,61
918265,"FC Nantes","Paris Saint-Germain FC","01/14/2018 21:18:53","SAFE2",633,61
918265,"FC Nantes","Paris Saint-Germain FC","01/14/2018 21:18:53","O1",634,61
918265,"FC Nantes","Paris Saint-Germain FC","01/14/2018 21:18:53","FK2",635,61
918265,"FC Nantes","Paris Saint-Germain FC","01/14/2018 21:18:53","Ball Position",636,61
918265,"FC Nantes","Paris Saint-Germain FC","01/14/2018 21:19:02","Restart",637,61
918265,"FC Nantes","Paris Saint-Germain FC","01/14/2018 21:19:07","AT1",638,61
918265,"FC Nantes","Paris Saint-Germain FC","01/14/2018 21:19:08","POSSIBLE_TI",639,61
918265,"FC Nantes","Paris Saint-Germain FC","01/14/2018 21:19:08","TI1",640,61
918265,"FC Nantes","Paris Saint-Germain FC","01/14/2018 21:19:10","Restart",641,61
918265,"FC Nantes","Paris Saint-Germain FC","01/14/2018 21:19:17","DANGER1",642,61
918265,"FC Nantes","Paris Saint-Germain FC","01/14/2018 21:19:17","DAT1",643,61
918265,"FC Nantes","Paris Saint-Germain FC","01/14/2018 21:19:17","POSSIBLE_TI",644,61
918265,"FC Nantes","Paris Saint-Germain FC","01/14/2018 21:19:18","TI1",645,61
918265,"FC Nantes","Paris Saint-Germain FC","01/14/2018 21:19:22","Restart",646,61
918265,"FC Nantes","Paris Saint-Germain FC","01/14/2018 21:19:28","SAFE2",647,61
918265,"FC Nantes","Paris Saint-Germain FC","01/14/2018 21:19:33","AT2",648,61
918265,"FC Nantes","Paris Saint-Germain FC","01/14/2018 21:19:35","DANGER2",649,61
918265,"FC Nantes","Paris Saint-Germain FC","01/14/2018 21:19:35","DAT2",650,61
918265,"FC Nantes","Paris Saint-Germain FC","01/14/2018 21:20:03","SAFE1",651,62
918265,"FC Nantes","Paris Saint-Germain FC","01/14/2018 21:20:06","SAFE2",652,62
918265,"FC Nantes","Paris Saint-Germain FC","01/14/2018 21:20:11","POSSIBLE_TI",653,62
918265,"FC Nantes","Paris Saint-Germain FC","01/14/2018 21:20:13","TI2",654,62
918265,"FC Nantes","Paris Saint-Germain FC","01/14/2018 21:20:21","Restart",655,62
918265,"FC Nantes","Paris Saint-Germain FC","01/14/2018 21:20:41","AT2",656,63
918265,"FC Nantes","Paris Saint-Germain FC","01/14/2018 21:20:44","DANGER2",657,63
918265,"FC Nantes","Paris Saint-Germain FC","01/14/2018 21:20:44","DAT2",658,63
918265,"FC Nantes","Paris Saint-Germain FC","01/14/2018 21:20:51","SHB2",659,63
918265,"FC Nantes","Paris Saint-Germain FC","01/14/2018 21:20:53","SAFE1",660,63
918265,"FC Nantes","Paris Saint-Germain FC","01/14/2018 21:20:54","GK1",661,63
918265,"FC Nantes","Paris Saint-Germain FC","01/14/2018 21:20:57","Restart",662,63
918265,"FC Nantes","Paris Saint-Germain FC","01/14/2018 21:21:07","AT1",663,63
918265,"FC Nantes","Paris Saint-Germain FC","01/14/2018 21:21:13","DANGER1",664,63
918265,"FC Nantes","Paris Saint-Germain FC","01/14/2018 21:21:13","DAT1",665,63
918265,"FC Nantes","Paris Saint-Germain FC","01/14/2018 21:21:26","Possible Free Kick",666,63
918265,"FC Nantes","Paris Saint-Germain FC","01/14/2018 21:21:28","SAFE2",668,63
918265,"FC Nantes","Paris Saint-Germain FC","01/14/2018 21:21:28","F1",669,63
918265,"FC Nantes","Paris Saint-Germain FC","01/14/2018 21:21:28","FK2",670,63
918265,"FC Nantes","Paris Saint-Germain FC","01/14/2018 21:21:28","Ball Position",671,63
918265,"FC Nantes","Paris Saint-Germain FC","01/14/2018 21:21:38","Restart",672,64
918265,"FC Nantes","Paris Saint-Germain FC","01/14/2018 21:21:44","AT2",673,64
918265,"FC Nantes","Paris Saint-Germain FC","01/14/2018 21:21:44","DANGER2",674,64
918265,"FC Nantes","Paris Saint-Germain FC","01/14/2018 21:21:44","DAT2",675,64
918265,"FC Nantes","Paris Saint-Germain FC","01/14/2018 21:21:50","POSSIBLE_TI",676,64
918265,"FC Nantes","Paris Saint-Germain FC","01/14/2018 21:21:50","TI2",677,64
918265,"FC Nantes","Paris Saint-Germain FC","01/14/2018 21:22:02","Restart",678,64
918265,"FC Nantes","Paris Saint-Germain FC","01/14/2018 21:22:06","SAFE2",679,64
918265,"FC Nantes","Paris Saint-Germain FC","01/14/2018 21:22:15","AT1",680,64
918265,"FC Nantes","Paris Saint-Germain FC","01/14/2018 21:22:18","DANGER1",681,64
918265,"FC Nantes","Paris Saint-Germain FC","01/14/2018 21:22:18","DAT1",682,64
918265,"FC Nantes","Paris Saint-Germain FC","01/14/2018 21:22:30","SHG1",683,64
918265,"FC Nantes","Paris Saint-Germain FC","01/14/2018 21:22:36","SAFE2",684,64
918265,"FC Nantes","Paris Saint-Germain FC","01/14/2018 21:23:05","Injury Break",685,65
918265,"FC Nantes","Paris Saint-Germain FC","01/14/2018 21:24:19","SUB1",686,66
918265,"FC Nantes","Paris Saint-Germain FC","01/14/2018 21:24:23","Referee Ball",687,66
918265,"FC Nantes","Paris Saint-Germain FC","01/14/2018 21:24:34","Restart",688,66
918265,"FC Nantes","Paris Saint-Germain FC","01/14/2018 21:25:05","Player_DATA_CONFIRMED",689,67
918265,"FC Nantes","Paris Saint-Germain FC","01/14/2018 21:25:10","SAFE1",690,67
918265,"FC Nantes","Paris Saint-Germain FC","01/14/2018 21:25:19","Possible Free Kick",691,67
918265,"FC Nantes","Paris Saint-Germain FC","01/14/2018 21:25:28","F2",693,67
918265,"FC Nantes","Paris Saint-Germain FC","01/14/2018 21:25:28","FK1",694,67
918265,"FC Nantes","Paris Saint-Germain FC","01/14/2018 21:25:28","DANGER1",695,67
918265,"FC Nantes","Paris Saint-Germain FC","01/14/2018 21:25:28","DFK1",696,67
918265,"FC Nantes","Paris Saint-Germain FC","01/14/2018 21:25:28","Ball Position",697,67
918265,"FC Nantes","Paris Saint-Germain FC","01/14/2018 21:25:44","SUB2",698,68
918265,"FC Nantes","Paris Saint-Germain FC","01/14/2018 21:25:49","Player_DATA_CONFIRMED",699,68
918265,"FC Nantes","Paris Saint-Germain FC","01/14/2018 21:25:56","Restart",700,68
918265,"FC Nantes","Paris Saint-Germain FC","01/14/2018 21:26:05","SAFE2",701,68
918265,"FC Nantes","Paris Saint-Germain FC","01/14/2018 21:26:06","SAFE1",702,68
918265,"FC Nantes","Paris Saint-Germain FC","01/14/2018 21:26:07","AT1",703,68
918265,"FC Nantes","Paris Saint-Germain FC","01/14/2018 21:26:10","DANGER1",704,68
918265,"FC Nantes","Paris Saint-Germain FC","01/14/2018 21:26:10","DAT1",705,68
918265,"FC Nantes","Paris Saint-Germain FC","01/14/2018 21:26:13","POSSIBLE_TI",706,68
918265,"FC Nantes","Paris Saint-Germain FC","01/14/2018 21:26:14","TI1",707,68
918265,"FC Nantes","Paris Saint-Germain FC","01/14/2018 21:26:18","Restart",708,68
918265,"FC Nantes","Paris Saint-Germain FC","01/14/2018 21:26:39","SAFE2",709,69
918265,"FC Nantes","Paris Saint-Germain FC","01/14/2018 21:26:57","AT2",710,69
918265,"FC Nantes","Paris Saint-Germain FC","01/14/2018 21:26:57","DANGER2",711,69
918265,"FC Nantes","Paris Saint-Germain FC","01/14/2018 21:26:57","DAT2",712,69
918265,"FC Nantes","Paris Saint-Germain FC","01/14/2018 21:27:07","SAFE1",713,69
918265,"FC Nantes","Paris Saint-Germain FC","01/14/2018 21:27:12","AT1",714,69
918265,"FC Nantes","Paris Saint-Germain FC","01/14/2018 21:27:16","SAFE2",715,69
918265,"FC Nantes","Paris Saint-Germain FC","01/14/2018 21:27:29","AT2",716,69
918265,"FC Nantes","Paris Saint-Germain FC","01/14/2018 21:27:30","DANGER2",717,69
918265,"FC Nantes","Paris Saint-Germain FC","01/14/2018 21:27:30","DAT2",718,69
918265,"FC Nantes","Paris Saint-Germain FC","01/14/2018 21:27:36","SAFE1",719,69
918265,"FC Nantes","Paris Saint-Germain FC","01/14/2018 21:27:44","SAFE2",720,70
918265,"FC Nantes","Paris Saint-Germain FC","01/14/2018 21:27:45","POSSIBLE_TI",721,70
918265,"FC Nantes","Paris Saint-Germain FC","01/14/2018 21:27:46","TI2",722,70
918265,"FC Nantes","Paris Saint-Germain FC","01/14/2018 21:27:48","Restart",723,70
918265,"FC Nantes","Paris Saint-Germain FC","01/14/2018 21:27:51","AT2",724,70
918265,"FC Nantes","Paris Saint-Germain FC","01/14/2018 21:28:12","SAFE1",725,70
918265,"FC Nantes","Paris Saint-Germain FC","01/14/2018 21:28:17","AT1",726,70
918265,"FC Nantes","Paris Saint-Germain FC","01/14/2018 21:28:22","SAFE2",727,70
918265,"FC Nantes","Paris Saint-Germain FC","01/14/2018 21:28:26","SAFE2",728,70
918265,"FC Nantes","Paris Saint-Germain FC","01/14/2018 21:28:30","AT2",729,70
918265,"FC Nantes","Paris Saint-Germain FC","01/14/2018 21:28:40","DANGER2",730,71
918265,"FC Nantes","Paris Saint-Germain FC","01/14/2018 21:28:40","DAT2",731,71
918265,"FC Nantes","Paris Saint-Germain FC","01/14/2018 21:28:49","PCR2",732,71
918265,"FC Nantes","Paris Saint-Germain FC","01/14/2018 21:28:57","CR2",733,71
918265,"FC Nantes","Paris Saint-Germain FC","01/14/2018 21:28:59","Ball Position",734,71
918265,"FC Nantes","Paris Saint-Germain FC","01/14/2018 21:29:20","Restart",735,71
918265,"FC Nantes","Paris Saint-Germain FC","01/14/2018 21:29:24","BLOCKED2",736,71
918265,"FC Nantes","Paris Saint-Germain FC","01/14/2018 21:29:45","SHB2",737,72
918265,"FC Nantes","Paris Saint-Germain FC","01/14/2018 21:29:46","SAFE1",738,72
918265,"FC Nantes","Paris Saint-Germain FC","01/14/2018 21:29:47","GK1",739,72
918265,"FC Nantes","Paris Saint-Germain FC","01/14/2018 21:30:13","SUB1",740,72
918265,"FC Nantes","Paris Saint-Germain FC","01/14/2018 21:30:25","Restart",741,72
918265,"FC Nantes","Paris Saint-Germain FC","01/14/2018 21:30:29","AT2",742,72
918265,"FC Nantes","Paris Saint-Germain FC","01/14/2018 21:30:36","SAFE1",743,72
918265,"FC Nantes","Paris Saint-Germain FC","01/14/2018 21:30:37","Player_DATA_CONFIRMED",744,73
918265,"FC Nantes","Paris Saint-Germain FC","01/14/2018 21:30:44","SAFE2",745,73
918265,"FC Nantes","Paris Saint-Germain FC","01/14/2018 21:31:25","AT2",746,73
918265,"FC Nantes","Paris Saint-Germain FC","01/14/2018 21:31:31","SAFE1",747,73
918265,"FC Nantes","Paris Saint-Germain FC","01/14/2018 21:31:38","SAFE2",748,74
918265,"FC Nantes","Paris Saint-Germain FC","01/14/2018 21:31:39","POSSIBLE_TI",749,74
918265,"FC Nantes","Paris Saint-Germain FC","01/14/2018 21:31:39","TI2",750,74
918265,"FC Nantes","Paris Saint-Germain FC","01/14/2018 21:31:44","Restart",751,74
918265,"FC Nantes","Paris Saint-Germain FC","01/14/2018 21:32:00","AT2",752,74
918265,"FC Nantes","Paris Saint-Germain FC","01/14/2018 21:32:00","DANGER2",753,74
918265,"FC Nantes","Paris Saint-Germain FC","01/14/2018 21:32:00","DAT2",754,74
918265,"FC Nantes","Paris Saint-Germain FC","01/14/2018 21:32:09","SAFE1",755,74
918265,"FC Nantes","Paris Saint-Germain FC","01/14/2018 21:32:14","AT1",756,74
918265,"FC Nantes","Paris Saint-Germain FC","01/14/2018 21:32:19","DANGER1",757,74
918265,"FC Nantes","Paris Saint-Germain FC","01/14/2018 21:32:19","DAT1",758,74
918265,"FC Nantes","Paris Saint-Germain FC","01/14/2018 21:32:29","SAFE2",759,74
918265,"FC Nantes","Paris Saint-Germain FC","01/14/2018 21:32:34","AT2",760,74
918265,"FC Nantes","Paris Saint-Germain FC","01/14/2018 21:32:36","DANGER2",761,74
918265,"FC Nantes","Paris Saint-Germain FC","01/14/2018 21:32:36","DAT2",762,74
918265,"FC Nantes","Paris Saint-Germain FC","01/14/2018 21:32:39","Possible Free Kick",763,75
918265,"FC Nantes","Paris Saint-Germain FC","01/14/2018 21:32:40","POSSIBLE_CARDS",765,75
918265,"FC Nantes","Paris Saint-Germain FC","01/14/2018 21:33:33","NO_Cards",766,75
918265,"FC Nantes","Paris Saint-Germain FC","01/14/2018 21:33:37","F1",767,76
918265,"FC Nantes","Paris Saint-Germain FC","01/14/2018 21:33:37","FK2",768,76
918265,"FC Nantes","Paris Saint-Germain FC","01/14/2018 21:33:37","DFK2",769,76
918265,"FC Nantes","Paris Saint-Germain FC","01/14/2018 21:33:37","Ball Position",770,76
918265,"FC Nantes","Paris Saint-Germain FC","01/14/2018 21:33:45","Restart",771,76
918265,"FC Nantes","Paris Saint-Germain FC","01/14/2018 21:33:52","SHB2",772,76
918265,"FC Nantes","Paris Saint-Germain FC","01/14/2018 21:33:53","SAFE1",773,76
918265,"FC Nantes","Paris Saint-Germain FC","01/14/2018 21:33:55","GK1",774,76
918265,"FC Nantes","Paris Saint-Germain FC","01/14/2018 21:34:06","Restart",775,76
918265,"FC Nantes","Paris Saint-Germain FC","01/14/2018 21:34:08","AT2",776,76
918265,"FC Nantes","Paris Saint-Germain FC","01/14/2018 21:34:08","DANGER2",777,76
918265,"FC Nantes","Paris Saint-Germain FC","01/14/2018 21:34:08","DAT2",778,76
918265,"FC Nantes","Paris Saint-Germain FC","01/14/2018 21:34:25","SAFE1",779,76
918265,"FC Nantes","Paris Saint-Germain FC","01/14/2018 21:34:36","SAFE2",780,76
918265,"FC Nantes","Paris Saint-Germain FC","01/14/2018 21:34:39","AT2",781,77
918265,"FC Nantes","Paris Saint-Germain FC","01/14/2018 21:34:45","DANGER2",782,77
918265,"FC Nantes","Paris Saint-Germain FC","01/14/2018 21:34:45","DAT2",783,77
918265,"FC Nantes","Paris Saint-Germain FC","01/14/2018 21:35:05","SHB2",784,77
918265,"FC Nantes","Paris Saint-Germain FC","01/14/2018 21:35:09","SAFE1",785,77
918265,"FC Nantes","Paris Saint-Germain FC","01/14/2018 21:35:09","GK1",786,77
918265,"FC Nantes","Paris Saint-Germain FC","01/14/2018 21:35:22","Restart",787,77
918265,"FC Nantes","Paris Saint-Germain FC","01/14/2018 21:35:33","AT1",788,77
918265,"FC Nantes","Paris Saint-Germain FC","01/14/2018 21:35:49","DANGER1",789,78
918265,"FC Nantes","Paris Saint-Germain FC","01/14/2018 21:35:49","DAT1",790,78
918265,"FC Nantes","Paris Saint-Germain FC","01/14/2018 21:36:09","BLOCKED1",791,78
918265,"FC Nantes","Paris Saint-Germain FC","01/14/2018 21:36:18","SAFE2",792,78
918265,"FC Nantes","Paris Saint-Germain FC","01/14/2018 21:36:21","AT2",793,78
918265,"FC Nantes","Paris Saint-Germain FC","01/14/2018 21:36:25","SAFE1",794,78
918265,"FC Nantes","Paris Saint-Germain FC","01/14/2018 21:36:35","AT1",795,78
918265,"FC Nantes","Paris Saint-Germain FC","01/14/2018 21:36:41","DANGER1",796,79
918265,"FC Nantes","Paris Saint-Germain FC","01/14/2018 21:36:41","DAT1",797,79
918265,"FC Nantes","Paris Saint-Germain FC","01/14/2018 21:36:48","Possible Free Kick",798,79
918265,"FC Nantes","Paris Saint-Germain FC","01/14/2018 21:36:52","SAFE2",800,79
918265,"FC Nantes","Paris Saint-Germain FC","01/14/2018 21:36:52","O1",801,79
918265,"FC Nantes","Paris Saint-Germain FC","01/14/2018 21:36:52","FK2",802,79
918265,"FC Nantes","Paris Saint-Germain FC","01/14/2018 21:36:52","Ball Position",803,79
918265,"FC Nantes","Paris Saint-Germain FC","01/14/2018 21:36:56","Restart",804,79
918265,"FC Nantes","Paris Saint-Germain FC","01/14/2018 21:37:14","AT2",805,79
918265,"FC Nantes","Paris Saint-Germain FC","01/14/2018 21:37:27","DANGER2",806,79
918265,"FC Nantes","Paris Saint-Germain FC","01/14/2018 21:37:27","DAT2",807,79
918265,"FC Nantes","Paris Saint-Germain FC","01/14/2018 21:37:43","SAFE1",808,80
918265,"FC Nantes","Paris Saint-Germain FC","01/14/2018 21:37:46","AT2",809,80
918265,"FC Nantes","Paris Saint-Germain FC","01/14/2018 21:37:46","POSSIBLE_TI",810,80
918265,"FC Nantes","Paris Saint-Germain FC","01/14/2018 21:37:47","TI2",811,80
918265,"FC Nantes","Paris Saint-Germain FC","01/14/2018 21:38:00","SUB1",812,80
918265,"FC Nantes","Paris Saint-Germain FC","01/14/2018 21:38:27","SUB1",813,80
918265,"FC Nantes","Paris Saint-Germain FC","01/14/2018 21:38:46","Restart",814,81
918265,"FC Nantes","Paris Saint-Germain FC","01/14/2018 21:38:47","Player_DATA_CONFIRMED",815,81
918265,"FC Nantes","Paris Saint-Germain FC","01/14/2018 21:39:08","SAFE1",816,81
918265,"FC Nantes","Paris Saint-Germain FC","01/14/2018 21:39:09","AT1",817,81
918265,"FC Nantes","Paris Saint-Germain FC","01/14/2018 21:39:10","SAFE2",818,81
918265,"FC Nantes","Paris Saint-Germain FC","01/14/2018 21:39:22","SAFE1",819,81
918265,"FC Nantes","Paris Saint-Germain FC","01/14/2018 21:39:52","CLR",820,82
918265,"FC Nantes","Paris Saint-Germain FC","01/14/2018 21:39:56","SUB2",821,82
918265,"FC Nantes","Paris Saint-Germain FC","01/14/2018 21:39:56","Time Correction",822,82
918265,"FC Nantes","Paris Saint-Germain FC","01/14/2018 21:39:56","Player_DATA_CONFIRMED",823,82
918265,"FC Nantes","Paris Saint-Germain FC","01/14/2018 21:40:04","AT2",824,82
918265,"FC Nantes","Paris Saint-Germain FC","01/14/2018 21:40:09","SAFE1",825,82
918265,"FC Nantes","Paris Saint-Germain FC","01/14/2018 21:40:10","POSSIBLE_TI",826,82
918265,"FC Nantes","Paris Saint-Germain FC","01/14/2018 21:40:12","TI1",827,82
918265,"FC Nantes","Paris Saint-Germain FC","01/14/2018 21:40:19","Restart",828,82
918265,"FC Nantes","Paris Saint-Germain FC","01/14/2018 21:40:27","Possible Free Kick",829,82
918265,"FC Nantes","Paris Saint-Germain FC","01/14/2018 21:40:28","SAFE2",831,82
918265,"FC Nantes","Paris Saint-Germain FC","01/14/2018 21:40:29","F1",832,82
918265,"FC Nantes","Paris Saint-Germain FC","01/14/2018 21:40:29","FK2",833,82
918265,"FC Nantes","Paris Saint-Germain FC","01/14/2018 21:40:29","Ball Position",834,82
918265,"FC Nantes","Paris Saint-Germain FC","01/14/2018 21:40:30","Time Correction",835,82
918265,"FC Nantes","Paris Saint-Germain FC","01/14/2018 21:40:35","Restart",836,82
918265,"FC Nantes","Paris Saint-Germain FC","01/14/2018 21:40:43","AT2",837,83
918265,"FC Nantes","Paris Saint-Germain FC","01/14/2018 21:40:47","DANGER2",838,83
918265,"FC Nantes","Paris Saint-Germain FC","01/14/2018 21:40:47","DAT2",839,83
918265,"FC Nantes","Paris Saint-Germain FC","01/14/2018 21:40:52","Possible Free Kick",840,83
918265,"FC Nantes","Paris Saint-Germain FC","01/14/2018 21:40:56","SAFE1",842,83
918265,"FC Nantes","Paris Saint-Germain FC","01/14/2018 21:40:56","O2",843,83
918265,"FC Nantes","Paris Saint-Germain FC","01/14/2018 21:40:56","FK1",844,83
918265,"FC Nantes","Paris Saint-Germain FC","01/14/2018 21:40:56","Ball Position",845,83
918265,"FC Nantes","Paris Saint-Germain FC","01/14/2018 21:41:04","Restart",846,83
918265,"FC Nantes","Paris Saint-Germain FC","01/14/2018 21:41:25","AT1",847,83
918265,"FC Nantes","Paris Saint-Germain FC","01/14/2018 21:41:29","DANGER1",848,83
918265,"FC Nantes","Paris Saint-Germain FC","01/14/2018 21:41:29","DAT1",849,83
918265,"FC Nantes","Paris Saint-Germain FC","01/14/2018 21:41:39","SHG1",850,84
918265,"FC Nantes","Paris Saint-Germain FC","01/14/2018 21:41:45","SAFE2",851,84
918265,"FC Nantes","Paris Saint-Germain FC","01/14/2018 21:42:10","AT2",852,84
918265,"FC Nantes","Paris Saint-Germain FC","01/14/2018 21:42:13","DANGER2",853,84
918265,"FC Nantes","Paris Saint-Germain FC","01/14/2018 21:42:13","DAT2",854,84
918265,"FC Nantes","Paris Saint-Germain FC","01/14/2018 21:42:34","SAFE1",855,84
918265,"FC Nantes","Paris Saint-Germain FC","01/14/2018 21:42:35","POSSIBLE_TI",856,84
918265,"FC Nantes","Paris Saint-Germain FC","01/14/2018 21:42:35","TI1",857,84
918265,"FC Nantes","Paris Saint-Germain FC","01/14/2018 21:42:36","Restart",858,84
918265,"FC Nantes","Paris Saint-Germain FC","01/14/2018 21:42:46","AT2",859,85
918265,"FC Nantes","Paris Saint-Germain FC","01/14/2018 21:42:46","DANGER2",860,85
918265,"FC Nantes","Paris Saint-Germain FC","01/14/2018 21:42:46","DAT2",861,85
918265,"FC Nantes","Paris Saint-Germain FC","01/14/2018 21:42:58","PCR2",862,85
918265,"FC Nantes","Paris Saint-Germain FC","01/14/2018 21:43:02","CR2",863,85
918265,"FC Nantes","Paris Saint-Germain FC","01/14/2018 21:43:05","SHG2",864,85
918265,"FC Nantes","Paris Saint-Germain FC","01/14/2018 21:43:06","Ball Position",865,85
918265,"FC Nantes","Paris Saint-Germain FC","01/14/2018 21:43:31","Restart",866,85
918265,"FC Nantes","Paris Saint-Germain FC","01/14/2018 21:43:40","SAFE1",867,86
918265,"FC Nantes","Paris Saint-Germain FC","01/14/2018 21:43:41","GK1",868,86
918265,"FC Nantes","Paris Saint-Germain FC","01/14/2018 21:43:44","Restart",869,86
918265,"FC Nantes","Paris Saint-Germain FC","01/14/2018 21:43:49","AT1",870,86
918265,"FC Nantes","Paris Saint-Germain FC","01/14/2018 21:44:00","DANGER1",871,86
918265,"FC Nantes","Paris Saint-Germain FC","01/14/2018 21:44:00","DAT1",872,86
918265,"FC Nantes","Paris Saint-Germain FC","01/14/2018 21:44:30","Referee Ball",873,86
918265,"FC Nantes","Paris Saint-Germain FC","01/14/2018 21:44:34","SAFE2",874,86
918265,"FC Nantes","Paris Saint-Germain FC","01/14/2018 21:44:35","Restart",875,86
918265,"FC Nantes","Paris Saint-Germain FC","01/14/2018 21:44:53","AT1",876,87
918265,"FC Nantes","Paris Saint-Germain FC","01/14/2018 21:45:04","DANGER1",877,87
918265,"FC Nantes","Paris Saint-Germain FC","01/14/2018 21:45:04","DAT1",878,87
918265,"FC Nantes","Paris Saint-Germain FC","01/14/2018 21:45:18","SAFE2",879,87
918265,"FC Nantes","Paris Saint-Germain FC","01/14/2018 21:45:19","SAFE1",880,87
918265,"FC Nantes","Paris Saint-Germain FC","01/14/2018 21:45:25","AT1",881,87
918265,"FC Nantes","Paris Saint-Germain FC","01/14/2018 21:45:25","DANGER1",882,87
918265,"FC Nantes","Paris Saint-Germain FC","01/14/2018 21:45:25","DAT1",883,87
918265,"FC Nantes","Paris Saint-Germain FC","01/14/2018 21:45:30","PCR1",884,87
918265,"FC Nantes","Paris Saint-Germain FC","01/14/2018 21:45:33","CR1",885,87
918265,"FC Nantes","Paris Saint-Germain FC","01/14/2018 21:45:36","Ball Position",886,87
918265,"FC Nantes","Paris Saint-Germain FC","01/14/2018 21:45:45","Restart",887,88
918265,"FC Nantes","Paris Saint-Germain FC","01/14/2018 21:45:51","SAFE2",888,88
918265,"FC Nantes","Paris Saint-Germain FC","01/14/2018 21:45:52","AT1",889,88
918265,"FC Nantes","Paris Saint-Germain FC","01/14/2018 21:45:56","DANGER1",890,88
918265,"FC Nantes","Paris Saint-Germain FC","01/14/2018 21:45:56","DAT1",891,88
918265,"FC Nantes","Paris Saint-Germain FC","01/14/2018 21:45:58","SAFE2",892,88
918265,"FC Nantes","Paris Saint-Germain FC","01/14/2018 21:46:00","AT2",893,88
918265,"FC Nantes","Paris Saint-Germain FC","01/14/2018 21:46:08","DANGER2",894,88
918265,"FC Nantes","Paris Saint-Germain FC","01/14/2018 21:46:08","DAT2",895,88
918265,"FC Nantes","Paris Saint-Germain FC","01/14/2018 21:46:16","SAFE1",896,88
918265,"FC Nantes","Paris Saint-Germain FC","01/14/2018 21:46:26","SAFE2",897,88
918265,"FC Nantes","Paris Saint-Germain FC","01/14/2018 21:46:27","POSSIBLE_TI",898,88
918265,"FC Nantes","Paris Saint-Germain FC","01/14/2018 21:46:30","TI2",899,88
918265,"FC Nantes","Paris Saint-Germain FC","01/14/2018 21:46:34","Restart",900,88
918265,"FC Nantes","Paris Saint-Germain FC","01/14/2018 21:46:42","AT2",901,89
918265,"FC Nantes","Paris Saint-Germain FC","01/14/2018 21:46:45","DANGER2",902,89
918265,"FC Nantes","Paris Saint-Germain FC","01/14/2018 21:46:45","DAT2",903,89
918265,"FC Nantes","Paris Saint-Germain FC","01/14/2018 21:47:03","PCR2",904,89
918265,"FC Nantes","Paris Saint-Germain FC","01/14/2018 21:47:07","CR2",905,89
918265,"FC Nantes","Paris Saint-Germain FC","01/14/2018 21:47:09","BLOCKED2",906,89
918265,"FC Nantes","Paris Saint-Germain FC","01/14/2018 21:47:10","Ball Position",907,89
918265,"FC Nantes","Paris Saint-Germain FC","01/14/2018 21:47:32","Restart",908,89
918265,"FC Nantes","Paris Saint-Germain FC","01/14/2018 21:47:38","SHG2",909,90
918265,"FC Nantes","Paris Saint-Germain FC","01/14/2018 21:47:44","SAFE1",910,90
918265,"FC Nantes","Paris Saint-Germain FC","01/14/2018 21:47:50","AT1",911,90
918265,"FC Nantes","Paris Saint-Germain FC","01/14/2018 21:48:00","Possible Free Kick",912,90
918265,"FC Nantes","Paris Saint-Germain FC","01/14/2018 21:48:12","F2",914,90
918265,"FC Nantes","Paris Saint-Germain FC","01/14/2018 21:48:12","FK1",915,90
918265,"FC Nantes","Paris Saint-Germain FC","01/14/2018 21:48:12","DANGER1",916,90
918265,"FC Nantes","Paris Saint-Germain FC","01/14/2018 21:48:12","DFK1",917,90
918265,"FC Nantes","Paris Saint-Germain FC","01/14/2018 21:48:12","Ball Position",918,90
918265,"FC Nantes","Paris Saint-Germain FC","01/14/2018 21:48:23","Restart",919,90
918265,"FC Nantes","Paris Saint-Germain FC","01/14/2018 21:48:30","SAFE2",920,90
918265,"FC Nantes","Paris Saint-Germain FC","01/14/2018 21:48:31","AT2",921,90
918265,"FC Nantes","Paris Saint-Germain FC","01/14/2018 21:48:31","DANGER2",922,90
918265,"FC Nantes","Paris Saint-Germain FC","01/14/2018 21:48:31","DAT2",923,90
918265,"FC Nantes","Paris Saint-Germain FC","01/14/2018 21:48:41","SAFE1",924,91
918265,"FC Nantes","Paris Saint-Germain FC","01/14/2018 21:48:47","Extra Time",925,91
918265,"FC Nantes","Paris Saint-Germain FC","01/14/2018 21:48:52","POSSIBLE_CARDS",926,91
918265,"FC Nantes","Paris Saint-Germain FC","01/14/2018 21:48:52","PRC",927,91
918265,"FC Nantes","Paris Saint-Germain FC","01/14/2018 21:48:52","Danger",928,91
918265,"FC Nantes","Paris Saint-Germain FC","01/14/2018 21:49:02","RC1",929,91
918265,"FC Nantes","Paris Saint-Germain FC","01/14/2018 21:49:06","CONF_RC1",930,91
918265,"FC Nantes","Paris Saint-Germain FC","01/14/2018 21:49:21","CRC1",931,91
918265,"FC Nantes","Paris Saint-Germain FC","01/14/2018 21:49:23","YRC1",932,91
918265,"FC Nantes","Paris Saint-Germain FC","01/14/2018 21:49:26","CONF_YC_RC1",933,91
918265,"FC Nantes","Paris Saint-Germain FC","01/14/2018 21:49:37","Time Correction",934,92
918265,"FC Nantes","Paris Saint-Germain FC","01/14/2018 21:49:45","Scorer",935,92
918265,"FC Nantes","Paris Saint-Germain FC","01/14/2018 21:50:04","Player_DATA_CONFIRMED",936,92
918265,"FC Nantes","Paris Saint-Germain FC","01/14/2018 21:50:07","Possible Free Kick",937,92
918265,"FC Nantes","Paris Saint-Germain FC","01/14/2018 21:50:09","F2",939,92
918265,"FC Nantes","Paris Saint-Germain FC","01/14/2018 21:50:09","FK1",940,92
918265,"FC Nantes","Paris Saint-Germain FC","01/14/2018 21:50:09","DFK1",941,92
918265,"FC Nantes","Paris Saint-Germain FC","01/14/2018 21:50:09","Ball Position",942,92
918265,"FC Nantes","Paris Saint-Germain FC","01/14/2018 21:51:05","Restart",943,93
918265,"FC Nantes","Paris Saint-Germain FC","01/14/2018 21:51:16","BLOCKED1",944,93
918265,"FC Nantes","Paris Saint-Germain FC","01/14/2018 21:51:26","AT2",945,93
918265,"FC Nantes","Paris Saint-Germain FC","01/14/2018 21:51:26","DANGER2",946,93
918265,"FC Nantes","Paris Saint-Germain FC","01/14/2018 21:51:26","DAT2",947,93
918265,"FC Nantes","Paris Saint-Germain FC","01/14/2018 21:51:28","SHW2",948,93
918265,"FC Nantes","Paris Saint-Germain FC","01/14/2018 21:51:31","SAFE1",949,93
918265,"FC Nantes","Paris Saint-Germain FC","01/14/2018 21:51:32","AT1",950,93
918265,"FC Nantes","Paris Saint-Germain FC","01/14/2018 21:51:32","DANGER1",951,93
918265,"FC Nantes","Paris Saint-Germain FC","01/14/2018 21:51:32","DAT1",952,93
918265,"FC Nantes","Paris Saint-Germain FC","01/14/2018 21:51:40","SAFE2",953,94
918265,"FC Nantes","Paris Saint-Germain FC","01/14/2018 21:51:43","GK2",954,94
918265,"FC Nantes","Paris Saint-Germain FC","01/14/2018 21:52:07","Restart",955,94
918265,"FC Nantes","Paris Saint-Germain FC","01/14/2018 21:52:18","AT1",956,94
918265,"FC Nantes","Paris Saint-Germain FC","01/14/2018 21:52:27","Possible Free Kick",957,94
918265,"FC Nantes","Paris Saint-Germain FC","01/14/2018 21:52:29","F2",959,94
918265,"FC Nantes","Paris Saint-Germain FC","01/14/2018 21:52:29","FK1",960,94
918265,"FC Nantes","Paris Saint-Germain FC","01/14/2018 21:52:29","DANGER1",961,94
918265,"FC Nantes","Paris Saint-Germain FC","01/14/2018 21:52:29","DFK1",962,94
918265,"FC Nantes","Paris Saint-Germain FC","01/14/2018 21:52:29","Ball Position",963,94
918265,"FC Nantes","Paris Saint-Germain FC","01/14/2018 21:52:54","Restart",964,95
918265,"FC Nantes","Paris Saint-Germain FC","01/14/2018 21:53:13","Stop RT2",965,95
918265,"FC Nantes","Paris Saint-Germain FC","01/14/2018 21:53:13","Stop Game",966,95
918265,"FC Nantes","Paris Saint-Germain FC","01/14/2018 21:53:36","CONF_PERIOD_SCORE",967,94
