Date;VH;Team;1st;2nd;3rd;4th;5th;6th;7th;8th;9th;Final;Model 1;Model 2
723;V;NYY;2;0;1;0;1;0;x;x;x;4;-126;-170
723;H;WAS;1;0;0;0;0;0;x;x;x;1;114;160
723;V;SFO;0;0;1;0;0;0;0;0;0;1;264;250
723;H;LAD;0;0;0;1;0;0;5;2;0;8;-300;-290
724;V;ATL;0;0;0;0;0;0;0;0;0;0;110;157
724;H;NYM;0;0;0;0;0;0;1;0;x;1;-130;-167
724;V;DET;0;0;0;1;0;0;0;0;0;1;-200;163
724;H;CIN;2;0;1;0;1;1;2;0;x;7;170;-176
724;V;TOR;0;0;0;3;3;0;0;0;0;6;-140;135
724;H;TAM;0;0;0;1;2;0;0;1;0;4;120;-145
724;V;MIA;0;0;1;0;0;4;0;0;0;5;-175;185
724;H;PHI;0;0;0;0;1;0;1;0;0;2;151;-205
724;V;KAN;0;0;0;0;0;0;0;0;0;0;115;205
724;H;CLE;0;0;0;0;2;0;0;0;x;2;-135;-225
724;V;MIL;0;0;0;0;0;0;0;0;0;0;-140;105
724;H;CUB;0;0;2;0;0;0;0;1;x;3;120;-115
724;V;BAL;0;0;0;0;0;1;1;0;0;2;166;195
724;H;BOS;0;0;4;6;0;3;0;0;x;13;-185;-215
724;V;COL;0;0;0;0;0;0;0;0;0;0;-140;-105
724;H;TEX;0;0;0;0;0;1;0;0;x;1;120;-105
724;V;MIN;4;1;0;2;0;0;3;0;0;10;-160;-117
724;H;CWS;1;4;0;0;0;0;0;0;0;5;140;107
724;V;PIT;0;0;0;0;0;0;2;0;2;4;-110;165
724;H;STL;0;0;1;0;1;1;0;2;x;5;-110;-180
724;V;SEA;0;1;0;1;0;0;0;0;0;2;120;250
724;H;HOU;0;0;1;0;5;1;1;0;x;8;-140;-290
724;V;ARI;0;0;0;0;0;0;1;0;1;2;-140;130
724;H;SDG;0;0;0;0;0;3;4;0;x;7;120;-140
724;V;SFO;0;0;1;0;0;0;0;0;0;1;213;285
724;H;LAD;1;1;0;1;1;1;2;2;x;9;-240;-330
724;V;LAA;0;0;0;1;0;0;1;0;1;3;-140;136
724;H;OAK;0;0;0;1;0;0;0;2;0;7;120;-146
725;V;MIL;0;1;0;2;1;2;2;0;0;8;131;140
725;H;CUB;1;0;0;0;2;0;0;0;0;3;-145;-150
725;V;BAL;3;2;0;0;0;0;2;0;0;7;157;180
725;H;BOS;0;0;0;0;0;2;0;0;0;2;-175;-200
725;V;MIN;0;0;0;0;0;3;0;0;0;3;-125;-110
725;H;CWS;0;0;1;0;4;1;4;0;x;10;114;100
725;V;PIT;0;1;0;0;0;0;0;0;0;1;144;141
725;H;STL;1;0;0;2;0;0;4;2;x;9;-160;-151
725;V;TOR;0;0;0;0;0;0;1;0;0;1;135;135
725;H;TAM;0;0;0;0;0;1;0;3;x;4;-155;-145
725;V;MIA;0;0;0;0;1;0;0;0;0;1;160;170
725;H;PHI;0;1;0;0;0;2;3;1;x;7;-185;-185
725;V;COL;0;0;0;2;0;0;1;0;0;3;-115;110
725;H;TEX;0;0;0;0;1;0;0;0;1;2;-105;-120
725;V;SEA;0;0;0;0;1;1;0;0;0;2;215;260
725;H;HOU;1;0;0;4;1;1;0;0;x;7;-260;-300
725;V;LAA;0;0;0;1;3;0;0;0;0;4;151;114
725;H;OAK;0;0;0;0;0;0;1;0;0;1;-175;-124
725;V;SFO;1;1;1;2;0;0;0;0;0;5;245;320
725;H;LAD;1;0;0;0;0;0;0;2;1;4;-300;-380
725;V;ATL;0;1;0;0;0;0;0;0;1;5;100;-116
725;H;NYM;0;0;0;0;2;0;0;0;0;3;-120;106
725;V;DET;1;0;0;0;0;0;3;0;2;6;170;245
725;H;CIN;1;2;0;0;0;0;1;0;0;4;-200;-280
725;V;KAN;2;0;0;0;0;0;0;0;0;3;207;230
725;H;CLE;0;0;2;0;0;0;0;0;0;2;-250;-260
725;V;NYY;0;0;1;1;0;0;0;0;0;2;-120;-220
725;H;WAS;0;3;0;2;2;0;1;1;x;9;100;200
725;V;ARI;0;0;0;1;0;0;0;0;0;1;100;118
725;H;SDG;0;0;0;3;0;0;2;0;x;5;-120;-128
726;V;MIA;0;4;0;2;3;1;1;0;0;11;140;185
726;H;PHI;4;1;0;0;0;1;0;0;0;6;-155;-205
726;V;NYY;0;0;0;0;0;0;2;1;0;3;-110;-120
726;H;WAS;0;0;1;1;0;0;0;0;0;2;100;110
726;V;TOR;0;0;0;0;0;4;0;0;0;5;170;170
726;H;TAM;0;0;0;0;0;1;1;0;2;6;-200;-185
726;V;DET;0;0;1;0;0;0;0;0;2;3;213;177
726;H;CIN;0;0;0;0;1;0;0;0;1;2;-240;-194
726;V;KAN;0;0;0;1;1;0;0;0;0;2;213;200
726;H;CLE;2;0;2;3;0;1;1;0;x;9;-240;-220
726;V;BAL;2;0;1;3;0;0;0;0;1;7;170;178
726;H;BOS;0;1;0;0;1;2;0;0;0;4;-190;-196
726;V;MIN;4;5;0;1;0;0;0;3;1;14;-120;-150
726;H;CWS;0;0;0;0;2;0;0;0;0;2;110;140
726;V;SEA;2;0;0;2;0;0;0;3;0;7;304;235
726;H;HOU;1;0;0;4;0;0;0;0;1;6;-350;-265
726;V;PIT;0;0;0;3;1;0;0;1;0;5;188;130
726;H;STL;0;0;1;0;0;0;0;0;0;1;-210;-140
726;V;MIL;0;0;0;0;1;0;0;0;0;1;-115;-105
726;H;CUB;0;1;0;4;0;0;1;3;x;9;-105;-105
726;V;COL;0;0;0;3;0;1;0;0;1;5;157;130
726;H;TEX;0;1;1;0;0;0;0;0;0;2;-175;-140
726;V;LAA;0;0;3;0;1;0;0;0;0;4;-115;100
726;H;OAK;5;0;0;0;0;1;0;0;x;6;105;-110
726;V;ARI;0;0;0;0;0;0;0;2;2;4;105;115
726;H;SDG;0;0;1;0;0;0;0;1;1;3;-125;-125
726;V;ATL;2;0;5;2;1;2;2;0;0;14;-115;-105
726;H;NYM;0;1;0;0;0;0;0;0;0;1;-105;-105
726;V;SFO;0;0;1;0;0;1;1;0;0;3;304;270
726;H;LAD;0;0;1;0;0;0;0;0;0;1;-350;-310
727;V;LAA;0;0;0;0;0;0;0;0;0;0;105;110
727;H;OAK;0;0;2;1;0;0;0;0;x;3;-125;-120
727;V;ARI;0;0;2;0;0;0;0;0;0;2;118;107
727;H;SDG;1;0;0;5;0;0;0;0;x;6;-131;-117
727;V;TOR;1;0;0;2;1;0;0;0;0;4;144;110
727;H;WAS;0;0;0;1;0;0;0;0;0;1;-165;-120
727;V;CUB;4;2;0;0;0;1;1;0;0;8;100;-115
727;H;CIN;0;0;0;0;0;1;2;2;2;7;-120;105
727;V;ATL;0;1;0;0;0;4;0;0;0;5;130;130
727;H;TAM;0;0;1;8;1;2;1;1;x;14;-150;-140
727;V;MIL;0;0;0;0;0;0;1;0;4;6;-135;-168
727;H;PIT;0;1;0;0;0;0;4;0;0;5;115;158
727;V;SEA;0;0;3;0;0;0;2;0;0;5;226;210
727;H;HOU;0;0;4;1;3;0;0;0;x;8;-275;-240
727;V;KAN;0;1;3;6;2;0;0;0;2;14;115;107
727;H;DET;0;5;0;0;0;1;0;0;0;6;-135;-117
727;V;NYM;0;2;2;3;0;0;0;0;0;7;100;-113
727;H;BOS;0;0;0;1;0;1;0;2;0;4;-110;103
728;V;TOR;0;1;0;1;1;0;0;2;0;5;115;129
728;H;WAS;0;0;1;0;0;0;0;0;0;1;-135;-139
728;V;ATL;0;0;1;0;0;0;1;0;0;2;125;120
728;H;TAM;0;0;5;0;0;0;0;0;x;5;-145;-130
728;V;CUB;0;0;1;1;1;1;1;1;2;8;-110;119
728;H;CIN;0;0;0;2;0;0;0;1;2;5;-110;-129
728;V;MIL;0;0;0;0;0;2;4;0;0;6;-145;-180
728;H;PIT;0;0;0;2;0;0;4;2;x;8;125;165
728;V;CWS;0;1;0;0;0;1;0;1;0;3;-105;118
728;H;CLE;3;0;0;2;0;0;0;0;x;5;-115;-128
728;V;KAN;0;0;3;0;0;0;0;0;0;3;100;-105
728;H;DET;0;0;4;0;0;0;0;0;x;4;-110;-105
728;V;NYM;0;3;0;0;2;0;0;3;0;8;-115;-112
728;H;BOS;0;0;1;0;0;1;0;0;1;3;105;102
728;V;STL;0;0;0;0;2;0;0;1;0;3;115;132
728;H;MIN;0;5;0;1;0;0;0;0;x;6;-135;-142
728;V;ARI;3;0;0;0;0;1;0;0;0;4;100;-106
728;H;TEX;0;0;0;0;0;0;1;0;0;1;-120;-104
728;V;LAD;0;0;0;0;5;0;0;0;0;5;-145;-144
728;H;HOU;0;1;0;1;0;0;0;0;0;2;125;134
728;V;SEA;0;0;0;1;1;0;0;0;0;2;155;170
728;H;LAA;0;0;2;3;1;2;0;2;x;10;-180;-185
728;V;COL;0;0;1;2;2;0;0;3;0;8;-145;148
728;H;OAK;0;0;1;0;1;0;0;1;0;3;125;-158
728;V;SDG;0;0;3;2;0;0;0;0;0;5;-150;-148
728;H;SFO;1;0;0;0;0;2;0;0;0;3;135;138
728;V;CWS;0;0;1;0;1;0;0;0;1;3;135;119
728;H;CLE;2;1;1;0;0;0;0;0;x;4;-150;-129
729;V;COL;0;1;0;1;0;0;0;1;2;5;110;127
729;H;OAK;1;0;0;0;0;0;0;0;0;1;-130;-137
729;V;ARI;0;0;0;0;0;0;2;2;0;4;120;110
729;H;TEX;0;0;0;1;1;0;0;5;0;7;-140;-120
729;V;CWS;0;0;0;0;0;0;0;0;4;4;-110;-114
729;H;CLE;0;0;0;0;0;0;0;0;0;0;-110;104
729;V;WAS;0;0;0;0;0;0;0;0;0;4;-165;-174
729;H;TOR;0;0;0;0;0;0;0;0;0;0;144;162
729;V;CUB;0;0;0;0;0;0;5;0;2;7;105;100
729;H;CIN;0;0;0;2;7;0;3;0;0;12;-125;-110
729;V;MIL;0;0;2;0;0;1;0;0;0;3;-175;-143
729;H;PIT;0;0;0;0;0;0;0;0;0;0;151;133
729;V;LAD;0;1;0;0;0;0;0;0;0;4;-130;-140
729;H;HOU;0;1;0;0;0;0;0;0;0;2;118;130
729;V;BOS;0;0;0;2;0;0;1;3;0;6;170;180
729;H;NYM;1;0;0;0;1;1;0;1;1;5;-200;-200
729;V;TAM;0;0;0;0;1;3;0;0;0;4;120;115
729;H;ATL;0;0;2;0;0;3;2;0;0;7;-140;-125
729;V;KAN;1;1;2;0;0;0;0;0;0;4;110;110
729;H;DET;0;0;1;0;3;0;1;0;0;5;-130;-120
729;V;STL;0;0;0;0;0;0;0;0;0;0;130;146
729;H;MIN;1;0;0;2;0;0;0;0;0;3;-150;-156
729;V;SDG;0;0;2;4;0;0;0;0;0;6;-165;-180
729;H;SFG;0;1;1;0;0;1;0;3;1;7;144;165
729;V;SEA;0;0;0;1;0;5;2;2;0;10;160;240
729;H;LAA;0;0;0;3;1;3;0;0;0;7;-185;-270
729;V;NYY;2;0;3;0;0;2;0;0;2;9;-350;-360
729;H;BAL;1;0;0;0;0;0;2;0;0;3;304;310
730;V;WAS;0;0;2;2;1;0;0;1;0;6;118;140
730;H;TOR;1;0;0;1;0;0;1;1;0;4;-131;-150
730;V;KAN;1;1;0;0;0;0;1;2;0;5;-110;-149
730;H;DET;1;0;0;1;0;0;0;1;0;3;-110;139
730;V;TAM;0;0;0;0;0;0;1;0;0;1;110;139
730;H;ATL;0;2;0;0;0;0;0;0;x;2;-130;-149
730;V;BOS;0;1;0;2;0;0;0;0;1;4;148;152
730;H;NYM;0;0;2;0;0;0;0;0;0;2;-170;-162
730;V;CLE;0;0;2;0;0;0;0;0;0;2;-115;113
730;H;MIN;0;0;0;0;0;0;0;0;0;0;-105;-123
730;V;LAD;3;1;0;0;1;1;0;0;0;6;-161;-157
730;H;ARI;0;0;1;0;0;2;0;0;0;3;141;147
730;V;SEA;3;0;0;0;0;0;0;0;5;8;172;163
730;H;LAA;0;0;0;0;2;0;0;0;3;5;-205;-175
730;V;SDG;0;0;1;2;0;2;1;0;0;12;-170;-160
730;H;SFO;0;0;0;0;1;0;3;2;0;7;148;150
730;V;NYY;5;0;0;0;0;0;0;0;3;8;-210;-240
730;H;BAL;2;2;0;0;0;0;0;2;0;6;176;210
731;V;TAM;1;0;1;0;1;0;0;0;0;3;-220;-188
731;H;BAL;0;0;0;3;1;0;1;1;x;6;196;173
731;V;BOS;0;0;1;0;0;0;0;0;0;1;213;165
731;H;NYY;0;0;2;1;0;0;0;2;x;5;-240;-180
731;V;CIN;0;0;0;0;2;0;0;0;0;2;-145;-170
731;H;DET;0;0;1;0;2;0;2;2;x;7;131;160
731;V;NYM;0;0;0;2;6;2;0;0;0;10;135;117
731;H;ATL;2;0;0;0;3;1;0;5;x;11;-150;-127
731;V;CWS;0;3;0;0;0;0;0;0;0;3;-140;-160
731;H;KAN;0;0;1;0;0;1;0;0;0;2;126;150
731;V;CLE;0;0;0;0;0;1;0;0;0;1;-126;-114
731;H;MIN;3;1;0;0;0;0;0;0;x;4;114;104
731;V;SDG;0;0;0;0;0;3;1;0;4;8;110;-108
731;H;COL;2;0;0;0;0;2;1;0;2;7;-120;-102
731;V;PIT;0;0;0;0;0;0;0;1;2;3;162;180
731;H;CUB;0;0;1;1;2;0;0;2;x;6;-180;-200
731;V;HOU;0;4;0;1;1;0;2;0;1;9;-150;-180
731;H;LAA;0;0;1;3;0;0;1;1;0;6;135;165
731;V;TEX;1;0;1;0;0;0;0;0;0;2;-155;-122
731;H;SFO;0;1;0;0;3;2;3;0;x;9;140;112
731;V;LAD;0;0;0;1;1;0;0;1;0;3;-140;-122
731;H;ARI;0;0;0;0;0;1;0;4;x;5;126;112
731;V;OAK;0;0;0;0;0;0;0;3;0;3;-175;-194
731;H;SEA;0;0;0;3;2;0;0;0;x;5;157;177
801;V;CWS;4;1;0;0;2;0;0;0;4;11;-135;-135
801;H;KAN;0;0;0;0;0;3;1;0;1;5;115;125
801;V;TAM;0;0;0;0;0;1;0;3;0;4;-220;-240
801;H;BAL;0;0;0;2;0;2;0;0;0;5;184;210
801;V;CLE;0;0;0;0;0;0;0;0;0;0;100;116
801;H;MIN;0;0;1;1;1;0;0;0;0;3;-120;-126
801;V;NYM;0;0;0;0;1;0;0;0;0;1;105;103
801;H;ATL;2;3;0;0;1;1;0;0;0;7;-125;-113
801;V;HOU;0;0;0;0;0;0;1;0;3;4;-165;-145
801;H;LAA;0;0;0;0;0;2;0;1;1;5;144;135
801;V;BOS;0;0;2;0;0;0;0;0;0;2;207;170
801;H;NYY;1;4;0;0;0;0;0;0;0;5;-250;-185
801;V;LAD;0;0;0;3;5;0;0;3;0;11;-145;-155
801;H;ARI;1;0;0;1;0;0;0;0;0;2;125;145
801;V;SDG;0;0;0;0;0;0;0;1;0;1;-110;-110
801;H;COL;0;3;1;1;1;0;0;0;0;6;-110;100
801;V;PIT;0;0;0;0;0;0;0;0;3;3;160;165
801;H;CUB;0;0;2;0;0;0;0;2;0;4;-185;-180
801;V;OAK;0;0;0;0;0;0;2;0;0;3;-155;-148
801;H;SEA;0;0;2;0;0;0;0;0;0;2;135;138
801;V;TEX;2;0;0;0;0;0;0;0;1;3;-130;113
801;H;SFO;2;0;2;0;0;1;0;2;0;7;110;-123
802;V;TAM;0;0;0;0;0;1;0;0;0;1;-190;-200
802;H;BAL;0;0;1;0;0;0;3;1;x;5;163;180
802;V;CIN;2;0;1;0;0;0;1;x;x;4;-160;-150
802;H;DET;0;0;0;0;0;3;0;x;x;3;140;140
802;V;NYM;0;0;0;0;0;0;0;0;0;0;-110;105
802;H;ATL;0;0;2;1;0;0;0;1;x;4;-110;-115
802;V;CWS;0;0;0;1;1;0;7;0;0;9;-121;-120
802;H;KAN;0;1;0;0;1;0;0;0;0;2;110;110
802;V;CLE;0;0;0;1;0;0;0;0;0;1;-105;104
802;H;MIN;1;1;1;0;0;0;0;0;x;3;-115;-114
802;V;PIT;1;0;0;0;0;0;0;0;0;1;180;165
802;H;CUB;0;0;0;0;1;0;0;0;0;2;-215;-180
802;V;SDG;0;0;0;0;0;1;0;4;1;6;-135;-117
802;H;COL;0;1;0;2;0;2;4;0;x;9;115;107
802;V;TEX;0;3;0;0;2;0;4;0;0;9;-105;100
802;H;SFO;0;1;0;0;1;3;0;0;0;5;-115;-110
802;V;HOU;0;2;0;0;0;0;1;0;1;6;-120;-145
802;H;LAA;0;0;4;0;0;0;0;0;0;5;100;135
802;V;LAD;2;0;0;0;1;0;0;0;0;3;-160;-185
802;H;ARI;0;0;0;0;0;0;0;0;0;0;140;170
802;V;OAK;0;0;0;0;3;0;0;0;0;3;-155;-160
802;H;SEA;1;0;0;0;0;0;0;1;0;2;140;150
802;V;BOS;2;0;3;0;1;0;1;0;0;7;213;200
802;H;NYY;0;3;2;0;1;0;0;3;x;9;-240;-220
802;V;CIN;1;1;0;0;0;0;2;x;x;4;-175;-176
802;H;DET;0;0;0;0;0;0;0;x;x;0;157;163
803;V;CLE;1;1;0;0;0;0;0;0;0;2;105;144
803;H;CIN;0;0;0;1;0;2;0;0;0;3;-125;-154
803;V;NYM;0;0;4;1;2;0;0;0;0;7;-125;-126
803;H;ATL;0;0;0;0;2;0;0;0;0;2;105;116
803;V;PIT;1;1;0;1;1;0;0;0;0;4;207;180
803;H;MIN;0;0;0;0;0;4;0;0;1;5;-250;-200
803;V;CWS;2;0;0;0;0;0;2;1;1;6;-105;106
803;H;MIL;1;0;0;0;2;1;0;0;0;4;-105;-116
803;V;KAN;0;0;0;0;0;0;0;0;0;0;140;139
803;H;CUB;0;0;0;0;1;0;1;0;0;2;-160;-149
803;V;SFO;0;0;3;0;1;0;0;0;2;6;135;115
803;H;COL;1;0;0;0;0;5;0;1;0;7;-155;-125
803;V;OAK;0;0;0;0;8;0;2;0;1;11;-175;-185
803;H;SEA;0;0;1;0;0;0;0;0;0;1;151;170
803;V;LAD;1;0;0;0;2;0;0;0;1;4;-130;-133
803;H;SDG;1;0;0;1;1;2;0;0;0;5;110;123
803;V;PHI;0;0;1;0;0;0;1;1;0;3;274;245
803;H;NYY;1;0;2;0;0;3;0;0;0;6;-340;-280
804;V;PIT;0;0;0;1;0;0;0;0;2;3;184;177
804;H;MIN;3;1;0;1;2;0;0;0;x;7;-220;-194
804;V;CLE;0;0;0;0;0;0;2;2;0;4;-175;-160
804;H;CIN;1;0;0;1;0;0;0;0;0;2;151;150
804;V;BOS;0;1;0;0;0;0;0;0;0;1;140;125
804;H;TAM;0;0;0;2;2;0;1;0;x;5;-160;-135
804;V;NYM;0;0;0;2;1;0;0;0;0;3;130;150
804;H;WAS;1;1;3;0;0;0;0;0;x;5;-150;-160
804;V;TOR;0;0;0;0;1;0;0;0;0;1;130;163
804;H;ATL;0;2;0;0;4;0;0;4;x;10;-150;-176
804;V;CWS;0;0;0;0;0;2;1;0;0;3;105;114
804;H;MIL;0;0;0;0;2;0;0;0;0;2;-125;-124
804;V;KAN;0;1;0;0;1;0;0;0;2;4;176;195
804;H;CUB;0;2;0;2;0;0;0;1;x;5;-210;-215
804;V;SFO;0;0;0;0;2;0;0;0;0;2;180;160
804;H;COL;1;0;0;2;0;1;1;0;x;5;-215;-170
804;V;TEX;0;0;0;0;0;1;0;0;0;1;115;150
804;H;OAK;0;0;0;0;0;0;1;0;4;5;-135;-160
804;V;LAD;0;0;0;0;0;2;1;1;1;5;-135;-116
804;H;SDG;0;0;1;1;0;0;0;0;0;2;115;106
804;V;HOU;1;2;0;0;5;0;0;0;0;8;-119;-130
804;H;ARI;0;0;0;1;0;0;1;0;0;2;-101;120
804;V;LAA;3;0;0;0;0;0;2;0;0;5;-175;-185
804;H;SEA;0;0;0;0;0;1;1;1;0;3;151;170
804;V;MIA;0;0;0;0;1;2;0;1;0;4;131;105
804;H;BAL;0;0;0;0;0;0;0;0;0;0;-145;-115
805;V;NYM;1;0;0;1;0;0;1;0;0;3;170;195
805;H;WAS;1;0;0;0;0;0;0;0;0;1;-200;-215
805;V;BOS;0;0;0;2;0;3;0;0;0;5;148;130
805;H;TAM;0;0;0;0;0;0;0;0;0;0;-170;-140
805;V;MIN;0;1;0;0;0;0;0;0;4;5;-175;-163
805;H;PIT;0;0;0;0;0;0;0;0;2;2;151;153
805;V;CIN;0;0;0;0;0;0;0;0;0;0;105;152
805;H;CLE;0;0;0;0;2;0;0;0;x;2;-125;-162
805;V;TOR;0;1;0;0;1;0;0;0;0;2;130;108
805;H;ATL;0;0;0;0;0;0;1;0;0;1;-150;-118
805;V;CUB;0;0;0;2;0;0;0;2;2;6;-170;-198
805;H;KAN;0;0;1;0;0;0;0;0;0;1;148;179
805;V;MIL;0;0;1;0;0;0;0;0;0;1;130;122
805;H;CWS;0;0;0;0;0;0;0;0;0;0;-150;-132
805;V;SFO;0;0;0;3;0;1;0;0;0;4;176;158
805;H;COL;1;0;1;0;0;0;1;0;0;3;-210;-168
805;V;TEX;1;0;0;3;0;0;0;0;0;4;155;153
805;H;OAK;2;0;0;0;1;0;2;1;x;6;-180;-163
805;V;LAD;0;2;0;0;2;3;0;0;0;7;-140;-125
805;H;SDG;0;0;0;0;2;2;0;1;1;6;120;115
805;V;HOU;0;3;0;1;2;0;0;1;0;7;-165;-145
805;H;ARI;0;0;0;9;2;0;1;2;x;14;144;135
805;V;LAA;0;0;1;0;0;2;0;3;0;6;-160;-119
805;H;SEA;0;0;3;0;1;0;3;0;x;7;140;109
805;V;PHI;0;0;4;0;1;6;0;x;x;11;130;105
805;H;NYY;1;2;0;0;0;0;4;x;x;7;-150;-115
805;V;NYY;0;1;0;0;0;0;2;x;x;3;-125;-140
805;H;PHI;0;1;0;0;0;0;0;x;x;1;105;130
805;V;MIA;0;0;0;1;0;0;0;x;x;1;-105;104
805;H;BAL;0;0;0;0;0;0;0;x;x;0;-115;-114
805;V;BAL;0;0;0;0;0;1;0;x;x;1;-105;100
805;H;MIA;2;0;0;0;0;0;x;x;x;2;-115;-110
806;V;MIN;3;0;0;1;1;0;0;0;0;5;-200;-215
806;H;PIT;0;3;0;0;0;0;0;1;2;6;170;195
806;V;SFO;0;0;0;0;0;0;3;1;0;4;163;152
806;H;COL;0;0;0;0;0;1;5;0;0;6;-190;-162
806;V;TEX;0;0;0;0;1;1;2;0;0;4;140;150
806;H;OAK;0;1;0;4;0;0;1;0;0;6;-160;-160
806;V;LAA;0;1;0;3;0;0;0;2;0;6;-165;-155
806;H;SEA;0;0;0;1;0;0;0;0;0;1;144;145
806;V;CIN;0;0;0;0;0;0;0;0;0;0;105;103
806;H;CLE;1;0;0;0;2;0;10;0;0;13;-125;-113
806;V;TOR;0;0;0;1;0;0;2;0;0;3;120;110
806;H;ATL;2;0;0;1;0;0;0;0;1;4;-140;-120
806;V;CUB;0;0;0;0;0;0;0;0;2;2;-180;-165
806;H;KAN;1;2;6;0;2;0;1;1;0;13;155;155
806;V;HOU;0;0;0;1;0;1;0;2;0;4;-140;105
806;H;ARI;0;0;0;0;0;3;0;0;2;5;120;-115
806;V;MIL;0;0;1;0;4;0;0;3;0;8;125;100
806;H;CWS;0;2;0;0;0;0;0;0;1;3;-145;-110
806;V;NYY;0;2;0;0;0;0;2;0;0;4;-165;-136
806;H;PHI;3;0;2;0;0;0;0;0;0;5;145;126
806;V;BAL;0;1;2;1;0;2;0;0;1;7;118;108
806;H;MIA;1;1;2;2;0;0;2;0;0;8;-131;-118
807;V;BAL;1;2;0;1;0;4;3;0;0;11;180;164
807;H;WAS;0;0;0;0;0;0;0;0;0;0;-215;-178
807;V;NYY;0;0;0;0;0;0;0;0;0;0;-115;-105
807;H;TAM;0;0;0;0;0;0;0;1;x;1;-105;-105
807;V;DET;0;1;0;0;4;1;6;0;0;17;-115;-107
807;H;PIT;0;2;0;2;3;0;0;2;3;13;-105;-103
807;V;MIA;0;4;0;0;0;0;0;0;0;4;135;175
807;H;NYM;0;1;0;0;0;0;0;2;0;3;-150;-190
807;V;TOR;1;0;1;0;0;1;0;0;0;3;-119;-107
807;H;BOS;1;1;2;0;0;0;0;1;x;5;109;-103
807;V;MIN;0;0;1;1;0;0;0;0;0;2;-185;-135
807;H;KAN;0;0;1;0;1;1;0;0;x;3;160;125
807;V;CLE;0;0;0;0;0;0;0;0;0;0;-105;-133
807;H;CWS;1;0;0;0;0;0;0;1;x;2;-115;123
807;V;CIN;0;6;0;0;0;2;0;0;0;8;-135;-106
807;H;MIL;0;0;0;1;0;0;0;2;0;3;115;-104
807;V;LAA;2;0;0;1;0;0;0;0;0;3;-165;-172
807;H;TEX;0;1;0;3;0;0;0;0;x;4;144;161
807;V;ARI;0;0;0;0;0;0;0;0;0;0;120;111
807;H;SDG;1;1;0;0;1;0;0;0;x;3;-140;-121
807;V;HOU;0;0;1;0;0;0;0;0;0;2;-101;112
807;H;OAK;0;0;0;0;0;0;1;0;0;3;-119;-122
807;V;COL;0;0;2;0;0;2;1;3;0;8;-125;113
807;H;SEA;0;1;0;0;0;2;0;1;0;4;105;-123
807;V;SFO;0;0;1;0;0;1;0;0;0;2;207;245
807;H;LAD;0;0;2;3;1;0;0;1;x;7;-250;-275
808;V;CLE;0;0;0;6;0;0;0;1;0;7;-119;-132
808;H;CWS;0;0;0;0;0;0;0;1;0;1;-101;122
808;V;DET;5;1;0;0;0;4;1;0;0;11;-101;122
808;H;PIT;0;0;2;3;0;0;0;0;0;5;-119;-132
808;V;HOU;0;0;0;0;0;0;0;0;1;1;115;162
808;H;OAK;1;0;0;0;0;1;0;1;x;3;-135;-174
808;V;ATL;0;0;0;0;0;0;0;0;0;0;-110;104
808;H;PHI;0;0;0;4;0;0;0;1;x;5;-110;-114
808;V;BAL;0;0;0;0;0;0;0;5;0;5;170;170
808;H;WAS;0;2;0;0;0;1;0;0;0;3;-200;-185
808;V;NYY;0;0;0;1;0;0;2;x;x;3;-115;-125
808;H;TAM;1;0;0;2;2;0;x;x;x;5;105;115
808;V;MIN;0;0;0;4;0;1;1;0;0;6;-180;-153
808;H;KAN;1;0;1;6;0;0;1;0;x;9;155;143
808;V;LAA;0;0;0;0;0;0;0;0;0;0;-135;-136
808;H;TEX;0;0;0;0;0;2;0;0;x;2;115;126
808;V;CIN;3;0;0;0;0;0;1;0;0;4;-115;106
808;H;MIL;0;0;0;0;0;0;0;1;0;1;-105;-116
808;V;MIA;1;0;0;0;1;2;0;0;0;4;126;155
808;H;NYM;0;2;2;0;1;0;3;0;x;8;-140;-165
808;V;TOR;0;0;0;0;0;0;1;1;0;2;-112;115
808;H;BOS;0;1;0;0;0;0;0;0;0;1;-108;-125
808;V;ARI;0;0;0;1;0;2;0;0;0;3;144;165
808;H;SDG;1;0;0;0;0;0;0;1;0;2;-165;-180
808;V;COL;0;0;0;0;4;1;0;0;0;5;-125;104
808;H;SEA;0;0;0;0;0;0;0;0;0;0;105;-114
808;V;SFO;0;0;2;0;2;1;0;0;0;5;249;270
808;H;LAD;0;0;0;0;0;4;0;0;0;4;-305;-310
808;V;NYY;0;0;4;0;1;2;1;x;x;8;-161;-146
808;H;TAM;0;0;0;0;3;1;0;x;x;4;145;136
809;V;BAL;0;0;0;0;5;0;x;x;x;5;184;200
809;H;WAS;0;0;0;0;2;0;x;x;x;2;-220;-220
809;V;ATL;0;0;0;0;5;0;0;x;x;5;-111;-108
809;H;PHI;0;0;1;0;1;0;0;x;x;2;-109;-102
809;V;NYY;1;0;0;0;2;0;0;0;0;3;-105;100
809;H;TAM;0;0;0;0;0;0;3;0;1;4;-115;-110
809;V;MIA;0;0;0;0;2;0;0;0;0;2;207;215
809;H;NYM;0;0;2;1;0;1;0;0;x;4;-250;-245
809;V;DET;0;0;0;0;1;0;0;1;0;2;-110;-140
809;H;PIT;0;0;0;1;0;0;0;0;0;1;-110;130
809;V;TOR;0;0;1;1;0;1;0;0;0;3;130;145
809;H;BOS;0;1;1;0;0;1;0;0;2;5;-150;-155
809;V;MIN;0;0;2;0;0;0;0;0;0;2;-180;-155
809;H;KAN;2;0;1;0;0;1;0;0;x;4;155;145
809;V;CLE;0;0;2;0;0;0;0;1;0;5;-140;-160
809;H;CWS;0;1;0;0;0;2;0;0;0;4;120;150
809;V;CIN;1;0;0;1;0;0;0;0;1;3;100;107
809;H;MIL;0;0;1;0;0;6;2;0;x;9;-120;-117
809;V;LAA;0;0;0;0;2;1;0;0;0;3;-115;-114
809;H;TEX;0;0;1;4;1;0;0;1;x;7;-105;104
809;V;COL;0;0;0;0;0;0;0;3;0;3;-185;-147
809;H;SEA;2;0;0;0;0;0;3;0;x;5;160;137
809;V;SFO;0;0;0;0;2;0;0;0;0;2;263;220
809;H;LAD;0;0;0;0;0;0;3;3;x;6;-325;-250
809;V;ARI;0;0;0;0;0;0;1;0;4;5;125;165
809;H;SDG;3;3;3;0;0;0;0;0;x;9;-145;-180
809;V;HOU;0;0;0;2;0;0;0;0;0;2;120;138
809;H;OAK;0;1;4;0;1;0;1;0;x;7;-140;-148
809;V;ATL;0;0;2;0;2;4;0;x;x;8;-148;-145
809;H;PHI;0;0;0;0;0;0;0;x;x;0;128;135
810;V;ATL;0;1;0;0;0;0;0;0;7;8;130;130
810;H;PHI;3;7;0;2;1;0;0;0;x;13;-150;-140
810;V;CWS;0;0;0;0;0;0;1;0;0;1;-150;-130
810;H;DET;0;0;0;1;0;1;3;0;x;5;130;120
810;V;WAS;0;1;4;0;7;2;2;0;0;16;-115;-120
810;H;NYM;0;0;0;0;0;2;0;1;1;4;-105;110
810;V;TAM;0;1;0;2;1;1;2;1;0;8;-147;-125
810;H;BOS;3;0;1;0;0;1;0;2;0;7;127;115
810;V;MIN;0;0;4;0;0;0;0;0;0;4;-110;100
810;H;MIL;0;1;0;0;0;0;0;1;0;2;-110;-110
810;V;ARI;2;0;3;3;0;0;3;0;1;12;130;117
810;H;COL;1;0;2;3;1;0;0;0;1;8;-150;-127
810;V;SEA;0;0;1;0;3;5;1;0;0;10;125;165
810;H;TEX;1;0;1;0;0;0;0;0;0;2;-145;-180
810;V;SFO;0;0;0;0;0;0;0;1;3;4;200;190
810;H;HOU;0;1;4;0;0;1;0;0;x;6;-230;-210
810;V;OAK;0;3;2;4;0;0;0;0;0;9;-140;-122
810;H;LAA;3;0;1;3;0;2;0;1;x;10;120;112
810;V;SDG;0;0;0;0;1;1;0;0;0;2;151;185
810;H;LAD;1;0;0;0;0;0;0;0;0;1;-175;-205
811;V;MIA;0;1;0;0;0;0;0;0;3;4;144;144
811;H;TOR;0;0;0;0;0;3;1;0;0;5;-165;-154
811;V;KAN;0;0;1;1;1;0;0;2;0;5;163;161
811;H;CIN;0;2;3;0;0;0;0;0;0;6;-190;-172
811;V;ATL;0;0;0;0;0;3;1;2;0;6;140;127
811;H;NYY;3;0;3;0;2;0;1;0;0;9;-160;-137
811;V;BAL;0;0;0;0;0;3;2;0;3;10;144;165
811;H;PHI;0;0;2;0;1;0;0;3;2;9;-165;-180
811;V;CUB;0;1;0;0;0;5;1;0;0;7;110;-108
811;H;CLE;0;0;0;0;0;1;0;0;0;1;-130;-102
811;V;CWS;4;0;0;1;0;1;2;0;0;8;-110;-122
811;H;DET;0;0;0;0;2;0;0;0;2;4;-110;112
811;V;WAS;1;1;0;0;0;0;0;0;0;2;-140;-155
811;H;NYM;0;0;0;1;0;0;0;0;0;1;120;145
811;V;TAM;1;0;1;0;0;0;6;0;0;8;-107;-113
811;H;BRS;0;1;0;0;0;0;0;1;0;2;-113;103
811;V;MIN;2;0;2;0;0;0;0;0;0;4;-111;104
811;H;MIL;1;0;0;0;1;2;0;2;0;6;-109;-114
811;V;ARI;0;0;0;1;0;0;1;0;5;7;100;-114
811;H;COL;0;0;0;2;0;0;0;6;0;8;-120;104
811;V;SEA;0;0;0;0;2;0;0;0;0;2;130;120
811;H;TEX;2;0;2;0;0;0;0;0;0;4;-150;-130
811;V;SFO;0;1;0;0;1;0;3;0;1;7;176;157
811;H;HOU;0;3;1;0;0;2;0;0;0;6;-211;-167
811;V;OAK;0;0;0;0;0;0;0;0;0;0;100;145
811;H;LAA;0;0;0;5;0;1;0;0;0;6;-120;-155
811;V;SDG;0;0;5;0;1;0;0;0;0;6;155;148
811;H;LAD;0;1;0;0;0;0;0;0;1;2;-180;-158
812;V;CWS;2;0;1;0;4;0;0;0;0;7;-125;-133
812;H;DET;1;0;0;4;0;0;0;0;0;5;105;123
812;V;ARI;1;0;0;1;3;0;8;0;0;13;-105;-109
812;H;COL;0;1;0;3;1;0;0;2;0;7;-115;-101
812;V;OAK;1;2;0;1;1;0;0;3;0;8;100;-109
812;H;LAA;1;0;2;0;0;1;0;0;0;4;-120;-101
812;V;CUB;0;0;1;0;3;1;0;1;1;7;115;110
812;H;CLE;0;0;0;0;1;0;1;0;0;2;-135;-120
812;V;MIA;3;0;5;0;3;0;0;0;0;14;148;148
812;H;TOR;0;0;2;2;2;2;1;2;0;11;-170;-158
812;V;KAN;1;0;1;1;1;1;0;0;0;5;120;105
812;H;CIN;0;0;0;0;0;0;4;0;0;4;-140;-115
812;V;ATL;0;2;0;0;0;0;0;0;1;3;179;155
812;H;NYY;0;2;0;2;2;0;0;0;x;6;-200;-165
812;V;BAL;0;0;1;2;1;0;1;0;0;5;148;170
812;H;PHI;0;1;2;0;0;0;0;1;0;4;-170;-185
812;V;WAS;3;0;0;0;0;1;0;1;1;6;-115;117
812;H;NYM;4;0;1;0;0;5;0;1;x;11;105;-127
812;V;MIN;0;5;1;1;4;1;0;0;0;12;-145;-135
812;H;MIL;0;0;0;0;0;2;0;0;0;2;125;125
812;V;SFO;1;0;0;0;0;0;0;0;0;1;179;177
812;H;HOU;0;0;0;0;1;4;0;0;x;5;-200;-194
812;V;TAM;1;3;2;2;0;0;0;0;1;9;-145;-143
812;H;BOS;0;0;0;0;0;0;0;5;0;5;125;133
812;V;SEA;0;4;0;0;0;0;0;0;0;4;105;108
812;H;TEX;0;0;0;0;0;1;1;5;x;7;-125;-118
812;V;SDG;0;0;0;0;0;0;0;0;0;0;148;158
812;H;LAD;0;0;0;0;2;0;0;4;x;6;-170;-168
813;V;WAS;1;0;0;0;0;1;0;0;0;2;-120;117
813;H;NYM;0;1;0;2;4;0;0;1;0;8;100;-127
813;V;MIL;0;0;0;0;0;0;1;0;1;2;160;155
813;H;CHC;1;1;0;0;0;2;0;0;0;4;-185;-165
813;V;BAL;0;0;0;0;4;0;2;3;2;11;155;180
813;H;PHI;0;0;0;2;0;0;0;2;0;4;-180;-200
813;V;TAM;2;0;5;3;0;6;0;0;1;17;-150;-159
813;H;BOS;3;0;1;1;0;0;0;0;3;8;130;149
813;V;PIT;2;7;0;0;0;0;0;0;0;9;160;157
813;H;CIN;0;1;0;2;0;0;1;1;1;6;-185;-167
813;V;SDG;2;0;0;0;0;0;0;0;0;2;125;137
813;H;LAD;3;2;1;3;2;0;0;0;0;11;-145;-147
814;V;TAM;2;1;0;0;0;1;0;0;0;4;-131;-140
814;H;TOR;0;2;0;1;0;5;0;4;x;12;118;130
814;V;WAS;0;2;3;1;0;0;1;6;2;15;-180;-162
814;H;BAL;1;0;0;0;0;0;1;1;0;3;155;152
814;V;BOS;0;0;0;1;0;0;0;2;0;3;325;260
814;H;NYY;0;0;2;0;3;0;3;2;x;10;-375;-300
814;V;NYM;1;1;2;0;0;0;0;0;1;5;-210;115
814;H;PHI;0;2;0;0;3;0;0;0;1;6;190;-125
814;V;CLE;0;2;0;6;0;0;2;0;0;10;-170;-200
814;H;DET;0;1;2;0;0;1;0;0;1;5;148;180
814;V;PIT;0;0;0;1;0;0;0;0;0;1;176;185
814;H;CIN;0;1;0;2;0;0;4;1;x;8;-210;-205
814;V;ATL;1;0;0;1;0;0;0;0;0;2;-119;-104
814;H;MIA;0;0;2;2;0;2;2;0;x;8;-101;-106
814;V;MIL;0;0;0;0;1;3;0;0;0;4;-115;-125
814;H;CUB;0;0;0;0;3;0;0;0;0;3;-105;115
814;V;TEX;0;0;0;0;1;0;1;1;0;3;-101;-129
814;H;COL;1;0;0;0;0;1;0;0;0;2;-119;119
814;V;SEA;1;0;0;0;0;0;0;0;0;1;163;220
814;H;HOU;9;1;0;0;1;0;0;0;x;11;-190;-250
814;V;LAD;0;0;2;0;0;2;1;2;0;7;-155;-168
814;H;LAA;0;0;0;0;1;0;0;2;1;4;135;158
814;V;SDG;0;0;0;0;0;0;0;0;1;1;-135;-148
814;H;ARI;0;0;0;0;0;1;0;4;x;5;115;138
814;V;OAK;0;0;0;0;0;0;2;0;5;8;-180;-200
814;H;SFO;1;0;3;2;0;0;0;1;0;7;155;180
815;V;STL;0;0;0;1;4;0;1;x;x;6;109;132
815;H;CWS;0;0;1;2;0;0;0;x;x;3;-119;-142
815;V;NYM;0;0;0;0;0;0;0;0;2;2;144;155
815;H;PHI;0;1;0;0;5;0;0;0;x;6;-165;-165
815;V;CLE;0;0;2;0;1;0;0;0;0;3;-185;-180
815;H;DET;0;0;0;0;0;0;0;0;1;1;160;165
815;V;ATL;0;0;0;0;0;0;1;0;1;2;-175;-200
815;H;MIA;0;0;0;0;0;0;0;1;0;1;151;180
815;V;WAS;0;0;0;2;0;1;0;0;0;3;-170;-174
815;H;BAL;2;2;0;1;0;1;0;1;x;7;148;162
815;V;KAN;0;1;0;3;0;0;0;x;x;4;163;170
815;H;MIN;1;0;0;1;0;0;0;x;x;2;-190;-185
815;V;SEA;0;0;0;0;0;0;0;1;0;1;188;205
815;H;HOU;0;1;0;1;0;0;0;0;x;2;-225;-230
815;V;OAK;0;0;2;0;0;1;0;0;4;7;-210;-113
815;H;SFO;0;0;0;3;0;0;3;0;0;6;176;103
815;V;BOS;0;0;3;0;0;0;0;0;2;5;157;145
815;H;NYY;2;0;0;2;0;4;3;0;x;11;-175;-155
815;V;TEX;0;0;1;0;2;0;0;3;0;6;140;160
815;H;COL;0;2;0;0;0;0;0;1;1;4;-160;-170
815;V;SDG;1;0;0;0;0;0;0;2;3;6;-125;-112
815;H;ARI;0;0;0;1;0;4;2;0;x;7;114;102
815;V;MIL;0;0;0;3;0;1;0;0;0;6;-110;-107
815;H;CUB;2;1;0;0;0;0;0;1;0;5;-110;-103
815;V;LAD;0;2;2;0;0;0;1;0;0;6;-160;-145
815;H;LAA;2;0;1;0;2;0;0;0;0;5;140;135
815;V;STL;4;0;0;1;0;0;0;x;x;5;144;145
815;H;CWS;0;0;1;0;0;0;0;x;x;1;-160;-155
815;V;KAN;0;0;0;0;2;0;0;x;x;2;162;165
815;H;MIN;0;0;2;1;1;0;x;x;x;4;-180;-180
816;V;WAS;3;0;0;0;2;0;0;1;0;6;-185;-174
816;H;BAL;1;0;0;0;0;3;1;0;0;5;160;162
816;V;NYM;0;0;0;2;0;0;0;0;0;2;140;132
816;H;PHI;1;0;0;0;0;3;2;0;x;6;-160;-142
816;V;CLE;0;1;2;0;1;3;1;0;0;8;-155;-135
816;H;DET;0;0;3;0;1;0;0;0;1;5;135;125
816;V;ATL;0;0;0;0;0;1;3;0;0;4;-101;-125
816;H;MIA;0;0;0;0;0;0;0;0;0;0;-119;115
816;V;KAN;1;1;0;0;0;0;0;0;0;2;160;163
816;H;MIN;0;0;1;0;2;0;1;0;x;4;-185;-176
816;V;STL;0;0;0;0;0;2;0;0;0;2;115;135
816;H;CWS;1;0;0;0;6;0;0;0;x;7;-135;-145
816;V;SEA;0;0;2;0;0;0;0;0;0;2;199;200
816;H;HOU;0;1;0;1;0;0;0;0;1;3;-240;-220
816;V;MIL;0;0;3;0;2;0;1;0;0;6;130;113
816;H;CUB;3;0;0;0;0;2;0;0;0;5;-150;-123
816;V;TAM;0;0;0;3;1;0;1;2;x;7;-130;-117
816;H;TOR;2;0;0;3;0;0;0;0;x;5;110;107
816;V;TEX;0;2;0;1;0;0;0;1;2;6;130;128
816;H;COL;0;5;1;2;2;0;0;0;x;10;-150;-138
816;V;OAK;0;1;1;0;9;2;0;2;0;15;-131;-122
816;H;SFO;0;1;1;0;0;0;1;0;0;3;118;112
816;V;LAD;0;0;3;4;0;1;0;0;0;8;-160;-190
816;H;LAA;0;1;0;1;0;1;0;0;0;3;140;175
816;V;SDG;0;0;0;0;0;3;1;0;0;4;-140;-117
816;H;ARI;0;0;2;0;0;0;0;3;x;5;120;107
816;V;BOS;0;0;1;0;0;0;0;0;1;2;140;147
816;H;NYY;1;1;2;0;0;0;0;0;x;4;-155;-157
817;V;TOR;0;0;4;0;0;0;1;0;2;7;-125;-130
817;H;BAL;0;0;0;1;0;0;0;0;1;2;105;120
817;V;BOS;0;0;0;1;0;1;0;0;1;3;140;145
817;H;NYY;0;3;0;1;1;0;1;0;x;6;-160;-155
817;V;WAS;0;3;1;0;1;0;0;0;1;6;105;150
817;H;ATL;0;2;1;0;0;0;0;0;4;7;-125;-160
817;V;NYM;0;3;2;0;1;4;0;0;1;11;-130;-155
817;H;MIA;1;0;0;0;1;0;0;0;2;4;110;145
817;V;DET;0;0;0;2;0;0;0;0;0;2;125;155
817;H;CWS;2;1;0;0;0;2;0;2;x;7;-145;-165
817;V;KAN;0;0;0;0;0;0;0;0;1;1;172;160
817;H;MIN;0;0;0;2;0;1;1;0;x;4;-205;-170
817;V;STL;0;0;1;0;0;0;2;x;x;3;-175;150
817;H;CUB;0;0;0;1;0;0;0;x;x;1;157;-160
817;V;SDG;0;5;1;1;0;0;3;4;0;14;-125;-140
817;H;TEX;0;0;0;2;0;1;0;1;0;4;105;130
817;V;COL;0;0;1;0;0;0;0;0;0;1;125;145
817;H;HOU;2;0;0;0;0;0;0;0;x;2;-145;-155
817;V;OAK;0;0;0;0;0;0;1;2;0;3;-115;102
817;H;ARI;0;0;1;0;0;2;0;0;1;4;-105;-112
817;V;SFO;2;0;0;0;1;3;0;0;0;6;157;161
817;H;LAA;0;0;2;0;3;0;0;0;2;7;-175;-172
817;V;SEA;2;0;5;1;0;0;0;1;0;9;230;275
817;H;LAD;1;5;0;0;0;0;5;0;x;11;-280;-315
817;V;CUB;1;0;0;0;0;4;0;x;x;5;NL;-118
817;H;STL;0;2;0;2;0;0;0;x;x;4;NL;108
818;V;COL;0;0;0;0;0;0;0;0;0;1;160;175
818;H;HOU;0;0;0;0;0;0;0;0;0;2;-185;-190
818;V;SDG;4;0;0;2;0;0;0;0;0;6;-135;-116
818;H;TEX;0;0;0;4;0;0;0;0;0;4;115;106
818;V;SFO;1;2;1;0;2;0;0;0;2;8;199;210
818;H;LAA;1;0;0;0;0;0;0;0;1;2;-240;-240
818;V;OAK;0;1;0;0;0;0;0;0;0;1;-165;-149
818;H;ARI;5;4;0;0;0;0;0;1;0;10;144;139
818;V;TOR;0;0;2;0;5;0;0;0;0;8;-135;-120
818;H;BAL;2;0;1;0;3;0;1;0;0;7;115;110
818;V;TAM;0;0;4;1;1;0;0;0;0;6;115;-123
818;H;NYY;0;0;0;1;2;0;0;0;0;3;-135;113
818;V;CLE;0;0;3;0;0;0;0;0;0;6;-185;-185
818;H;PIT;1;0;0;0;2;0;0;0;0;3;160;170
818;V;NYM;0;0;1;2;0;0;1;4;0;8;-165;-155
818;H;MIA;0;0;0;2;0;0;0;0;1;3;149;145
818;V;WAS;0;1;1;0;4;0;0;1;1;8;-105;118
818;H;ATL;1;0;2;2;0;0;0;0;0;5;-115;-128
818;V;SEA;0;0;0;0;0;0;1;0;0;1;215;210
818;H;LAD;0;0;0;0;0;1;0;1;0;2;-260;-240
818;V;PHI;0;0;0;1;1;7;1;3;0;13;-120;-130
818;H;BOS;1;0;2;0;1;0;1;0;1;6;100;120
818;V;MIL;0;0;0;0;0;0;0;0;3;3;148;135
818;H;MIN;0;0;0;0;1;0;1;1;0;4;-170;-145
818;V;DET;0;1;1;0;0;0;0;2;0;4;148;152
818;H;CWS;1;3;0;2;0;0;0;4;0;10;-170;-162
818;V;STL;0;0;0;0;1;0;0;2;0;3;155;163
818;H;CHC;0;0;1;1;2;0;2;0;0;6;-180;-176
819;V;TAM;0;1;1;0;0;0;0;2;0;4;155;167
819;H;NYY;0;0;1;0;0;1;0;0;0;2;-180;-182
819;V;TOR;0;1;0;0;0;2;0;1;1;5;-115;109
819;H;BAL;0;0;0;2;0;0;0;0;0;2;-105;-119
819;V;CLE;0;0;0;0;0;3;0;3;0;6;-170;-185
819;H;PIT;0;0;0;0;0;0;0;0;1;1;148;170
819;V;NYM;0;1;0;0;0;0;1;1;2;5;-250;-210
819;H;MIA;0;0;0;0;0;0;1;2;0;3;207;190
819;V;PHI;2;0;0;0;0;0;1;0;0;3;-155;-166
819;H;BOS;0;0;2;1;1;0;1;1;x;6;135;156
819;V;CIN;0;0;3;0;1;1;0;x;x;5;NL;-205
819;H;KAN;0;0;0;0;0;0;0;x;x;0;NL;185
819;V;MIL;0;0;4;0;4;0;0;0;1;9;151;143
819;H;MIN;0;1;0;0;0;0;0;0;2;3;-175;-153
819;V;DET;0;0;0;0;3;0;0;0;0;3;140;144
819;H;CWS;0;1;0;0;2;0;0;2;x;5;-160;-154
819;V;STL;4;1;0;1;0;3;0;x;x;9;-126;-132
819;H;CUB;1;0;0;0;0;0;2;x;x;3;114;122
819;V;HOU;0;0;1;0;2;3;4;1;2;13;-130;-143
819;H;COL;0;1;0;0;0;0;0;2;3;6;110;133
819;V;TEX;0;1;0;0;0;0;0;0;1;3;115;126
819;H;SDG;0;0;2;0;0;0;0;0;0;6;-135;-136
819;V;ARI;0;0;0;0;0;0;0;1;0;1;148;150
819;H;OAK;2;0;2;0;0;0;0;0;x;4;-170;-160
819;V;LAD;0;2;1;0;0;0;0;1;0;4;-240;-240
819;H;SEA;1;0;4;0;0;1;0;0;x;6;199;210
819;V;LAA;0;0;0;0;0;2;0;0;0;2;-119;-145
819;H;SFO;0;0;3;2;0;0;2;0;x;7;109;135
819;V;CUB;0;2;0;0;0;0;2;x;x;4;-124;-125
819;H;STL;0;0;0;0;1;1;0;x;x;2;113;115
819;V;CIN;0;0;0;0;0;0;0;x;x;0;-140;-143
819;H;KAN;3;0;0;1;0;0;x;x;x;4;126;133
820;V;TAM;0;0;0;0;3;5;0;0;2;10;110;129
820;H;NYY;1;0;1;0;2;1;0;0;0;5;-130;-139
820;V;DET;0;0;0;0;0;0;0;0;0;0;160;150
820;H;CWS;3;0;1;1;0;0;0;4;x;9;-185;-160
820;V;HOU;0;5;0;0;5;0;0;0;0;10;-115;114
820;H;COL;0;2;1;0;2;2;0;0;1;8;-105;-124
820;V;BOS;0;2;1;0;0;0;0;0;4;7;-125;-145
820;H;BAL;0;0;0;0;0;0;1;0;0;1;105;135
820;V;CLE;0;1;0;0;0;0;0;1;0;2;-220;-280
820;H;PIT;0;0;0;0;0;0;0;0;0;0;184;245
820;V;LAD;0;0;4;0;1;0;0;1;0;6;-240;-330
820;H;SEA;0;0;0;1;0;0;0;0;0;1;199;285
820;V;MIL;0;0;0;0;0;0;1;0;0;1;115;-105
820;H;MIN;0;0;1;0;0;1;2;3;x;7;-135;-105
820;V;TEX;0;0;0;0;2;0;3;1;1;7;160;180
820;H;SDG;1;0;0;0;4;0;0;2;0;8;-185;-200
820;V;CIN;2;1;1;0;0;0;0;0;0;4;-130;-130
820;H;STL;0;2;0;0;0;0;0;0;3;5;110;120
820;V;ARI;0;0;0;0;1;0;0;0;0;1;130;148
820;H;OAK;1;0;0;2;0;0;0;2;x;5;-150;-158
820;V;LAA;1;0;0;0;2;1;1;0;0;5;-130;115
820;H;SFO;2;4;2;1;0;1;0;0;x;10;110;-125
820;V;PHI;1;0;1;0;0;0;0;x;x;2;118;-115
820;H;TOR;0;0;0;1;0;1;1;x;x;3;-130;105
820;V;PHI;7;0;0;0;0;0;1;x;x;8;110;-113
820;H;TOR;2;0;0;0;0;7;x;x;x;9;-120;103
821;V;MIA;0;3;0;0;0;0;0;0;0;3;176;178
821;H;WAS;0;1;1;0;0;0;0;0;0;2;-210;-196
821;V;TOR;0;4;0;0;0;0;0;0;0;6;140;143
821;H;TAM;1;0;1;0;0;2;0;0;0;5;-160;-153
821;V;BOS;0;1;2;0;3;2;0;0;0;8;105;-120
821;H;BAL;0;0;0;0;0;0;2;3;0;5;-115;110
821;V;MIL;0;1;0;0;0;0;0;1;0;2;-165;-138
821;H;PIT;0;1;0;3;0;0;0;3;x;7;144;128
821;V;DET;0;0;0;7;0;0;3;0;0;10;151;180
821;H;CLE;0;3;2;0;0;0;0;0;0;5;-175;-200
821;V;PHI;1;0;0;0;0;0;1;0;0;2;105;104
821;H;ATL;0;0;4;0;7;0;0;0;x;11;-125;-114
821;V;MIN;0;1;0;0;0;0;0;1;0;2;-140;-138
821;H;KAN;4;0;0;1;0;0;2;0;x;7;120;128
821;V;CWS;0;2;3;3;0;0;1;0;1;10;-105;-109
821;H;CUB;0;0;0;0;0;0;0;1;0;1;-115;-101
821;V;CIN;0;0;0;0;0;4;0;0;0;4;-119;105
821;H;STL;0;0;1;0;1;0;0;0;0;2;-101;-115
821;V;TEX;0;0;0;0;2;2;0;0;0;4;-119;-120
821;H;SEA;4;1;1;0;0;0;1;0;x;7;-101;110
821;V;HOU;1;0;0;0;0;1;1;0;0;3;-115;106
821;H;SDG;1;0;0;1;2;0;0;0;x;4;105;-116
821;V;LAA;0;0;0;0;1;2;0;0;0;3;135;-111
821;H;OAK;3;0;0;0;2;0;0;0;x;5;-155;101
821;V;COL;0;0;0;0;0;1;0;0;0;1;180;205
821;H;LAD;1;0;0;3;0;1;0;0;x;5;-215;-230
821;V;ARI;0;0;0;2;0;0;0;0;0;2;-110;-115
821;H;SFO;0;0;2;0;2;0;2;0;x;6;-110;105
822;V;MIL;0;0;0;1;0;0;3;0;1;5;-165;-160
822;H;PIT;1;0;0;2;2;2;5;0;x;12;144;150
822;V;LAA;1;3;0;0;0;0;0;0;0;4;135;137
822;H;OAK;0;1;0;1;1;0;0;0;0;3;-155;-147
822;V;MIA;0;0;0;0;4;0;0;x;x;4;213;230
822;H;WAS;2;0;1;2;0;0;x;x;x;5;-240;-260
822;V;TOR;0;0;0;0;1;0;0;0;0;1;-111;-115
822;H;TAM;0;0;0;0;1;0;0;0;0;2;101;105
822;V;BOS;0;0;0;0;2;1;0;0;0;4;-119;-113
822;H;BAL;0;1;0;0;0;0;0;2;0;5;-101;103
822;V;MIN;3;0;0;1;0;0;3;0;0;7;-165;-148
822;H;KAN;0;0;0;0;2;0;0;0;0;2;144;138
822;V;DET;0;0;0;1;0;0;0;0;0;1;151;155
822;H;CLE;0;0;0;0;0;4;1;1;x;6;-175;-165
822;V;PHI;2;0;0;0;1;0;1;0;1;5;-130;-113
822;H;ATL;0;0;0;0;0;0;2;3;1;6;110;103
822;V;CWS;0;2;0;0;0;1;0;2;2;7;157;165
822;H;CUB;0;2;0;0;0;0;0;1;1;4;-175;-180
822;V;CIN;0;0;0;0;0;0;0;0;0;0;-101;126
822;H;STL;0;0;2;0;1;0;0;0;x;3;-119;-136
822;V;HOU;1;0;0;0;1;0;0;0;0;2;105;110
822;H;SDG;2;9;0;0;0;0;2;0;x;13;-125;-120
822;V;TEX;0;0;1;0;0;0;0;0;0;1;110;127
822;H;SEA;3;0;5;0;0;0;1;1;x;10;-130;-137
822;V;COL;0;0;1;0;0;1;1;0;0;3;172;200
822;H;LAD;1;1;0;0;0;0;1;0;1;4;-205;-220
822;V;ARI;0;0;0;0;0;0;1;0;0;1;-165;-160
822;H;SFO;1;0;0;0;0;0;4;0;x;5;144;150
822;V;WAS;0;0;1;0;2;0;0;x;x;3;-150;-130
822;H;MIA;0;0;2;2;1;0;x;x;x;5;135;120
823;V;MIA;0;1;0;0;0;0;0;0;2;3;144;138
823;H;WAS;1;1;0;2;5;0;0;0;x;9;-165;-148
823;V;BOS;1;0;0;0;0;1;0;0;2;4;-110;-122
823;H;BAL;0;0;3;0;0;0;2;0;x;5;-110;112
823;V;DET;1;0;0;3;0;2;0;1;0;7;207;230
823;H;CLE;1;0;0;0;0;0;0;0;3;4;-250;-260
823;V;TOR;0;1;0;1;0;0;0;2;0;4;131;132
823;H;TAM;0;0;0;0;3;0;2;0;x;5;-145;-142
823;V;MIL;0;0;0;1;1;2;0;0;0;4;-170;-180
823;H;PIT;1;1;0;0;0;1;0;2;x;5;148;165
823;V;MIN;2;0;2;0;0;0;0;0;1;5;-155;-140
823;H;KAN;0;0;2;0;0;0;1;0;1;4;140;130
823;V;CIN;2;0;0;0;0;0;0;0;0;2;-120;105
823;H;STL;0;2;1;0;0;0;3;0;x;6;100;-115
823;V;CWS;0;1;0;0;0;0;0;0;0;1;160;163
823;H;CUB;0;0;0;0;0;2;0;0;x;2;-185;-176
823;V;LAA;0;0;3;0;1;0;0;0;0;4;115;130
823;H;OAK;2;0;0;0;0;2;0;0;0;5;-135;-140
823;V;TEX;0;0;0;0;0;0;0;1;0;1;-130;-125
823;H;SEA;1;1;0;0;2;0;0;0;x;4;110;115
823;V;HOU;3;0;0;0;0;0;0;0;0;3;-121;-118
823;H;SDG;0;0;0;3;0;0;0;2;x;5;110;108
823;V;ARI;0;0;0;0;0;1;0;0;0;1;-120;-118
823;H;SFO;0;0;0;0;1;1;3;1;x;6;100;108
823;V;PHI;0;1;3;1;0;0;0;0;0;5;115;100
823;H;ATL;0;0;3;0;0;0;0;0;1;4;-135;-110
823;V;COL;0;0;1;1;0;0;0;0;1;3;180;220
823;H;LAD;1;0;1;3;0;1;2;3;x;11;-215;-250
824;V;TOR;0;0;1;0;0;1;3;0;1;6;170;200
824;H;TAM;0;1;0;2;0;0;0;1;0;4;-200;-220
824;V;MIA;0;0;1;6;0;0;2;2;0;11;125;102
824;H;WAS;0;0;0;0;3;0;2;3;0;8;-145;-112
824;V;CHC;0;2;0;4;0;0;0;0;3;9;-145;-122
824;H;DET;0;0;1;0;0;0;2;0;0;3;125;112
824;V;MIN;0;0;0;1;0;2;0;0;0;3;-115;-123
824;H;CLE;1;0;0;0;0;0;1;0;0;2;-105;113
824;V;CIN;0;0;0;0;0;1;1;0;0;2;-140;-147
824;H;MIL;1;0;2;1;0;0;0;0;0;4;120;137
824;V;KAN;0;0;0;0;0;3;0;0;0;3;155;162
824;H;STL;1;0;0;0;5;2;1;0;0;9;-180;-174
824;V;OAK;1;1;0;0;0;0;0;0;0;2;-130;-145
824;H;TEX;2;1;0;0;0;0;0;0;0;3;110;135
824;V;LAA;0;0;1;1;2;0;0;0;0;4;155;150
824;H;HOU;0;2;3;0;0;4;2;0;0;11;-180;-160
824;V;COL;1;0;1;0;1;0;0;0;0;3;120;130
824;H;ARI;0;0;1;1;0;0;0;0;0;2;-140;-140
825;V;PHI;0;0;4;0;0;0;1;1;2;8;-101;-122
825;H;WAS;1;0;0;0;0;1;0;0;1;3;-119;112
825;V;BOS;0;1;0;2;0;6;0;0;0;9;115;108
825;H;TOR;4;0;0;2;0;0;0;0;1;7;-135;-118
825;V;BAL;1;0;0;1;0;0;0;0;0;2;176;190
825;H;TAM;0;3;0;0;0;1;0;0;0;4;-210;-210
825;V;MIN;0;2;0;0;0;0;0;0;0;2;148;160
825;H;CLE;1;0;0;0;0;3;0;0;0;4;-170;-170
825;V;CHC;0;0;0;0;0;0;0;0;1;1;-140;-136
825;H;DET;2;0;0;0;0;5;0;0;0;7;126;126
825;V;MIA;0;3;1;0;0;0;0;x;x;4;162;175
825;H;NYM;0;0;0;0;0;0;0;x;x;0;-180;-190
825;V;PIT;0;0;0;0;0;0;0;0;0;0;176;220
825;H;CWS;0;3;1;0;0;0;0;0;0;4;-210;-250
825;V;CIN;0;0;0;2;0;0;0;0;0;2;105;103
825;H;MIL;0;0;0;3;0;0;0;0;0;3;-125;-113
825;V;KAN;0;1;1;0;1;1;0;1;0;5;170;173
825;H;STL;0;0;4;0;0;0;0;0;0;4;-200;-188
825;V;OAK;0;0;1;2;2;0;5;0;0;10;-175;-155
825;H;TEX;0;1;0;0;2;0;0;0;0;3;151;145
825;V;LAA;0;0;0;0;2;1;0;x;x;3;151;132
825;H;HOU;5;0;0;1;0;0;0;x;x;6;-175;-142
825;V;SEA;2;2;0;0;2;2;0;0;x;8;163;180
825;H;SDG;0;0;3;0;0;0;0;0;0;3;-190;-200
825;V;COL;2;0;0;1;0;0;2;0;0;5;-119;-111
825;H;ARI;0;2;0;1;0;0;0;0;1;4;-101;101
825;V;LAD;3;0;3;0;0;0;0;0;0;8;-205;-205
825;H;SFO;3;0;0;0;1;0;1;0;1;10;172;185
825;V;NYM;0;0;0;0;0;0;0;x;x;0;-180;-190
825;H;MIA;0;0;0;2;0;1;0;x;x;3;162;175
825;V;LAA;4;0;0;1;1;2;4;x;x;12;179;130
825;H;HOU;0;0;0;0;4;0;1;x;x;5;-200;-140
826;V;PIT;0;0;0;0;2;0;1;0;x;3;192;195
826;H;CWS;0;4;0;1;3;0;2;0;x;10;-230;-215
826;V;PHI;0;0;1;0;0;0;2;0;0;3;-115;-124
826;H;WAS;0;1;0;1;0;0;0;0;0;2;-105;114
826;V;BOS;0;0;0;1;0;0;0;0;0;1;109;108
826;H;TOR;1;1;0;2;0;0;5;0;0;9;-119;-118
826;V;BAL;2;0;0;0;0;0;1;0;0;3;162;153
826;H;TAM;0;0;2;0;1;0;0;1;0;4;-180;-163
826;V;MIN;1;1;0;0;0;0;1;0;0;3;-130;-105
826;H;CLE;0;0;3;0;0;0;0;3;0;6;110;-105
826;V;CHC;0;0;2;0;0;1;0;0;3;6;-145;-140
826;H;DET;0;0;0;1;0;5;1;0;0;7;125;130
826;V;NYY;0;0;0;0;1;0;0;x;x;1;-105;122
826;H;ATL;0;0;0;0;0;2;0;x;x;2;-115;-132
826;V;MIA;0;0;0;1;0;0;0;3;0;4;207;240
826;H;NYM;1;0;1;0;2;0;0;1;0;5;-250;-270
826;V;KAN;0;0;2;0;0;0;0;1;2;5;155;155
826;H;STL;0;0;1;1;0;0;0;0;4;6;-180;-165
826;V;OAK;0;0;0;0;0;2;0;1;0;3;-160;-133
826;H;TEX;0;0;1;0;0;0;0;0;0;1;140;123
826;V;COL;2;0;0;0;0;1;0;5;0;8;-110;120
826;H;ARI;0;0;0;1;0;0;0;2;4;7;-110;-130
826;V;NYY;0;0;0;0;0;1;0;x;x;1;-170;-169
826;H;ATL;1;0;3;0;0;1;0;x;x;5;153;159
827;V;SEA;0;0;0;3;0;0;4;x;x;7;176;225
827;H;SDG;0;0;0;1;0;2;7;x;x;10;-210;-255
827;V;CIN;0;1;2;0;2;1;0;x;x;6;110;-125
827;H;MIL;0;0;0;0;0;1;0;x;x;1;-130;115
827;V;LAD;1;0;0;4;0;0;2;x;x;7;-240;-245
827;H;SFO;0;0;0;0;0;0;0;x;x;0;199;215
827;V;PIT;0;0;0;1;0;0;0;3;x;4;151;144
827;H;STL;0;0;0;0;1;0;0;2;x;3;-175;-154
827;V;PIT;0;0;2;0;0;0;0;x;x;2;166;160
827;H;STL;0;0;0;0;0;0;0;x;x;0;-195;-170
827;V;SEA;6;0;0;0;0;0;2;x;x;8;196;175
827;H;SDG;1;1;0;0;1;0;0;x;x;3;-220;-190
827;V;LAD;0;1;0;1;0;0;0;x;x;2;-240;-158
827;H;SFO;0;0;0;0;0;0;0;x;x;0;213;148
827;V;CIN;0;2;0;0;2;0;2;x;x;6;117;152
827;H;MIL;0;0;0;0;0;0;0;x;x;0;-129;-162
828;V;BAL;0;0;0;0;0;2;0;1;0;4;196;185
828;H;TOR;0;0;0;2;0;1;0;0;0;5;-220;-205
828;V;NYM;0;0;0;0;1;5;0;x;x;6;125;120
828;H;NYY;2;2;0;0;0;0;0;x;x;4;-145;-130
828;V;ATL;0;0;0;1;0;1;2;0;0;4;115;130
828;H;PHI;0;0;2;2;0;0;0;0;0;7;-135;-140
828;V;TAM;0;0;0;0;0;0;0;1;1;2;-150;-128
828;H;MIA;0;0;0;0;0;0;0;0;0;0;135;118
828;V;CHC;2;0;0;0;0;0;0;0;3;5;-131;-144
828;H;CIN;0;1;0;2;2;0;0;1;0;6;118;134
828;V;WAS;0;0;5;1;0;1;0;3;0;10;-170;-152
828;H;BOS;0;0;1;0;0;0;0;0;1;2;153;142
828;V;KAN;0;0;2;0;0;0;2;0;1;5;122;130
828;H;CWS;0;1;0;0;2;1;1;0;1;6;-135;-140
828;V;PIT;0;0;0;0;0;0;1;0;0;1;170;190
828;H;MIL;1;0;3;2;2;0;1;0;0;9;-190;-210
828;V;CLE;4;2;0;0;2;4;2;0;0;14;-145;-130
828;H;STL;0;2;0;0;0;0;0;0;0;2;131;120
828;V;SDG;0;0;0;1;3;4;0;2;0;10;-120;100
828;H;COL;4;0;0;0;0;0;0;0;0;4;110;-110
828;V;LAD;0;0;0;0;0;0;2;0;0;2;-230;-220
828;H;TEX;0;0;2;0;0;0;4;0;0;6;205;200
828;V;SEA;0;0;0;0;0;1;0;0;1;2;175;185
828;H;LAA;0;0;0;0;0;2;0;1;0;3;-195;-205
828;V;SFO;0;0;0;0;0;1;0;0;3;4;157;173
828;H;ARI;1;0;2;0;4;0;0;0;0;7;-175;-188
828;V;NYY;0;0;3;0;0;0;0;x;x;3;-121;-130
828;H;NYM;1;0;0;0;1;0;2;x;x;4;110;120
829;V;NYM;0;0;0;0;0;0;0;1;0;1;109;-105
829;H;NYY;1;0;0;0;0;0;0;0;1;2;-119;-105
829;V;CLE;1;0;0;0;0;0;0;0;0;2;115;123
829;H;STL;0;0;0;0;0;0;1;0;0;1;-135;-133
829;V;ATL;0;0;0;0;0;1;0;0;0;1;105;109
829;H;PHI;1;0;0;0;3;0;0;0;0;4;-115;-119
829;V;KAN;0;1;0;0;0;1;5;2;0;9;144;146
829;H;CWS;0;0;1;2;0;0;0;0;3;6;-160;-156
829;V;TAM;0;0;0;0;0;1;1;2;0;4;-121;104
829;H;MIA;0;0;0;0;0;0;0;0;0;0;110;-114
829;V;MIN;0;0;1;0;0;1;0;x;x;2;-175;-148
829;H;DET;0;1;1;2;2;2;0;x;x;8;157;138
829;V;CHC;0;1;1;0;0;1;0;x;x;3;101;-109
829;H;CIN;0;0;0;0;0;0;0;x;x;0;-111;-101
829;V;BAL;0;0;0;0;0;0;0;0;0;0;144;140
829;H;TOR;2;0;0;3;0;0;0;0;0;5;-160;-150
829;V;LAD;0;1;2;0;1;0;3;0;0;7;-150;-155
829;H;TEX;0;0;2;0;1;0;1;0;0;4;130;145
829;V;PIT;1;0;1;0;2;0;0;0;2;6;155;175
829;H;MIL;1;1;0;0;0;0;1;2;2;7;-180;-190
829;V;OAK;1;0;0;1;1;0;0;x;x;3;115;119
829;H;HOU;3;2;0;0;0;1;0;x;x;6;-135;-129
829;V;WAS;0;0;3;0;0;0;0;0;0;3;-120;-112
829;H;BOS;3;1;0;1;0;0;0;0;0;5;100;102
829;V;SDG;0;0;0;0;0;0;0;3;0;3;120;-110
829;H;COL;0;0;1;0;0;0;2;0;1;4;-140;100
829;V;SFO;2;1;1;0;0;0;0;0;1;5;120;146
829;H;ARI;0;0;0;2;0;0;0;0;0;2;-140;-156
829;V;SEA;0;1;0;0;0;0;0;1;1;3;157;170
829;H;LAA;1;2;0;0;3;4;4;2;0;16;-175;-185
829;V;CHC;1;0;0;2;1;1;0;x;x;5;118;108
829;H;CIN;1;0;3;0;0;0;2;x;x;6;-131;-118
829;V;MIN;0;1;0;1;0;0;0;x;x;2;-165;-149
829;H;DET;0;0;2;0;2;0;0;x;x;4;149;139
829;V;OAK;0;0;0;1;0;1;0;x;x;2;100;100
829;H;HOU;3;0;0;1;0;0;0;x;x;4;-110;-110
830;V;NYM;0;0;0;2;2;3;0;0;x;7;110;-111
830;H;NYY;1;0;0;1;0;0;5;1;x;8;-121;101
830;V;TAM;3;0;0;2;7;0;0;0;0;12;-175;-170
830;H;MIA;0;0;0;1;1;1;4;0;0;7;157;160
830;V;CHC;0;0;0;2;2;1;1;0;4;10;125;152
830;H;CIN;0;0;0;0;0;1;0;0;0;1;-145;-162
830;V;MIN;0;1;1;0;0;0;0;0;0;2;-210;-210
830;H;DET;1;0;0;1;0;1;0;0;0;3;176;190
830;V;WAS;0;0;2;1;2;0;0;0;0;5;-120;102
830;H;BOS;3;2;3;0;0;0;0;1;0;9;100;-112
830;V;KAN;0;0;0;0;0;1;0;1;0;2;170;161
830;H;CWS;0;1;1;0;0;0;0;0;0;5;-190;-172
830;V;PIT;0;1;0;2;1;0;1;0;0;5;184;240
830;H;MIL;0;0;1;0;0;0;0;0;0;1;-220;-270
830;V;CLE;0;2;0;0;0;0;0;0;0;2;-110;-120
830;H;STL;0;4;1;0;0;0;1;1;0;7;-110;110
830;V;LAD;1;1;2;1;0;1;0;1;0;7;-230;-220
830;H;TEX;0;0;1;1;0;0;0;0;0;2;192;200
830;V;BAL;0;1;0;0;0;3;0;0;1;5;131;135
830;H;TOR;0;0;0;1;2;0;0;1;2;6;-145;-145
830;V;SDG;3;2;0;0;0;1;2;3;2;13;-150;-165
830;H;COL;0;0;0;0;0;2;0;0;0;2;130;155
830;V;SEA;0;0;0;0;0;0;1;0;0;2;151;180
830;H;LAA;0;0;0;0;0;0;1;0;0;1;-175;-200
830;V;SFO;1;0;0;0;0;0;0;3;0;4;115;110
830;H;ARI;0;0;0;0;0;0;1;0;0;1;-135;-120
830;V;ATL;0;10;0;0;1;0;0;0;1;12;122;-114
830;H;PHI;0;1;6;1;0;0;0;2;0;10;-135;104
830;V;NYY;0;0;1;0;0;0;0;4;x;5;122;135
830;H;NYM;0;0;0;0;0;1;0;1;x;2;-135;-145
831;V;BAL;1;0;0;0;0;1;0;0;0;4;170;151
831;H;TOR;0;0;0;0;2;0;0;0;0;3;-190;-161
831;V;SEA;0;0;1;0;0;1;0;0;0;2;135;140
831;H;LAA;0;1;0;0;0;0;0;0;0;1;-150;-150
831;V;STL;1;1;1;4;0;0;0;0;0;7;-101;100
831;H;CIN;1;0;0;0;0;1;0;0;3;5;-119;-110
831;V;TAM;2;1;0;0;1;1;0;0;0;5;125;136
831;H;NYY;0;0;0;0;0;0;1;2;0;3;-145;-146
831;V;WAS;0;0;0;0;2;0;2;0;2;6;-105;128
831;H;PHI;1;1;0;4;0;0;2;0;0;8;-115;-138
831;V;ATL;1;0;0;1;3;1;0;0;0;6;-185;-196
831;H;BOS;1;0;1;0;0;0;0;1;0;3;160;178
831;V;PIT;0;0;2;0;1;2;0;0;0;5;157;180
831;H;MIL;0;2;1;1;1;0;0;1;0;6;-175;-200
831;V;CLE;0;0;0;0;0;0;1;0;0;1;-220;-240
831;H;KAN;0;0;0;0;0;0;0;2;0;2;184;210
831;V;CWS;0;0;0;2;0;2;1;0;3;8;-119;-112
831;H;MIN;0;3;1;0;0;1;0;0;0;5;-101;102
831;V;SDG;0;0;3;2;0;0;1;0;0;6;218;102
831;H;COL;0;0;0;0;0;0;0;0;0;0;-245;-112
831;V;MIA;0;0;0;0;0;4;0;1;0;5;213;240
831;H;NYM;0;0;2;0;0;1;0;0;0;3;-240;-270
901;V;STL;6;2;1;0;2;2;1;2;0;16;131;154
901;H;CIN;0;0;0;0;0;1;0;0;1;2;-145;-164
901;V;TOR;1;0;0;1;0;0;0;0;0;2;-110;112
901;H;MIA;0;0;1;0;0;1;0;1;0;3;100;-122
901;V;CHC;1;1;0;1;3;0;0;0;0;8;-150;-163
901;H;PIT;0;1;0;0;0;4;0;1;0;7;135;153
901;V;NYM;0;2;1;0;0;2;0;0;0;5;-129;-132
901;H;BAL;3;2;0;0;0;3;1;0;0;9;117;122
901;V;TAM;0;0;0;0;2;0;1;0;0;3;114;139
901;H;NYY;1;0;1;0;0;3;0;0;0;5;-126;-149
901;V;WAS;0;0;0;0;0;0;0;0;0;0;135;138
901;H;PHI;0;0;0;0;2;4;0;0;0;6;-150;-148
901;V;ATL;2;0;0;0;0;2;1;5;0;10;-190;-168
901;H;BOS;0;0;2;0;0;0;0;1;0;3;170;158
901;V;DET;0;0;2;2;0;2;0;4;2;12;144;175
901;H;MIL;0;0;0;0;0;1;0;0;0;1;-160;-190
901;V;CLE;3;2;0;0;0;1;3;1;0;10;-195;-200
901;H;KAN;0;0;0;0;0;1;0;0;0;1;175;180
901;V;CWS;2;0;0;0;0;0;0;0;0;2;-130;-101
901;H;MIN;0;0;0;0;1;1;1;0;0;3;118;-109
901;V;TEX;2;0;0;1;0;0;0;0;1;6;243;230
901;H;HOU;0;0;0;0;0;1;3;0;0;5;-275;-260
901;V;SFO;3;2;2;1;1;7;2;5;0;23;122;-110
901;H;COL;0;0;1;0;1;0;0;2;1;5;-135;100
901;V;ARI;0;0;1;0;0;0;0;0;2;3;234;200
901;H;LAD;1;0;1;0;2;2;0;0;0;6;-265;-220
902;V;SFO;4;0;1;1;0;0;0;0;0;6;120;108
902;H;COL;0;1;0;0;1;2;5;0;0;9;-140;-118
902;V;STL;0;1;0;0;2;0;0;0;0;3;-110;135
902;H;CIN;0;1;0;0;2;0;0;0;1;4;-110;-145
902;V;TOR;0;0;0;0;2;0;0;0;0;2;-119;-112
902;H;MIA;0;0;0;0;1;0;0;0;0;1;-101;102
902;V;CHC;0;0;0;3;0;0;2;3;0;8;-200;-170
902;H;PIT;0;1;0;0;0;0;1;0;0;2;170;160
902;V;NYM;2;0;0;0;1;1;1;4;0;9;-126;-142
902;H;BAL;0;2;0;0;0;0;0;0;2;4;114;132
902;V;TAM;4;0;0;1;0;0;0;0;0;5;-110;118
902;H;NYY;0;0;0;0;0;1;0;0;1;2;-110;-128
902;V;WAS;0;0;0;0;0;0;0;0;0;0;-110;-117
902;H;PHI;0;0;0;2;0;1;0;0;0;3;-110;107
902;V;ATL;0;3;0;0;0;2;1;1;0;7;-160;-147
902;H;BOS;3;0;0;1;1;0;0;0;0;5;144;137
902;V;DET;3;0;1;0;1;0;0;0;0;5;135;161
902;H;MIL;0;0;3;0;2;0;1;2;0;8;-155;-172
902;V;CLE;0;2;0;0;0;0;0;0;3;5;-185;-160
902;H;KAN;0;0;0;0;0;0;0;0;0;0;160;150
902;V;CWS;0;0;1;0;0;0;0;0;0;1;125;147
902;H;MIN;0;3;1;0;2;2;0;0;0;8;-145;-157
902;V;TEX;0;0;0;1;0;0;0;0;0;1;203;165
902;H;HOU;2;0;0;0;0;0;0;0;0;2;-245;-180
902;V;SDG;0;0;0;2;0;1;0;8;0;11;-155;-190
902;H;LAA;0;0;2;1;0;0;0;0;1;4;135;175
902;V;ARI;0;0;0;0;0;1;0;0;0;2;157;180
902;H;LAD;0;0;0;0;0;0;0;0;1;3;-175;-200
903;V;CHC;0;1;1;0;0;0;0;0;0;2;-165;-155
903;H;PIT;0;0;4;0;0;2;0;0;0;6;144;145
903;V;TEX;0;1;0;1;0;1;0;1;0;4;148;150
903;H;HOU;4;0;0;0;1;1;0;2;0;8;-170;-160
903;V;WAS;0;0;2;0;2;0;1;0;0;5;148;162
903;H;PHI;2;0;2;0;0;0;0;1;0;6;-170;-174
903;V;SDG;0;0;0;0;0;0;0;0;0;0;-165;-138
903;H;LAA;0;0;1;1;0;0;0;0;0;2;149;128
903;V;TOR;0;0;0;0;0;0;1;1;0;6;-130;-120
903;H;BOS;0;1;0;0;0;1;0;0;0;2;110;110
903;V;CWS;0;5;0;1;0;0;5;0;0;11;-135;-135
903;H;KAN;1;0;0;0;0;3;0;2;0;6;115;125
903;V;ARI;0;0;0;0;0;0;1;0;0;1;222;260
903;H;LAD;2;0;0;0;0;0;2;1;0;5;-270;-300
903;V;NYY;0;4;0;0;0;0;2;1;0;7;-115;105
903;H;NYM;0;1;0;3;0;0;0;2;1;9;105;-115
904;V;MIA;0;0;1;1;2;0;0;0;0;4;130;120
904;H;TAM;0;1;0;4;0;0;0;0;0;5;-150;-130
904;V;NYY;0;1;3;0;0;0;0;0;2;6;-150;-148
904;H;BAL;1;0;0;2;1;0;0;0;1;5;135;138
904;V;CIN;0;1;2;0;1;0;0;x;x;4;-160;-185
904;H;PIT;0;0;2;0;0;0;0;x;x;2;140;170
904;V;PHI;0;1;1;0;0;0;1;2;0;5;100;125
904;H;NYM;0;0;0;0;2;0;0;1;0;3;-120;-135
904;V;MIL;0;0;0;1;0;0;4;2;0;7;130;130
904;H;CLE;0;0;0;0;1;0;0;0;0;1;-150;-140
904;V;WAS;1;1;5;0;0;1;2;x;x;10;140;165
904;H;ATL;1;2;0;4;0;0;2;x;x;9;-160;-180
904;V;TOR;0;3;1;0;1;3;0;x;x;8;-135;-112
904;H;BOS;0;2;0;0;2;3;0;x;x;7;115;102
904;V;CWS;1;1;0;1;1;2;1;0;0;7;-150;-160
904;H;KAN;0;1;0;2;0;0;0;0;1;4;130;150
904;V;DET;0;0;0;0;0;0;0;x;x;0;151;151
904;H;MIN;2;0;0;0;0;0;0;x;x;2;-175;-161
904;V;STL;0;0;0;0;0;1;0;0;0;1;120;130
904;H;CHC;2;0;1;0;0;1;0;0;0;4;-140;-140
904;V;HOU;0;0;0;2;0;0;0;0;3;5;-110;-115
904;H;LAA;3;0;1;0;0;1;0;0;0;6;-110;105
904;V;TEX;0;0;0;0;1;0;0;0;2;3;-101;115
904;H;SEA;0;1;0;2;0;0;0;3;0;6;-119;-125
904;V;SDG;0;0;0;0;4;0;2;1;0;7;100;135
904;H;OAK;0;0;0;0;0;0;0;0;0;0;-120;-145
904;V;COL;1;0;0;0;1;0;0;4;0;6;207;220
904;H;LAD;1;0;0;0;0;1;3;5;0;10;-250;-250
904;V;ARI;1;0;1;2;2;0;0;0;0;6;-110;140
904;H;SFO;1;0;1;1;1;0;1;0;0;5;-110;-150
904;V;PIT;0;0;0;3;1;0;0;x;x;4;179;180
904;H;CIN;2;0;0;1;0;0;0;x;x;3;-200;-200
904;V;WAS;0;0;0;1;0;0;0;x;x;1;135;155
904;H;ATL;1;0;2;2;0;2;0;x;x;7;-150;-165
904;V;NYY;0;0;1;2;0;0;0;x;x;3;-180;-170
904;H;BAL;0;2;0;0;4;0;0;x;x;6;162;160
904;V;MIN;0;0;1;0;0;0;1;1;x;3;-155;-152
904;H;DET;0;0;2;0;0;0;0;0;x;2;140;142
904;V;BOS;0;1;1;0;1;0;0;x;x;3;118;130
904;H;TOR;0;0;0;1;0;1;0;x;x;2;-130;-140
905;V;SDG;0;0;1;0;0;0;0;2;1;4;-110;102
905;H;OAK;2;2;0;0;0;3;1;0;0;8;-110;-112
905;V;MIA;0;0;0;4;1;0;2;0;0;7;195;190
905;H;TAM;0;0;0;0;1;0;0;0;2;3;-235;-210
905;V;NYY;0;0;0;0;0;0;0;1;0;1;-260;-240
905;H;BAL;0;0;0;0;0;5;1;0;0;6;215;210
905;V;CIN;0;0;4;0;0;1;0;1;0;6;-140;-122
905;H;PIT;0;0;1;1;0;0;0;0;0;2;120;112
905;V;CWS;2;0;0;0;3;0;0;0;0;5;-220;-230
905;H;KAN;0;0;1;0;0;0;2;0;0;3;184;205
905;V;DET;1;0;0;0;0;0;2;0;0;3;195;245
905;H;MIN;0;0;0;0;1;0;1;0;2;4;-235;-280
905;V;PHI;1;0;0;0;0;0;0;0;0;1;115;145
905;H;NYM;0;0;2;1;1;1;0;0;0;5;-135;-155
905;V;MIL;0;0;0;1;0;1;0;1;0;3;100;104
905;H;CLE;0;0;0;0;3;0;0;0;1;4;-120;-114
905;V;WAS;2;0;0;0;1;2;0;0;5;10;199;240
905;H;ATL;1;0;2;1;0;0;0;0;0;4;-240;-270
905;V;TOR;0;1;0;1;0;3;3;0;0;8;-135;-125
905;H;BOS;0;4;0;2;0;0;1;0;2;9;122;115
905;V;STL;0;0;2;2;0;0;0;x;x;4;-105;103
905;H;CHC;1;0;0;0;1;0;0;x;x;2;-105;-113
905;V;HOU;0;1;3;0;2;0;3;x;x;9;-111;-103
905;H;LAA;1;0;2;1;2;1;3;x;x;10;101;-107
905;V;TEX;0;0;0;1;0;0;1;0;1;3;130;129
905;H;SEA;0;0;2;0;0;0;0;3;0;5;-150;-139
905;V;COL;0;1;0;1;0;0;0;0;3;5;180;163
905;H;LAD;0;0;0;0;2;0;0;0;0;2;-215;-176
905;V;ARI;1;0;0;0;0;0;1;1;0;3;100;128
905;H;SFO;0;2;0;0;0;2;0;0;0;4;-120;-138
905;V;CHC;0;0;0;0;1;0;0;x;x;1;122;-108
905;H;STL;0;3;1;1;0;0;0;x;x;5;-135;-102
905;V;LAA;0;0;0;2;2;0;3;x;x;7;126;154
905;H;HOU;1;3;0;0;2;0;0;x;x;6;-140;-164
906;V;NYY;0;1;0;0;0;0;0;0;0;1;-220;-200
906;H;BAL;2;0;0;0;0;2;1;0;x;5;184;180
906;V;PHI;0;1;0;0;0;0;0;0;0;1;130;147
906;H;NYM;1;1;0;2;1;2;0;7;x;14;-150;-157
906;V;MIL;0;0;0;0;1;0;0;0;0;1;192;230
906;H;CLE;1;0;0;1;0;2;0;0;x;4;-230;-260
906;V;WAS;0;1;0;0;0;0;0;0;2;3;115;127
906;H;ATL;0;0;0;2;1;4;3;0;x;10;-135;-137
906;V;MIA;2;0;1;0;0;0;0;0;0;4;176;200
906;H;TAM;1;0;0;0;1;1;0;0;0;5;-210;-220
906;V;TOR;0;0;1;0;6;3;0;0;0;10;-145;-120
906;H;BOS;3;0;0;1;0;1;0;3;0;8;125;110
906;V;CIN;0;0;2;0;0;0;0;0;0;2;-130;-155
906;H;PIT;0;0;1;0;0;0;0;0;2;3;110;145
906;V;CWS;0;0;1;0;0;1;3;3;0;8;-170;-210
906;H;KAN;0;0;0;0;0;0;2;0;0;2;148;190
906;V;DET;0;1;1;0;0;3;2;3;0;10;170;170
906;H;MIN;0;0;2;0;4;1;0;1;0;8;-200;-185
906;V;ARI;2;0;0;0;0;0;0;0;0;2;130;140
906;H;SFO;0;0;1;0;0;2;1;0;x;4;-150;-150
906;V;HOU;2;1;0;0;0;0;2;0;0;5;-125;-170
906;H;LAA;0;1;3;0;0;1;0;4;x;9;105;160
906;V;SDG;0;0;2;1;0;0;2;0;0;5;-110;-107
906;H;OAK;1;0;1;0;0;0;1;0;0;3;-110;-103
906;V;TEX;0;1;0;0;1;0;0;0;1;3;130;115
906;H;SEA;2;0;0;1;0;0;1;0;x;4;-150;-125
906;V;STL;1;0;4;0;0;2;0;0;0;7;-101;-102
906;H;CUB;1;2;0;0;0;0;0;0;0;3;-109;-108
906;V;COL;0;2;0;0;2;1;0;2;0;7;207;240
906;H;LAD;1;1;0;0;2;2;0;0;0;6;-250;-270
907;V;MIA;0;1;1;2;0;0;0;0;0;5;170;200
907;H;ATL;2;1;0;0;0;0;0;0;1;4;-200;-220
907;V;PHI;3;2;0;0;1;0;0;1;0;9;-119;-125
907;H;NYM;0;0;0;0;3;0;4;0;0;8;-101;115
907;V;DET;0;0;0;1;0;0;1;0;0;2;170;180
907;H;MIN;0;0;4;1;0;0;0;1;x;6;-200;-200
907;V;TEX;0;0;0;2;0;0;0;0;2;4;125;140
907;H;SEA;2;0;1;5;0;0;0;0;x;8;-145;-150
907;V;STL;0;0;0;0;0;0;1;0;0;1;140;167
907;H;CUB;1;0;1;1;2;0;0;0;x;5;-160;-182
907;V;TAM;0;0;0;0;0;0;0;1;0;1;126;100
907;H;WAS;0;1;2;0;0;3;0;0;x;6;-140;-110
907;V;KAN;0;0;0;0;0;0;1;1;0;2;180;190
907;H;CLE;0;2;0;1;0;0;2;0;x;5;-215;-210
907;V;NYY;2;0;0;1;2;1;0;0;1;7;130;115
907;H;TOR;1;1;0;0;0;10;0;0;x;12;-150;-125
907;V;COL;0;0;0;0;0;0;0;0;0;0;180;170
907;H;SDG;0;0;0;0;0;0;0;0;1;1;-215;-185
907;V;HOU;0;0;0;0;0;0;0;0;0;0;130;120
907;H;OAK;0;2;0;0;0;0;1;3;x;6;-150;-130
907;V;ARI;0;0;1;0;0;0;0;0;1;2;-150;100
907;H;SFO;0;0;0;0;0;4;0;0;x;4;130;-110
908;V;TAM;0;0;0;0;0;3;0;0;0;3;-150;-148
908;H;WAS;1;1;2;0;0;1;0;0;x;5;130;138
908;V;KAN;0;0;3;0;0;0;2;2;1;8;199;185
908;H;CLE;2;1;2;0;0;0;0;0;1;6;-240;-205
908;V;NYY;0;0;0;0;1;0;0;0;0;1;125;-109
908;H;TOR;0;2;0;0;0;0;0;0;x;2;-145;-101
908;V;BOS;0;0;1;0;2;2;0;x;x;5;151;170
908;H;PHI;0;1;3;0;0;0;2;x;x;6;-175;-185
908;V;CWS;0;0;0;0;3;0;0;1;0;4;-175;-134
908;H;PIT;0;0;0;0;2;0;0;2;1;5;151;124
908;V;MIL;0;0;0;0;0;0;0;0;3;3;-110;-148
908;H;DET;0;0;0;1;5;0;2;0;x;8;-110;138
908;V;MIA;0;1;1;3;0;0;1;0;2;8;125;107
908;H;ATL;0;0;0;0;0;0;0;0;0;0;-145;-117
908;V;BAL;0;2;2;1;4;0;0;2;0;11;160;165
908;H;NYM;0;1;0;0;0;0;0;1;0;2;-185;-180
908;V;CIN;0;0;0;0;0;0;0;0;0;0;105;-107
908;H;CUB;0;2;1;0;0;0;0;0;x;3;-125;-103
908;V;MIN;0;0;3;1;1;0;2;x;x;7;-128;-125
908;H;STL;0;0;0;0;0;3;0;x;x;3;108;115
908;V;LAA;0;0;0;0;1;0;0;0;0;1;-130;-128
908;H;TEX;0;1;0;2;2;1;0;1;x;7;110;118
908;V;COL;3;0;0;0;1;1;0;0;0;5;320;210
908;H;SDG;5;5;1;0;0;0;3;0;x;14;-405;-240
908;V;HOU;0;0;0;4;0;0;1;x;x;5;117;136
908;H;OAK;0;0;4;0;0;0;0;x;x;4;-137;-146
908;V;LAD;0;1;0;0;1;0;4;0;0;10;-225;-255
908;H;ARI;0;0;5;0;0;1;0;0;0;9;188;225
908;V;SEA;1;3;1;0;0;0;0;0;0;5;144;150
908;H;SFO;1;0;2;2;0;0;1;0;x;6;-165;-160
908;V;MIN;0;2;0;0;1;0;1;x;x;4;-130;-134
908;H;STL;0;0;5;0;0;1;x;x;x;6;110;124
908;V;BOS;0;1;0;1;0;2;1;x;x;5;157;150
908;H;PHI;2;0;0;0;0;0;0;x;x;2;-175;-160
908;V;OAK;0;0;2;0;0;2;0;x;x;4;-105;118
908;H;HOU;0;0;0;0;2;0;0;x;x;2;-115;-128
909;V;KAN;0;0;0;0;0;1;0;0;2;3;184;190
909;H;CLE;0;0;0;0;0;0;0;0;0;0;-220;-210
909;V;NYY;0;1;1;0;3;0;0;0;2;7;-125;-147
909;H;TOR;0;2;0;0;0;0;0;0;0;2;105;137
909;V;CWS;0;0;1;4;0;3;0;0;0;8;-180;-153
909;H;PIT;0;0;0;0;0;0;0;1;0;1;155;143
909;V;MIA;0;2;3;3;0;0;1;0;0;9;120;128
909;H;ATL;0;11;2;3;6;3;4;0;x;29;-140;-138
909;V;MIL;0;3;1;3;0;5;3;0;4;19;-135;-152
909;H;DET;0;0;0;0;0;0;0;0;0;0;115;142
909;V;BAL;2;0;3;0;1;0;0;0;0;6;150;177
909;H;NYM;0;1;0;2;2;1;0;1;x;7;-173;-194
909;V;COL;1;0;0;0;0;2;0;0;0;3;170;162
909;H;SDG;2;0;0;0;0;2;0;1;x;5;-200;-174
909;V;CIN;3;0;0;0;0;0;0;0;0;3;130;140
909;H;CUB;0;0;0;0;0;0;0;0;0;0;-150;-150
909;V;LAA;1;0;0;1;0;0;1;0;0;3;100;-116
909;H;TEX;0;0;0;1;5;1;0;0;x;7;-120;106
909;V;HOU;1;0;0;0;0;1;0;0;0;2;140;165
909;H;OAK;0;0;0;0;0;0;2;0;1;3;-160;-180
909;V;LAD;1;1;0;2;0;0;0;0;0;6;-270;-310
909;H;ARI;0;3;0;0;1;0;0;0;0;4;222;270
909;V;SEA;0;0;0;0;0;0;0;1;0;1;135;125
909;H;SFO;0;0;3;1;3;3;0;0;x;10;-150;-135
910;V;HOU;0;0;0;0;0;1;0;0;0;1;130;137
910;H;OAK;0;0;0;0;0;2;1;0;x;3;-150;-147
910;V;LAA;3;0;0;0;1;1;1;0;0;6;-190;-159
910;H;TEX;1;0;0;0;0;0;0;1;0;2;163;149
910;V;ATL;0;0;0;2;2;0;2;1;0;7;-150;-146
910;H;WAS;3;2;0;0;1;0;0;0;0;6;130;136
910;V;KAN;0;0;3;0;0;1;3;4;0;11;176;200
910;H;CLE;0;0;0;0;0;0;0;0;1;1;-210;-220
910;V;PHI;1;2;0;2;1;0;0;0;0;6;100;-105
910;H;MIA;1;0;1;1;0;0;0;3;1;7;-120;-105
910;V;BOS;0;0;2;0;1;0;1;0;0;4;192;179
910;H;TAM;0;0;0;2;1;0;0;0;0;3;-230;-198
910;V;CIN;2;1;0;0;0;0;0;2;0;5;-130;-125
910;H;CUB;0;0;0;5;2;0;0;1;x;8;110;115
910;V;SFO;0;1;0;0;0;0;0;0;0;1;176;165
910;H;SDG;3;0;1;1;0;0;1;0;x;6;-210;-180
910;V;LAD;0;0;2;0;0;0;0;0;0;2;-190;-240
910;H;ARI;0;0;2;0;0;3;0;0;x;5;163;210
910;V;DET;0;0;0;2;0;0;0;x;x;2;180;205
910;H;STL;0;2;7;1;0;2;x;x;x;12;-215;-230
910;V;DET;0;0;0;0;0;1;5;x;x;6;155;175
910;H;STL;0;1;0;1;1;0;0;x;x;3;-180;-190
911;V;ATL;0;0;0;2;0;1;0;1;3;7;-150;-155
911;H;WAS;3;0;2;0;1;0;0;1;0;8;130;145
911;V;NYM;0;0;4;10;0;0;2;1;1;18;-180;-215
911;H;TOR;1;0;0;0;0;0;0;0;0;1;155;195
911;V;BOS;0;0;0;0;0;0;0;0;1;1;230;240
911;H;TAM;0;1;1;2;0;1;4;2;x;11;-260;-270
911;V;BAL;1;0;0;0;0;0;0;x;x;1;192;175
911;H;NYY;4;0;0;3;3;0;x;x;x;10;-215;-190
911;V;PHI;0;0;4;5;2;0;0;x;x;11;-140;-160
911;H;MIA;0;0;0;0;0;0;0;x;x;0;120;150
911;V;PIT;0;0;0;1;0;0;0;2;0;3;-101;128
911;H;KAN;1;0;2;0;0;0;1;0;x;4;-119;-138
911;V;DET;0;0;0;0;0;3;0;0;0;3;222;225
911;H;CWS;0;0;0;0;0;4;0;0;x;4;-270;-255
911;V;CUB;0;0;0;0;0;0;0;0;0;0;130;156
911;H;MIL;0;0;0;0;0;0;0;0;1;1;-150;-166
911;V;CLE;0;0;0;0;0;0;0;0;1;1;-115;-115
911;H;MIN;0;2;0;0;0;0;1;0;x;3;105;105
911;V;CIN;2;0;1;0;0;0;0;0;0;3;-101;-112
911;H;STL;0;1;0;0;0;0;0;0;0;1;-119;102
911;V;LAA;2;0;0;0;0;0;0;1;1;4;115;124
911;H;COL;0;0;2;0;1;0;0;0;5;8;-135;-134
911;V;OAK;4;3;1;0;0;1;0;0;1;10;-165;-176
911;H;TEX;1;0;0;0;0;0;3;2;0;6;144;163
911;V;SEA;0;0;1;0;0;0;1;1;0;3;105;-110
911;H;ARI;3;0;1;0;0;0;0;0;x;4;-115;100
911;V;PHI;0;0;1;0;1;0;1;x;x;3;-109;-120
911;H;MIA;0;0;1;3;0;1;x;x;x;5;-101;110
911;V;BAL;0;0;0;0;0;0;0;x;x;0;208;220
911;H;NYY;3;2;0;0;0;1;x;x;x;6;-251;-250
912;V;BAL;0;0;0;0;0;1;0;0;0;1;140;170
912;H;NYY;1;0;0;0;0;0;0;0;0;2;-160;-185
912;V;ATL;1;0;0;1;0;0;0;0;0;2;-130;-145
912;H;WAS;0;0;0;0;0;0;0;1;0;1;110;135
912;V;PHI;4;0;1;0;1;0;1;5;0;12;100;-120
912;H;MIA;0;0;0;3;0;1;1;1;0;6;-120;110
912;V;NYM;0;0;0;1;0;0;1;0;0;2;-185;-161
912;H;TOR;0;0;0;1;1;1;0;0;x;3;166;151
912;V;BOS;0;0;1;1;0;0;2;0;0;4;205;190
912;H;TAM;1;0;0;3;0;0;1;0;x;5;-230;-210
912;V;PIT;0;2;1;0;0;0;0;1;0;4;130;102
912;H;KAN;1;0;2;0;3;0;1;0;x;7;-150;-112
912;V;OAK;0;0;1;0;0;1;0;x;x;2;-190;-196
912;H;TEX;5;0;0;0;0;0;x;x;x;5;170;178
912;V;DET;0;0;0;0;0;0;0;0;0;0;153;175
912;H;CWS;3;0;2;3;4;1;1;0;x;14;-170;-190
912;V;CUB;0;0;0;0;0;0;0;0;4;4;-120;-106
912;H;MIL;0;0;0;2;0;0;0;0;0;2;100;-104
912;V;LAA;0;0;0;1;0;1;0;0;0;5;115;125
912;H;COL;0;0;1;1;0;0;0;0;0;2;-135;-135
912;V;SEA;4;1;0;0;2;0;0;0;0;7;151;141
912;H;ARI;0;0;0;2;0;0;0;1;0;3;-175;-151
912;V;CIN;0;0;1;0;0;0;0;0;0;1;120;118
912;H;STL;0;0;0;2;0;5;0;0;x;7;-140;-128
912;V;HOU;1;0;0;0;0;0;0;1;5;7;140;145
912;H;LAD;0;3;1;0;1;0;0;0;0;5;-160;-155
912;V;CLE;0;0;0;2;0;1;0;1;0;4;-130;-110
912;H;MIN;0;3;0;2;0;0;0;3;x;8;110;100
912;V;OAK;0;7;0;0;3;0;0;x;x;10;-190;-210
912;H;TEX;0;0;0;0;0;1;0;x;x;1;170;190
913;V;ATL;1;0;0;1;0;4;0;0;2;8;170;155
913;H;WAS;0;1;0;1;2;0;0;0;0;4;-200;-165
913;V;BAL;0;1;0;0;0;0;0;0;0;1;184;160
913;H;NYY;0;0;1;0;0;0;0;2;x;3;-220;-170
913;V;PHI;0;1;0;0;0;0;0;x;x;1;135;155
913;H;MIA;0;0;2;0;0;0;x;x;x;2;-150;-165
913;V;BOS;2;0;0;0;2;2;0;0;0;6;163;180
913;H;TAM;1;0;0;2;0;0;0;0;0;3;-190;-200
913;V;PIT;0;0;0;0;0;0;0;0;0;0;135;122
913;H;KAN;4;0;6;0;0;1;0;0;x;11;-155;-132
913;V;DET;1;0;0;0;0;0;0;0;1;2;130;160
913;H;CWS;0;1;0;1;3;0;0;0;x;5;-150;-170
913;V;CUB;0;0;0;5;4;0;1;0;2;12;110;114
913;H;MIL;0;0;0;0;0;0;0;0;0;0;-130;-124
913;V;CIN;0;1;2;0;0;1;3;1;2;10;-110;-105
913;H;STL;1;2;0;0;2;0;0;0;0;5;-110;-105
913;V;OAK;1;0;0;0;0;0;0;1;1;3;-125;-140
913;H;TEX;0;1;0;0;0;3;2;0;x;6;105;130
913;V;HOU;0;0;0;0;0;1;0;0;0;1;-109;127
913;H;LAD;1;0;0;0;4;0;0;3;x;8;-101;-137
913;V;NYM;1;0;0;0;0;0;0;2;0;3;120;144
913;H;TOR;0;2;0;0;0;5;0;0;x;7;-140;-154
913;V;LAA;0;1;0;0;0;0;1;2;1;5;-145;-155
913;H;COL;0;1;2;0;0;0;0;0;0;3;125;145
913;V;CLE;1;0;2;0;0;1;0;1;0;5;120;125
913;H;MIN;0;0;2;1;3;1;0;0;x;7;-140;-135
913;V;SFO;0;0;0;0;0;0;0;x;x;0;157;162
913;H;SDG;0;2;2;0;0;2;x;x;x;6;-175;-174
913;V;SEA;1;1;0;0;0;2;0;2;1;7;125;140
913;H;ARI;1;0;0;0;0;0;2;0;0;3;-145;-150
913;V;PHI;0;1;0;0;0;0;0;x;x;1;-145;-150
913;H;MIA;3;0;1;0;0;4;x;x;x;8;131;140
913;V;SFO;0;1;0;0;0;0;0;x;x;1;140;150
913;H;SDG;0;1;0;0;2;0;x;x;x;3;-155;-160
914;V;PIT;0;0;0;0;0;0;1;x;x;1;NL;225
914;H;CIN;0;0;0;1;0;0;2;x;x;3;NL;-255
914;V;ATL;0;0;0;0;0;1;0;0;0;1;-160;-164
914;H;BAL;1;0;9;0;3;0;1;0;x;14;140;154
914;V;STL;0;0;0;0;0;0;0;1;x;1;-119;104
914;H;MIL;0;0;0;0;0;0;0;2;x;2;109;-114
914;V;MIN;0;0;0;0;1;0;0;0;0;1;-120;-136
914;H;CWS;0;1;0;0;0;0;0;2;x;3;100;126
914;V;LAD;0;0;1;0;0;0;0;0;1;2;-130;-140
914;H;SDG;0;0;0;0;0;1;5;1;x;7;110;130
914;V;PIT;1;0;0;1;2;0;0;x;x;4;170;138
914;H;CIN;0;2;1;0;3;3;x;x;x;9;-190;-148
914;V;OAK;0;1;0;4;0;0;0;x;x;5;-140;-152
914;H;SEA;0;0;0;1;3;2;x;x;x;6;126;142
914;V;OAK;1;0;5;0;0;3;0;x;x;9;-155;-170
914;H;SEA;0;0;0;0;0;0;0;x;x;0;140;160
914;V;STL;0;0;0;0;1;0;1;0;1;3;192;180
914;H;MIL;0;0;0;2;0;0;0;0;0;2;-215;-200
914;V;PHI;1;0;0;0;0;0;0;1;0;2;131;109
914;H;MIA;0;1;2;1;0;1;1;0;x;6;-145;-119
915;V;WAS;0;0;0;0;0;1;0;0;0;1;155;163
915;H;TAM;0;2;0;0;4;0;0;0;x;6;-180;-176
915;V;PIT;0;0;0;1;0;0;0;0;0;1;120;126
915;H;CIN;3;1;0;0;0;0;0;0;x;4;-140;-136
915;V;BOS;0;0;0;0;0;1;0;1;0;2;151;148
915;H;MIA;0;0;0;0;0;0;0;0;0;0;-175;-158
915;V;ATL;0;0;1;1;0;0;0;0;3;5;-160;-170
915;H;BAL;0;0;0;0;0;0;0;0;1;1;144;160
915;V;TOR;0;1;0;2;0;0;0;0;3;6;148;150
915;H;NYY;0;7;5;4;0;1;2;1;x;20;-170;-160
915;V;NYM;0;0;0;0;1;0;0;0;0;1;-105;-117
915;H;PHI;0;0;0;2;2;0;0;0;x;4;-115;107
915;V;KAN;0;0;0;0;0;0;0;0;0;0;-119;105
915;H;DET;3;0;2;0;0;1;0;0;x;6;-101;-115
915;V;STL;1;0;0;0;1;0;1;0;0;3;-140;-133
915;H;MIL;2;0;2;7;6;0;1;0;x;18;120;123
915;V;TEX;0;0;0;0;1;0;0;0;0;1;180;178
915;H;HOU;1;0;0;0;0;0;2;1;x;4;-215;-196
915;V;MIN;0;0;1;0;1;0;0;0;0;2;-101;114
915;H;CWS;1;0;3;0;0;1;1;0;x;6;-119;-124
915;V;CLE;0;0;2;0;1;0;0;0;2;5;130;144
915;H;CUB;0;1;0;0;2;0;1;1;1;6;-150;-154
915;V;OAK;0;1;0;0;0;0;0;0;0;1;-155;-132
915;H;COL;0;0;0;0;2;1;0;0;x;3;135;122
915;V;LAD;1;0;1;0;1;0;0;0;0;3;-125;-128
915;H;SDG;0;0;1;0;0;0;0;0;0;1;105;118
915;V;ARI;2;2;3;1;0;0;0;1;0;9;110;135
915;H;LAA;0;0;1;0;5;2;0;0;0;8;-130;-145
916;V;WAS;0;0;0;0;0;2;0;0;0;4;155;164
916;H;TAM;1;0;0;0;0;0;0;0;1;2;-180;-178
916;V;OAK;0;0;1;0;0;2;0;0;0;3;-110;115
916;H;COL;0;0;1;0;0;0;0;0;0;1;-110;-125
916;V;LAD;0;1;2;0;3;1;0;0;0;7;-140;-114
916;H;SDG;0;1;0;0;0;0;2;1;1;5;126;104
916;V;PIT;0;0;0;0;0;0;0;0;0;0;184;220
916;H;CIN;0;0;0;0;1;0;0;0;x;1;-220;-250
916;V;BOS;0;0;1;0;1;0;2;0;0;4;120;115
916;H;MIA;2;0;4;0;2;0;0;0;x;8;-140;-125
916;V;ATL;0;0;0;0;0;1;0;0;0;1;-175;-180
916;H;BAL;0;0;3;0;0;2;0;0;x;5;151;165
916;V;TOR;0;0;0;0;0;1;0;0;1;2;218;240
916;H;NYY;1;0;2;3;1;4;2;0;x;13;-265;-270
916;V;NYM;0;0;0;1;0;2;0;1;1;5;-135;-176
916;H;PHI;0;3;1;0;0;0;0;0;0;4;115;163
916;V;KAN;2;0;0;0;0;1;0;1;0;4;-125;-114
916;H;DET;0;0;0;0;0;0;0;0;0;0;105;104
916;V;STL;0;1;0;1;1;1;0;x;x;4;135;140
916;H;MIL;2;0;0;0;0;0;0;x;x;2;-150;-150
916;V;MIN;0;1;0;2;0;0;0;2;0;5;135;143
916;H;CWS;0;0;0;1;0;0;0;0;0;1;-155;-153
916;V;TEX;0;0;0;0;0;0;0;0;1;1;199;205
916;H;HOU;0;0;0;0;0;0;0;0;0;0;-240;-230
916;V;CLE;1;0;0;0;1;0;0;0;0;2;-120;-107
916;H;CUB;0;1;0;1;0;0;0;0;0;3;100;-103
916;V;ARI;0;4;2;0;0;0;3;0;0;9;155;175
916;H;LAA;0;2;0;0;1;1;2;0;0;6;-180;-190
916;V;STL;0;0;0;0;0;0;0;x;x;0;131;160
916;H;MIL;4;0;0;0;0;2;x;x;x;6;-145;-170
916;V;SFO;1;1;3;3;0;0;1;0;0;9;-150;-152
916;H;SEA;0;0;0;3;0;0;0;0;0;3;135;142
917;V;MIN;0;1;0;0;1;1;0;0;0;3;-155;-161
917;H;CWS;0;0;0;1;1;0;2;0;0;4;140;151
917;V;ARI;0;0;0;1;1;0;0;0;1;3;135;155
917;H;LAA;3;2;1;0;0;0;0;1;0;7;-155;-165
917;V;TAM;0;1;0;0;0;0;2;x;x;3;-200;-180
917;H;BAL;0;0;0;0;0;1;0;x;x;1;179;165
917;V;TOR;0;0;2;0;1;0;0;0;4;7;176;200
917;H;NYY;2;0;0;7;0;0;1;0;0;10;-210;-220
917;V;NYM;3;0;0;0;0;3;0;0;4;10;120;105
917;H;PHI;4;2;0;0;0;0;0;0;0;6;-140;-115
917;V;STL;0;0;1;0;0;0;0;0;0;1;-165;-152
917;H;PIT;0;0;0;4;1;0;0;0;0;5;144;142
917;V;TEX;0;0;0;0;0;0;1;0;0;1;192;220
917;H;HOU;0;2;0;0;0;0;0;0;0;2;-230;-250
917;V;CLE;1;0;0;4;0;0;3;2;0;10;-270;-270
917;H;DET;0;0;0;0;0;0;0;3;0;3;222;240
917;V;LAD;0;0;0;2;0;0;6;1;0;9;-165;-157
917;H;COL;2;0;0;0;0;0;0;1;0;3;144;147
917;V;SFO;0;1;0;0;0;2;3;0;0;6;-145;-124
917;H;SEA;0;4;0;0;0;0;0;0;0;4;125;114
917;V;BAL;0;0;2;4;0;0;0;x;x;6;157;161
917;H;TAM;3;0;1;2;4;0;0;x;x;10;-175;-172
917;V;BOS;0;0;0;0;0;2;3;0;0;5;114;-108
917;H;MIA;0;0;0;0;0;0;3;0;0;3;-126;-102
918;V;TOR;0;0;0;5;2;0;0;x;x;7;170;200
918;H;PHI;1;0;1;3;0;3;x;x;x;8;157;175
918;V;TAM;1;0;1;0;0;0;0;0;0;2;-175;-190
918;H;BAL;0;0;0;1;0;0;0;0;0;1;-181;-210
918;V;STL;1;2;2;1;0;0;0;x;x;6;156;190
918;H;PIT;2;0;0;3;0;0;0;x;x;5;126;145
918;V;CWS;0;0;0;0;0;1;0;0;0;1;-146;-155
918;H;CIN;1;0;5;0;0;0;1;0;x;7;148;161
918;V;ATL;1;4;1;6;0;2;0;1;0;15;-171;-172
918;H;NYM;0;0;0;0;1;1;0;0;0;2;-171;-220
918;V;CLE;0;0;0;0;1;0;0;0;0;1;148;200
918;H;DET;0;0;0;0;0;0;0;0;0;0;126;105
918;V;WAS;0;2;0;3;0;0;0;x;x;5;-146;-115
918;H;MIA;0;0;0;0;0;0;0;x;x;0;131;175
918;V;NYY;0;0;0;0;0;0;2;1;1;6;-151;-190
918;H;BOS;0;0;0;3;1;0;0;0;0;5;144;148
918;V;KAN;3;0;1;0;0;0;0;0;1;5;-160;-158
918;H;MIL;0;0;0;6;3;0;0;0;x;9;-180;-180
918;V;ARI;0;0;0;3;0;0;2;1;0;6;155;165
918;H;HOU;1;0;1;0;1;0;0;0;0;3;149;142
918;V;LAD;0;4;0;0;5;2;4;0;0;15;-165;-152
918;H;COL;0;3;0;0;0;3;0;0;0;6;-110;-123
918;V;MIN;0;0;0;0;0;0;0;0;0;0;100;113
918;H;CUB;1;0;0;0;0;0;0;0;x;1;135;116
918;V;TEX;0;0;0;0;0;0;2;0;0;2;-150;-126
918;H;LAA;0;1;0;0;1;1;1;2;x;6;120;143
918;V;SFO;0;0;0;0;0;0;0;0;0;0;-140;-153
918;H;OAK;1;0;3;2;0;0;0;0;x;6;-145;-140
918;V;SDG;0;0;1;4;0;0;0;0;1;6;125;130
918;H;SEA;0;0;0;0;0;0;0;1;0;1;126;118
918;V;PIT;0;0;0;0;2;0;0;x;x;2;-140;-128
918;H;STL;0;0;0;1;0;6;x;x;x;7;-105;111
918;V;PHI;1;0;0;0;5;1;0;x;x;7;-115;-121
918;H;TOR;0;0;0;0;0;0;0;x;x;0;-165;-185
918;V;WAS;2;0;0;0;1;0;0;x;x;3;144;170
918;H;MIA;1;1;4;0;4;4;x;x;x;14;-170;-176
919;V;SFO;0;0;0;0;0;0;0;0;0;0;-101;-106
919;H;OAK;0;0;0;1;0;0;5;0;0;6;-109;-102
919;V;TOR;0;0;0;0;1;0;0;0;0;1;-201;-200
919;H;PHI;0;0;0;0;2;0;0;1;0;3;170;180
919;V;CWS;0;0;0;0;2;0;0;3;0;5;-165;-170
919;H;CIN;0;0;0;0;0;0;0;0;0;0;149;160
919;V;WAS;0;0;0;2;0;0;1;0;0;3;-116;113
919;H;MIA;1;0;2;2;1;1;0;0;0;7;-104;-123
919;V;CLE;0;0;2;0;0;0;0;0;0;2;-166;-158
919;H;DET;1;0;0;0;0;0;0;4;0;5;145;148
919;V;TAM;0;0;1;0;2;0;0;0;0;3;-201;-220
919;H;BAL;1;0;0;0;0;0;0;0;0;1;148;163
919;V;STL;0;0;0;0;0;0;5;0;0;5;-190;-164
919;H;PIT;1;0;1;0;0;2;0;0;0;4;163;154
919;V;KAN;0;0;0;0;0;0;0;0;0;0;184;180
919;H;MIL;0;0;1;0;0;0;0;4;0;5;-220;-200
919;V;ARI;0;1;1;0;0;0;0;0;0;2;148;156
919;H;HOU;0;0;1;0;0;2;0;0;0;3;-170;-166
919;V;ATL;0;0;0;0;0;1;0;1;0;2;-145;-149
919;H;NYM;2;0;0;1;0;0;0;4;0;7;125;139
919;V;TEX;3;0;0;0;0;0;0;0;0;3;148;145
919;H;LAA;0;1;0;0;2;0;0;1;0;4;-170;-155
919;V;NYY;2;0;0;2;3;0;0;0;1;8;-205;-205
919;H;BOS;0;0;0;0;0;0;0;0;0;0;183;185
919;V;LAD;2;0;0;1;0;0;3;0;0;6;-290;-280
919;H;COL;1;0;0;0;0;0;0;0;0;1;237;245
919;V;MIN;1;0;0;0;0;1;5;0;1;8;-135;-123
919;H;CHC;0;1;0;0;0;0;0;0;0;1;115;113
919;V;SDG;0;0;1;0;0;0;0;0;0;1;-190;-160
919;H;SEA;1;0;2;0;1;0;0;0;0;4;163;150
920;V;TOR;2;0;0;0;0;2;2;0;0;6;104;-110
920;H;PHI;1;0;0;0;0;0;2;0;0;3;-114;100
920;V;STL;0;0;0;0;0;0;2;0;0;2;-160;-160
920;H;PIT;0;0;0;1;0;0;0;0;0;1;140;150
920;V;TAM;0;0;0;1;0;0;0;0;0;1;-180;-152
920;H;BAL;2;0;0;0;0;0;0;0;x;2;155;142
920;V;CWS;0;0;0;0;2;0;0;1;0;3;-120;120
920;H;CIN;0;0;0;5;2;0;0;0;x;7;100;-130
920;V;ATL;0;0;0;0;0;1;0;2;4;7;-101;108
920;H;NYM;0;0;0;0;0;0;0;0;0;0;-119;-118
920;V;CLE;0;0;0;0;3;2;2;0;0;7;-200;-194
920;H;DET;0;0;0;0;0;0;0;3;1;4;170;177
920;V;WAS;0;0;0;0;1;0;0;x;x;1;-160;-140
920;H;MIA;1;0;0;0;0;1;x;x;x;2;140;130
920;V;NYY;0;0;0;0;0;1;0;0;1;2;-170;-196
920;H;BOS;0;2;4;0;0;0;3;1;x;10;148;178
920;V;KAN;0;0;0;0;0;1;0;0;2;3;120;145
920;H;MIL;2;0;0;0;0;3;0;0;x;5;-140;-155
920;V;ARI;0;0;0;1;1;0;0;0;0;2;170;180
920;H;HOU;0;0;0;0;0;1;1;1;x;3;-200;-200
920;V;MIN;1;1;0;0;0;0;2;0;0;4;140;143
920;H;CUB;0;0;0;0;0;0;0;0;0;0;-160;-153
920;V;LAD;0;0;0;0;0;0;1;0;2;3;-190;-200
920;H;COL;0;0;0;2;0;3;0;1;x;6;163;180
920;V;SFO;0;0;2;2;0;4;1;2;3;14;125;162
920;H;OAK;0;0;0;0;0;2;0;0;0;2;-145;-174
920;V;SDG;0;0;0;0;0;3;0;0;0;7;-220;-280
920;H;SEA;0;0;0;0;1;0;0;2;0;4;184;245
920;V;TEX;2;1;1;1;0;0;0;2;0;7;115;140
920;H;LAA;0;1;0;0;0;1;0;0;0;2;-135;-150
920;V;WAS;3;0;3;1;4;4;0;x;x;15;122;125
920;H;MIA;0;0;0;0;0;0;0;x;x;0;-135;-135
921;V;TEX;1;1;1;0;0;2;0;0;0;5;184;190
921;H;LAA;0;1;0;7;0;0;0;0;0;8;-220;-210
921;V;PHI;0;0;0;0;1;0;0;0;0;1;-145;-155
921;H;WAS;2;0;0;0;0;1;2;0;0;5;125;145
921;V;CWS;0;0;0;0;4;0;0;0;0;4;-115;-101
921;H;CLE;3;1;0;0;2;0;1;0;0;7;-105;-109
921;V;NYY;0;1;0;0;0;0;1;0;3;5;-140;-143
921;H;TOR;0;0;5;4;0;1;1;0;0;11;126;133
921;V;MIL;0;0;0;0;1;0;0;0;2;3;110;114
921;H;CIN;0;0;0;0;0;2;0;4;0;6;-130;-124
921;V;CHC;0;1;0;0;1;0;0;3;0;5;-160;-146
921;H;PIT;0;0;0;0;0;0;0;0;0;0;140;136
921;V;MIA;3;0;0;0;0;0;0;1;0;4;148;151
921;H;ATL;4;1;0;0;0;0;0;0;0;5;-170;-161
921;V;TAM;0;1;0;1;0;0;0;0;0;2;192;165
921;H;NYM;0;0;0;0;1;0;0;0;0;1;-230;-180
921;V;STL;0;1;0;0;0;0;0;0;0;1;-145;-185
921;H;KAN;0;0;0;0;1;2;0;1;0;4;125;170
921;V;HOU;0;0;0;0;0;0;0;0;1;1;-145;-124
921;H;SEA;0;0;0;0;0;0;4;2;0;6;125;114
921;V;COL;2;0;1;1;3;0;0;0;0;7;-105;108
921;H;SFO;0;0;0;0;1;0;1;0;0;2;-115;-118
922;V;PHI;0;0;0;1;0;0;0;x;x;1;-185;-200
922;H;WAS;1;0;4;0;0;0;0;x;x;5;160;180
922;V;CWS;0;0;0;0;0;1;0;0;0;3;188;112
922;H;CLE;1;0;0;0;0;0;0;0;0;5;-225;-122
922;V;NYY;2;0;0;1;4;0;0;3;2;12;-245;-270
922;H;TOR;0;0;0;1;0;0;0;0;0;1;203;240
922;V;MIL;0;0;0;0;1;0;2;0;0;3;135;142
922;H;CIN;2;0;0;0;0;0;0;0;0;2;-155;-152
922;V;CUB;0;0;0;0;0;0;0;2;0;2;-145;-155
922;H;PIT;0;1;0;0;1;0;0;0;1;3;131;145
922;V;MIA;0;0;0;0;0;1;0;0;0;1;172;150
922;H;ATL;1;1;0;0;2;0;5;2;0;11;-205;-160
922;V;TAM;0;1;0;0;0;0;1;0;0;2;-135;-135
922;H;NYM;0;1;0;1;0;1;1;1;0;5;115;125
922;V;BAL;1;0;0;0;0;2;0;0;0;3;-115;101
922;H;BOS;0;3;1;0;0;4;0;0;0;8;-105;-111
922;V;DET;0;0;0;1;0;1;1;0;0;4;175;165
922;H;MIN;1;0;0;1;0;0;0;1;0;5;-195;-180
922;V;STL;0;3;0;0;1;1;0;0;0;5;-125;-103
922;H;KAN;0;0;0;0;0;0;0;0;0;0;105;-107
922;V;LAA;0;1;0;0;0;2;0;1;0;4;148;149
922;H;SDG;1;0;0;0;0;0;0;1;0;2;-170;-159
922;V;HOU;1;0;0;0;0;5;0;0;0;6;-170;-196
922;H;SEA;1;0;0;0;0;0;0;0;0;1;148;178
922;V;TEX;0;0;0;0;0;0;0;0;0;0;105;147
922;H;ARI;0;0;0;2;1;4;0;0;0;7;-125;-157
922;V;OAK;1;0;1;0;0;0;0;0;0;2;170;163
922;H;LAD;1;0;2;2;1;0;1;0;0;7;-200;-176
922;V;COL;0;0;0;0;0;1;1;0;0;2;105;150
922;H;SFO;1;0;0;0;1;0;3;0;0;5;-125;-160
922;V;PHI;0;2;0;1;2;1;0;1;x;7;-122;-127
922;H;WAS;0;0;4;2;0;0;0;2;x;8;102;117
923;V;LAA;0;4;0;0;0;1;0;0;0;5;160;152
923;H;SDG;2;0;0;0;0;0;0;0;0;2;-185;-162
923;V;PHI;1;0;1;0;0;1;0;3;6;12;-125;-160
923;H;WAS;0;0;0;0;1;0;0;0;2;3;105;150
923;V;CWS;0;0;0;1;0;0;0;1;0;2;135;154
923;H;CLE;0;1;0;0;0;1;0;0;1;3;-155;-164
923;V;TEX;1;0;0;1;1;0;0;0;0;3;135;139
923;H;ARI;0;0;0;0;1;6;0;0;0;7;-150;-149
923;V;NYY;0;1;0;0;0;0;0;0;0;1;-220;-215
923;H;TOR;2;0;1;2;0;8;0;1;0;14;196;195
923;V;HOU;0;0;0;0;0;0;0;0;2;2;-170;-205
923;H;SEA;1;0;0;0;2;0;0;0;0;3;148;185
923;V;MIL;0;0;0;0;1;0;0;0;0;1;140;158
923;H;CIN;2;0;0;1;3;0;0;0;0;6;-160;-168
923;V;CUB;1;0;0;0;0;0;0;0;0;1;-200;-240
923;H;PIT;2;0;0;0;0;0;0;0;0;2;179;210
923;V;MIA;2;0;0;2;0;0;0;0;0;4;157;158
923;H;ATL;3;0;1;5;0;0;0;0;0;9;-175;-168
923;V;TAM;0;1;1;0;0;2;0;3;1;8;-180;-145
923;H;NYM;0;1;0;1;0;0;0;0;3;5;162;135
923;V;BAL;0;0;0;0;0;0;1;0;0;1;120;155
923;H;BOS;2;0;6;0;0;0;1;0;0;9;-140;-165
923;V;DET;0;0;0;0;0;3;0;0;3;6;226;285
923;H;MIN;0;0;2;2;2;1;0;0;0;7;-275;-330
923;V;STL;0;0;0;0;1;0;0;0;2;3;-110;-127
923;H;KAN;2;1;3;0;0;5;1;0;0;12;-110;117
923;V;OAK;3;0;0;0;0;0;1;0;2;6;151;154
923;H;LAD;0;0;2;0;0;0;1;1;0;4;-175;-164
923;V;COL;0;0;1;0;1;0;0;0;0;2;144;170
923;H;SFO;0;0;0;1;4;0;0;2;0;7;-165;-185
924;V;COL;0;0;0;2;0;0;2;0;0;5;192;210
924;H;SFO;2;1;0;0;0;0;0;1;0;4;-230;-240
924;V;NYM;0;0;0;0;2;1;0;0;0;3;-120;118
924;H;WAS;0;0;0;1;0;0;0;0;1;2;100;-128
924;V;CWS;0;0;1;0;0;0;3;0;0;4;100;120
924;H;CLE;0;0;1;0;0;0;4;0;0;5;-120;-130
924;V;NYY;0;0;0;0;0;0;0;1;0;1;126;-113
924;H;TOR;0;1;1;0;0;2;0;0;0;4;-140;103
924;V;CUB;0;0;0;0;0;0;0;0;0;0;-190;-157
924;H;PIT;1;1;1;1;2;0;1;0;0;7;163;147
924;V;MIA;0;0;0;0;0;3;1;0;0;4;163;154
924;H;ATL;0;0;0;0;0;0;0;2;0;2;-190;-164
924;V;BAL;0;3;0;3;2;0;1;1;3;13;120;145
924;H;BOS;0;0;0;0;1;0;0;0;0;1;-140;-155
924;V;DET;0;0;2;0;2;0;0;3;0;7;130;146
924;H;KAN;3;0;1;0;0;4;0;0;0;8;-150;-156
924;V;HOU;2;3;0;0;2;3;0;0;2;12;-140;-119
924;H;TEX;0;0;0;0;0;3;1;0;0;4;120;109
924;V;MIL;0;0;0;1;0;0;0;0;1;2;-120;-140
924;H;STL;0;0;1;2;0;1;0;0;0;4;100;130
924;V;OAK;0;0;0;0;0;0;0;1;0;1;151;200
924;H;LAD;1;0;1;0;0;3;0;0;0;5;-175;-220
925;V;BAL;0;0;0;0;2;2;0;0;1;5;162;154
925;H;TOR;0;6;2;2;0;0;0;0;0;10;-180;-164
925;V;PHI;0;0;3;0;1;0;0;0;0;4;148;115
925;H;TAM;0;1;0;0;2;1;0;2;0;6;-170;-125
925;V;MIA;3;0;0;0;0;0;0;0;0;4;160;165
925;H;NYY;0;0;2;0;0;0;0;1;0;3;-185;-180
925;V;PIT;0;0;0;2;0;0;0;1;0;3;218;210
925;H;CLE;1;0;0;0;0;0;0;0;3;4;-265;-240
925;V;BOS;0;0;0;0;1;0;1;0;2;7;140;156
925;H;ATL;1;0;0;0;0;0;0;3;0;8;-160;-166
925;V;HOU;0;0;0;0;1;1;0;1;0;4;-155;-165
925;H;TEX;0;1;0;0;1;0;0;0;1;5;135;155
925;V;DET;0;0;0;0;0;0;2;0;0;2;148;140
925;H;KAN;1;1;0;0;1;0;0;0;0;3;-170;-150
925;V;CUB;0;1;3;1;0;2;1;1;1;10;-135;-166
925;H;CWS;0;0;0;0;0;0;0;0;0;0;115;156
925;V;CIN;0;0;0;2;2;0;0;0;3;7;125;144
925;H;MIN;0;0;1;0;0;1;0;0;0;2;-145;-154
925;V;SEA;0;0;0;0;0;0;0;0;0;1;172;190
925;H;OAK;0;0;0;0;0;0;0;0;0;3;-205;-210
925;V;LAA;0;0;3;1;1;0;0;0;0;5;199;190
925;H;LAD;1;0;1;1;3;0;1;2;0;9;-240;-210
925;V;COL;1;3;0;0;0;1;0;x;x;5;135;125
925;H;ARI;6;0;3;1;1;0;0;x;x;11;-150;-135
925;V;SDG;0;1;0;0;0;0;3;x;x;4;-147;-150
925;H;SFO;0;1;0;4;0;0;0;x;x;5;133;140
925;V;STL;0;0;0;0;0;0;0;x;x;0;-119;-110
925;H;MIL;0;2;1;0;0;0;0;x;x;3;109;100
925;V;COL;0;0;0;0;0;0;0;x;x;0;157;156
925;H;ARI;0;0;3;0;1;0;0;x;x;4;-175;-166
925;V;SFO;0;1;0;1;0;3;0;x;x;5;153;190
925;H;SDG;0;0;3;0;0;0;3;x;x;6;-170;-210
925;V;STL;1;2;0;0;6;0;0;x;x;9;100;-105
925;H;MIL;0;0;0;0;0;1;0;x;x;1;-110;-105
926;V;MIA;0;0;3;0;0;0;1;0;0;4;163;205
926;H;NYY;0;0;0;0;3;7;1;0;0;11;-190;-230
926;V;BAL;0;0;0;0;0;0;0;2;0;2;125;109
926;H;TOR;0;0;0;0;0;1;3;1;0;5;-145;-119
926;V;PHI;1;0;0;0;1;0;1;0;0;3;-110;-108
926;H;TAM;0;0;0;1;3;0;0;0;0;4;-110;-102
926;V;HOU;0;0;0;0;0;0;1;0;0;1;-200;-138
926;H;TEX;0;0;0;0;0;1;5;0;0;6;170;128
926;V;DET;3;1;0;0;0;0;0;0;0;4;110;115
926;H;KAN;1;0;2;0;0;0;0;0;0;3;-130;-125
926;V;PIT;1;1;3;3;0;0;0;0;0;8;192;150
926;H;CLE;0;0;0;0;0;0;0;0;0;0;-230;-160
926;V;BOS;0;8;0;0;0;0;0;0;0;8;110;140
926;H;ATL;0;0;0;0;1;0;0;1;0;2;-130;-150
926;V;CUB;0;1;4;0;0;0;0;0;0;5;125;142
926;H;CWS;0;2;0;5;0;2;0;0;0;9;-145;-152
926;V;CIN;2;0;0;0;0;0;1;0;0;3;125;110
926;H;MIN;1;0;2;1;1;0;2;0;0;7;-145;-120
926;V;NYM;0;0;2;0;1;0;-;x;x;3;-225;-130
926;H;WAS;0;0;5;0;0;0;-;x;x;5;188;120
926;V;MIL;0;0;0;2;0;0;1;0;0;3;-110;-117
926;H;STL;0;0;0;0;0;0;0;0;0;0;-110;107
926;V;COL;0;0;0;3;2;2;0;0;3;10;151;-105
926;H;ARI;1;0;0;0;1;1;0;0;0;3;-175;-105
926;V;LAA;0;0;4;0;0;0;0;0;2;6;151;260
926;H;LAD;3;0;0;0;0;2;1;1;0;7;-175;-300
926;V;SDG;0;0;0;3;0;0;0;0;3;6;-126;-130
926;H;SFO;0;0;0;0;0;0;0;2;0;2;114;120
926;V;NYM;0;0;2;1;0;0;0;x;x;3;144;-131
926;H;WAS;0;0;1;1;1;1;0;x;x;4;-160;121
926;V;SEA;0;0;0;0;0;1;0;4;x;5;-140;134
926;H;OAK;0;0;0;1;0;0;0;0;x;1;126;-144
926;V;OAK;1;0;0;1;1;0;0;x;x;3;-140;-138
926;H;SEA;0;0;8;1;2;1;0;x;x;12;126;128
927;V;HOU;1;0;1;1;0;0;0;1;0;4;-126;-124
927;H;TEX;0;1;0;5;1;0;1;0;0;8;114;114
927;V;DET;1;0;0;0;0;0;0;0;0;1;140;160
927;H;KAN;0;0;0;1;1;0;0;1;0;3;-160;-170
927;V;MIA;0;3;0;0;1;0;0;1;0;5;148;162
927;H;NYY;0;0;0;0;0;0;0;0;0;0;-170;-174
927;V;NYM;2;1;0;1;0;0;1;0;0;5;-150;-128
927;H;WAS;1;5;6;0;0;3;0;0;0;15;135;118
927;V;SDG;0;1;0;1;0;0;3;0;0;5;131;109
927;H;SFO;0;1;0;0;0;0;2;1;0;4;-145;-119
927;V;BAL;0;0;1;3;3;0;0;0;0;7;115;116
927;H;TOR;0;1;3;0;0;0;0;1;0;5;-135;-126
927;V;CUB;0;6;0;1;0;0;3;0;0;10;110;140
927;H;CWS;0;0;0;0;1;0;0;5;2;8;-130;-150
927;V;PIT;0;1;1;0;2;2;0;0;0;6;175;136
927;H;CLE;0;0;2;0;0;3;3;0;0;8;-195;-146
927;V;BOS;1;0;0;1;1;0;5;0;1;9;130;133
927;H;ATL;1;0;0;0;0;0;0;0;0;1;-150;-143
927;V;CIN;0;0;0;0;0;1;1;0;0;5;114;115
927;H;MIN;0;0;0;0;1;1;0;0;0;3;-125;-125
927;V;SEA;1;1;0;0;0;0;0;0;0;2;120;113
927;H;OAK;1;0;0;0;1;0;3;1;0;6;-140;-123
927;V;LAA;0;0;0;0;0;0;0;0;0;0;155;190
927;H;LAD;1;0;2;0;0;0;2;0;0;5;-180;-210
927;V;COL;0;0;0;0;0;0;0;3;0;3;-115;-102
927;H;ARI;2;0;4;0;0;1;4;0;0;11;-105;-108
927;V;PHI;0;0;0;0;0;0;0;0;0;0;-150;-145
927;H;TAM;0;1;2;0;0;2;0;0;0;5;135;135
927;V;MIL;0;0;0;1;0;0;0;0;1;2;-114;-105
927;H;STL;0;0;4;1;0;0;0;0;0;5;104;-105
929;N;NYY;2;0;1;2;2;0;4;0;1;12;-101;-118
929;N;CLE;0;0;1;1;0;0;0;0;1;3;-109;108
929;N;HOU;0;0;0;0;0;0;1;0;3;4;135;150
929;N;MIN;0;0;1;0;0;0;0;0;0;1;-150;-160
929;N;TOR;0;0;0;0;0;0;0;1;0;1;166;170
929;N;TAM;0;0;0;1;0;0;2;0;0;3;-185;-185
929;N;CWS;0;1;2;0;0;0;0;1;0;4;-131;-110
929;N;OAK;0;0;0;0;0;0;0;1;0;1;118;100
930;N;NYY;0;1;0;4;1;2;0;0;2;10;-115;-135
930;N;CLE;4;0;0;0;2;0;2;1;0;9;105;125
930;N;HOU;0;0;0;1;0;0;1;0;1;3;126;143
930;N;MIN;0;0;0;0;1;0;0;0;0;1;-140;-153
930;N;TOR;0;0;1;0;1;0;0;0;0;2;126;132
930;N;TAM;1;6;1;0;0;0;0;0;0;8;-140;-142
930;N;CWS;0;0;0;0;0;0;0;2;1;3;113;123
930;N;OAK;2;2;0;1;0;0;0;0;0;5;-124;-133
930;N;MIA;0;0;0;0;0;0;5;0;0;5;166;151
930;N;CUB;0;0;0;0;1;0;0;0;0;1;-185;-161
930;N;STL;4;0;2;0;0;0;0;0;1;7;166;156
930;N;SDG;1;1;1;0;0;1;0;0;0;4;-185;-166
930;N;CIN;0;0;0;0;0;0;0;0;0;0;144;124
930;N;ATL;0;0;0;0;0;0;0;0;0;1;-160;-134
930;N;MIL;0;0;0;2;0;0;0;0;0;2;209;230
930;N;LAD;2;1;0;0;0;0;1;0;0;4;-235;-260
1001;N;MIL;0;0;0;0;0;0;0;0;0;0;205;210
1001;N;LAD;0;0;0;0;3;0;0;0;0;3;-230;-240
1001;N;CIN;0;0;0;0;0;0;0;0;0;0;118;119
1001;N;ATL;0;0;0;0;1;0;0;4;0;5;-130;-129
1001;N;CWS;0;1;2;0;1;0;0;0;0;4;101;-115
1001;N;OAK;0;0;0;4;2;0;0;0;0;6;-111;105
1001;N;STL;1;3;0;0;0;2;0;2;1;9;144;142
1001;N;SDG;0;0;0;2;0;4;3;2;0;11;-160;-152
1002;N;MIA;0;0;0;0;0;0;2;0;0;2;179;178
1002;N;CUB;0;0;0;0;0;0;0;0;0;0;-200;-196
1002;N;STL;0;0;0;0;0;0;0;0;0;0;105;125
1002;N;SDG;0;0;0;0;1;0;2;1;0;4;-115;-135
1005;N;NYY;1;0;1;0;2;0;0;0;5;9;-124;-150
1005;N;TAM;1;0;0;2;0;0;0;0;0;3;113;140
1005;N;HOU;0;0;0;3;0;4;1;0;2;10;110;109
1005;N;OAK;0;2;1;1;1;0;0;0;0;5;-121;-119
1006;N;NYY;0;1;0;3;0;0;0;0;1;5;117;110
1006;N;TAM;1;2;2;0;1;1;0;0;0;7;-129;-120
1006;N;HOU;0;0;2;1;2;0;0;0;0;5;110;-108
1006;N;OAK;0;1;0;1;0;0;0;0;0;2;-121;-102
1006;N;MIA;0;1;3;0;0;0;0;1;0;5;179;180
1006;N;ATL;1;0;2;0;0;0;6;0;0;9;-200;-200
1006;N;SDG;0;0;0;1;0;0;0;0;0;1;149;154
1006;N;LAD;0;0;0;0;1;4;0;0;0;5;-165;-164
1007;N;TAM;0;1;0;3;1;3;0;0;0;8;110;128
1007;N;NYY;0;0;1;0;1;0;0;2;0;4;-121;-138
1007;N;OAK;1;1;0;1;1;0;3;2;0;9;118;-105
1007;N;HOU;2;0;0;0;5;0;0;0;0;7;-131;-105
1007;N;MIA;0;0;0;0;0;0;0;0;0;0;183;175
1007;N;ATL;0;1;0;1;0;0;0;0;0;2;-205;-190
1007;N;SDG;0;1;0;0;0;2;0;0;2;5;179;200
1007;N;LAD;0;0;3;1;0;0;2;0;0;6;-200;-220
1008;N;ATL;0;0;4;1;2;0;0;0;0;7;-131;-126
1008;N;MIA;0;0;0;0;0;0;0;0;0;0;118;116
1008;N;OAK;0;3;0;0;1;0;0;0;2;6;101;-105
1008;N;HOU;0;0;0;5;2;2;2;0;0;11;-111;-105
1008;N;TAM;0;0;1;0;0;0;0;0;0;1;106;123
1008;N;NYY;0;2;0;0;0;2;0;1;0;5;-116;-133
1008;N;LAD;0;1;5;1;1;0;0;0;4;12;-200;-160
1008;N;SDG;0;2;0;0;0;1;0;0;0;3;179;150
1009;N;NYY;0;0;0;1;0;0;0;0;0;1;-150;-147
1009;N;TAM;0;0;0;0;1;0;0;1;0;2;135;137
1011;N;HOU;1;0;0;0;0;0;0;0;0;1;170;115
1011;N;TAM;0;0;0;1;1;0;0;0;x;2;-190;-125
1012;N;HOU;0;0;0;0;0;1;0;0;1;2;170;101
1012;N;TAM;3;0;0;0;0;0;1;0;0;4;-190;-111
1012;N;ATL;1;0;0;0;0;0;0;0;4;5;135;135
1012;N;LAD;0;0;0;0;1;0;0;0;0;1;-150;-145
1013;N;TAM;0;0;0;0;0;5;0;0;0;5;-101;-105
1013;N;HOU;1;0;0;0;0;1;0;0;0;2;-109;-105
1013;N;ATL;0;0;0;2;4;0;1;0;1;8;140;127
1013;N;LAD;0;0;0;0;0;0;3;0;4;7;-155;-137
1014;N;TAM;0;0;0;2;0;0;0;0;1;3;-145;-130
1014;N;HOU;1;0;1;0;2;0;0;0;0;4;131;120
1014;N;LOS;11;1;3;0;0;0;0;0;0;15;-165;-200
1014;N;ATL;0;0;1;0;0;0;0;0;2;3;149;180
1015;N;TAM;0;0;1;0;1;0;0;1;0;3;-131;-134
1015;N;HOU;1;0;2;0;0;0;0;0;1;4;111;124
1015;N;LAD;0;0;1;0;0;0;1;0;0;2;-200;-210
1015;N;ATL;0;0;0;1;0;6;1;2;0;10;170;190
1016;N;HOU;0;0;0;0;4;1;2;0;0;7;109;120
1016;N;TAM;0;1;0;0;0;0;1;2;0;4;-129;-130
1016;N;LAD;0;0;0;1;0;3;3;0;0;7;-215;-180
1016;N;ATL;1;1;0;0;0;0;0;1;0;3;180;165
1017;N;ATL;0;0;0;0;0;0;1;0;0;1;135;138
1017;N;LAD;3;0;0;0;0;0;0;0;0;3;-150;-148
1017;N;HOU;0;0;0;0;0;0;0;2;0;2;109;105
1017;N;TAM;2;1;0;0;0;1;0;0;0;4;-119;-115
1018;N;ATL;1;1;0;1;0;0;0;0;0;3;111;140
1018;N;LAD;0;0;2;0;0;1;1;0;0;4;-131;-150
1020;N;TAM;0;0;0;0;1;0;2;0;0;3;140;145
1020;N;LAD;0;0;0;2;4;2;0;0;0;8;-160;-155
1021;N;TAM;1;0;0;2;2;1;0;0;0;6;130;111
1021;N;LAD;0;0;0;0;2;1;0;1;0;4;-150;-121
1023;N;LAD;1;0;2;2;0;1;0;0;0;6;-150;-155
1023;N;TAM;0;0;0;0;1;0;0;0;1;2;135;145
1024;N;LAD;1;0;1;0;1;1;2;1;0;7;-160;-158
1024;N;TAM;0;0;0;1;1;3;1;0;2;8;144;148
1025;N;LAD;2;1;0;0;1;0;0;0;0;4;-155;-160
1025;N;TAM;0;0;2;0;0;0;0;0;0;2;140;150
;;;;;;;;;;;;;;
;;;;;;;;;;;;;;
